pl_name,pl_bmasse,pl_rade,pl_orbper,pl_orbsmax,st_mass,st_rad,st_teff,st_met,pl_masse,log_mass,log_radius,log_period,mass_radius_ratio
HD 2039 b,1999.1507,12.7,1120.0,2.2,1.23,1.19,5945.0,0.3,1999.1507,3.300845533343506,1.1038037209559568,3.0492180226701815,157.4134409448819
HAT-P-8 b,406.8224,15.6926,3.07634,0.04496,1.27,1.57,6200.0,0.01,406.8224,2.6094048575461057,1.1956949048428895,0.488034332418008,25.924473955877293
K2-43 b,18.5,4.51,3.471149,0.03784,0.571,0.542,3840.6,,18.5,1.2671717284030137,0.6541765418779605,0.5404732562784241,4.1019955654102
Kepler-1753 b,5.59,2.22678077,16.00460052,0.1179,0.86,0.769,5180.0,0.0,5.59,0.7474118078864233,0.34767746217731693,1.2042448384848483,2.5103504014901294
Kepler-1176 b,6.57,2.45,24.1738579,0.1589,1.01,1.02,5844.0,-0.01,6.57,0.8175653695597808,0.3891660843645325,1.3833459648876307,2.6816326530612242
K2-126 b,4.54,1.97,7.385655,0.0656,0.69,0.65,4339.0,0.02,4.54,0.6570558528571039,0.2944662261615929,0.8683890169494466,2.3045685279187818
Kepler-1263 b,1.55,1.14,4.55139967,0.0499,0.84,0.8,5213.0,-0.03,1.55,0.1903316981702915,0.05690485133647256,0.6581449736857713,1.3596491228070178
Kepler-1416 b,0.615,0.88,1.49514952,0.0257,1.09,1.15,6019.0,0.03,0.615,-0.21112488422458328,-0.05551732784983137,0.17468462574668978,0.6988636363636364
Kepler-1542 c,0.208,0.65,2.89223021,0.0387,0.94,0.99,5564.0,0.06,0.208,-0.6819366650372385,-0.18708664335714442,0.4612328581085275,0.31999999999999995
K2-85 b,3.2,1.4,0.68453862616,0.013,0.7,0.71,4232.0,0.14,3.2,0.505149978319906,0.146128035678238,-0.164602041094849,2.285714285714286
Kepler-368 c,14.3,3.88,72.379334,0.36,1.165,2.019,5502.0,0.03,14.3,1.1553360374650619,0.5888317255942073,1.859614582620541,3.6855670103092786
K2-123 b,8.05,2.76,30.951524,0.1649,0.62,0.59,4035.0,0.03,8.05,0.9057958803678685,0.4409090820652177,1.4906820377986443,2.916666666666667
Kepler-770 b,5.9,2.3,18.92540274,0.1694,0.94,0.92,5598.0,-0.01,5.9,0.7708520116421442,0.36172783601759284,1.2770451302275172,2.565217391304348
Kepler-1399 b,2.1,1.25,1.638653058,0.0276,0.97,0.96,5735.0,-0.03,2.1,0.3222192947339193,0.09691001300805642,0.2144870127860189,1.6800000000000002
K2-107 b,266.9772,15.98,3.313959,0.0475,1.3,1.81,6061.0,0.14,266.9772,2.426474173960119,1.2035767749779727,0.520347131064638,16.706958698372965
K2-45 b,36.4,6.71,1.7292684,0.0224,0.503,0.445,4103.0,,36.4,1.561101383649056,0.8267225201689921,0.237862405415315,5.424739195230998
K2-127 b,52.9,8.37,3.588163,0.0411,0.72,0.66,4575.0,-0.11,52.9,1.7234556720351857,0.92272545799326,0.5548721635784737,6.320191158900837
K2-195 b,9.96,3.13,15.852975,0.1208,0.94,0.99,5713.0,-0.1,9.96,0.9982593384236987,0.49554433754644844,1.200110774745822,3.1821086261980835
K2-80 c,2.76,1.47,5.605,0.0596,0.9,0.87,5441.0,0.07,2.76,0.4409090820652177,0.1673173347481761,0.748575616930992,1.8775510204081631
K2-229 c,7.0,2.03,8.32727,0.0769,0.87,0.79,5315.0,-0.09,7.0,0.8450980400142568,0.3074960379132129,0.920502646273418,3.4482758620689657
HAT-P-3 b,206.5895,10.53646,2.8997,0.03866,1.06,0.87,5185.0,0.27,206.5895,2.3151082445410927,1.0226947227643501,0.4623530685596154,19.60710713085799
WASP-32 b,835.8929,10.76064,2.71866,0.0394,0.72,0.95,6140.0,-0.13,835.8929,2.922150636387995,1.0318381022042198,0.43435489741583083,77.68059334760758
WASP-24 b,394.1092,15.46842,2.34121,0.03651,1.43,1.42,6075.0,0.0,394.1092,2.5956165730604726,1.189445955565888,0.3694403704462194,25.478310001926506
Kepler-65 c,5.4,2.58,5.859944,0.068,1.25,1.41,6211.0,0.17,5.4,0.7323937598229685,0.41161970596323016,0.7678934657438253,2.0930232558139537
TrES-2 b,473.5667,15.24424,2.47063,0.03568,1.36,1.12,5850.0,-0.15,473.5667,2.6753811563105114,1.183105777534869,0.39280771060238595,31.06528761027116
Kepler-939 b,3.71,1.75,14.878296,0.1153,0.88,0.85,5471.0,-0.12,3.71,0.5693739096150459,0.24303804868629444,1.1725531946390582,2.12
Kepler-1028 b,2.33,1.33,2.51462432,0.0354,0.9,0.87,5522.0,-0.09,2.33,0.367355921026019,0.12385164096708581,0.4004731114842201,1.7518796992481203
HAT-P-67 b,143.02278315,23.9872187,4.8101069,0.06505,1.73,2.62,6640.0,0.14,143.02278315,2.1554052249349365,1.3799798947678494,0.6821547282582858,5.962457963081815
Kepler-1101 b,6.66,2.47,81.3151059,0.3483,0.94,0.91,5614.0,-0.04,6.66,0.8234742291703011,0.39269695325966575,1.9101712319361732,2.6963562753036436
Kepler-1388 b,7.22,2.59,12.2854603,0.0882,0.63,0.61,4098.0,0.02,7.22,0.8585371975696391,0.4132997640812518,1.0893914328555816,2.787644787644788
Kepler-768 b,3.86,1.79,11.3910025,0.092,0.82,0.78,5108.0,-0.03,3.86,0.5865873046717549,0.2528530309798932,1.056561947174716,2.1564245810055866
Kepler-796 b,2.24,1.3,6.40087618,0.07317,0.93,1.09,5475.0,0.09,2.24,0.35024801833416286,0.11394335230683679,0.8062394261861267,1.7230769230769232
Kepler-110 b,4.01,1.83,12.691112,0.107,0.989,1.149,5960.0,-0.1498,4.01,0.6031443726201823,0.26245108973042947,1.1034996768075311,2.191256830601093
Kepler-1042 b,5.43,2.19,10.13202575,0.0756,0.75,0.72,4815.0,-0.1,5.43,0.7347998295888469,0.34044411484011833,1.0056962848560447,2.4794520547945207
Kepler-334 c,2.63,1.43,12.758005,0.107,1.022,1.068,5828.0,-0.012,2.63,0.41995574848975786,0.1553360374650618,1.1057827680191747,1.8391608391608392
Kepler-937 b,13.4,3.72,67.668827,0.3214,1.15,1.22,6095.0,0.08,13.4,1.1271047983648077,0.5705429398818975,1.8303886483049177,3.6021505376344085
Kepler-1117 b,1.41,1.11,4.79028459,0.05485,0.95,0.93,5612.0,0.03,1.41,0.14921911265537988,0.045322978786657475,0.6803613155429823,1.2702702702702702
Kepler-1789 b,8.4,2.83137505,80.23190308,0.3543,0.92,0.888,5436.0,0.12,8.4,0.9242792860618817,0.4519974007522816,1.9043470936775093,2.9667563822037635
Kepler-1831 b,4.54,1.97019818,5.78387022,0.0655,1.117,1.012,6063.0,0.07,4.54,0.6570558528571039,0.29450991354814776,0.7622185395820834,2.304336713984783
Kepler-1245 b,2.67,1.44,4.35409304,0.0484,0.86,0.83,5306.0,-0.01,2.67,0.42651126136457523,0.15836249209524964,0.6388977049822642,1.8541666666666667
Kepler-114 b,1.09,1.26,5.188549,0.053,0.77,0.667,4605.0,0.2291,1.09,0.037426497940623665,0.10037054511756291,0.7150459225115244,0.8650793650793651
Kepler-1105 b,4.7,2.01,4.421572182,0.0471,0.71,0.68,4299.0,0.28,4.7,0.6720978579357175,0.30319605742048883,0.6455767192501477,2.338308457711443
Kepler-187 b,2.57,1.41,4.938864,0.059,1.081,1.287,6105.0,-0.04,2.57,0.4099331233312945,0.14921911265537988,0.6936270672907756,1.822695035460993
Kepler-1379 b,2.24,1.3,0.881841146,0.0171,0.83,0.79,5188.0,-0.04,2.24,0.35024801833416286,0.11394335230683679,-0.054609641205026135,1.7230769230769232
Kepler-304 c,5.35,2.17,5.315946,0.054,0.737,0.687,4731.0,0.03,5.35,0.7283537820212285,0.3364597338485295,0.7255805606790586,2.4654377880184333
Kepler-1291 b,3.39,1.66,8.63043276,0.0779,0.84,0.8,5216.0,-0.04,3.39,0.5301996982030822,0.22010808804005508,0.9360325733012806,2.0421686746987953
Kepler-304 e,1.87,1.2,1.499146953,0.02317,0.8,0.73,4817.0,0.05,1.87,0.27184160653649897,0.07918124604762482,0.17584420639657491,1.5583333333333336
Kepler-461 b,7.18,2.58,8.313783059,0.07895,0.98,0.91,5634.0,0.04,7.18,0.8561244442423003,0.41161970596323016,0.9197986877780341,2.782945736434108
Kepler-1894 b,1.87,1.20117759,2.762660027,0.0385,0.999,0.901,5772.0,0.0,1.87,0.27184160653649897,0.07960722110425997,0.4413274439167535,1.5568056010768567
Kepler-576 b,10.7,3.27,29.91136794,0.179,0.99,0.97,5672.0,0.09,10.7,1.0293837776852097,0.5145477526602861,1.4758362751245513,3.2721712538226297
Kepler-1893 b,3.55,1.70557445,4.179369926,0.0504,0.973,1.162,5633.0,0.16,3.55,0.5502283530550941,0.23187068153789211,0.6211108132853449,2.081410166527764
Kepler-1601 b,0.477,0.82,2.20921951,0.03281,1.04,1.07,5869.0,0.05,0.477,-0.3214816209598861,-0.08618614761628333,0.34423886989833885,0.5817073170731707
Kepler-1922 b,5.86,2.29064904,13.22259998,0.1077,0.953,0.863,5931.0,-0.28,5.86,0.7678976160180907,0.3599585541971551,1.1213168595328176,2.558226903236124
HD 80653 b,5.61,1.621,0.71957926,0.01657,1.15,1.199,5959.0,0.255,5.61,0.7489628612561614,0.20978301484851494,-0.1429213625546115,3.460826650215916
Kepler-1542 d,0.59,0.87,5.99273738,0.0629,0.94,0.99,5564.0,0.06,0.59,-0.22914798835785583,-0.060480747381381476,0.7776252460068626,0.6781609195402298
Kepler-666 b,6.35,2.4,4.49876092,0.0542,1.03,1.05,5887.0,0.01,6.35,0.8027737252919757,0.38021124171160603,0.6530929138404589,2.6458333333333335
Kepler-211 c,18.3,1.29,6.04045,0.062,0.867,0.816,5123.0,0.151,18.3,1.2624510897304295,0.11058971029924898,0.7810692937928261,14.186046511627907
Kepler-203 c,749.9,2.47,5.370647,0.061,1.06,1.114,5821.0,0.08,749.9,2.8750033536000412,0.39269695325966575,0.7300266081583667,303.60323886639674
GJ 674 b,11.09,3.33,4.6938,0.039,0.35,0.36463,3600.0,-0.28,11.09,1.04493154614916,0.5224442335063199,0.6715245806296686,3.33033033033033
OGLE-TR-182 b,320.995,12.666,3.9791,0.051,1.14,1.14,5924.0,0.37,320.995,2.5064982676406307,1.1026394836913,0.599784853673271,25.343044370756356
HD 69830 c,11.8,3.46,31.56,0.186,0.86,0.886947,5385.0,-0.05,11.8,1.0718820073061255,0.5390760987927766,1.4991369945373827,3.410404624277457
GJ 3021 b,1071.04,13.1,133.71,0.49,0.9,0.9,5540.0,0.1,1071.04,3.029805690677683,1.1172712956557642,2.1261638888058387,81.75877862595419
HD 221287 b,982.05,13.1,456.1,1.25,1.25,1.13864,6304.0,-0.03,982.05,2.9921335999776777,1.1172712956557642,2.6590600722409383,74.96564885496183
HD 47536 b,2330.0,12.6,712.13,1.93,2.1,23.47,4380.0,-0.65,2330.0,3.367355921026019,1.100370545117563,2.8525592817394934,184.92063492063494
HD 107148 b,66.741,9.6,48.056,0.269,1.12,1.169193,5797.0,0.314,66.741,1.824392709529267,0.9822712330395684,1.6817476189392988,6.9521875
HD 179949 b,291.12,13.9,3.092514,0.0443,1.21,1.266865,6168.0,0.137,291.12,2.464072042578179,1.1430148002540952,0.4903116743832873,20.94388489208633
HD 188015 b,476.72,13.6,461.2,1.203,1.09,1.125296,5746.0,0.289,476.72,2.67826337241673,1.1335389083702174,2.6638892986226614,35.05294117647059
HD 27442 b,495.8,13.5,428.1,1.271,1.23,3.18,4846.0,0.42,495.8,2.6953065224318027,1.130333768495006,2.631545227834309,36.72592592592593
HD 46375 b,71.8,10.0,3.023573,0.0398,0.92,0.914196,5285.0,0.24,71.8,1.8561244442423004,1.0,0.48052045850983127,7.18
HAT-P-2 b,2866.81223114,10.659759,5.6335158,0.06814,1.33,1.39,6380.0,0.18,2866.81223114,3.457399248701534,1.0277473861020654,0.7507795166957466,268.9378091136958
HD 109749 b,85.8141,11.1,5.239891,0.0615,1.13,1.22,5824.0,0.24,85.8141,1.9335586520572245,1.0453229787866574,0.7193222529014964,7.731
HD 149143 b,422.7139,13.6,4.07182,0.053,1.2,1.44,5856.0,0.29,422.7139,2.626046528865323,1.1335389083702174,0.6097885712111714,31.081904411764707
HD 224693 b,222.481,14.0,26.6904,0.191,1.31,1.93,5894.0,0.27,222.481,2.3472929279124943,1.146128035678238,1.4263550824608322,15.891499999999999
HD 231701 b,359.1479,13.7,141.63,0.567,1.21,1.53,6101.0,0.05,359.1479,2.555273331381657,1.1367205671564067,2.1511552551509174,26.21517518248175
HIP 14810 b,1239.537,13.0,6.673892,0.0696,1.01,1.07,5544.0,0.24,1239.537,3.0932594949247365,1.1139433523068367,0.8243791744219275,95.349
HIP 14810 d,187.5197,14.1,981.8,1.94,1.01,1.07,5544.0,0.24,187.5197,2.2730468995403816,1.14921911265538,2.9920230277638504,13.2992695035461
HD 207832 b,177.9848,14.2,160.07,0.586,1.05,0.89,5726.0,0.14,177.9848,2.2503829149044376,1.1522883443830565,2.2043099449405372,12.534140845070423
HD 37605 c,1013.8777,13.1,2720.0,3.74,0.94,0.91,5329.0,0.27,1013.8777,3.0059855709554184,1.1172712956557642,3.4345689040341987,77.39524427480916
HD 1605 c,1150.5446,13.0,2149.0,3.584,1.33,3.49,4915.0,0.22,1150.5446,3.0609034584314028,1.1139433523068367,3.3322364154914434,88.50343076923076
HD 55696 b,1357.12729789,12.9,1827.0,3.18,1.29,1.52,6012.0,0.37,1357.12729789,3.1326205861846166,1.110589710299249,3.2617385473525378,105.20366650310076
HD 148164 c,1640.0028,12.8,5062.0,6.15,1.21,1.34,6032.0,0.24,1640.0028,3.2148445895254487,1.1072099696478683,3.7043221408222355,128.12521875
HD 211810 b,212.9461,14.0,1558.0,2.656,1.03,1.13,5652.0,0.17,212.9461,2.328269690599064,1.146128035678238,3.1925674533365456,15.210435714285714
HD 221416 b,60.5,9.17,14.2767,0.1228,1.212,2.943,5080.0,-0.08,60.5,1.7817553746524688,0.9623693356700211,1.1546278336717117,6.597600872410033
Kepler-595 c,3.3,1.009,12.38602,0.0983,0.93,0.821,5138.5,0.406,3.3,0.5185139398778874,0.0038911662369104775,1.0929317769397098,3.2705649157581766
Kepler-595 b,17.4,3.708,25.3029092,0.1582,0.93,0.821,5138.5,0.406,17.4,1.2405492482825997,0.5691397254724595,1.4031704570205399,4.692556634304206
OGLE-TR-211 b,327.351,15.244,3.67724,0.051,1.33,1.64,6325.0,0.11,327.351,2.5150136719536578,1.1830989401001295,0.5655219756056601,21.474088165835738
Lupus-TR-3 b,257.431,9.976,3.91405,0.0464,0.87,0.82,5000.0,,257.431,2.4106608437272152,0.9989564404704863,0.5926263692487573,25.80503207698476
WASP-21 b,95.345,11.99,4.322482,0.052,1.01,1.06,5800.0,-0.22,95.345,1.9792979230836945,1.0788191830988487,0.6357331934284469,7.952043369474562
CoRoT-10 b,874.0,10.87,13.2406,0.1055,0.89,0.79,5075.0,0.26,874.0,2.941511432634403,1.0362295440862945,1.1219076656765674,80.40478380864766
CoRoT-12 b,291.438,16.14,2.828042,0.04016,1.078,1.116,5675.0,0.16,291.438,2.4645461778881823,1.2079035303860517,0.4514858549950149,18.05687732342007
CoRoT-13 b,415.704,9.92,4.03519,0.051,1.09,1.01,5945.0,0.01,415.704,2.618784203408235,0.9965116721541787,0.6058639886265819,41.90564516129032
HD 285968 b,8.4,2.83,8.7836,0.066,0.5,0.478214,3703.49,-0.1,8.4,0.9242792860618817,0.45178643552429026,0.9436725500399643,2.9681978798586575
HD 205739 b,435.41,13.6,279.8,0.896,1.22,1.33,6176.0,0.19,435.41,2.638898399199671,1.1335389083702174,2.446847710155809,32.01544117647059
CoRoT-3 b,6883.91,11.32,4.2568,0.05783,1.37,1.56,6740.0,0.14,6883.91,3.837835183741682,1.0538464268522527,0.629083245916666,608.11925795053
HD 16417 b,22.1,5.0,17.24,0.14,1.2,1.639984,5841.0,0.06,22.1,1.3443922736851108,0.6989700043360189,1.236537261488694,4.42
HD 9446 b,222.472,14.0,30.052,0.189,1.0,1.0,5793.0,0.09,222.472,2.347275359089101,1.146128035678238,1.47787338016772,15.890857142857143
Kepler-4 b,24.472,4.002,3.21346,0.0456,1.223,1.487,5857.0,0.17,24.472,1.3886694639766224,0.6022770843001926,0.506972898337785,6.114942528735633
GJ 876 c,226.9846,14.0,30.0881,0.12959,0.32,0.3,3293.74,0.2129,226.9846,2.3559963930437933,1.146128035678238,1.4783947638262018,16.213185714285714
HIP 79431 b,667.415,13.4,111.7,0.36,0.49,0.478625,3191.0,0.4,667.415,2.824395963097951,1.1271047983648077,2.048053173115609,49.8070895522388
TOI-907.01,67.0,9.6158851,4.5849129,0.055225481,1.069357,2.059789,6272.0,,67.0,1.8260748027008264,0.982989265314436,0.6613310897533303,6.967637331689831
WASP-31 b,151.916,17.363,3.4059096,0.04659,1.163,1.252,6302.0,-0.2,151.916,2.181603516757939,1.239624765246138,0.5322331166911202,8.749409664228532
24 Sex b,632.46,13.4,452.8,1.333,1.54,4.9,5098.0,-0.03,632.46,2.8010330637156744,1.1271047983648077,2.6559064181802152,47.19850746268657
WASP-37 b,572.07,13.002,3.577469,0.0446,0.925,1.003,5800.0,-0.4,572.07,2.757449173467338,1.1140101617034617,0.5535758791369795,43.99861559760037
Kepler-9 d,8.41466053,1.64,1.592851,0.0273,1.07,1.02,5777.0,0.12,8.41466053,0.9250366000597224,0.21484384804769785,0.20217515250904988,5.1308905670731715
HD 90156 b,17.98,4.43,49.77,0.25,0.84,0.920286,5599.0,-0.24,17.98,1.25478968739721,0.6464037262230695,1.696967640744023,4.058690744920994
HD 177830 c,47.6725,7.87,110.9,0.5137,1.47,2.62,4949.0,0.545,47.6725,1.6782679274197132,0.8959747323590646,2.04493154614916,6.057496823379924
ups And b,218.531,14.0,4.617033,0.05922166,1.3,1.56,6156.77,0.1014,218.531,2.339513053086665,1.146128035678238,0.6643629786591518,15.609357142857144
ups And d,3257.74117175,12.5,1276.46,2.51329,1.3,1.56,6156.77,0.1014,3257.74117175,3.512916576551366,1.0969100130080565,3.1060072100126073,260.61929374
Kepler-1737 b,25.1,5.395,64.61750031,0.297,0.834,0.881,5043.0,0.3,25.1,1.3996737214810382,0.7319914490189294,1.8103501535799364,4.6524559777571834
K2-269 b,3.09,1.57,4.144965,0.0531,1.16,1.45,6209.0,-0.08,3.09,0.4899584794248346,0.19589965240923377,0.6175208677280193,1.968152866242038
TOI-1249 b,11.9,3.2710301,13.079151,0.109,1.0062,0.9785,5497.0,0.297,11.9,1.0755469613925308,0.5146845405186715,1.1165795537755565,3.6379977059825896
Kepler-106 d,8.1,0.95,23.9802,0.16063,1.0,1.04,5858.0,-0.12,8.1,0.9084850188786497,-0.022276394711152253,1.379852800886857,8.526315789473685
Kepler-1031 b,0.59,0.87,1.22621732,0.0218,1.09,1.12,6011.0,0.03,0.59,-0.22914798835785583,-0.060480747381381476,0.0885674461308854,0.6781609195402298
CD-35 2722 B b,292.40213444,13.9,171.11,0.2,0.035,0.159,1800.0,0.27,292.40213444,2.4659805385051476,1.1430148002540952,2.233275391293944,21.036124779856113
Kepler-948 b,4.08,1.85,7.76846622,0.0749,0.96,0.94,5679.0,-0.02,4.08,0.6106601630898799,0.26717172840301384,0.8903352816138347,2.2054054054054055
WASP-61 b,851.7844,15.80469,3.8559,0.0521,1.82,1.55,6250.0,-0.1,851.7844,2.930329681927026,1.1987859818200313,0.586125762261047,53.89440729302504
WASP-123 b,285.72917,15.13212395,2.97764359,0.04263,1.166,1.285,5740.0,0.18,285.72917,2.455954579631466,1.1798998900209552,0.4738727135103282,18.88229114063
Kepler-1882 b,2.81,1.48674404,13.78730011,0.11636,1.068,1.458,5691.0,0.26,2.81,0.4487063199050799,0.1722362061924684,1.1394792290382174,1.8900361625125466
KOI-984 b,17.1,4.3,4.2881785,0.0504,0.928,0.818,5295.0,0.12,17.1,1.2329961103921538,0.6334684555795865,0.6322728550316209,3.976744186046512
Kepler-1573 b,1.87,1.2,2.6157554,0.0364,1.01,1.0,5808.0,0.02,1.87,0.27184160653649897,0.07918124604762482,0.41759713055557696,1.5583333333333336
Kepler-802 b,12.3,3.54,40.0587473,0.2265,0.93,0.9,5507.0,0.06,12.3,1.089905111439398,0.5490032620257879,1.6026973640987483,3.4745762711864407
Kepler-1440 b,2.13,1.26,39.859484,0.23431,0.98,0.96,5698.0,0.04,2.13,0.3283796034387377,0.10037054511756291,1.600531672251996,1.6904761904761905
WASP-130 b,390.9309,9.97601,11.55098,0.1012,1.04,0.96,5625.0,0.26,390.9309,2.592099999337635,0.9989568758095643,1.0626188318937184,39.187099852546254
Kepler-949 b,8.8,2.91,8.689307296,0.07739,0.89,0.86,5403.0,0.01,8.8,0.9444826721501687,0.4638929889859073,0.9389851562512297,3.0240549828178693
Kepler-1964 b,3.83,1.7810587,2.440829992,0.0322,0.752,0.698,4803.0,-0.08,3.83,0.5831987739686227,0.2506782331443123,0.38753753111422423,2.150406384696922
Wolf 327 b,2.53,1.24,0.5734745,0.01,0.405,0.406,3542.0,-0.17,2.53,0.40312052117581787,0.09342168516223506,-0.24148588858312034,2.040322580645161
Kepler-62 f,35.0,1.41,267.291,0.718,0.69,0.64,4925.0,-0.37,35.0,1.5440680443502757,0.14921911265537988,2.4269843358005296,24.822695035460995
TOI-5789 c,5.0,2.86,12.927748,0.1009,0.821,0.833,5185.0,-0.12,5.0,0.6989700043360189,0.456366033129043,1.1115228778305644,1.7482517482517483
HATS-44 b,177.9848,11.960003,2.7439004,0.03649,0.86,0.847,5080.0,0.32,177.9848,2.2503829149044376,1.0777312885891213,0.43836834299847083,14.881668507942683
Kepler-132 b,1.92,1.21,6.178196,0.067,0.929,1.178,6003.0,-0.2159,1.92,0.28330122870354957,0.08278537031645007,0.7908616819466908,1.5867768595041323
Kepler-49 b,9.77,2.579,7.2,0.05929,0.607,0.618,4095.6,0.03,9.77,0.989894563718773,0.41145134213793755,0.8573324964312685,3.7882900348972464
Kepler-218 c,10.0,3.14,44.699576,0.248,1.019,1.063,5502.0,0.37,10.0,1.0,0.49692964807321494,1.6503034036300648,3.184713375796178
GJ 328 c,21.4,4.91,241.8,0.657,0.65,0.63,3897.0,-0.06,21.4,1.3304137733491908,0.6910814921229684,2.383456296524753,4.358452138492871
K2-212 b,7.51,2.65,9.795647,0.0785,0.622,0.678,4349.0,0.03,7.51,0.8756399370041684,0.42324587393680785,0.9910331263185016,2.8339622641509434
GJ 806 b,1.9,1.331,0.9263237,0.01406,0.413,0.4144,3600.0,-0.28,1.9,0.2787536009528289,0.12417805547467511,-0.03323722437834295,1.4274981217129976
GJ 806 c,5.8,2.28,6.64064,0.0523,0.413,0.4144,3600.0,-0.28,5.8,0.7634279935629372,0.35793484700045375,0.8222099370599109,2.5438596491228074
HD 110067 b,5.69,2.2,9.113678,0.0793,0.798,0.788,5266.0,-0.2,5.69,0.7551122663950712,0.3424226808222063,0.9596936802379186,2.5863636363636364
HD 110067 c,6.3,2.388,13.673694,0.1039,0.798,0.788,5266.0,-0.2,6.3,0.7993405494535817,0.3780343224573315,1.135885856710834,2.6381909547738696
HD 110067 d,8.52,2.852,20.519617,0.1362,0.798,0.788,5266.0,-0.2,8.52,0.9304395947667001,0.45514952117982793,1.3121692503803788,2.9873772791023843
HD 110067 e,3.9,1.94,30.793091,0.1785,0.798,0.788,5266.0,-0.2,3.9,0.5910646070264992,0.287801729930226,1.4884532854237005,2.0103092783505154
HD 110067 f,5.04,2.601,41.05854,0.2163,0.798,0.788,5266.0,-0.2,5.04,0.7024305364455253,0.41514035219587275,1.6134035022382534,1.9377162629757785
HD 110067 g,8.4,2.607,54.76992,0.2621,0.798,0.788,5266.0,-0.2,8.4,0.9242792860618817,0.41614103116832896,1.738542106574505,3.2220943613348676
TOI-6894 b,53.39517238,9.5836785,3.37077196,0.02604,0.207,0.2276,3007.0,0.142,53.39517238,1.7275019929179898,0.9815322361785949,0.5277293725555033,5.571469491594486
IRAS 04125+2902 b,80.8,10.73820351,8.834978,0.077,0.7,1.45,4080.0,,80.8,1.9074113607745862,1.0309316304367262,0.9462054724063937,7.524536103711821
HIP 67522 c,48.3,7.93595834,14.334892,0.1228,1.22,1.38,5675.0,0.0,48.3,1.6839471307515121,0.8995993793130067,1.1563944252922185,6.086221465724075
TOI-771 c,2.87,1.5,7.61,0.046,0.22,0.232,3370.0,-0.13,2.87,0.4578818967339923,0.17609125905568124,0.8813846567705729,1.9133333333333333
TOI-2076 e,4.7,1.301,3.0223753,0.03863,0.849,0.758,5187.0,-0.09,4.7,0.6720978579357175,0.11427729656158624,0.4803483913726447,3.6126056879323603
L 98-59 f,2.8,1.48,23.064,0.1052,0.2923,0.3155,3415.0,-0.46,2.8,0.4471580313422192,0.17026171539495738,1.3629346293801514,1.8918918918918919
55 Cnc B b,3.5,1.69,6.7994,0.044,0.26,0.274,3286.0,0.16,3.5,0.5440680443502757,0.22788670461367352,0.8324705909141997,2.0710059171597632
55 Cnc B c,5.3,2.16,33.747,0.13,0.26,0.274,3286.0,0.16,5.3,0.724275869600789,0.3344537511509309,1.5282351714972637,2.4537037037037033
GJ 3090 c,10.0,3.14,15.9407,0.0997,0.519,0.516,3707.0,0.12,10.0,1.0,0.49692964807321494,1.2025073885445579,3.184713375796178
TOI-4336 A c,1.55,1.251,7.587266,0.05092,0.306,0.326,3307.0,0.14,1.55,0.1903316981702915,0.09725730969341992,0.880085310149098,1.2390087929656277
TOI-260 b,4.23,1.71,13.475853,0.0943,0.616,0.607,4026.0,-0.47,4.23,0.6263403673750424,0.23299611039215382,1.1295562648768296,2.473684210526316
Kepler-12 b,137.30256,19.660586,4.4379629,0.0553,1.166,1.483,5947.0,0.07,137.30256,2.1376786347131493,1.293596458194673,0.6471836673433474,6.983645350143684
KOI-94 b,10.5,1.71,3.743208,0.05119,1.277,1.52,6182.0,0.0228,10.5,1.021189299069938,0.23299611039215382,0.5732439603611228,6.140350877192983
Kepler-167 d,2.06,1.238,21.80379,0.1404,0.777,0.749,4884.0,0.02,2.06,0.31386722036915343,0.09272064468409917,1.3385319905323056,1.6639741518578353
Kepler-51 d,7.6,9.7,130.194,0.509,1.04,0.94,6018.0,0.05,7.6,0.8808135922807914,0.9867717342662449,2.114590970200422,0.7835051546391752
Kepler-51 c,4.0,9.0,85.312,0.384,1.04,0.94,6018.0,0.05,4.0,0.6020599913279624,0.9542425094393249,1.9310101233977464,0.4444444444444444
Qatar-8 b,117.91493,14.403565,3.71495,0.0474,1.029,1.315,5738.0,0.025,117.91493,2.071568797513283,1.1584699968319647,0.5699529729094541,8.186510075804149
Kepler-74 b,200.22,10.76,7.340711,0.0781,1.18,1.12,6000.0,0.42,200.22,2.3015074570384364,1.0318122713303703,0.8657381264586071,18.607806691449813
K2-140 b,295.58041851,13.56286665,6.569188,0.068,0.96,1.06,5585.0,0.1,295.58041851,2.4706756597135278,1.1323514917949609,0.8175116908819576,21.79335874470166
HD 184010 c,95.3485221,11.8,484.3,1.334,1.35,4.86,4971.0,-0.17,95.3485221,1.9793139658792551,1.0718820073061255,2.6851144690465394,8.080383228813558
EPIC 201595106 b,7.67,1.565,0.87724,0.0177,0.958,0.98,5679.0,0.01,7.67,0.884795363948981,0.19451434188246727,-0.05688157377607562,4.900958466453674
Kepler-1503 b,5.77,2.27,96.16987,0.3771,0.77,0.74,5069.0,-0.19,5.77,0.7611758131557314,0.35602585719312274,1.983039028978193,2.541850220264317
Kepler-1781 b,6.26,2.38091029,4.88752985,0.0574,1.053,0.957,5568.0,0.44,6.26,0.7965743332104297,0.3767430319895262,0.6890894228132731,2.6292464803451288
Kepler-57 c,6.86,2.196,11.6,0.09588,0.859,0.826,5187.9,0.1166,6.86,0.8363241157067517,0.34163233577805435,1.0644579892269184,3.1238615664845173
Kepler-1124 b,2.18,1.28,2.852348975,0.0305,0.35,0.34,3658.0,-0.59,2.18,0.33845649360460484,0.10720996964786837,0.45520265885344346,1.703125
Kepler-1581 b,0.437,0.8,6.28385491,0.06865,1.12,1.23,6022.0,0.07,0.437,-0.3595185630295782,-0.09691001300805639,0.7982261489150675,0.54625
K2-136 c,18.1,3.0,17.30723,0.1185,0.742,0.677,4500.0,-0.02,18.1,1.2576785748691846,0.47712125471966244,1.238227565161431,6.033333333333334
HD 39091 b,4481.3805387,12.3,2088.8,3.28,1.07,1.17,5998.0,0.09,4481.3805387,3.6514118238149726,1.089905111439398,3.319896858814888,364.33988119512196
LHS 1815 b,1.58,1.088,3.814334,0.0404,0.502,0.501,3643.0,-0.12,1.58,0.19865708695442263,0.03662889536216113,0.5814187191258151,1.4522058823529411
Kepler-464 b,10.9,3.3,7.256965224,0.07931,1.21,1.59,5933.0,0.19,10.9,1.0374264979406236,0.5185139398778874,0.860755041910109,3.303030303030303
Kepler-1580 b,5.1,2.11,56.6449279,0.33571,1.47,2.15,6228.0,0.12,5.1,0.7075701760979364,0.3242824552976926,1.7531610283448775,2.4170616113744074
Kepler-198 d,2.96,1.53,1.31184443,0.02342,0.97,0.93,5636.0,0.04,2.96,0.4712917110589386,0.1846914308175988,0.11788233565053415,1.934640522875817
55 Cnc b,263.9785,13.9,14.651552,0.118,1.015,0.98,5198.0,0.39,263.9785,2.4215685567501537,1.1430148002540952,1.165883630788136,18.991258992805754
55 Cnc c,54.4738,8.51,44.3936,0.247,1.015,0.98,5198.0,0.39,54.4738,1.7361876719771556,0.9299295600845878,1.6473203645960015,6.401151586368978
55 Cnc d,1232.493,13.0,4799.0,5.6,1.015,0.98,5198.0,0.39,1232.493,3.090784461361027,1.1139433523068367,3.681150749932421,94.80715384615384
GJ 436 b,22.1,4.17,2.64388312,0.0291,0.47,0.455,3586.11,0.0991,22.1,1.3443922736851108,0.6201360549737575,0.4222422520764516,5.299760191846524
HD 50554 b,1859.29618095,12.8,1240.0,2.339,1.1,1.02,6050.0,0.02,1859.29618095,3.269348577241773,1.1072099696478683,3.093421685162235,145.25751413671875
HAT-P-12 b,67.059,10.749,3.2130598,0.0384,0.733,0.701,4650.0,-0.29,67.059,1.8264570728369105,1.031368062885773,0.506918808517076,6.23862684900921
HAT-P-13 b,270.462,14.258,2.91625,0.04383,1.32,1.756,5653.0,0.46,270.462,2.4321062552111283,1.154058610376971,0.464824751801809,18.969140131855802
HAT-P-13 c,4538.421,12.3,446.27,1.258,1.32,1.756,5653.0,0.46,4538.421,3.656904780111339,1.089905111439398,2.6495976928625513,368.97731707317075
TOI-3053 b,270.15414595,13.56286665,2.9919987,0.039,0.96,0.97,5378.0,0.2,270.15414595,2.4316116368738854,1.1323514917949609,0.475961400494914,19.91866121827571
HD 50554 c,5.3,1.31,5.969362,0.0652,1.04,1.146,5968.0,-0.02,5.3,0.724275869600789,0.11727129565576427,0.7759279166091095,4.045801526717557
HD 50554 d,10.4,1.41,28.0694,0.1831,1.04,1.146,5968.0,-0.02,10.4,1.0170333392987803,0.14921911265537988,1.4482331294326538,7.375886524822696
55 Cnc e,7.99,1.875,0.7365474,0.01544,0.905,0.943,5172.0,0.35,7.99,0.9025467793139914,0.27300127206373764,-0.13279929920011027,4.261333333333334
55 Cnc f,44.812,7.59,260.58,0.802,1.015,0.98,5198.0,0.39,44.812,1.6513943273002463,0.8802417758954804,2.4159410797458727,5.904084321475626
GJ 1214 b,8.41,2.733,1.580404531,0.01505,0.182,0.2162,3101.0,0.24,8.41,0.9247959957979122,0.4366396316926607,0.1987682661280347,3.0772045371386754
HAT-P-14 b,1093.3352,15.91678,4.62767,0.0596,2.65,1.82,6600.0,0.11,1093.3352,3.0387533304697674,1.2018552135477079,0.6653623817643936,68.69072764717487
HAT-P-17 b,184.3414,11.76945,10.33852,0.0892,0.99,0.87,5246.0,0.0,184.3414,2.2656228814611747,1.0707561682345896,1.014458372235918,15.662703015009196
HAT-P-17 c,1080.6,13.1,5584.0,5.6,0.92,0.838682,5336.96,0.0512,1080.6,3.033664963203177,1.1172712956557642,3.7469454096151047,82.4885496183206
HAT-P-18 b,55.5246227,10.70457657,5.5080291,0.0559,0.77,0.717,4870.0,0.1,55.5246227,1.7444856161198408,1.029569493027051,0.7409962260540289,5.186998508246459
HAT-P-1 b,166.86075,14.784671,4.46529976,0.05561,1.151,1.174,5980.0,0.13,166.86075,2.222354191304194,1.1698116647110166,0.6498506188223486,11.286064465012444
HAT-P-26 b,22.2481,7.06167,4.23452,0.04748,1.12,0.87,5079.0,-0.04,22.2481,1.347292927912494,0.8489074186182332,0.6268041884174136,3.150543709915643
HAT-P-30 b,263.7989,16.14096,2.8106,0.0419,1.55,1.31,6304.0,0.13,263.7989,2.421272980274311,1.2079293612599011,0.4487990419241283,16.3434454951874
HAT-P-32 b,216.1244,22.19382,2.1500082,0.03397,1.132,1.367,6001.0,-0.16,216.1244,2.3347038006044736,1.3462320594261825,0.33244011629140086,9.738044194284717
HD 149026 b,120.7754,8.29466,2.87589,0.04364,1.42,1.41,6179.0,0.32,120.7754,2.0819784845150475,0.9187985888956276,0.45877227068628956,14.560620929610135
HD 189733 b,359.1479,12.66617,2.21857567,0.03126,0.79,0.75,5052.0,-0.02,359.1479,2.555273331381657,1.102645312648071,0.34607424599059544,28.35489338924079
HD 209458 b,232.0159,15.58051,3.52474859,0.04707,1.23,1.19,6091.0,0.01,232.0159,2.3655177480186933,1.1925816694187465,0.5471281454778968,14.891418830320701
HD 80606 b,1323.46926959,11.56766808,111.436765,0.4603,1.05,1.05,5565.0,0.35,1323.46926959,3.1217138616158837,1.0632458185835356,2.047028496066289,114.4110688893487
HD 86226 b,143.0235,14.3,1628.0,2.73,1.019,1.053,5863.0,0.018,143.0235,2.155407401673581,1.1553360374650619,3.2116544005531824,10.001643356643356
TrES-4 b,247.9074,18.04649,3.55395,0.05084,1.08,1.66,6200.0,0.14,247.9074,2.3942894905887178,1.2563927451965011,0.5507113134870528,13.737153319011066
WASP-12 b,467.2101,22.02564708,1.091418901,0.0234,1.325,1.69,6265.0,0.12,467.2101,2.6695122226464134,1.3429286761826231,0.03799147054747948,21.21209416926697
WASP-15 b,171.6282,15.80469,3.7521,0.05165,1.18,1.48,6300.0,-0.17,171.6282,2.2345886477212056,1.1987859818200313,0.5742744045656223,10.859320872475195
WASP-17 b,247.9074,20.96083,3.73543,0.0515,2.28,1.49,6550.0,-0.25,247.9074,2.3942894905887178,1.3214084757011504,0.5723406023704906,11.827174782677975
WASP-18 b,3241.8497514,13.89913607,0.94145223,0.02024,1.294,1.319,6432.0,0.107,3241.8497514,3.51079288292151,1.1429878066071755,-0.02620171151957531,233.24109750945118
WASP-19 b,366.77398168,15.86070769,0.78883852,0.01652,0.965,1.006,5616.0,0.04,366.77398168,2.5643985199816735,1.2003225612290662,-0.10301189039064543,23.124692091213998
WASP-25 b,179.25522155,13.80946422,3.7648337,0.0473,0.962,0.884,5697.0,-0.2,179.25522155,2.2534718151477806,1.140176829135377,0.5757457973315572,12.980606538694516
WASP-39 b,89.31023,14.336311,4.0552941,0.04828,0.913,0.939,5485.0,0.01,89.31023,1.9509012078033172,1.1564374136433053,0.6080223558037746,6.229652105063848
WASP-43 b,565.714,10.424,0.813475,0.0142,0.58,0.6,4400.0,-0.05,565.714,2.7525969265705528,1.0180344027045283,-0.0896557894129024,54.27033768227169
WASP-6 b,148.42586607,12.5428494,3.3610026,0.04217,0.854,0.79,5438.0,-0.15,148.42586607,2.171509591728631,1.0983962077965361,0.5264688484305653,11.833504599839971
GJ 3470 b,13.9,4.57,3.3366496,0.0355,0.539,0.547,3600.0,0.2,13.9,1.1430148002540952,0.6599162000698503,0.5233106013875942,3.0415754923413565
WASP-47 b,374.0,12.86,4.159151,0.052,1.058,1.156,5565.0,0.43,374.0,2.5728716022004803,1.1092409685882032,0.6190046879235592,29.082426127527217
WASP-63 b,117.5971,15.80469,4.37808,0.0574,1.28,1.86,5550.0,0.08,117.5971,2.0703966119652324,1.1987859818200313,0.6412836931024287,7.440645782992263
WASP-52 b,146.2,14.24,1.7497798,0.0272,0.87,0.79,5000.0,0.03,146.2,2.1649473726218416,1.1535099893008376,0.2429833985937136,10.266853932584269
WASP-77 A b,529.31142902,13.56,1.360029395,0.023233633,0.903,0.91,5617.0,-0.1,529.31142902,2.7237112714836766,1.1322596895310446,0.13354829509693414,39.0347661519174
WASP-80 b,170.99254,11.197791,3.06785234,0.0344,0.577,0.586,4143.0,-0.13,170.99254,2.2329771635646263,1.0491323573906337,0.48683445258253133,15.270202846257801
WASP-103 b,473.547,17.127,0.925542,0.01985,1.22,1.436,6110.0,0.06,473.547,2.675363089627927,1.2336812977263454,-0.033603868694577335,27.649150464179368
WASP-96 b,152.55,13.45,3.4252602,0.0453,1.06,1.05,5540.0,0.14,152.55,2.183412211978426,1.1287222843384268,0.5346935682757227,11.34200743494424
WASP-94 A b,158.915,17.71022,3.95019,0.055,1.67,1.48,6170.0,0.26,158.915,2.201164892234256,1.248223956119074,0.5966179852383753,8.973067528240756
WASP-94 B b,196.411,14.1,2.00839,0.0335,1.24,1.35,6040.0,0.23,196.411,2.2931658067988114,1.14921911265538,0.3028480503065559,13.92985815602837
WASP-69 b,82.58,11.21,3.86813881,0.0453,0.83,0.801,4792.0,0.35,82.58,1.9168748785386833,1.049605612594973,0.5875020505545402,7.366636931311328
WASP-84 b,220.0,10.72,8.52349648,0.0778,0.853,0.768,5280.0,0.0,220.0,2.342422680822206,1.0301947853567512,0.9306177861364311,20.52238805970149
WASP-20 b,98.841,15.46839337,4.89964477,0.05999,1.2,1.242,5940.0,-0.008,98.841,1.9949371306220385,1.1894452078959896,0.6901645943098994,6.389868529701091
HATS-6 b,101.38777,11.186582,3.3252725,0.03623,0.574,0.57,3724.0,0.2,101.38777,2.0059855709554184,1.0486974104520226,0.521827240735995,9.063337666500814
KELT-7 b,441.7837,17.9344,2.73477,0.04415,1.76,1.81,6768.0,0.0,441.7837,2.6452096881523324,1.2536868518205762,0.4369208071114585,24.633313631902936
K2-18 b,8.92,2.37,32.939623,0.1429,0.359,0.411,3457.0,0.12,8.92,0.9503648543761231,0.37474834601010387,1.5177186242825325,3.763713080168776
KELT-8 b,209.7678,18.15858,3.24406,0.0455,0.81,1.46,5754.0,0.27,209.7678,2.321738823440106,1.2590818837072824,0.5110888780384835,11.551993603024025
K2-22 b,444.962,2.3,0.381073,0.009,0.595292,0.58,3879.0,0.032,444.962,2.648322923576475,0.36172783601759284,-0.4189918210163619,193.46173913043478
WASP-47 d,15.5,3.65,9.030501,0.085,1.058,1.156,5565.0,0.43,15.5,1.1903316981702914,0.5622928644564748,0.9557118450532353,4.2465753424657535
WASP-47 e,9.0,1.83,0.78961,0.01673,1.058,1.156,5565.0,0.43,9.0,0.9542425094393249,0.26245108973042947,-0.1025873601898402,4.918032786885246
GJ 1132 b,1.83704819,1.19151465,1.62892911,0.0157,0.1945,0.2211,3229.0,-0.17,1.83704819,0.2641205489985558,0.07609938648528307,0.21190218448915332,1.5417755795113388
WASP-76 b,284.13859586,20.78145022,1.80988198,0.033,1.458,1.756,6329.0,0.366,284.13859586,2.453530229958567,1.3176758512369025,0.25765025602616387,13.672702956338723
KELT-4 A b,286.68266,19.044091,2.9895932,0.04317,1.201,1.603,6206.0,-0.116,286.68266,2.457401425440179,1.2797602480336971,0.47561209701517104,15.053627920597522
TRAPPIST-1 b,1.374,1.116,1.510826,0.01154,0.0898,0.1192,2566.0,0.052,1.374,0.13798673272353165,0.04766419460155998,0.17921445004969522,1.2311827956989247
TRAPPIST-1 c,1.308,1.097,2.421937,0.0158,0.0898,0.1192,2566.0,0.052,1.308,0.11660774398824848,0.04020662757471112,0.3841628419828338,1.1923427529626254
TRAPPIST-1 d,0.388,0.788,4.049219,0.02227,0.0898,0.1192,2566.0,0.052,0.388,-0.41116827440579273,-0.10347378251044466,0.6073712660051357,0.49238578680203043
K2-34 b,539.67534,13.75,2.9956348,0.0442,1.16,1.42,6168.0,0.01,539.67534,2.732132573806171,1.1383026981662814,0.4764888671007989,39.24911563636363
WASP-121 b,371.85923619,19.52604438,1.27492504,0.02571,1.33,1.461,6628.0,0.17,371.85923619,2.570378572905754,1.2906142720674376,0.10548465091006662,19.04426871890578
HIP 41378 b,6.9,2.64,15.57209,0.1303,1.22,1.3,6290.0,-0.05,6.9,0.8388490907372553,0.42160392686983106,1.192346905089177,2.6136363636363638
HIP 41378 c,5.97,2.74,31.70591,0.2093,1.22,1.3,6290.0,-0.05,5.97,0.7759743311293691,0.437750562820388,1.501140222506642,2.178832116788321
HIP 41378 d,6.53,3.65,278.3618,1.17,1.22,1.3,6290.0,-0.05,6.53,0.814913181275074,0.5622928644564748,2.4446096361558554,1.789041095890411
HIP 41378 e,7.62,5.19,393.0,0.68,1.22,1.3,6290.0,-0.05,7.62,0.8819549713396005,0.7151673578484579,2.5943925503754266,1.468208092485549
HIP 41378 f,25.0,9.47,542.0797,1.394,1.22,1.3,6290.0,-0.05,25.0,1.3979400086720377,0.9763499790032735,2.734063143965604,2.6399155227032733
HD 3167 b,4.844,1.601,0.95965451,0.01814,0.864,0.871,5338.0,0.037,4.844,0.6852041344710147,0.20439133191929973,-0.01788509134212752,3.025608994378514
HD 3167 c,11.41,2.983,29.846511,0.1794,0.864,0.871,5338.0,0.037,11.41,1.0572856444182146,0.4746532533620627,1.474893570238955,3.825008380824673
HAT-P-65 b,176.07693748,18.05766791,2.60544751,0.04042,1.297,1.666,5872.0,0.208,176.07693748,2.2457024758929554,1.2566616618569821,0.4158823281851895,9.75081269395213
WASP-131 b,86.76715511,13.74221034,5.3220125,0.0608,1.06,1.561,5990.0,-0.2,86.76715511,1.9383553581953434,1.1380565916217298,0.7260758902594603,6.313915517465439
WASP-139 b,37.18611,8.9672,5.924262,0.062,0.92,0.8,5310.0,0.2,37.18611,1.5703807496443989,0.952656856156595,0.7726342569116543,4.146903158176465
WASP-127 b,52.346601,14.694999,4.17806203,0.0484,0.95,1.333,5620.0,-0.193,52.346601,1.7188884870679917,1.1671695608547357,0.6209748834869737,3.562205142035056
TRAPPIST-1 e,0.692,0.92,6.101013,0.02925,0.0898,0.1192,2566.0,0.052,0.692,-0.15989390554324223,-0.036212172654444715,0.7854019503853148,0.7521739130434781
TRAPPIST-1 f,1.039,1.045,9.20754,0.03849,0.0898,0.1192,2566.0,0.052,1.039,0.016615547557177382,0.01911629044707278,0.9641436142216605,0.9942583732057416
TRAPPIST-1 g,1.321,1.129,12.352446,0.04683,0.0898,0.1192,2566.0,0.052,1.321,0.12090281761452719,0.05269394192496786,1.0917529640021923,1.1700620017714791
TRAPPIST-1 h,0.326,0.755,18.772866,0.06189,0.0898,0.1192,2566.0,0.052,0.326,-0.48678239993206096,-0.12205304837081175,1.2735305801849486,0.4317880794701987
HD 106315 b,12.6,2.44,9.55237,0.0907,1.091,1.296,6327.0,-0.311,12.6,1.100370545117563,0.3873898263387294,0.9801111360053748,5.163934426229508
HD 106315 c,15.2,4.35,21.05704,0.1536,1.091,1.296,6327.0,-0.311,15.2,1.1818435879447726,0.6384892569546373,1.3233973221194226,3.4942528735632186
LHS 1140 b,5.6,1.73,24.73723,0.0946,0.1844,0.2159,3096.0,-0.15,5.6,0.7481880270062004,0.2380461031287954,1.3933510670365834,3.236994219653179
KELT-11 b,65.15482343,15.13212395,4.73620865,0.0623,1.44,2.69,5375.0,0.17,65.15482343,1.813946572182019,1.1798998900209552,0.6754308266429928,4.305728901328488
KELT-9 b,915.34581216,21.70058664,1.4811235,0.03368,2.32,2.418,9270.0,0.07,915.34581216,2.9615851989188235,1.3364714744508857,0.17059127265512028,42.180694344583856
HD 3167 d,7.3,2.61,8.3967,0.077,0.864,0.871,5338.0,0.037,7.3,0.8633228601204559,0.41664050733828095,0.9241086368499863,2.796934865900383
WASP-107 b,33.02237149,10.48039695,5.7214875,0.055,0.683,0.657,4425.0,0.02,33.02237149,1.518808258752279,1.0203777320684915,0.7575089534534708,3.1508703007666137
GJ 9827 b,4.28,1.44,1.208974,0.0189,0.62,0.58,4236.0,-0.29,4.28,0.631443769013172,0.15836249209524964,0.08241696109406643,2.9722222222222223
GJ 9827 c,1.86,1.13,3.648103,0.0395,0.62,0.58,4236.0,-0.29,1.86,0.26951294421791633,0.05307844348341968,0.5620670916355855,1.6460176991150446
GJ 9827 d,3.02,1.98,6.20183,0.053,0.62,0.58,4236.0,-0.29,3.02,0.48000694295715063,0.2966651902615311,0.7925198575037259,1.5252525252525253
KELT-20 b,1074.90106,19.514869,3.4741085,0.0542,1.76,1.565,8720.0,-0.29,1074.90106,3.0313684911599603,1.2903656402819828,0.5408433777885296,55.08113121333276
K2-18 c,7.51,2.65,8.962,0.06,0.359,0.411,3457.0,0.09,7.51,0.8756399370041684,0.42324587393680785,0.9524049395770244,2.8339622641509434
K2-141 b,4.97,1.51,0.2803244,0.00747,0.708,0.681,4570.0,0.0,4.97,0.696356388733332,0.17897694729316943,-0.5523390987286104,3.291390728476821
K2-141 c,8.0,7.0,7.7485,0.0683,0.708,0.681,4570.0,0.0,8.0,0.9030899869919435,0.8450980400142568,0.8892176373742151,1.1428571428571428
K2-232 b,126.49634,11.209,11.168454,0.10356,1.188,1.161,6154.0,0.1,126.49634,2.102077959971925,1.0495668691646514,1.047993059799791,11.285247568917834
GJ 1132 c,2.91,1.52,8.929,0.0476,0.198,0.226,3090.0,-0.18,2.91,0.4638929889859073,0.18184358794477254,0.9508028229646586,1.9144736842105263
HAT-P-11 c,851.78013076,13.2,3361.0,4.1,0.811,0.683,4653.0,0.31,851.78013076,2.9303275051883815,1.1205739312058498,3.5264685124694775,64.52879778484849
NGTS-2 b,235.1942,17.878355,4.511164,0.063,1.64,1.702,6478.0,-0.06,235.1942,2.3714266076292136,1.2523275565578513,0.6542886158364299,13.155248343597608
WASP-164 b,676.9779,12.643752,1.7771255,0.02818,0.946,0.932,5806.0,-0.01,676.9779,2.830574491336975,1.1018759688119748,0.24971809861729252,53.54248485734298
LHS 1140 c,1.91,1.272,3.77794,0.027,0.1844,0.2159,3096.0,-0.15,1.91,0.28103336724772754,0.10448711131239508,0.5772550563185218,1.501572327044025
K2-287 b,100.11645,9.494023,14.893291,0.1206,1.056,1.07,5695.0,0.2,100.11645,2.000505441687838,0.9774502794953583,1.1729906752682782,10.545208285254839
LHS 3844 b,2.37,1.286,0.462929709,0.00624,0.151,0.189,3080.0,0.22,2.37,0.37474834601010387,0.10924096858820327,-0.33448494701857245,1.8429237947122863
HD 15337 b,6.519,1.77,4.7559804,0.05245,0.829,0.855,5131.0,0.03,6.519,0.814180981040187,0.24797326636180664,0.677240056167557,3.6830508474576273
HD 15337 c,6.792,2.526,17.180546,0.1235,0.829,0.855,5131.0,0.03,6.792,0.8319976772358962,0.4024333462193119,1.2350369616500052,2.688836104513064
L 98-59 b,0.46,0.837,2.253114,0.0223,0.2923,0.3155,3415.0,-0.46,0.46,-0.3372421683184259,-0.07727454200674003,0.3527831661217034,0.5495818399044206
L 98-59 c,2.0,1.329,3.6906764,0.0309,0.2923,0.3155,3415.0,-0.46,2.0,0.3010299956639812,0.12352498094273198,0.5671059677490669,1.5048908954100828
L 98-59 d,1.64,1.627,7.450729,0.0494,0.2923,0.3155,3415.0,-0.46,1.64,0.21484384804769785,0.2113875529368588,0.8721987674044348,1.0079901659496004
V1298 Tau b,13.1,9.41,24.140006,0.1685,1.1,1.32,4970.0,0.1,13.1,1.1172712956557642,0.973589623427257,1.3827373737052644,1.392136025504782
WASP-166 b,32.10083,7.06167,5.44354,0.0641,1.19,1.22,6050.0,0.19,32.10083,1.5065162616808798,0.8489074186182332,0.7358814185330725,4.545784495735428
TOI-270 b,1.48,1.28,3.35992,0.03197,0.386,0.38,3506.0,-0.17,1.48,0.17026171539495738,0.10720996964786837,0.5263289369219355,1.15625
TOI-270 c,6.2,2.33,5.66051,0.04526,0.386,0.38,3506.0,-0.17,6.2,0.7923916894982539,0.367355921026019,0.7528555619669944,2.6609442060085837
TOI-270 d,4.2,2.0,11.38194,0.0721,0.386,0.38,3506.0,-0.17,4.2,0.6232492903979004,0.3010299956639812,1.0562162918910378,2.1
GJ 357 b,1.83,1.2,3.9306,0.036,0.342,0.337,3505.0,-0.12,1.83,0.26245108973042947,0.07918124604762482,0.5944588498155834,1.5250000000000001
GJ 357 c,3.4,1.66,9.1247,0.061,0.342,0.337,3505.0,-0.12,3.4,0.5314789170422551,0.22010808804005508,0.96021859471905,2.0481927710843375
GJ 357 d,6.1,2.34,55.661,0.204,0.342,0.337,3505.0,-0.12,6.1,0.785329835010767,0.3692158574101428,1.7455510045596596,2.606837606837607
LTT 1445 A b,2.73,1.34,5.3587635,0.0381,0.257,0.271,3562.0,-0.34,2.73,0.436162647040756,0.12710479836480765,0.7290645906111772,2.0373134328358207
WASP-178 b,527.5978,20.28829,3.3448285,0.0558,2.07,1.67,9360.0,0.21,527.5978,2.7223029759382924,1.307245444033836,0.5243738550147341,26.00504034593354
V1298 Tau c,4.7,5.08,8.249164,0.0824,1.1,1.32,4970.0,0.1,4.7,0.6720978579357175,0.7058637122839193,0.9164099378125106,0.9251968503937008
V1298 Tau d,6.0,6.53,12.401394,0.1081,1.1,1.32,4970.0,0.1,6.0,0.7781512503836436,0.814913181275074,1.0934705055235754,0.9188361408882082
V1298 Tau e,15.3,10.17,48.677714,0.2689,1.1,1.32,4970.0,0.1,15.3,1.1846914308175989,1.0073209529227445,1.6873301747244795,1.504424778761062
LP 791-18 b,1.94,1.212,0.9479981,0.00978,0.139,0.182,2960.0,-0.09,1.94,0.287801729930226,0.0835026198302674,-0.023192533084235998,1.6006600660066006
LP 791-18 c,7.16,2.488,4.98991,0.02961,0.139,0.182,2960.0,-0.09,7.16,0.8549130223078556,0.3958503760187811,0.6980927125861436,2.877813504823151
TOI-125 b,9.5,2.726,4.65382,0.05186,0.859,0.848,5320.0,-0.02,9.5,0.9777236052888477,0.43552585149865475,0.6678095816755699,3.4849596478356566
TOI-125 c,6.63,2.759,9.15059,0.0814,0.859,0.848,5320.0,-0.02,6.63,0.8215135284047731,0.44075170047918544,0.96144909685154,2.403044581370062
L 168-9 b,4.07,1.63,1.40152604,0.0208,0.614,0.604,3842.0,-0.03,4.07,0.60959440922522,0.21218760440395779,0.14660117125310027,2.4969325153374236
TOI-125 d,13.6,2.93,19.98,0.137,0.859,0.848,5320.0,-0.02,13.6,1.1335389083702174,0.4668676203541095,1.3005954838899636,4.6416382252559725
HATS-48 A b,77.23269,8.9672,3.1316666,0.03769,0.7279,0.7152,4546.0,0.186,77.23269,1.8878011614965495,0.952656856156595,0.4957755204716561,8.61279886698189
HATS-72 b,39.855882,8.0973816,7.3279474,0.066517,0.7311,0.7214,4656.1,0.099,39.855882,1.600492424392935,0.9083446064701008,0.8649823433055726,4.922070364079174
NGTS-10 b,687.14846,13.89913607,0.7668944,0.0143,0.696,0.7,4567.0,-0.02,687.14846,2.837050577515529,1.1429878066071755,-0.1152644335147316,49.438213752230716
TOI-1130 b,19.8,3.66,4.074554,0.0453,0.745,0.697,4360.0,0.11,19.8,1.2966651902615312,0.5634810853944107,0.6100800778761251,5.409836065573771
TOI-1130 c,336.0,13.0,8.3501898,0.0731,0.745,0.697,4360.0,0.11,336.0,2.526339277389844,1.1139433523068367,0.9216963471190334,25.846153846153847
TOI-677 b,392.20025424,13.11450742,11.2365985,0.1041,1.181,1.28,6295.0,0.0,392.20025424,2.59350787085903,1.1177519831617253,1.0506348631679383,29.905831891320855
LTT 3780 b,2.46,1.325,0.76837931,0.01195,0.381,0.38,3358.0,0.06,2.46,0.39093510710337914,0.12221587827282664,-0.11442433781581714,1.8566037735849057
LTT 3780 c,8.04,2.39,12.252284,0.0757,0.381,0.38,3358.0,0.06,8.04,0.9052560487484512,0.3783979009481377,1.0882170549157448,3.3640167364016733
TOI-1338 b,11.3,7.661,95.4001,0.4607,1.0936,1.313,5723.2,0.01,11.3,1.0530784434834197,0.8842854623396752,1.9795488299391624,1.4750032632815562
AU Mic b,8.99,4.79,8.463446,0.07,0.635,0.862,3540.0,0.01,8.99,0.9537596917332288,0.6803355134145632,0.9275472275860339,1.8768267223382047
WASP-148 b,91.21675281,8.47398941,8.803809,0.08215,0.954,0.912,5555.0,0.099,91.21675281,1.960074607898346,0.9280879169246549,0.9446706118974568,10.764322256805842
WASP-148 c,124.58873554,13.9,34.524,0.2044,0.954,0.912,5555.0,0.099,124.58873554,2.0954787781661066,1.1430148002540952,1.5381211079379509,8.963218384172661
NGTS-11 b,109.33352,9.157753,35.45533,0.201,0.862,0.832,5050.0,0.22,109.33352,2.0387533304697674,0.9617889256970669,1.5496815319193296,11.938902479680332
TOI-849 b,41.8,3.64,0.765548,0.0155,0.97,0.97,5257.0,0.19,41.8,1.6211762817750353,0.561101383649056,-0.11602757376834662,11.483516483516482
TOI-700 b,0.704,0.914,9.977219,0.0677,0.415,0.421,3459.0,-0.07,0.704,-0.1524273408578878,-0.039053804266168564,0.9990095050886912,0.7702407002188183
TOI-700 c,7.27,2.6,16.051137,0.0929,0.415,0.421,3459.0,-0.07,7.27,0.8615344108590378,0.414973347970818,1.2055058015593538,2.796153846153846
TOI-700 d,1.25,1.073,37.42396,0.1633,0.415,0.421,3459.0,-0.07,1.25,0.09691001300805642,0.030599721965951066,1.5731497402766277,1.1649580615097856
HIP 67522 b,71.4,9.9872018,6.9594731,0.0748,1.22,1.38,5675.0,0.0,71.4,1.8536982117761744,0.999443825258428,0.8425763605265651,7.149149624672649
TOI-1899 b,212.94503269,11.09689089,29.090312,0.1525,0.632,0.607,3926.0,0.28,212.94503269,2.328267513860419,1.0452013158625881,1.4637483791759598,19.1896121896536
HD 86226 c,7.25,2.16,3.98442,0.049,1.019,1.053,5863.0,0.018,7.25,0.8603380065709937,0.3344537511509309,0.6003651113953417,3.3564814814814814
WD 1856+534 b,4386.054,10.4,1.4079405,0.0204,0.518,0.0131,4710.0,,4386.054,3.642073974299474,1.0170333392987803,0.14858430177507087,421.73596153846154
LTT 9779 b,29.32,4.72,0.792052,0.01679,1.02,0.949,5443.0,0.27,29.32,1.4671639659690903,0.6739419986340878,-0.10124630506237516,6.211864406779662
TOI-824 b,18.467,2.926,1.392978,0.02177,0.71,0.695,4600.0,-0.092,18.467,1.2663963491885926,0.46627432178929207,0.1439442574476169,6.311346548188653
TOI-421 b,6.7,2.64,5.197576,0.0554,0.833,0.866,5291.0,-0.044,6.7,0.8260748027008264,0.42160392686983106,0.7158008483910605,2.5378787878787876
TOI-421 c,14.1,5.09,16.067541,0.117,0.833,0.866,5291.0,-0.044,14.1,1.14921911265538,0.7067177823367587,1.2059494167853964,2.7701375245579567
GJ 3473 b,1.86,1.264,1.1980035,0.01589,0.36,0.364,3347.0,0.11,1.86,0.26951294421791633,0.10174707394636621,0.07845808685835623,1.4715189873417722
GJ 3473 c,7.41,2.63,15.509,0.0876,0.36,0.364,3347.0,0.11,7.41,0.8698182079793282,0.41995574848975786,1.1905837959771786,2.817490494296578
TOI-776 b,5.0,1.798,8.24662,0.0653,0.542,0.547,3725.0,-0.21,5.0,0.6989700043360189,0.25478968739721,0.9162759829582616,2.7808676307007785
TOI-776 c,6.9,2.047,15.665323,0.1001,0.542,0.547,3725.0,-0.21,6.9,0.8388490907372553,0.3111178426625057,1.1949393539366178,3.3707865168539324
TOI-561 b,2.02,1.397,0.4465697,0.01064,0.806,0.843,5342.0,-0.41,2.02,0.3053513694466238,0.14519640611418191,-0.35011074738464004,1.4459556191839655
TOI-561 c,5.93,2.865,10.778838,0.0889,0.806,0.843,5342.0,-0.41,5.93,0.7730546933642626,0.45712462630340883,1.0325719447664337,2.069808027923211
TOI-561 d,13.33,2.615,25.71268,0.1587,0.806,0.843,5342.0,-0.41,13.33,1.1248301494138593,0.4174716932032931,1.4101473449646422,5.097514340344168
TOI-561 e,12.4,2.517,77.144,0.33,0.806,0.843,5342.0,-0.41,12.4,1.0934216851622351,0.4008832155483627,1.8873021537533774,4.926499801350815
TOI-451 b,4.7,1.84,1.8587033,0.0274,0.93,0.85,5490.0,0.02,4.7,0.6720978579357175,0.2648178230095365,0.2692100699996326,2.5543478260869565
TOI-451 c,3.7,2.93,9.192463,0.0795,0.93,0.85,5490.0,0.02,3.7,0.568201724066995,0.4668676203541095,0.9634318904932341,1.2627986348122866
TOI-451 d,10.2,3.93,16.364962,0.1168,0.93,0.85,5490.0,0.02,10.2,1.0086001717619175,0.5943925503754267,1.2139150011985924,2.595419847328244
TOI-178 b,0.96,1.2,1.9145601,0.02607,0.647,0.662,4316.0,-0.23,0.96,-0.017728766960431602,0.07918124604762482,0.2820690038457268,0.8
TOI-178 c,4.64,1.754,3.238486,0.037,0.647,0.662,4316.0,-0.23,4.64,0.6665179805548809,0.24402958903002173,0.5103420239355694,2.645381984036488
TOI-178 d,5.2,2.695,6.557569,0.0592,0.647,0.662,4316.0,-0.23,5.2,0.7160033436347992,0.43055876952275746,0.8167428690163515,1.9294990723562153
TOI-178 e,3.48,2.301,9.96318,0.0783,0.647,0.662,4316.0,-0.23,3.48,0.541579243946581,0.36191661866864344,0.9983979765792723,1.51238591916558
TOI-178 f,5.63,2.417,15.23335,0.1039,0.647,0.662,4316.0,-0.23,5.63,0.7505083948513462,0.38327665040765035,1.1827954205080042,2.329333884981382
TOI-178 g,4.4,2.939,20.71663,0.1275,0.647,0.662,4316.0,-0.23,4.4,0.6434526764861874,0.4681995860726126,1.316319109594521,1.4971078598162642
GJ 486 b,2.77,1.289,1.46712127,0.01714,0.312,0.3243,3317.0,-0.15,2.77,0.4424797690644486,0.110252917353403,0.1664660134445629,2.1489526764934057
LHS 1478 b,2.33,1.242,1.9495378,0.01848,0.236,0.246,3381.0,-0.13,2.33,0.367355921026019,0.09412159584056139,0.28993166023304023,1.8760064412238326
TOI-1231 b,15.4,3.65,24.245586,0.1288,0.485,0.476,3553.0,0.041,15.4,1.187520720836463,0.5622928644564748,1.3846326851927624,4.219178082191781
TOI-674 b,23.6,5.25,1.977143,0.025,0.42,0.42,3514.0,0.17,23.6,1.3729120029701065,0.7201593034059569,0.29603808148614014,4.495238095238095
TOI-1685 b,3.07,1.421,0.66913923,0.01164,0.466,0.462,3470.0,0.01,3.07,0.48713837547718647,0.15259407792746976,-0.17448350774859855,2.1604503870513723
TOI-1807 b,2.44,1.49681583,0.54937097,0.0122,0.8048,0.746,4914.0,0.044,2.44,0.3873898263387294,0.17516836752061118,-0.26013429340819433,1.6301270678036588
TOI-2076 b,6.7,2.59,10.35504,0.08781,0.849,0.758,5187.0,-0.09,6.7,0.8260748027008264,0.4132997640812518,1.015151780848566,2.586872586872587
TOI-2076 c,7.2,3.54,21.01447,0.1407,0.849,0.758,5187.0,-0.09,7.2,0.8573324964312685,0.5490032620257879,1.3225184412613709,2.0338983050847457
TOI-2076 d,7.3,3.27,35.12803,0.1982,0.849,0.758,5187.0,-0.09,7.3,0.8633228601204559,0.5145477526602861,1.5456537949921665,2.232415902140673
AU Mic c,14.46,2.79,18.859023,0.119,0.635,0.862,3540.0,0.01,14.46,1.160168292958512,0.44560420327359757,1.2755191901669882,5.182795698924731
TOI-431 b,3.07,1.28,0.490047,0.0113,0.78,0.731,4850.0,0.2,3.07,0.48713837547718647,0.10720996964786837,-0.3097622651515336,2.3984375
TOI-431 c,2.83,1.49,4.8494,0.052,0.78,0.731,4850.0,0.2,2.83,0.45178643552429026,0.17318626841227402,0.6856880081262602,1.8993288590604027
TOI-431 d,9.9,3.29,12.46103,0.098,0.78,0.731,4850.0,0.2,9.9,0.9956351945975499,0.5171958979499743,1.095553941587075,3.009118541033435
L 98-59 e,2.82,1.49,12.8278,0.0712,0.2923,0.3155,3415.0,-0.46,2.82,0.45024910831936105,0.17318626841227402,1.1081521801639884,1.8926174496644295
HD 63935 b,10.5,2.91575244,9.058807,0.083,0.9406,0.9598,5513.0,0.107,10.5,1.021189299069938,0.4647506477302956,0.9570710070110414,3.6011287707265027
HD 63935 c,11.1,3.06451296,21.4027,0.148,0.9406,0.9598,5513.0,0.107,11.1,1.0453229787866574,0.4863614623481334,1.330468564056445,3.6221090087998844
GJ 367 b,0.503,0.736,0.3219226,0.0071,0.451,0.457,3535.0,-0.01,0.503,-0.2984320149440726,-0.13312218566250114,-0.492248533377267,0.6834239130434783
TOI-2109 b,1595.49860314,15.098497,0.67247414,0.01791,1.453,1.698,6540.0,0.068,1595.49860314,3.2028964283046117,1.178933717022018,-0.17232441180323554,105.67267742875333
HATS-75 b,156.05374784,9.90873894,2.7886556,0.032742,0.6017,0.5848,3790.4,0.522,156.05374784,2.19327420329091,0.9960183864481165,0.4453948820483283,15.74910276524048
LTT 1445 A c,1.54,1.147,3.1239035,0.02661,0.257,0.265,3340.0,-0.34,1.54,0.18752072083646307,0.059563417901267686,0.49469760969156057,1.3426329555361813
TOI-500 b,1.42,1.166,0.548177,0.01189,0.74,0.678,4440.0,0.12,1.42,0.15228834438305647,0.06669855042299526,-0.26107919021686254,1.2178387650085762
TOI-1075 b,9.95,1.791,0.6047328,0.01159,0.604,0.581,3875.0,-0.08,9.95,0.9978230807457255,0.2530955858490315,-0.21843647513031234,5.555555555555555
TOI-1442 b,1.71,1.17,0.4090677,0.0071,0.29,0.31,3330.0,,1.71,0.23299611039215382,0.06818586174616162,-0.38820481105544,1.4615384615384617
TOI-2260 b,3.26,1.62,0.3524728,0.0097,0.99,0.94,5534.0,0.22,3.26,0.5132176000679389,0.20951501454263097,-0.45287439148304454,2.0123456790123453
TOI-2445 b,2.1,1.25,0.3711281,0.0064,0.25,0.27,3333.0,,2.1,0.3222192947339193,0.09691001300805642,-0.43047616175758013,1.6800000000000002
GJ 3929 b,1.75,1.09,2.616235,0.0252,0.313,0.32,3384.0,-0.02,1.75,0.24303804868629444,0.037426497940623665,0.4176767513569088,1.6055045871559632
WASP-189 b,632.47852993,18.14733975,2.724033,0.05053,2.03,2.36,8000.0,0.29,632.47852993,2.8010457875692993,1.2588129700568478,0.435212364485642,34.85241025092948
TOI-1670 b,41.31769291,2.06,10.98462,0.103,1.21,1.316,6170.0,0.09,41.31769291,1.6161360634664292,0.31386722036915343,1.0407850376099534,20.057132480582524
TOI-1670 c,200.23189641,11.06326395,40.74976,0.249,1.21,1.316,6170.0,0.09,200.23189641,2.301533260613174,1.043883274016755,1.6101250552604716,18.098808571768732
HD 260655 b,2.14,1.24,2.76953,0.02933,0.439,0.439,3803.0,-0.43,2.14,0.33041377334919086,0.09342168516223506,0.442406073856738,1.7258064516129032
HD 260655 c,3.09,1.533,5.70588,0.04749,0.439,0.439,3803.0,-0.43,3.09,0.4899584794248346,0.18554215485437514,0.7563226337974259,2.015655577299413
TOI-3714 b,222.4798849,11.32107051,2.154849,0.027,0.53,0.51,3660.0,0.1,222.4798849,2.3472907511738494,1.0538874952801756,0.33341684258751453,19.65184164372809
GJ 3929 c,5.71,2.26,15.04,0.081,0.313,0.32,3384.0,-0.02,5.71,0.756636108245848,0.35410843914740087,1.1772478362556233,2.526548672566372
GJ 3090 b,4.52,2.18,2.85310198,0.0316,0.519,0.516,3707.0,0.12,4.52,0.6551384348113821,0.33845649360460484,0.4553172951620626,2.0733944954128436
TOI-181 b,46.1687,6.9559,4.532,0.0539,0.822,0.745,4994.0,0.272,46.1687,1.6643476460309972,0.8423533298343601,0.6562899011913597,6.637343837605487
TOI-199 b,54.03082919,9.07927437,104.854,0.4254,0.936,0.82,5255.0,0.22,54.03082919,1.7326416325378664,0.9580511404045987,2.020585002705912,5.951007425057031
TOI-700 e,0.818,0.953,27.80978,0.134,0.415,0.421,3459.0,-0.07,0.818,-0.08724669632867703,-0.02090709936167361,1.4441975532236007,0.8583420776495277
TOI-771 b,2.47,1.36,2.3260155,0.0208,0.22,0.232,3370.0,-0.13,2.47,0.39269695325966575,0.13353890837021754,0.36661260443457955,1.8161764705882353
TOI-836.01,9.6,2.587,8.59545,0.075,0.678,0.665,4552.0,-0.284,9.6,0.9822712330395684,0.41279642871654343,0.9342686183588479,3.7108620023192884
TOI-836 b,4.53,1.704,3.81673,0.0422,0.678,0.665,4552.0,-0.284,4.53,0.6560982020128319,0.2314695904306813,0.5816914385297762,2.6584507042253525
LHS 475 b,0.941,0.991,2.029088,0.02037,0.262,0.2789,3300.0,,0.941,-0.026410376572743116,-0.0039263455147246756,0.3073008824624512,0.9495459132189706
TOI-1136 d,8.35,4.627,12.5199,0.1062,1.022,0.968,5770.0,0.07,8.35,0.921686475483602,0.6652994994998971,1.0976008600547917,1.8046250270153448
TOI-1136 c,6.32,2.879,6.2574,0.0669,1.022,0.968,5770.0,0.07,6.32,0.800717078282385,0.459241664878082,0.7963939178415531,2.195206668982286
TOI-1136 f,9.7,3.73591482,26.321,0.174,1.022,0.968,5770.0,0.07,9.7,0.9867717342662449,0.5723969656239837,1.4203023851786898,2.596418940836558
TOI-1136 e,6.07,2.639,18.801,0.14,1.022,0.968,5770.0,0.07,6.07,0.7831886910752576,0.42143939022004967,1.2741809494196334,2.3001136794240247
TOI-1173 b,28.28672822,8.77663189,7.0643971,0.071,0.911,0.934,5350.0,0.191,28.28672822,1.4515827177584455,0.9433278835344093,0.8490751035779502,3.2229593965573047
TOI-1416 b,3.48,1.62,1.0697568,0.019,0.798,0.793,4884.0,0.08,3.48,0.541579243946581,0.20951501454263097,0.02928505579452216,2.148148148148148
TOI-1420 b,25.1,11.89,6.9561063,0.071,0.987,0.923,5510.0,0.28,25.1,1.3996737214810382,1.0751818546186915,0.8423662100688412,2.111017661900757
TOI-1468 c,4.1,2.126,15.532477,0.08608,0.3527,0.3714,3376.0,-0.01,4.1,0.6127838567197355,0.32756326018727794,1.191240719196115,1.9285042333019755
TOI-1468 b,3.04,1.401,1.8805201,0.02107,0.3527,0.3714,3376.0,-0.01,3.04,0.48287358360875376,0.1464381352857746,0.2742779797538629,2.1698786581013563
HIP 9618 b,8.3,3.82838127,20.772858,0.145,0.942,0.9593,5649.0,-0.018,8.3,0.919078092376074,0.5830151828173401,1.3174962523482998,2.1680181295004615
HIP 9618 c,7.0,3.42855926,52.56363,0.269,0.942,0.9593,5649.0,-0.018,7.0,0.8450980400142568,0.5351116603111152,1.7206853495983865,2.0416739129076626
TOI-1801 b,5.738,2.079,10.64387,0.075,0.556,0.547,3863.0,-0.19,5.738,0.7587605439099796,0.3178544893314692,1.0270995616114609,2.7599807599807598
TOI-1823 b,67.4,7.5406241,38.8,0.212,0.8414,0.8049,4927.0,0.243,67.4,1.8286598965353198,0.8774072917543094,1.5888317255942073,8.938252206471876
TOI-2031 A b,254.2627256,14.20177855,5.71548654,0.066,1.174,1.241,6490.0,-0.24,254.2627256,2.4052826981515363,1.1523427363606884,0.7570532063224246,17.90358332266771
TOI-2134 b,9.37,2.735,9.229198,0.07803,0.744,0.709,4580.0,0.12,9.37,0.9717395908877783,0.4369573306694496,0.9651639632894508,3.425959780621572
TOI-2134 c,58.3,7.35,95.85284,0.3715,0.744,0.709,4580.0,0.12,58.3,1.765668554759014,0.8662873390841949,1.9816049850080975,7.931972789115647
TOI-2374 b,61.65871096,7.48759911,4.3136193,0.04818,0.802,0.711,5002.0,0.128,61.65871096,1.7899944411039057,0.8743425839971982,0.6348418136443807,8.234777270280434
TOI-2431 b,6.2,1.534,0.22419578,0.0063,0.661,0.651,4109.0,-0.02,6.2,0.7923916894982539,0.18582535961296218,-0.6493725663171475,4.041720990873533
TOI-3235 b,211.35589065,11.39953337,2.59261842,0.02709,0.3939,0.3697,3388.8,0.264,211.35589065,2.325014356452423,1.0568870742328074,0.41373860227534837,18.540749326303345
TOI-3757 b,85.3,12.0,3.438753,0.03845,0.64,0.62,3913.0,0.0,85.3,1.930949031167523,1.0791812460476249,0.5364009822804379,7.108333333333333
TOI-3884 b,32.59,6.43,4.5445828,0.0361,0.298,0.302,3180.0,0.04,32.59,1.5130843604651443,0.8082109729242221,0.6574940204569402,5.068429237947123
TOI-3984 A b,44.0,7.9,4.353326,0.041,0.49,0.47,3476.0,0.18,44.0,1.6434526764861874,0.8976270912904415,0.6388211906354226,5.5696202531645564
TOI-4010 c,20.31,5.93,5.414654,0.058,0.88,0.83,4960.0,0.37,20.31,1.3077099234048066,0.7730546933642626,0.733570710141084,3.42495784148398
TOI-4010 d,38.15,6.18,14.70886,0.113,0.88,0.83,4960.0,0.37,38.15,1.5814945422908993,0.7909884750888159,1.1675790143390257,6.173139158576052
TOI-4010 b,11.0,3.02,1.348335,0.0229,0.88,0.83,4960.0,0.37,11.0,1.0413926851582251,0.48000694295715063,0.12979780805707553,3.642384105960265
LP 890-9 b,13.2,1.32,2.7299025,0.01875,0.118,0.1556,2850.0,-0.028,13.2,1.1205739312058498,0.12057393120584989,0.4361471362465651,9.999999999999998
TOI-4336 A b,3.33,2.137,16.336351,0.0849,0.306,0.326,3307.0,0.14,3.33,0.5224442335063199,0.3298045221640694,1.2131550560188826,1.5582592419279364
HD 20329 b,7.42,1.72,0.926118,0.018,0.9,1.13,5596.0,-0.07,7.42,0.8704039052790271,0.2355284469075489,-0.03333367478247137,4.313953488372093
Kepler-167 e,321.00669107,10.16,1071.23205,1.883,0.777,0.749,4884.0,0.02,321.00669107,2.506514084942235,1.0068937079479006,3.029883557777217,31.595146758858267
TOI-5205 b,343.0,11.6,1.630757,0.0199,0.392,0.394,3430.0,0.0,343.0,2.5352941200427703,1.0644579892269184,0.2123892514010858,29.56896551724138
Kepler-167 c,3.44,1.674,7.406106,0.0684,0.777,0.749,4884.0,0.02,3.44,0.5365584425715301,0.22375545365724117,0.8695899236040044,2.054958183990442
TOI-5293 A b,170.4,11.9,2.930289,0.034,0.54,0.52,3586.0,-0.03,170.4,2.2314695904306814,1.0755469613925308,0.4669104547963603,14.319327731092438
KOI-94 d,106.0,11.27,22.342989,0.1684,1.277,1.52,6182.0,0.0228,106.0,2.0253058652647704,1.0519239160461065,1.3491412717058893,9.40550133096717
LP 890-9 c,25.3,1.367,8.457463,0.03984,0.118,0.1556,2850.0,-0.028,25.3,1.403120521175818,0.13576851456782227,0.9272401064977386,18.50768105340161
HD 3167 e,14.9,3.97,91.9,0.3797,0.864,0.871,5338.0,0.037,14.9,1.173186268412274,0.5987905067631151,1.9633155113861114,3.7531486146095716
TOI-1136 b,3.5,1.9,4.1727,0.05106,1.022,0.968,5770.0,0.07,3.5,0.5440680443502757,0.2787536009528289,0.6204171618437344,1.842105263157895
TOI-1136 g,5.6,2.53,39.545,0.229,1.022,0.968,5770.0,0.07,5.6,0.7481880270062004,0.40312052117581787,1.5970915798771266,2.2134387351778657
TOI-1338 c,75.4,10.3,215.79,0.794,1.0936,1.313,5723.2,0.01,75.4,1.877371345869774,1.0128372247051722,2.334031315020449,7.320388349514563
WASP-84 c,15.2,1.95,1.4468849,0.02359,0.853,0.768,5280.0,0.0,15.2,1.1818435879447726,0.290034611362518,0.16043398427517824,7.794871794871795
TOI-6109 c,20.8,4.8326,8.538878,0.0786,1.03,1.021,5660.0,0.0895,20.8,1.3180633349627615,0.6841808495601559,0.9314008085787896,4.304101311923188
WASP-193 b,35.59678158,14.78464554,6.2463475,0.0668,1.018,1.213,6080.0,-0.108,35.59678158,1.5514107337809726,1.1698109168318769,0.7956261414590898,2.4076858307960487
LP 791-18 d,0.91,1.032,2.75485,0.01992,0.139,0.182,2960.0,-0.09,0.91,-0.040958607678906384,0.01367969729119256,0.44009795674650265,0.8817829457364341
HD 207496 b,6.1,2.25,6.441008,0.0629,0.8,0.769,4819.0,0.095,6.1,0.785329835010767,0.3521825181113625,0.8089538385680672,2.711111111111111
TOI-4010 e,692.0,13.3,762.0,1.57,0.88,0.83,4960.0,0.37,692.0,2.840106094456758,1.1238516409670858,2.8819549713396007,52.03007518796992
TOI-6109 b,21.1,4.8704,5.690476,0.0599,1.03,1.021,5660.0,0.0895,21.1,1.3242824552976926,0.68756463075446,0.7551485960131832,4.3322930354796325
TOI-199 c,88.99195396,11.4,273.69,0.807,0.936,0.82,5255.0,0.22,88.99195396,1.9493507425018117,1.0569048513364727,2.4372589295834572,7.806311750877193
HD 73267 c,1630.77755632,12.8,17071.78045,12.688,0.93,0.909,5387.0,0.03,1630.77755632,3.212394725815776,1.1072099696478683,4.232278816913653,127.40449658749999
Kepler-580 b,7.13,2.57,8.222419656,0.0683,0.67,0.64,4298.0,-0.06,7.13,0.8530895298518656,0.4099331233312945,0.9149996385394501,2.77431906614786
KOI-12 b,349.613,13.78707,17.855182,0.154,1.5,1.4,6635.0,0.0815,349.613,2.5435875730564623,1.1394719806040494,1.2517642813668217,25.35803473834542
Kepler-637 b,20.2,4.75,23.20584623,0.16619,1.64,2.56,6096.0,0.38,20.2,1.3053513694466237,0.6766936096248666,1.3655974101314086,4.252631578947368
HD 29985 b,1739.47487151,12.8,20608.14049,13.39,0.75,0.574666,4678.0,-0.22,1739.47487151,3.240418159301848,1.1072099696478683,4.314038806366043,135.89647433671874
HD 165155 b,918.5287,13.2,434.5,1.13,1.02,0.95,5426.0,0.09,918.5287,2.963092730654785,1.1205739312058498,2.6379897807846855,69.58550757575757
HD 22946 d,26.57,2.607,47.42489,0.2958,1.098,1.117,6169.0,-0.08,26.57,1.4243915544102774,0.41614103116832896,1.676006332234429,10.191791331031837
Kepler-1697 b,2.12,1.25954761,33.4969,0.2008,0.747,0.772344,4681.53,0.0341,2.12,0.32633586092875144,0.10021458816560871,1.5250046167326712,1.6831439980264025
Kepler-674 b,3.5,1.69,2.243381847,0.028,0.6,0.57,4192.0,-0.27,3.5,0.5440680443502757,0.22788670461367352,0.35090320132745645,2.0710059171597632
Kepler-873 b,13.5,3.75,20.5533844,0.1542,1.18,1.27,6163.0,0.07,13.5,1.130333768495006,0.5740312677277188,1.3128833447144854,3.6
Kepler-783 b,0.399,0.78,4.29264638,0.04958,0.93,0.89,5521.0,0.01,0.399,-0.3990271043132517,-0.10790539730951958,0.6327251136040293,0.5115384615384615
HD 31527 c,14.16,3.85,51.2053,0.2663,0.96,1.073694,5898.0,-0.17,14.16,1.1510632533537501,0.5854607295085007,1.7093149149138818,3.677922077922078
Kepler-1955 b,1.69,1.16654878,14.26519966,0.11959,1.049,1.291,5825.0,0.14,1.69,0.22788670461367352,0.06690290381720494,1.1542778545510648,1.4487178152978737
Kepler-1684 b,8.6,2.87084792,47.7055,0.2253,0.75,0.666755,4706.54,0.1267,8.6,0.9344984512435677,0.4580101868350035,1.678568452037019,2.9956306428102257
Kepler-51 b,2.1,7.1,45.154,0.2514,1.04,0.94,6018.0,0.05,2.1,0.3222192947339193,0.8512583487190752,1.6546962286468836,0.295774647887324
Kepler-167 b,3.6,1.718,4.3931539,0.04825,0.777,0.749,4884.0,0.02,3.6,0.5563025007672873,0.23502315949522348,0.6427764176404684,2.0954598370197903
KOI-94 c,15.6,4.32,10.423648,0.1013,1.277,1.52,6182.0,0.0228,15.6,1.1931245983544616,0.6354837468149122,1.0180197371021884,3.6111111111111107
KOI-94 e,35.0,6.56,54.32031,0.3046,1.277,1.52,6182.0,0.0228,35.0,1.5440680443502757,0.8169038393756602,1.734962239750082,5.335365853658537
PH2 b,87.08498352,9.33708092,282.52542,0.833,0.966,0.949,5734.0,0.017,87.08498352,1.9399432739899545,0.9702111226450458,2.451057529214105,9.326788989636388
K2-33 b,1175.971,5.04,5.424865,0.0409,0.56,1.05,3540.0,,1175.971,3.0703966119652324,0.7024305364455253,0.7343889350579748,233.32757936507937
HAT-P-11 b,25.0,4.36,4.888,0.05258,0.811,0.683,4653.0,0.31,25.0,1.3979400086720377,0.6394864892685861,0.6891311972344978,5.7339449541284395
Kepler-322 c,3.43,1.67,4.337234,0.051,0.908,0.89,5388.0,0.12,3.43,0.5352941200427705,0.22271647114758325,0.637212853591536,2.0538922155688626
Qatar-5 b,1373.0256,12.408363,2.8792319,0.04127,1.128,1.076,5747.0,0.377,1373.0256,3.1376786347131493,1.0937144900433742,0.45927664536937063,110.6532424945982
Kepler-399 c,2.63,1.43,26.67569,0.155,0.902,0.68,5502.0,0.14,2.63,0.41995574848975786,0.1553360374650618,1.4261156618103557,1.8391608391608392
DMPP-2 c,51.79,8.26,3.168,0.04789,1.41,1.78,6500.0,,51.79,1.714245911017894,0.9169800473203822,0.500785172917456,6.26997578692494
TOI-1062 b,10.15,2.265,4.11296,0.052,0.94,0.84,5328.0,0.14,10.15,1.0064660422492318,0.3550682063488507,0.6141544858612905,4.481236203090508
Kepler-546 b,39.1,7.0,4.147020258,0.0502,1.11,1.15,5967.0,0.14,39.1,1.5921767573958667,0.8450980400142568,0.6177361568774314,5.585714285714286
Kepler-682 b,42.6,7.37,12.611906672,0.1058,0.92,0.89,5559.0,-0.05,42.6,1.6294095991027189,0.8674674878590515,1.1007807483123582,5.780189959294437
TOI-220 b,13.8,3.03,10.695264,0.08911,0.825,0.858,5298.0,-0.217,13.8,1.1398790864012365,0.48144262850230496,1.0291915090878334,4.554455445544555
TOI-5624 f,13.0,3.66,45.37,0.2366,0.858,0.82,5327.0,-0.023,13.0,1.1139433523068367,0.5634810853944107,1.6567687792660166,3.551912568306011
Kepler-242 b,7.32,2.61,8.20395,0.075,0.748,0.85,5020.0,-0.02,7.32,0.8645110810583919,0.41664050733828095,0.9140230048423226,2.8045977011494254
Kepler-258 b,15.5,4.06,13.19722,0.103,0.82,0.915,4942.0,0.3031,15.5,1.1903316981702914,0.608526033577194,1.1204824565229738,3.817733990147784
Kepler-1292 b,3.97,1.82,3.27646405,0.0443,0.95,0.93,5556.0,0.08,3.97,0.5987905067631151,0.2600713879850748,0.5154054071548836,2.1813186813186816
HD 128717 b,6293.0024586,12.1,3420.0,4.85,1.212,1.248,6210.0,0.16,6293.0024586,3.798857901421124,1.08278537031645,3.534026106056135,520.0828478181818
TOI-3278 b,95.3485221,13.89913607,3.246456,0.043,1.04,1.39,5720.0,0.04,95.3485221,1.9793139658792551,1.1429878066071755,0.5114095211509595,6.86003227968974
Kepler-103 b,11.67,3.4857,15.9653287,0.133,1.212,1.492,6047.0,0.15,11.67,1.06707085604537,0.5422900064254076,1.2031778643804227,3.347964540838282
TOI-4492 b,1881.54416944,11.78063872,4.4331824,0.0535,1.067,1.222,5711.0,0.219,1881.54416944,3.2745144178825125,1.0711688375692103,0.6467156003911119,159.71495384589807
pi Men d,13.38,3.72,124.64,0.506,1.07,1.19,5998.0,0.09,13.38,1.1264561134318043,0.5705429398818975,2.0956574403284893,3.596774193548387
Kepler-1058 b,7.85,2.72,110.96546,0.3679,0.73,0.69,4644.0,-0.06,7.85,0.8948696567452525,0.43456890403419873,2.0451878178339036,2.8860294117647056
Kepler-160 b,3.59,1.715,4.309397,0.05511,1.003,1.118,5471.0,0.2,3.59,0.5550944485783191,0.23426412437878932,0.634416504988176,2.0932944606413995
Kepler-1365 b,0.721,0.92,7.69993485,0.07839,1.0,1.05,5770.0,0.03,0.721,-0.14206473528057098,-0.036212172654444715,0.8864870505744045,0.783695652173913
Kepler-346 c,9.64,3.07,23.851549,0.168,0.943,1.021,6033.0,0.1,9.64,0.9840770339028309,0.48713837547718647,1.3775165888397627,3.140065146579805
Kepler-1489 b,3.78,1.77,82.294751,0.3679,0.93,0.9,5655.0,-0.13,3.78,0.5774917998372253,0.24797326636180664,1.9153721355229125,2.135593220338983
Kepler-1126 b,3.64,1.73,108.593329,0.41251,0.92,0.93,5798.0,-0.26,3.64,0.561101383649056,0.2380461031287954,2.0358031469151183,2.1040462427745665
Kepler-1914 b,8.97,2.9429803,30.82789993,0.1954,1.047,0.96,5982.0,-0.04,8.97,0.9527924430440922,0.4687873549878445,1.488943940559224,3.0479306980070513
HATS-43 b,82.95363,13.22662,4.3888497,0.04944,0.837,0.812,5099.0,0.05,82.95363,1.9188353952365182,1.1214488764707768,0.6423507083049168,6.271717944569361
Kepler-685 b,78.8,10.58,1.6255222,0.0265,1.11,1.16,5963.0,0.15,78.8,1.8965262174895554,1.024485667699167,0.21099290509739393,7.448015122873346
Kepler-1303 b,2.6,1.42,7.56127224,0.0751,1.01,1.0,5771.0,0.04,2.6,0.414973347970818,0.15228834438305647,0.8785948749093663,1.830985915492958
Kepler-1016 b,5.39,2.18,1.954524342,0.03044,0.99,1.0,5821.0,-0.03,5.39,0.7315887651867387,0.33845649360460484,0.29104108358404895,2.472477064220183
HIP 54373 c,12.44,3.57,15.144,0.099,0.57,0.564998,4021.0,,12.44,1.0948203803547998,0.5526682161121932,1.1802406009557402,3.484593837535014
L 363-38 b,4.67,2.0,8.781,0.048,0.21,0.274,3129.0,,4.67,0.6693168805661122,0.3010299956639812,0.9435439771534544,2.335
TOI-1107 b,1064.72516345,14.57167491,4.0782387,0.0561,1.35,1.81,6311.0,-0.1,1064.72516345,3.0272375181964377,1.1635094736892848,0.6104726415154351,73.06813870238888
Kepler-1992 b,0.693,0.91,15.6112238,0.1169,0.874,0.842,5383.0,0.0,0.693,-0.1592667653881933,-0.040958607678906384,1.193436949747495,0.7615384615384615
Kepler-134 b,4.66,2.0,5.317429,0.06,0.956,1.176,5983.0,-0.2067,4.66,0.6683859166900001,0.3010299956639812,0.7257016997756931,2.33
TOI-912 b,5.1,1.93,4.6780691,0.041,0.418,0.419,3572.0,-0.19,5.1,0.7075701760979364,0.28555730900777376,0.6700666325067086,2.6424870466321244
Kepler-559 b,12.7,3.61,17.58752333,0.1277,0.96,0.95,5630.0,0.03,12.7,1.1038037209559568,0.557507201905658,1.245204686538526,3.5180055401662047
WASP-34 b,177.9848,11.209,4.31768,0.0524,0.96,0.91,5700.0,-0.02,177.9848,2.2503829149044376,1.0495668691646514,0.6352504519435475,15.878740297974844
Kepler-1426 b,3.05,1.56,14.2563227,0.1187,1.02,1.02,5831.0,0.03,3.05,0.48429983934678583,0.1931245983544616,1.1540075173074984,1.9551282051282048
Kepler-156 b,5.9,2.3,4.973456,0.054,0.864,0.807,5094.0,0.2535,5.9,0.7708520116421442,0.36172783601759284,0.6966582801058882,2.565217391304348
HATS-64 b,305.1168,18.819911,4.908897,0.06562,1.564,2.113,6554.0,0.22,305.1168,2.484466120937806,1.2746175653027003,0.6909839196938954,16.212446488190086
Kepler-610 b,16.3,4.19,6.996926554,0.0719,1.1,1.13,5943.0,0.12,16.3,1.212187604403958,0.6222140229662954,0.8449073151926997,3.890214797136038
TOI-2322 c,18.1,1.874,20.225528,0.1362,0.703,0.662,4664.0,-0.12,18.1,1.2576785748691846,0.2727695865517595,1.3058998679601226,9.658484525080043
TOI-2322 b,2.31,0.994,11.30717,0.0924,0.703,0.662,4664.0,-0.12,2.31,0.36361197989214433,-0.00261361560268669,1.0533539217091024,2.323943661971831
Kepler-524 c,0.84,0.96,1.88897906,0.03046,1.09,1.1,6014.0,0.02,0.84,-0.07572071393811836,-0.017728766960431602,0.27622714364080836,0.875
Kepler-398 c,1.01,1.01,11.419412,0.087,0.649,0.613,4493.0,0.0528,1.01,0.004321373782642578,0.004321373782642578,1.0576437421121248,1.0
Kepler-1916 b,7.35,2.61757235,31.25429916,0.2053,1.18,1.092,6246.0,0.07,7.35,0.8662873390841949,0.4178986944660734,1.4949097648175376,2.80794530856043
HD 108236 f,4.72,2.017,29.54115,0.1758,0.869,0.877,5660.0,-0.28,4.72,0.6739419986340878,0.3047058982127654,1.4704273978456937,2.3401090728805154
Kepler-1617 b,1.87,1.2,27.4785572,0.17707,1.15,1.22,6167.0,0.01,1.87,0.27184160653649897,0.07918124604762482,1.438993925748195,1.5583333333333336
HD 206893 c,3527.8953177,16.36511182,2290.0,3.74,1.31,1.31116,6500.0,,3527.8953177,3.54751568994625,1.2139189771138095,3.359835482339888,215.5741651204923
TOI-4527.01,0.689,0.9086617,0.3994445,0.008332353,0.483901,0.485948,3702.0,,0.689,-0.1617807780923742,-0.041597777030789505,-0.3985435543178572,0.7582579963478157
K2-255 b,8.75,2.9,1.96417,0.0274,0.71,0.69,4676.0,-0.14,8.75,0.9420080530223133,0.4623979978989561,0.2931790735053173,3.0172413793103448
Kepler-1678 b,10.9,3.30422249,147.974,0.5302,1.03,0.834976,5754.0,0.0,10.9,1.0374264979406236,0.5190692828753546,2.170185413716036,3.29880933653472
HD 224018 b,4.1,0.91,10.6413,0.0952,1.013,1.147,5784.0,0.05,4.1,0.6127838567197355,-0.040958607678906384,1.026994687013427,4.505494505494505
Kepler-1334 b,5.86,2.29,15.64591713,0.1229,0.94,0.91,5614.0,-0.03,5.86,0.7678976160180907,0.359835482339888,1.194401025636516,2.558951965065502
Kepler-480 b,8.15,2.78,4.919583795,0.06024,1.25,1.34,6322.0,0.11,8.15,0.9111576087399766,0.4440447959180762,0.6919283622834711,2.9316546762589932
Kepler-1382 b,4.19,1.88,16.3583055,0.14023,1.36,1.72,6161.0,0.3,4.19,0.6222140229662954,0.2741578492636798,1.213738314609537,2.2287234042553195
TOI-2068 b,3.97,1.821,7.768915,0.0632,0.559,0.535,3710.0,0.27,3.97,0.5987905067631151,0.26030994579492,0.8903603698413658,2.180120812740253
Kepler-1030 b,6.71,2.48,19.32952416,0.1338,0.8,0.76,4983.0,-0.01,6.71,0.8267225201689921,0.3944516808262163,1.2862211630182123,2.7056451612903225
HD 153950 b,937.5985,13.2,499.39999,1.28,1.25,1.28,6124.0,-0.01,937.5985,2.9720169038764004,1.1205739312058498,2.6984485293190037,71.0301893939394
CoRoT-11 b,740.51,16.03,2.99433,0.0436,1.27,1.37,6440.0,-0.03,740.51,2.869530927699219,1.2049335223541449,0.47629966149847214,46.19525888958203
HAT-P-46 b,156.684,14.392,4.463129,0.0577,1.284,1.396,6120.0,0.3,156.684,2.195024650160441,1.1581211503374949,0.649639439647725,10.886881600889383
Kepler-419 c,2320.1,12.6,675.47,1.68,1.39,1.74,6430.0,0.176,2320.1,3.365506704077209,1.100370545117563,2.829606065239943,184.13492063492063
TOI-2285 b,19.5,1.77,13.635109,0.1363,0.454,0.464,3491.0,-0.05,19.5,1.290034611362518,0.24797326636180664,1.1346586140715111,11.016949152542372
TOI-1759 b,10.8,3.14,18.85019,0.1177,0.606,0.597,4065.0,0.05,10.8,1.0334237554869496,0.49692964807321494,1.2753157320238118,3.4394904458598727
TOI-2081 b,4.82,2.04,10.50534,0.0752,0.54,0.534,3800.0,-0.5,4.82,0.6830470382388496,0.3096301674258988,1.0214101126900295,2.3627450980392157
TOI-1422 b,9.5,3.83,12.99894,0.107,0.9903,1.019,5840.0,-0.028,9.5,0.9777236052888477,0.5831987739686227,1.1139079391591413,2.4804177545691903
TOI-286 b,4.53,1.42,4.5117244,0.0503,0.832,0.78,5152.0,-0.05,4.53,0.6560982020128319,0.15228834438305647,0.6543425627805086,3.190140845070423
TOI-286 c,3.72,1.88,39.361826,0.213,0.832,0.78,5152.0,-0.05,3.72,0.5705429398818975,0.2741578492636798,1.595075237201618,1.9787234042553195
TOI-1806.01,11.5,3.4095367,15.1454693,0.087735044,0.392935,0.401575,3272.0,,11.5,1.0606978403536116,0.5326953695193833,1.1802827349975382,3.3728922759505715
TOI-1836 b,38.45723725,8.00321222,20.380799,0.1597,1.307,1.577,6380.0,-0.101,38.45723725,1.5849780815099215,0.9032643331694755,1.309221205896566,4.8052252261779955
TOI-1836 c,8.0,2.59987579,1.7727471,0.03089,1.2518,1.6454,6237.0,-0.136,8.0,0.9030899869919435,0.414952599891523,0.24864678359387274,3.0770700780286124
TOI-2095 b,4.1,1.25,17.66484,0.101,0.44,0.44,3759.0,-0.24,4.1,0.6127838567197355,0.09691001300805642,1.2471097081489115,3.28
TOI-2095 c,7.4,1.33,28.17232,0.137,0.44,0.44,3759.0,-0.24,7.4,0.8692317197309762,0.12385164096708581,1.449822612754687,5.56390977443609
TOI-2154 b,292.40213444,16.28664896,3.8240801,0.0513,1.233,1.396,6280.0,0.011,292.40213444,2.4659805385051476,1.2118317357578001,0.5825269805244783,17.953486635472984
Kepler-419 b,794.5,10.8,69.7546,0.37,1.39,1.74,6430.0,0.176,794.5,2.900093901543398,1.0334237554869496,1.843572852644472,73.56481481481481
TOI-4153 b,365.50266805,16.11851425,4.6174141,0.06311,1.572,1.605,6860.0,0.317,365.50266805,2.5628905515132043,1.207325007520921,0.6643988247959817,22.675952782062403
TOI-4443.01,3.6,1.7193265,1.8498567,0.029962645,1.049133,1.01733,5834.0,,3.6,0.5563025007672873,0.23535835701506524,0.26713808688425555,2.093843141485925
TOI-1422 c,14.0,2.61,34.5633,0.205,0.9903,1.019,5840.0,-0.028,14.0,1.146128035678238,0.41664050733828095,1.5386152009182745,5.363984674329502
Kepler-1515 b,66.2,9.55,214.3114164,0.75235,1.3,1.41,6511.0,0.07,66.2,1.8208579894397,0.9800033715837464,2.3310453065876153,6.931937172774869
K2-136 b,4.3,1.014,7.97525,0.0707,0.742,0.677,4500.0,-0.02,4.3,0.6334684555795865,0.006037954997317177,0.9017443057629153,4.240631163708087
HAT-P-52 b,259.98494,11.309881,2.7535953,0.03694,0.887,0.893,5131.0,0.28,259.98494,2.41494819156956,1.053458035401562,0.43990011170450233,22.98741604796726
Kepler-891 b,33.6,6.41,53.44945593,0.2881,1.06,1.07,5887.0,0.09,33.6,1.526339277389844,0.8068580295188175,1.7279432888188593,5.241809672386895
Kepler-1159 b,6.21,2.37,22.70816791,0.1603,1.19,1.28,6217.0,0.04,6.21,0.7930916001765802,0.37474834601010387,1.356182096849696,2.620253164556962
HATS-18 b,629.144485,14.896761,0.83784,0.0174,1.037,1.02,5600.0,0.28,629.144485,2.798750393986461,1.1730918501073835,-0.07683890947421514,42.233642937548645
GJ 676 A e,6.67439655,2.47,35.47358,0.181,0.626,0.69,3734.0,0.23,6.67439655,0.824412006088718,0.39269695325966575,1.5499050197600321,2.70218483805668
Kepler-48 c,14.61,2.71,9.67395,0.08633,0.88,0.89,5194.0,0.17,14.61,1.1646502159342969,0.4329692908744057,0.9856038383987036,5.391143911439114
Kepler-889 b,1.32,1.09,3.744439,0.04975,1.14,1.25,5961.0,0.19,1.32,0.12057393120584989,0.037426497940623665,0.5733867599648006,1.2110091743119267
Kepler-1804 b,3.18,1.59615726,12.28849983,0.1017,0.929,1.671,5109.0,0.1,3.18,0.5024271199844327,0.20307567760722633,1.0894988678075654,1.9922848955371728
Kepler-1188 b,4.98,2.08,17.1369543,0.135,1.04,1.06,5913.0,0.0,4.98,0.6972293427597176,0.31806333496276157,1.2339336385767319,2.394230769230769
HD 21411 b,65.9,9.52,84.288,0.362,0.89,0.825605,5605.0,-0.265,65.9,1.8188854145940099,0.9786369483844743,1.925765748945671,6.922268907563026
Kepler-1281 b,3.33,1.64,3.11602791,0.0415,0.87,0.83,5353.0,-0.04,3.33,0.5224442335063199,0.21484384804769785,0.4936013389571076,2.030487804878049
Kepler-128 b,3.79,1.421,15.0,0.12545,1.184,1.659,6072.0,-0.03,3.79,0.5786392099680724,0.15259407792746976,1.1760912590556813,2.6671358198451793
Kepler-1693 b,2.21,1.28938413,12.0999,0.1011,0.95,0.878295,5432.34,0.026,2.21,0.3443922736851107,0.1103823205238823,1.0827817810910243,1.7139965884332702
Kepler-104 b,19.6,3.1,11.427548,0.094,0.818,1.349,5711.0,-0.42,19.6,1.2922560713564761,0.4913616938342727,1.0579530541653805,6.322580645161291
Kepler-1849 b,6.29,2.38685349,57.29290009,0.2597,0.709,0.729,4806.0,-0.1,6.29,0.798650645445269,0.3778257619320467,1.758100806212024,2.6352685769581945
Kepler-1036 b,9.32,3.01,122.8808058,0.47726,0.95,0.89,5533.0,0.04,9.32,0.9694159123539814,0.47856649559384334,2.089484050615058,3.0963455149501664
Kepler-1191 b,2.89,1.51,5.60014851,0.0587,0.85,0.81,5308.0,-0.08,2.89,0.4608978427565479,0.17897694729316943,0.7481995441880402,1.913907284768212
Kepler-511 c,16.5,4.20964327,26.62949944,0.17177,0.958,1.417,5866.0,-0.2,16.5,1.2174839442139063,0.6242452947823092,1.425363002995869,3.919572025873822
XO-5 b,378.2,12.78,4.1877558,0.0515,1.04,1.13,5430.0,0.05,378.2,2.577721524509021,1.1065308538223813,0.6219813487936726,29.593114241001565
Kepler-1825 b,2.61,1.42200732,1.025869966,0.0187,0.828,0.847,5123.0,0.14,2.61,0.41664050733828095,0.15290183199671886,0.011092315329768997,1.8354335897511411
Kepler-1074 b,2.1,1.25,5.94566534,0.0536,0.6,0.57,4002.0,-0.06,2.1,0.3222192947339193,0.09691001300805642,0.7742004606910521,1.6800000000000002
pi Men c,3.63,2.0189,6.2678399,0.06839,1.07,1.17,5998.0,0.09,3.63,0.5599066250361125,0.30511480803539526,0.7971178947150979,1.7980088166823518
GJ 1061 d,1.67,1.16,13.066,0.054,0.12,0.156,2953.0,-0.08,1.67,0.22271647114758325,0.06445798922691845,1.1161426538537937,1.4396551724137931
Kepler-1987 d,7.56,2.66,5.644914154,0.0571,0.799,0.714,4769.0,0.12,7.56,0.8785217955012065,0.424881636631067,0.7516573417033992,2.8421052631578942
Kepler-245 b,146.78,2.57,7.49019,0.071,0.856,0.795,5100.0,0.12,146.78,2.16666688336361,0.4099331233312945,0.874492834375699,57.11284046692607
Kepler-131 c,8.25,0.84,25.5169,0.17391,1.02,1.03,5685.0,0.12,8.25,0.9164539485499251,-0.07572071393811836,1.406827911637248,9.821428571428571
Kepler-144 c,2.39,1.35,10.104665,0.094,1.154,1.235,6075.0,-0.1848,2.39,0.3783979009481377,0.13033376849500614,1.0045219199232571,1.7703703703703704
HD 93385 c,7.1,2.56,13.18,0.112,1.04,1.18484,5977.0,0.02,7.1,0.8512583487190752,0.4082399653118496,1.1199154102579911,2.7734375
Kepler-431 c,0.229,0.668,8.703,0.0847,1.071,1.092,6004.0,0.07,0.229,-0.640164517660112,-0.1752235375244543,0.9396689835223265,0.34281437125748504
HD 106270 b,3623.2438398,12.4,1888.0,3.34,1.39,2.66,5509.0,0.06,3623.2438398,3.5590975624960652,1.0934216851622351,3.27600198996205,292.1970838548387
TOI-5720 b,4.3,1.09,1.4344555,0.018288,0.383,0.383,3325.0,0.03,4.3,0.6334684555795865,0.037426497940623665,0.15668708001024242,3.9449541284403664
Kepler-203 d,33.9,1.44,11.32972,0.1,1.06,1.114,5821.0,0.08,33.9,1.530199698203082,0.15836249209524964,1.0542191769456966,23.541666666666668
Kepler-230 c,4.82,2.04,91.773242,0.38,0.784,0.817,5588.0,-0.21,4.82,0.6830470382388496,0.3096301674258988,1.9627160739495269,2.3627450980392157
Kepler-1091 b,2.73,1.46,1.434741564,0.0252,1.01,1.03,5851.0,0.0,2.73,0.436162647040756,0.1643528557844371,0.15677367985982515,1.86986301369863
Kepler-1129 b,9.06,2.96,24.3397804,0.16481,1.0,1.0,5831.0,-0.04,9.06,0.9571281976768131,0.4712917110589386,1.386316655590905,3.060810810810811
Kepler-472 b,10.5,3.22,4.176255514,0.04823,0.85,0.78,4996.0,0.16,10.5,1.021189299069938,0.5078558716958309,0.6207870620549139,3.260869565217391
Kepler-1275 b,2.79,1.48,3.65691115,0.0488,1.23,1.36,6296.0,0.04,2.79,0.44560420327359757,0.17026171539495738,0.5631144086471835,1.885135135135135
Kepler-1690 b,8.3,2.81109223,234.636,0.7097,0.94,0.862346,5404.0,0.0,8.3,0.919078092376074,0.4488750947440364,2.3703946463212215,2.952589001322095
HD 75898 c,2698.36317543,12.6,6717.0,7.39,1.295,1.55,6122.0,0.29,2698.36317543,3.4311004014035453,1.100370545117563,3.8271753482986925,214.15580757380954
TOI-7510 c,131.0,10.81,22.5687423,0.1595,1.063,1.035,5720.0,0.25,131.0,2.1172712956557644,1.0338256939533104,1.3535073575984031,12.118408880666049
Kepler-1342 b,3.39,1.66,2.215710358,0.0313,0.93,0.9,5527.0,0.03,3.39,0.5301996982030822,0.22010808804005508,0.3455129879409942,2.0421686746987953
WASP-174 b,104.88337431,16.10730527,4.2337005,0.05503,1.24,1.347,6399.0,0.06,104.88337431,2.02070665103748,1.2070228896272204,0.6267201319550127,6.511540729618269
Kepler-1713 b,3.59,1.71673535,18.01160049,0.14185,1.3,1.459,6477.0,0.1,3.59,0.5550944485783191,0.234703349969661,1.2555523054398692,2.091178468480887
Kepler-1121 b,4.31,1.91,13.15141081,0.11818,1.29,1.59,6231.0,0.12,4.31,0.6344772701607315,0.28103336724772754,1.1189723440145938,2.256544502617801
Kepler-197 c,5.3,1.23,10.349695,0.09,0.857,1.12,6004.0,-0.441,5.3,0.724275869600789,0.08990511143939793,1.0149275515544127,4.308943089430894
TOI-1294 b,63.9,10.12369881,3.915292,0.051,1.1578,1.5566,5718.0,0.283,63.9,1.8055008581584002,1.0053392159902885,0.592764157009478,6.311922272606607
Kepler-1195 b,4.98,2.08,8.49642241,0.0726,0.74,0.71,4965.0,-0.25,4.98,0.6972293427597176,0.31806333496276157,0.9292360957538482,2.394230769230769
GJ 328 b,797.74930157,13.3,3771.0,4.11,0.65,0.63,3897.0,-0.06,797.74930157,2.9018664326406305,1.1238516409670858,3.5764565324056203,59.981150493984956
EPIC 212737443 c,7.7,2.69,65.55,0.28,0.69,0.673,4684.0,-0.137,7.7,0.8864907251724818,0.42975228000240795,1.816572696026103,2.862453531598513
Kepler-1783 b,2.3,1.31946731,8.277440071,0.07595,0.887,1.781,5129.0,-0.16,2.3,0.36172783601759284,0.12039863497859263,0.9178960451259213,1.7431276868844896
HD 50499 c,931.2419,13.2,8619.9,9.02,1.31,1.42,6099.0,0.38,931.2419,2.969062508252347,1.1205739312058498,3.935502227576441,70.5486287878788
Kepler-874 b,14.7,3.94,40.0686727,0.2234,1.09,1.13,6020.0,0.03,14.7,1.167317334748176,0.5954962218255742,1.6028049563929399,3.730964467005076
Kepler-235 b,5.6,2.23,3.340222,0.037,0.581,0.554,4255.0,-0.51,5.6,0.7481880270062004,0.34830486304816066,0.5237753321322134,2.5112107623318383
HD 98219 b,624.21812,13.4,433.8,1.26,1.41,4.6,4925.0,-0.02,624.21812,2.795336371349168,1.1271047983648077,2.6372895476781744,46.58344179104478
Kepler-625 b,4.62,1.99,7.75192492,0.08137,1.04,0.96,5789.0,0.1,4.62,0.6646419755561255,0.29885307640970665,0.889409557774958,2.321608040201005
Kepler-1178 b,1.24,1.07,31.80634,0.1596,0.8,0.75,4990.0,-0.05,1.24,0.09342168516223506,0.029383777685209667,1.5025136971094295,1.158878504672897
KOI-351 b,2.27,1.31,7.008151,0.074,1.2,1.2,6080.0,-0.12,2.27,0.35602585719312274,0.11727129565576427,0.845603450717141,1.732824427480916
WASP-151 b,100.43377661,13.30506009,4.5334775,0.055,1.081,1.181,5871.0,0.1,100.43377661,2.001879793769348,1.1240168403076622,0.6564314646341444,7.548539873599323
K2-289 b,61.0,9.1,13.156969,0.107,0.953,1.025,5529.0,0.162,61.0,1.7853298350107671,0.9590413923210935,1.119155851421718,6.7032967032967035
GJ 1002 b,1.08,1.03,10.3465,0.0457,0.12,0.137,3024.0,-0.25,1.08,0.03342375548694973,0.012837224705172217,1.0147934620871746,1.0485436893203883
Kepler-1143 c,12.6,3.6,210.630591,0.6477,0.81,0.77,5053.0,-0.06,12.6,1.100370545117563,0.5563025007672873,2.323521446325665,3.5
TOI-2587 A b,69.28659273,12.07207221,5.45664,0.0635,1.15,1.726,5760.0,0.13,69.28659273,1.8406492047892697,1.0817818245401267,0.7369253022950005,5.739411720268363
Kepler-1154 b,6.08,2.34,5.1856142,0.0631,1.26,1.43,6327.0,0.04,6.08,0.7839035792727349,0.3692158574101428,0.7148002029378261,2.5982905982905984
Kepler-60 b,4.19,1.71,7.1334,0.07255,1.041,1.257,5905.0,-0.09,4.19,0.6222140229662954,0.23299611039215382,0.8532965774374958,2.450292397660819
Kepler-85 c,2.15,1.978,12.51,0.10363,0.928,0.875,5505.2,0.12,2.15,0.33243845991560533,0.29622628726116057,1.09725730969342,1.0869565217391304
Kepler-1780 b,12.7,3.60600667,109.4449997,0.4276,0.868,0.868,5403.0,0.0,12.7,1.1038037209559568,0.5570265256979514,2.039195924402763,3.5219014167824594
Kepler-1818 b,3.58,1.71360684,4.644909859,0.055,1.021,1.129,6047.0,-0.08,3.58,0.5538830266438743,0.2339111870127148,0.6669772903170127,2.0891606618470315
TOI-871 b,3.41,1.664,14.362565,0.1054,0.758,0.719,4929.0,-0.07,3.41,0.5327543789924978,0.2211533219547051,1.157232007167356,2.0492788461538463
GJ 251 c,3.88,1.8,53.647,0.196,0.35,0.36,3342.0,0.07,3.88,0.5888317255942073,0.25527250510330607,1.7295454407497914,2.1555555555555554
Kepler-1518 c,8.75,2.9,9.6310258,0.0905,1.06,1.345,6432.0,-0.34,8.75,0.9420080530223133,0.4623979978989561,0.983672546268215,3.0172413793103448
Kepler-1718 b,7.12,2.5685207,135.1880035,0.48418,0.846,0.906,5731.0,-0.32,7.12,0.8524799936368563,0.40968307010300736,2.130938154291179,2.7720236009777923
TOI-4914 b,227.0,12.87,10.60057,0.098,1.03,1.0,5805.0,-0.13,227.0,2.3560258571931225,1.1095785469043866,1.0253292182080869,17.63791763791764
Kepler-109 c,8.2,2.65,21.22265,0.1546,1.094,1.387,5950.0,-0.02,8.2,0.9138138523837167,0.42324587393680785,1.3267996118236063,3.094339622641509
Kepler-101 c,3.78,1.25,6.02976,0.0684,1.17,1.56,5667.0,0.33,3.78,0.5774917998372253,0.09691001300805642,0.7803000264436415,3.024
Kepler-1200 b,1.2,1.06,1.118549717,0.0188,0.74,0.7,4612.0,0.04,1.2,0.07918124604762482,0.02530586526477026,0.04865529226715541,1.1320754716981132
NY Vir b,730.978,13.3,3160.0,3.3,0.459,0.151,32780.0,,730.978,2.8639043063390104,1.1238516409670858,3.499687082618404,54.96075187969924
TOI-4137 b,457.67290608,13.57407563,3.8016122,0.05222,1.313,1.438,6202.0,0.182,457.67290608,2.6605552032548423,1.1327102645990874,0.5799678126898749,33.71669044398864
Kepler-1630 b,5.43,2.19,509.997402,1.1218,0.66,0.63,4736.0,-0.46,5.43,0.7347998295888469,0.34044411484011833,2.707567963745117,2.4794520547945207
Kepler-475 b,6.76,2.49,3.105508189,0.03989,0.86,0.79,5009.0,0.21,6.76,0.829946695941636,0.3961993470957364,0.4921326787861496,2.7148594377510036
Kepler-1978 b,7.61,2.67,10.84969477,0.0914,0.869,0.778,5251.0,-0.04,7.61,0.8813846567705729,0.42651126136457523,1.03541752052839,2.850187265917603
Kepler-1836 b,7.05,2.55303229,5.254169941,0.0602,1.053,0.987,6123.0,-0.14,7.05,0.8481891169913987,0.40705630766760265,0.7205041155084774,2.7614221831875065
Kepler-887 c,1.51,1.13,7.63846023,0.0801,1.19,1.29,6194.0,0.08,1.51,0.17897694729316943,0.05307844348341968,0.8830058217942869,1.336283185840708
Kepler-350 c,6.1,3.1,17.849,0.1385,1.0,1.25,6492.3,0.041,6.1,0.785329835010767,0.4913616938342727,1.251613889543592,1.9677419354838708
Kepler-816 b,74.5,10.24,10.506825646,0.0895,0.9,0.85,5286.0,0.16,74.5,1.8721562727482928,1.0102999566398119,1.0214715254802964,7.275390625
HD 51608 b,12.77,3.62,14.0726,0.1059,0.8,0.916136,5358.0,-0.07,12.77,1.1061908972634154,0.5587085705331657,1.1483743434430151,3.527624309392265
HD 125390 b,8646.20398403,11.9,1757.39151,3.496,1.82,6.47,4882.0,-0.11,8646.20398403,3.9368254773338354,1.0755469613925308,3.244868523983384,726.5717633638656
Kepler-1947 b,1.01,1.0101666,6.963630199,0.07375,0.984,1.686,6040.0,-0.44,1.01,0.004321373782642578,0.004393004964792719,0.8428357000101994,0.999835076709129
Kepler-81 d,1.92,1.21,20.837846,0.128,0.648,0.595,4500.0,-0.18,1.92,0.28330122870354957,0.08278537031645007,1.3188528240966828,1.5867768595041323
Kepler-1827 b,4.1,1.85644292,3.700619936,0.04647,0.915,1.404,5423.0,0.08,4.1,0.6127838567197355,0.26868160052682916,0.5682744841295009,2.2085246768589037
TOI-1768.01,11.8,3.453,7.337703649,0.076381,1.1,1.1,5994.0,,11.8,1.0718820073061255,0.5381965783494542,0.865560167735686,3.4173182739646686
HIP 10090 c,270.15414595,13.9,321.82,0.9,0.94,1.38268,5661.0,0.47,270.15414595,2.4316116368738854,1.1430148002540952,2.5076130305017723,19.43555006834532
Kepler-855 b,52.7,8.35,7.886631104,0.0762,1.03,1.03,5835.0,0.06,52.7,1.7218106152125465,0.921686475483602,0.8968915272411354,6.311377245508982
Kepler-1886 b,7.18,2.58158428,24.2758007,0.16,0.928,0.837,5745.0,-0.2,7.18,0.8561244442423003,0.41188630786143515,1.385173563352721,2.781237883893529
Kepler-279 c,49.4,4.3,35.736,0.2236,1.1,1.07,6689.45,-0.1141,49.4,1.6937269489236468,0.6334684555795865,1.553105939463782,11.488372093023257
TOI-3807 b,330.54154328,18.49481816,2.8989727,0.0421,1.181,1.468,5772.0,0.278,330.54154328,2.519226050458373,1.2670500657137642,0.4622441255670769,17.872116417715564
Kepler-931 b,2.33,1.33,8.03755877,0.0719,0.86,0.81,5241.0,-0.01,2.33,0.367355921026019,0.12385164096708581,0.9051241614711137,1.7518796992481203
Kepler-106 e,11.17,2.56,43.8445,0.24006,1.0,1.04,5858.0,-0.12,11.17,1.048053173115609,0.4082399653118496,1.6419151217736123,4.36328125
HD 89839 b,1748.0562385,12.8,3391.2,4.713,1.21,1.28588,6314.0,0.04,1748.0562385,3.2425554006538366,1.1072099696478683,3.5303534035601647,136.5668936328125
Kepler-520 b,3.39,1.66,19.67416124,0.14628,1.1,1.09,6112.0,-0.03,3.39,0.5301996982030822,0.22010808804005508,1.2938962263371052,2.0421686746987953
Kepler-19 b,6.1,2.209,9.28699,0.0846,0.936,0.859,5541.0,-0.13,6.1,0.785329835010767,0.34419571587143494,0.9678749779107814,2.7614305115436846
Kepler-1102 b,7.56,2.66,51.3285623,0.2731,0.96,0.94,5724.0,-0.08,7.56,0.8785217955012065,0.424881636631067,1.7103590999529312,2.8421052631578942
Kepler-371 c,3.82,1.78,67.968015,0.313,0.876,0.992,5666.0,-0.1975,3.82,0.5820633629117087,0.250420002308894,1.8323045865746839,2.1460674157303368
KELT-16 b,874.0325,15.860735,0.9689951,0.02044,1.211,1.36,6236.0,-0.002,874.0325,2.9415275817285,1.2003233090249605,-0.01367841907755443,55.10668326530895
Kepler-1681 b,7.05,2.55321772,69.8956,0.32,0.893,0.759,5756.4,0.1064,7.05,0.8481891169913987,0.40708784988573027,1.8444498373212816,2.7612216321293586
Kepler-251 d,8.1,2.77,30.133001,0.182,0.891,0.89,5526.0,-0.06,8.1,0.9084850188786497,0.4424797690644486,1.4790423859992168,2.9241877256317688
HD 180902 b,535.54355,13.5,510.9,1.4,1.41,4.16,4961.0,0.04,535.54355,2.7287947931055947,1.130333768495006,2.7083359026822635,39.66989259259259
TOI-5624 e,8.9,3.247,21.489936,0.1439,0.858,0.82,5327.0,-0.023,8.9,0.9493900066449128,0.5114822886260014,1.332235122104369,2.740991684631968
K2-414 c,4.38,1.9287,6.669,0.0552,0.814,0.732,4343.0,-0.102,4.38,0.6414741105040995,0.28526468048115355,0.824060717418653,2.270959713796858
Kepler-1154 c,6.17,2.36,8.45808312,0.0875,1.26,1.43,6327.0,0.04,6.17,0.7902851640332417,0.37291200297010657,0.9272719487678406,2.614406779661017
Kepler-863 b,8.75,2.9,15.59461874,0.122,0.96,0.95,5678.0,-0.03,8.75,0.9420080530223133,0.4623979978989561,1.1929747615145663,3.0172413793103448
Kepler-278 c,34.9,3.268,51.111,0.287,1.227,2.861,4965.0,0.22,34.9,1.54282542695918,0.5142820478603779,1.708514378122784,10.679314565483477
GJ 180 d,7.56,2.66,106.3,0.309,0.43,0.413049,3371.0,,7.56,0.8785217955012065,0.424881636631067,2.0265332645232967,2.8421052631578942
K2-86 b,4.5,1.96,8.77683,0.077,0.79,0.76,5482.0,-0.35,4.5,0.6532125137753437,0.292256071356476,0.9433376865100677,2.295918367346939
HD 196050 b,1493.7935129,12.9,1392.0,2.65,1.27,1.42,5879.0,0.229,1493.7935129,3.17429056909531,1.110589710299249,3.1436392352745433,115.7979467364341
Kepler-564 b,19.4,4.63,3.750832285,0.0484,0.95,0.92,5626.0,-0.01,19.4,1.287801729930226,0.6655809910179531,0.5741276455083758,4.190064794816415
Kepler-878 b,4.38,1.93,25.9422033,0.165,0.81,0.77,5044.0,-0.03,4.38,0.6414741105040995,0.28555730900777376,1.414006858424867,2.2694300518134716
HD 120084 b,2034.1018048,12.7,2142.0,4.21,2.16,10.37,4879.0,0.1,2034.1018048,3.3083726851434796,1.1038037209559568,3.330819466495837,160.1654964409449
Kepler-247 d,50.0,4.5,20.4737,0.14081,0.884,0.791,5094.0,0.21,50.0,1.6989700043360187,0.6532125137753437,1.3111963353042266,11.11111111111111
Kepler-46 c,119.499,13.5,57.011,0.2799,0.902,0.938,5155.0,0.41,119.499,2.0773642710055036,1.130333768495006,1.7559586588022904,8.851777777777777
KOI-142 c,214.1,14.0,22.26492,0.154121003,0.99,0.897,5466.0,0.27,214.1,2.3306166672944384,1.146128035678238,1.3476211390081818,15.292857142857143
WASP-126 b,90.3,10.51358773,3.28883,0.0449,1.12,1.27,5800.0,0.2068,90.3,1.9556877503135057,1.0217509429985097,0.5170414253312309,8.588885385179546
Kepler-411 e,10.8,3.28,31.509728,0.186,0.87,0.82,4974.0,0.21,10.8,1.0334237554869496,0.5158738437116791,1.498444654249565,3.2926829268292686
Kepler-82 f,20.9,4.84,75.732,0.3395,0.91,0.898,5401.0,0.2107,20.9,1.320146286111054,0.6848453616444125,1.8792794262224004,4.318181818181818
eps Ind A b,2065.8846455,12.7,25450.0,15.76,0.8,0.713,4700.0,-0.17,2065.8846455,3.315106067802448,1.1038037209559568,4.405687786672778,162.66808232283464
Kepler-88 d,965.14699656,13.1,1403.0,2.466329866,0.99,0.897,5466.0,0.27,965.14699656,2.984593463533497,1.1172712956557642,3.1470576710283598,73.67534324885497
TOI-1272 b,24.1,4.26,3.3159765,0.041,0.828,0.8,4985.0,0.1,24.1,1.3820170425748683,0.6294095991027189,0.5206114440867737,5.657276995305165
Kepler-415 c,4.7,2.01,8.708,0.0695,0.67,0.643,4362.0,0.01,4.7,0.6720978579357175,0.30319605742048883,0.9399184203690567,2.338308457711443
TOI-1694 b,28.24,5.27,3.7701389,0.0445,0.828,0.812,5005.0,0.04,28.24,1.4508646923797661,0.7218106152125465,0.576357350840355,5.358633776091081
TOI-1883 b,13.7,5.65,4.508,0.0423,0.495,0.506,3554.0,0.32,13.7,1.1367205671564067,0.7520484478194386,0.653983907374069,2.4247787610619467
TOI-2384 b,624.85064816,11.48920522,2.13570304,0.02793,0.635,0.6113,3943.0,0.332,624.85064816,2.795776224654319,1.060289986868722,0.3295408658400629,54.38588972823657
TOI-4562 b,732.0,12.53,225.1064,0.768,1.192,1.152,6096.0,0.08,732.0,2.864511081058392,1.09795107099415,2.3523878426023503,58.41979249800479
Kepler-82 d,885.098,1.77,2.382961,0.034,0.946,0.945,5428.0,0.2107,885.098,2.946991359401694,0.24797326636180664,0.3771169346572431,500.0553672316384
TOI-5292 A b,412.85910069,12.64373023,2.02191,0.0279,0.596,0.611,3919.0,0.33,412.85910069,2.6158018622294645,1.101875221043511,0.30576182020984144,32.65326712763944
Kepler-82 e,254.02,2.47,5.902206,0.063,0.946,0.945,5428.0,0.2107,254.02,2.4048679116895912,0.39269695325966575,0.7710143632632285,102.84210526315789
Kepler-247 b,3.33,1.64,3.33616,0.042,0.887,0.768,5100.0,0.3,3.33,0.5224442335063199,0.21484384804769785,0.5232468709377635,2.030487804878049
TOI-5628 A b,28.60455663,8.29464572,4.3416612,0.0368,0.36,0.35,3310.0,-0.1,28.60455663,1.4564352205989175,0.9187978412181411,0.6376559304239544,3.4485567672925277
Kepler-138 e,0.43,0.797,38.23,0.1803,0.535,0.535,3841.0,-0.18,0.43,-0.36653154442041347,-0.09854167860388763,1.582404298019028,0.5395232120451694
TOI-1694 c,316.55709337,13.8,386.25,0.974,0.828,0.812,5005.0,0.04,316.55709337,2.5004520495805473,1.1398790864012365,2.586868492432891,22.93891980942029
HD 114082 b,508.5254512,11.72459381,225.5504,0.791,1.28,1.482,6610.0,0.0,508.5254512,2.7063126938155175,1.0690978058322127,2.353243601629423,43.372543172137405
Kepler-416 b,58.2,2.48,6.319,0.0674,1.0,1.075,5718.0,0.1259,58.2,1.7649229846498886,0.3944516808262163,0.800648355363988,23.467741935483872
TIC 46432937 b,1017.0509024,13.31626907,1.44044527,0.02065,0.563,0.5299,3572.0,0.323,1017.0509024,3.007342689479499,1.1243825619754408,0.15849676182605238,76.3765659174984
TOI-4562 c,1833.86990839,12.8,3990.0,5.219,1.192,1.152,6096.0,0.08,1833.86990839,3.263368524315324,1.1072099696478683,3.6009728956867484,143.27108659296874
Kepler-338 b,30.6,2.44,13.726976,0.117,1.105,1.735,5923.0,-0.029,30.6,1.4857214264815801,0.3873898263387294,1.1375748743699787,12.540983606557377
Kepler-725 c,9.7,3.08,207.541,0.6744,0.95,0.88,5395.0,0.14,9.7,0.9867717342662449,0.4885507165004443,2.3171039049750295,3.149350649350649
KOI-134 c,69.92224954,9.86,33.95,0.2305,1.407,1.667,6160.0,0.427,69.92224954,1.844615391981799,0.9938769149412112,1.5308397786165204,7.091506038539554
DMPP-7 b,68.958,9.78,4.92666,0.0607,1.23,1.49,6096.0,0.13,68.958,1.8385846570863837,0.9903388547876014,0.6925525916601516,7.050920245398773
Kepler-37 d,2.0,2.03,39.7922622,0.2109,0.79,0.789,5357.0,-0.36,2.0,0.3010299956639812,0.3074960379132129,1.599798629597503,0.9852216748768474
Kepler-411 c,26.4,4.421,7.834435,0.0739,0.87,0.82,4974.0,0.21,26.4,1.421603926869831,0.645520514905874,0.894007681694203,5.971499660710246
Kepler-122 b,6.08,2.34,5.766193,0.064,0.982,1.216,6050.0,-0.08,6.08,0.7839035792727349,0.3692158574101428,0.7608891745475486,2.5982905982905984
Kepler-417 c,7.7,2.69,15.943,0.1194,0.9,0.806,5177.0,-0.204,7.7,0.8864907251724818,0.42975228000240795,1.2025700460974837,2.862453531598513
Kepler-37 c,1.3,0.755,21.301848,0.139,0.79,0.789,5357.0,-0.36,1.3,0.11394335230683679,-0.12205304837081175,1.328417281438202,1.7218543046357617
Kepler-37 b,0.79,0.3098,13.36702,0.1019,0.79,0.789,5357.0,-0.36,0.79,-0.10237290870955855,-0.5089185865768128,1.126034597852302,2.550032278889606
Kepler-37 e,8.1,0.37,51.196,0.25,0.8,0.772,5288.0,-0.25,8.1,0.9084850188786497,-0.431798275933005,1.7092360303940015,21.89189189189189
Kepler-138 b,0.07,0.64,10.3134,0.0753,0.535,0.535,3841.0,-0.18,0.07,-1.154901959985743,-0.1938200260161128,1.0134018619680447,0.10937500000000001
Kepler-122 d,5.48,2.2,21.587475,0.155,0.982,1.216,6050.0,-0.08,5.48,0.7387805584843692,0.3424226808222063,1.3342018476285165,2.4909090909090907
KOI-134 b,346.43296363,12.03844527,67.1277,0.363,1.407,1.667,6160.0,0.427,346.43296363,2.5396192091002163,1.0805704026810488,1.8269017671846155,28.777217976254505
Kepler-122 e,27.7,2.6,37.993273,0.227,0.982,1.216,6050.0,-0.08,27.7,1.4424797690644486,0.414973347970818,1.579706708258879,10.653846153846153
Kepler-138 c,2.3,1.51,13.7815,0.0913,0.535,0.535,3841.0,-0.18,2.3,0.36172783601759284,0.17897694729316943,1.1392964894344226,1.5231788079470197
Kepler-122 f,36.0,1.75,56.268,0.28575,1.03,0.949,5917.0,-0.08,36.0,1.5563025007672873,0.24303804868629444,1.750261478786474,20.571428571428573
Kepler-414 c,29.9,3.01,7.171,0.07195,0.89,0.946,5536.0,0.18,29.9,1.4756711883244296,0.47856649559384334,0.8555797225017179,9.933554817275748
Kepler-46 d,3.33,1.64,6.766589,0.067,0.883,0.79,5309.0,0.17,3.33,0.5224442335063199,0.21484384804769785,0.8303697984056189,2.030487804878049
Kepler-417 b,11.0,2.31,12.331,0.1006,0.9,0.806,5177.0,-0.204,11.0,1.0413926851582251,0.36361197989214433,1.0909982977531982,4.761904761904762
Kepler-415 b,119.9,1.21,4.176,0.0426,0.67,0.643,4362.0,0.01,119.9,2.0788191830988487,0.08278537031645007,0.6207604899942057,99.0909090909091
Kepler-414 b,3.5,1.71,4.7,0.0543,0.89,0.946,5536.0,0.18,3.5,0.5440680443502757,0.23299611039215382,0.6720978579357175,2.046783625730994
Kepler-411 b,25.6,2.401,3.005156,0.0375,0.87,0.82,4974.0,0.21,25.6,1.4082399653118496,0.3803921600570273,0.47786702149039567,10.662224073302792
Kepler-416 c,6.13,2.352,12.209,0.10454,1.0,1.075,5718.0,0.1259,6.13,0.787460474518415,0.37143731740410085,1.0866800937346244,2.606292517006803
Kepler-416 d,3.22,1.61,3.07644709,0.0407,0.949,1.022,5670.0,0.06,3.22,0.5078558716958309,0.20682587603184974,0.48804945031348895,2.0
Kepler-138 d,2.1,1.51,23.0923,0.1288,0.535,0.535,3841.0,-0.18,2.1,0.3222192947339193,0.17897694729316943,1.363467190932009,1.390728476821192
Kepler-338 c,6.08,2.34,24.310856,0.172,1.105,1.735,5923.0,-0.029,6.08,0.7839035792727349,0.3692158574101428,1.3858002508849463,2.5982905982905984
Kepler-338 d,9.27,3.0,44.431014,0.257,1.105,1.735,5923.0,-0.029,9.27,0.9670797341444971,0.47712125471966244,1.6476862247776596,3.09
Kepler-338 e,8.5,1.56,9.341,0.08979,1.14,1.735,5999.0,-0.029,8.5,0.9294189257142927,0.1931245983544616,0.9703933720796001,5.448717948717949
Kepler-411 d,15.2,3.319,58.02035,0.279,0.87,0.82,4974.0,0.21,15.2,1.1818435879447726,0.5210072524086039,1.7635803442979139,4.579692678517626
Kepler-46 b,1907.0,9.057,33.60134,0.1968,0.902,0.938,5155.0,0.41,1907.0,3.280350693046006,0.9569843677427602,1.5263565971220348,210.55537153582864
Kepler-82 b,12.15,4.07,26.44,0.1683,0.91,0.898,5401.0,0.2107,12.15,1.084576277934331,0.60959440922522,1.4222614508136027,2.9852579852579852
Kepler-247 c,15.7,4.09,9.439452,0.084,0.887,0.768,5100.0,0.3,15.7,1.1958996524092338,0.6117233080073418,0.9749467824035553,3.838630806845966
Kepler-122 c,29.0,5.87,12.465988,0.108,0.982,1.216,6050.0,-0.08,29.0,1.462397997898956,0.7686381012476144,1.095726704495953,4.940374787052811
Kepler-725 b,521.76244,10.8,39.64372,0.2238,0.95,0.88,5395.0,0.14,521.76244,2.717472812426421,1.0334237554869496,1.598174400093533,48.31133703703703
KOI-142 b,9.5,3.438,10.91647,0.09586,0.99,0.897,5466.0,0.27,9.5,0.9777236052888477,0.5363058723510337,1.0380822256065392,2.7632344386271086
Kepler-82 c,13.9,5.34,51.54,0.2626,0.91,0.898,5401.0,0.2107,13.9,1.1430148002540952,0.7275412570285564,1.7121444142148858,2.602996254681648
K2-87 b,44.9,7.6,9.726618,0.094,1.164,1.401,5747.0,0.328,44.9,1.6522463410033232,0.8808135922807914,0.9879618598715955,5.907894736842105
Kepler-983 b,6.17,2.36,60.0855082,0.3148,1.13,1.08,6052.0,0.12,6.17,0.7902851640332417,0.37291200297010657,1.7787697387633064,2.614406779661017
Kepler-1948 b,1.09,1.03283226,15.57129955,0.1022,0.585,0.557,3872.0,0.12,1.09,0.037426497940623665,0.014029794441536736,1.192324859443006,1.0553504593282168
Kepler-444 c,0.0793,0.497,4.5458841,0.04881,0.758,0.752,5046.0,-0.55,0.0793,-1.1007268126823961,-0.3036436112666679,0.6576183589357836,0.15955734406438632
Kepler-1173 b,0.64,0.89,0.7698536,0.0156,0.86,0.82,5252.0,0.0,0.64,-0.1938200260161128,-0.05060999335508721,-0.11359185503169104,0.7191011235955056
HD 219077 b,3057.50927534,12.5,5478.68861,5.935,0.92,1.91,5362.0,-0.13,3057.50927534,3.4853677831974057,1.0969100130080565,3.738676617317025,244.6007420272
Kepler-458 c,16.4,4.2,20.74028413,0.17012,1.15,2.21562,6117.21,0.1436,16.4,1.2148438480476977,0.6232492903979004,1.316814701679151,3.904761904761904
Kepler-1608 b,3.64,1.73,16.4735686,0.1126,0.75,0.72,4992.0,-0.24,3.64,0.561101383649056,0.2380461031287954,1.2167876887514266,2.1040462427745665
TOI-2093 b,10.6,3.25,12.836,0.097,0.745,0.729,4426.0,-0.08,10.6,1.0253058652647702,0.5118833609788743,1.1084297084234664,3.2615384615384615
Kepler-759 b,5.77,2.27,41.805985,0.2329,1.04,1.04,5860.0,0.06,5.77,0.7611758131557314,0.35602585719312274,1.6212384603972625,2.541850220264317
Kepler-563 b,9.75,3.09,22.18432708,0.1418,0.8,0.77,5066.0,-0.08,9.75,0.9890046156985368,0.4899584794248346,1.3460462597429015,3.1553398058252426
Kepler-296 f,3.89,1.8,63.33627,0.255,0.498,0.48,3740.0,-0.08,3.89,0.5899496013257077,0.25527250510330607,1.8016524833157055,2.161111111111111
Kepler-534 b,5.65,2.24,15.95994513,0.1272,1.05,0.98,5884.0,0.01,5.65,0.7520484478194386,0.35024801833416286,1.2030313939207766,2.5223214285714284
HD 75784 b,317.83,13.8,341.2,1.032,1.26,3.4,4867.0,0.25,317.83,2.5021948878982374,1.1398790864012365,2.5330090224954853,23.031159420289853
Kepler-172 c,8.55,2.86,6.388996,0.068,1.081,1.085,5526.0,0.39,8.55,0.9319661147281727,0.456366033129043,0.8054326162306731,2.98951048951049
Kepler-1340 b,3.02,1.55,0.665026916,0.01523,1.27,1.42,6331.0,0.07,3.02,0.48000694295715063,0.1903316981702915,-0.17716077690183596,1.9483870967741934
Kepler-1115 b,3.53,1.7,23.5540725,0.2134,1.6,1.73,8480.0,-0.51,3.53,0.5477747053878226,0.2304489213782739,1.3720660074890203,2.076470588235294
KIC 5437945 b,33.6,6.4,440.7813,1.19671,1.07,1.24,6340.0,-0.38,33.6,1.526339277389844,0.8061799739838872,2.64422316143565,5.25
Kepler-1859 c,3.39,1.66,3.59645081,0.0473,1.09,1.235,5887.0,0.16,3.39,0.5301996982030822,0.22010808804005508,0.5558741246697096,2.0421686746987953
Kepler-1201 b,5.86,2.29,15.18725932,0.1183,1.15,1.24,6177.0,0.03,5.86,0.7678976160180907,0.359835482339888,1.181479408517753,2.558951965065502
Kepler-232 c,14.0,3.83,11.379349,0.101,0.97,0.968,5847.0,0.03,14.0,1.146128035678238,0.5831987739686227,1.0561174172616201,3.6553524804177546
tau Cet g,1.75,1.18,20.0,0.133,0.783,0.83,5310.0,-0.52,1.75,0.24303804868629444,0.07188200730612536,1.3010299956639813,1.4830508474576272
Kepler-151 b,9.59,3.06,15.228958,0.116,0.87,0.83,5460.0,0.1245,9.59,0.9818186071706636,0.48572142648158,1.1826701889347608,3.133986928104575
TOI-201 b,164.0,11.4,52.9786,0.303,1.32,1.31,6423.0,0.24,164.0,2.214843848047698,1.0569048513364727,1.7241004775492041,14.385964912280702
Kepler-207 d,11.0,3.31,5.868075,0.068,1.313,1.588,5920.0,0.29,11.0,1.0413926851582251,0.5198279937757188,0.7684956559343653,3.323262839879154
GJ 887 e,1.46,1.12,4.4249,0.0417,0.495,0.468,3688.0,-0.06,1.46,0.1643528557844371,0.04921802267018165,0.6459034603583808,1.3035714285714284
Kepler-1521 b,6.8,2.5,47.14840805,0.23476,0.81,0.76,5042.0,-0.05,6.8,0.8325089127062363,0.3979400086720376,1.6734670335150788,2.7199999999999998
Kepler-238 c,152.522,2.39,6.155557,0.069,1.229,1.43,5751.0,0.34,152.522,2.1833324914827563,0.3783979009481377,0.7892673571993504,63.81673640167363
GJ 676 A d,3.81394088,1.78,3.60076,0.039,0.626,0.69,3734.0,0.23,3.81394088,0.5813739567517363,0.250420002308894,0.5563941754814764,2.142663415730337
Kepler-620 b,11.0,3.32,12.91375431,0.1053,1.15,1.22,6155.0,0.03,11.0,1.0413926851582251,0.5211380837040362,1.11105251950003,3.313253012048193
TOI-2989 b,953.485221,12.55405838,3.122832,0.0384,0.77,0.76,4672.0,-0.04,953.485221,2.979313965879255,1.098784143914254,0.49454862097836044,75.95035741740752
Kepler-349 c,4.5,1.96,12.247629,0.105,1.083,0.927,5956.0,0.1509,4.5,0.6532125137753437,0.292256071356476,1.088052022424602,2.295918367346939
Kepler-1231 b,2.6,1.42,10.41725184,0.0914,1.01,1.0,5778.0,0.06,2.6,0.414973347970818,0.15228834438305647,1.0177531634799446,1.830985915492958
Kepler-274 b,2.99,1.54,11.634788,0.101,0.883,1.007,6023.0,-0.2112,2.99,0.4756711883244297,0.18752072083646307,1.0657584743207311,1.9415584415584417
Kepler-832 b,4.9,2.06,7.1396941,0.075,0.92,0.9,5596.0,-0.08,4.9,0.6901960800285137,0.31386722036915343,0.8536796048394846,2.3786407766990294
Kepler-1889 b,8.98,2.94360686,37.30369949,0.2082,0.864,0.817,5646.0,-0.28,8.98,0.9532763366673044,0.4688798063672985,1.5717519038843395,3.0506791249970115
Kepler-988 b,4.94,2.07,17.76080053,0.1085,0.55,0.53,4005.0,-0.32,4.94,0.693726948923647,0.3159703454569177,1.2494625367762724,2.386473429951691
TOI-880 c,21.7,4.95,6.3872703,0.0635,0.87,0.83,5050.0,0.23,21.7,1.3364597338485296,0.6946051989335688,0.8053152952584297,4.383838383838383
HD 12235 b,10.48833743,3.23,4.36305,0.054,1.1,1.80185,5986.0,0.31,10.48833743,1.0207066509960727,0.5092025223311029,0.6397901899750554,3.2471632910216717
Kepler-444 f,0.332,0.741,9.740486,0.0811,0.758,0.752,5046.0,-0.55,0.332,-0.4788619162959637,-0.13018179202067184,0.9885806264733319,0.44804318488529016
GJ 887 c,6.5,2.43,21.784,0.121,0.495,0.468,3688.0,-0.06,6.5,0.8129133566428556,0.38560627359831223,1.3381376283319082,2.674897119341564
Kepler-524 b,4.31,1.91,7.97419807,0.07955,1.09,1.1,6014.0,0.02,4.31,0.6344772701607315,0.28103336724772754,0.9016870188407591,2.256544502617801
Kepler-1075 b,2.6,1.42,1.52372816,0.0208,0.56,0.54,3959.0,-0.17,2.6,0.414973347970818,0.15228834438305647,0.18290749381301105,1.830985915492958
Kepler-368 b,10.7,3.26,26.84768,0.186,1.165,2.019,5502.0,0.03,10.7,1.0293837776852097,0.5132176000679389,1.428906762783051,3.2822085889570554
Kepler-115 b,1.32,1.09,2.403679,0.036,1.042,1.205,5979.0,-0.0499,1.32,0.12057393120584989,0.037426497940623665,0.38087646922215257,1.2110091743119267
Kepler-1735 b,1.84,1.19429134,7.71792984,0.0621,0.535,0.509,3975.0,-0.34,1.84,0.2648178230095365,0.07711028317552707,0.8875008262903993,1.5406625991276133
TOI-1898 b,129.0,9.39553231,45.52234,0.269,1.2484,1.6131,6241.0,-0.095,129.0,2.110589710299249,0.972921390370204,1.6582245781446578,13.729929901119142
Kepler-1130 c,0.422,0.79239584,3.266639948,0.04238,0.944,0.842,5450.0,0.1,0.422,-0.37468754903832613,-0.10105781313069793,0.5141012687839696,0.5325621093619068
HD 20782 b,472.83,13.6,597.0643,1.3649,1.04,1.12681,5782.13,-0.0537,472.83,2.6747050237554393,1.1335389083702174,2.7760211043813845,34.76691176470588
Kepler-1376 b,1.16,1.05,5.30880656,0.0598,0.98,0.97,5659.0,0.07,1.16,0.06445798922691845,0.021189299069938092,0.7249969009947416,1.1047619047619046
Kepler-1190 b,2.33,1.33,10.45843441,0.0845,0.76,0.72,4730.0,-0.02,2.33,0.367355921026019,0.12385164096708581,1.0194666770755476,1.7518796992481203
Kepler-450 b,19.4,6.14,28.454851,0.20092,1.19,1.64162,6197.21,0.1278,19.4,1.287801729930226,0.7881683711411677,1.4541563158256572,3.1596091205211727
Kepler-758 d,5.14,2.12,20.4966197,0.1527,1.16,1.42,6228.0,-0.1,5.14,0.7109631189952758,0.32633586092875144,1.311682243168658,2.424528301886792
HD 135625 b,731.0053361,13.3,4055.0,5.4,1.28,1.35743,6040.64,0.12,731.0053361,2.8639205471771856,1.1238516409670858,3.6079908585471747,54.96280722556391
TOI-2211.01,3.06,1.561,3.092686757,0.04011,0.9,0.834,5253.0,,3.06,0.48572142648158,0.19340290306241747,0.490335934682921,1.960281870595772
Kepler-124 b,0.315,0.73,3.410493,0.039,0.706,0.636,4984.0,-0.46,0.315,-0.5016894462103995,-0.1366771398795441,0.5328171624833542,0.4315068493150685
Kepler-1259 b,2.63,1.43,0.663085258,0.0141,0.8,0.77,5053.0,-0.07,2.63,0.41995574848975786,0.1553360374650618,-0.17843062740456758,1.8391608391608392
TOI-1859 b,68.6,9.75181321,63.48347,0.337,1.287,1.36,6341.0,0.12,68.6,1.8363241157067516,0.9890853740456014,1.8026606572237238,7.034589211538025
Kepler-616 b,6.48,2.43,9.99761851,0.0927,0.98,0.97,5753.0,-0.02,6.48,0.8115750058705934,0.38560627359831223,0.9998965608859796,2.6666666666666665
HD 141399 e,209.7678,14.1,5000.0,5.0,1.07,1.387236,5600.0,0.35,209.7678,2.321738823440106,1.14921911265538,3.6989700043360187,14.877148936170213
Kepler-1008 b,2.18,1.28,12.43931193,0.09755,0.81,0.78,5066.0,-0.01,2.18,0.33845649360460484,0.10720996964786837,1.0947963583878677,1.703125
TOI-2133 b,6.21,2.37,3.8266472,0.041,0.644,0.62,4250.0,-0.01,6.21,0.7930916001765802,0.37474834601010387,0.5828184240337335,2.620253164556962
TOI-2406 b,15.6,2.86,3.0766891,0.02267,0.166,0.204,3100.0,-0.26,15.6,1.1931245983544616,0.456366033129043,0.4880836129272762,5.454545454545455
WASP-157 b,182.43442,11.19,3.951623,0.0499,1.06,1.1,5772.0,0.25,182.43442,2.2611067802962106,1.04883008652835,0.596775504531578,16.30334405719392
Kepler-1183 b,8.35,2.82,28.5057189,0.1793,1.0,0.99,5765.0,0.04,8.35,0.921686475483602,0.45024910831936105,1.4549319981682884,2.9609929078014185
Kepler-331 d,3.33,1.64,32.134328,0.159,0.653,0.492,4347.0,0.1179,3.33,0.5224442335063199,0.21484384804769785,1.5069692222814774,2.030487804878049
TOI-5322 b,184.02264765,16.6117094,5.4233207,0.0604,0.998,1.462,5692.0,-0.048,184.02264765,2.264871274879949,1.2204143250937316,0.7342652865527811,11.077887483993672
HD 457 b,8445.3364308,11.9,20324.58153,15.369,1.15,1.28194,6114.04,0.34,8445.3364308,3.9266169549288987,1.0755469613925308,4.308021612515415,709.6921370420168
HD 112640 b,1589.15,12.9,613.2,1.7,1.8,39.0,4155.0,-0.09,1589.15,3.201164892234256,1.110589710299249,2.7876021461823375,123.18992248062015
Kepler-1647 b,483.0,11.8739,1107.5923,2.7205,1.2207,1.7903,6210.0,-0.14,483.0,2.683947130751512,1.0745933870499467,3.044379927861606,40.67745222715367
Kepler-1197 b,2.1,1.25,2.03231845,0.02869,0.78,0.72,4708.0,0.06,2.1,0.3222192947339193,0.09691001300805642,0.3079917598332366,1.6800000000000002
HD 153557 b,20.34101805,4.77,7.29903,0.068,0.79,0.745171,4837.0,,20.34101805,1.308372685186181,0.6785183790401139,0.8632651486631788,4.264364371069182
Kepler-1939 b,1.68,1.16480773,2.790659904,0.0334,0.648,0.603,4353.0,-0.18,1.68,0.22530928172586284,0.06625424408194765,0.445706912513025,1.442298120737918
Kepler-621 b,5.9,2.3,2.628113746,0.031,0.72,0.68,4521.0,-0.02,5.9,0.7708520116421442,0.36172783601759284,0.4196441577641174,2.565217391304348
Kepler-1113 b,8.3,2.81,42.3004954,0.2415,1.12,1.17,5931.0,0.18,8.3,0.919078092376074,0.4487063199050799,1.6263454536215312,2.9537366548042705
Kepler-142 b,4.62,1.99,2.024152,0.032,0.978,1.269,5790.0,0.05,4.62,0.6646419755561255,0.29885307640970665,0.30624312194376613,2.321608040201005
Kepler-662 b,5.39,2.18,21.67697486,0.1408,0.79,0.74,4897.0,-0.03,5.39,0.7315887651867387,0.33845649360460484,1.335998673932825,2.472477064220183
Kepler-1336 c,3.57,1.71,5.77721211,0.06272,0.94,1.3,5512.0,0.05,3.57,0.5526682161121932,0.23299611039215382,0.7617183129302786,2.087719298245614
TOI-216.02,18.75187601,8.0,17.16073,0.1293,0.77,0.748,5026.0,0.32,18.75187601,1.2730447227322566,0.9030899869919435,1.2345357583511785,2.34398450125
Kepler-236 c,4.66,2.0,23.968127,0.132,0.596005,0.51,3750.0,-0.05,4.66,0.6683859166900001,0.3010299956639812,1.379634097223189,2.33
HD 196067 b,3623.2438398,12.4,3413.7,4.71,1.16,1.71,6072.0,0.213,3623.2438398,3.5590975624960652,1.0934216851622351,3.5332253521421153,292.1970838548387
Kepler-1210 b,3.53,1.7,8.07124073,0.0753,0.94,0.92,5568.0,0.04,3.53,0.5477747053878226,0.2304489213782739,0.9069403006172834,2.076470588235294
Kepler-91 b,257.4423,15.322703,6.24658,0.0731,1.31,6.3,4550.0,0.11,257.4423,2.410679906776887,1.1853353837324738,0.7956423063599194,16.801363310376765
K2-290 b,10.9,3.06,9.21165,0.0923,1.194,1.511,6302.0,-0.06,10.9,1.0374264979406236,0.48572142648158,0.964337428428501,3.562091503267974
Kepler-1766 b,5.81,2.27904508,105.0149994,0.4161,0.915,1.042,5868.0,-0.22,5.81,0.7641761323903307,0.3577529157032428,2.0212513342262985,2.5493133290720165
HD 72490 b,561.92344,13.5,858.0,1.88,1.21,4.96,4934.0,-0.13,561.92344,2.7496771485752918,1.130333768495006,2.9334872878487053,41.62395851851852
HD 12661 c,899.45439181,13.2,1708.0,2.8145,1.02,1.11,5748.0,0.36,899.45439181,2.9539791466838827,1.1205739312058498,3.232487866352986,68.1404842280303
Kepler-1061 b,4.58,1.98,2.757982666,0.0388,1.09,1.07,6067.0,-0.03,4.58,0.6608654780038692,0.2966651902615311,0.4405915322951586,2.313131313131313
Kepler-1904 b,2.51,1.3904994,4.577020168,0.0436,0.526,0.497,3805.0,-0.1,2.51,0.3996737214810381,0.14317080580230318,0.6605828260894829,1.8051068558533718
Kepler-473 b,15.6,4.08,14.55731705,0.12048,1.06,1.34,5816.0,0.12,15.6,1.1931245983544616,0.6106601630898799,1.163081340791072,3.8235294117647056
HD 14787 b,356.28743,13.7,676.6,1.7,1.43,5.01,4946.0,0.0,356.28743,2.5518005004932105,1.1367205671564067,2.8303319934519617,26.00638175182482
WASP-106 b,613.40882551,12.10569916,9.28969,0.0901,1.175,1.47,6002.0,-0.02,613.40882551,2.7877500201673664,1.0829898770128987,0.9680012216862456,50.671077928059134
TOI-6158 b,135.0,10.4,3.0446899,0.03275,0.503,0.476,3467.0,0.11,135.0,2.130333768495006,1.0170333392987803,0.48354306656597834,12.98076923076923
Kepler-1840 b,8.13,2.77771129,131.1900024,0.46206,0.774,0.803,4898.0,0.14,8.13,0.9100905455940682,0.4436871040093032,2.117900740009536,2.926870056390922
Kepler-1751 b,3.98,1.82417378,7.017310143,0.0712,0.974,0.967,6052.0,-0.26,3.98,0.5998830720736879,0.26106620904724587,0.8461706714008327,2.1818096738568404
Kepler-1067 b,0.437,0.8,0.762129261,0.0164,0.95,0.93,5592.0,0.03,0.437,-0.3595185630295782,-0.09691001300805639,-0.11797136385965543,0.54625
TOI-2578 b,167.17774208,19.66055215,3.4579667,0.0495,1.27,1.64,6333.0,0.01,167.17774208,2.223178455308136,1.2935957104610671,0.5388208067297252,8.503206868480547
Kepler-624 b,5.95,2.31,14.58649607,0.11638,1.1,1.18,6117.0,-0.06,5.95,0.7745169657285496,0.36361197989214433,1.163950979335313,2.5757575757575757
TOI-5349 b,127.4,10.2,3.317921,0.0369,0.61,0.58,3751.0,0.5,127.4,2.1051694279993316,1.0086001717619175,0.5208660412204333,12.490196078431374
TOI-1294 c,147.0,14.3,159.9,0.61,1.1578,1.5566,5718.0,0.283,147.0,2.167317334748176,1.1553360374650619,2.2038484637462346,10.27972027972028
Kepler-1039 b,2.73,1.46,0.934884242,0.01714,0.79,0.74,4870.0,0.01,2.73,0.436162647040756,0.1643528557844371,-0.029242160435428665,1.86986301369863
HAT-P-60 b,182.43350562,18.28184752,4.7947813,0.06277,1.435,2.197,6212.0,0.037,182.43350562,2.2611046035623272,1.2620200823823395,0.6807688028790949,9.978942523200741
HD 88986 b,17.2,2.49,146.05,0.58,1.25,1.543,5861.0,0.06,17.2,1.235528446907549,0.3961993470957364,2.1645015613095686,6.907630522088352
Kepler-704 b,7.32,2.61,3.76182115,0.047,0.97,0.96,5616.0,0.09,7.32,0.8645110810583919,0.41664050733828095,0.5753981438420862,2.8045977011494254
Kepler-1432 b,5.56,2.22,23.9109011,0.1696,1.09,1.13,6031.0,0.02,5.56,0.7450747915820575,0.3463529744506387,1.37859594313307,2.5045045045045042
Kepler-135 c,1.65,1.16,11.448708,0.103,1.047,1.275,6090.0,-0.105,1.65,0.21748394421390627,0.06445798922691845,1.058756478804265,1.4224137931034484
Kepler-950 b,59.6,8.98,98.7180406,0.3982,1.02,1.02,5857.0,0.02,59.6,1.7752462597402365,0.9532763366673044,1.9943965267028123,6.636971046770602
HD 73526 b,978.9164,13.1,188.3,0.65,1.14,1.53,5601.0,0.22,978.9164,2.9907456043986818,1.1172712956557642,2.274850320016665,74.7264427480916
HD 207897 b,14.8,2.34302132,16.20166,0.117,0.8208,0.7827,5106.0,-0.03,14.8,1.1702617153949575,0.36977624041780266,1.2095595140430015,6.316630528995784
Kepler-1459 b,2.42,1.36,62.8691611,0.2829,0.78,0.74,4828.0,0.01,2.42,0.38381536598043126,0.13353890837021754,1.7984376653434817,1.7794117647058822
Kepler-1358 b,1.46,1.12,7.06317341,0.0656,0.82,0.79,5181.0,-0.08,1.46,0.1643528557844371,0.04921802267018165,0.8489998688706787,1.3035714285714284
HD 360 b,238.37130525,14.0,273.1,0.98,1.69,10.86,4770.0,-0.06,238.37130525,2.3772539745512926,1.146128035678238,2.4363217001397333,17.02652180357143
Kepler-741 b,9.11,2.97,7.03902374,0.0744,1.16,1.24,6129.0,0.07,9.11,0.9595183769729982,0.4727564493172124,0.8475124299189201,3.067340067340067
Kepler-1299 b,9.17,2.98,19.9400874,0.1357,0.94,0.91,5609.0,-0.01,9.17,0.9623693356700211,0.4742162640762552,1.2997270575490838,3.077181208053691
Kepler-1806 b,6.15,2.35560189,9.033320427,0.0813,0.884,0.788,5311.0,-0.04,6.15,0.7888751157754168,0.3721018941007816,0.9558474156580622,2.610797701474081
TOI-375 c,669.34662514,13.4,115.5,0.524,1.441,2.9,5259.9,0.084,669.34662514,2.8256510780077626,1.1271047983648077,2.062581984228163,49.951240682089555
Kepler-1048 b,3.22,1.61,6.92101021,0.059,0.75,0.7,4651.0,0.01,3.22,0.5078558716958309,0.20682587603184974,0.8401694899203384,2.0
Kepler-749 b,9.8,3.1,17.31716585,0.1054,0.79,0.75,5009.0,-0.11,9.8,0.9912260756924949,0.4913616938342727,1.2384768162943693,3.1612903225806455
HD 102329 b,2593.4928,12.6,778.09998,1.81,3.21,9.82,4745.0,0.05,2593.4928,3.4138850466520982,1.100370545117563,2.8910354041523627,205.83276190476192
TOI-1194 b,120.0,8.71664516,2.3106446,0.034,0.9835,0.9608,5394.0,0.348,120.0,2.0791812460476247,0.9403493669457897,0.363733151827701,13.76676436832264
Barnard d,0.263,0.694,2.3402,0.0188,0.162,0.185,3195.0,-0.56,0.263,-0.5800442515102421,-0.15864052954514513,0.36925297501043064,0.3789625360230548
Kepler-1951 b,6.0,2.32107188,20.65780067,0.1435,0.923,1.306,5468.0,0.14,6.0,0.7781512503836436,0.3656885900914118,1.3150840825405037,2.58501257617235
HIP 114933 b,616.58710958,13.4,1481.6,2.84,1.39,5.27,4823.0,0.06,616.58710958,2.7899944410898185,1.1271047983648077,3.170730969337859,46.01396340149253
Kepler-1305 b,4.19,1.88,13.5630972,0.1109,0.97,0.96,5701.0,0.01,4.19,0.6222140229662954,0.2741578492636798,1.1323588741385604,2.2287234042553195
Kepler-598 b,2.86,1.5,3.70175428,0.04487,0.87,0.86,5307.0,0.02,2.86,0.456366033129043,0.17609125905568124,0.5684075871932642,1.9066666666666665
HD 185283 b,413.1769291,13.6,4060.0,4.6,0.8,0.743303,4848.0,-0.06,413.1769291,2.6161360634664295,1.1335389083702174,3.6085260335771943,30.38065655147059
Kepler-1920 b,9.03,2.95415848,30.2541008,0.2043,1.239,1.161,6277.0,0.21,9.03,0.9556877503135057,0.47043378994116375,1.4807842495374444,3.056708047700948
HD 65216 b,411.58985,13.6,577.6,1.301,0.874,0.88,5612.0,-0.1685,411.58985,2.614464656315508,1.1335389083702174,2.7616271845615827,30.26395955882353
Kepler-954 b,5.99,2.32,16.78176602,0.1202,0.82,0.76,4990.0,0.02,5.99,0.7774268223893114,0.3654879848908996,1.224837661640687,2.5818965517241383
HATS-38 b,23.51942,6.882326,4.375021,0.05036,0.89,1.105,5732.0,-0.102,23.51942,1.3714266076292134,0.8377352403058191,0.6409801419668422,3.4173650013091503
Kepler-1388 c,5.73,2.26,5.53608151,0.0519,0.63,0.61,4098.0,0.02,5.73,0.75815462196739,0.35410843914740087,0.74320247579166,2.535398230088496
Gliese 12 b,0.95,0.93,12.761418,0.067,0.255,0.265,3328.0,-0.24,0.95,-0.022276394711152253,-0.03151705144606486,1.105898934209576,1.021505376344086
Kepler-266 c,14.4,3.89,107.723601,0.457,0.947,1.028,5885.0,0.16,14.4,1.1583624920952498,0.5899496013257077,2.03231086264042,3.7017994858611827
NGTS-30 b,305.11527072,10.40193409,98.29838,0.408,0.94,0.913,5455.0,-0.03,305.11527072,2.484463944199161,1.0171140976180106,1.992546360529408,29.33255181969722
Kepler-1388 e,6.62,2.46,37.6327084,0.1861,0.63,0.61,4098.0,0.02,6.62,0.8208579894396999,0.39093510710337914,1.5755654753181918,2.6910569105691056
Kepler-1311 b,2.07,1.24,11.1726994,0.10082,1.05,1.4,5748.0,0.09,2.07,0.3159703454569177,0.09342168516223506,1.0481581142875924,1.6693548387096773
Kepler-1991 c,7.13,2.57,22.79020351,0.1528,0.914,1.053,5478.0,0.16,7.13,0.8530895298518656,0.4099331233312945,1.3577482033232187,2.77431906614786
Kepler-126 d,54.59018723,2.5,100.283134,0.448,1.108,1.358,6239.0,-0.16,54.59018723,1.7371145838244886,0.3979400086720376,2.001227897859356,21.836074892
Kepler-2001 b,1.12,1.04,1.090011003,0.0197,0.864,0.77,5081.0,0.12,1.12,0.04921802267018165,0.01703333929878037,0.037430881902152165,1.076923076923077
Kepler-1247 b,6.04,2.33,13.71220213,0.1091,0.86,0.82,5303.0,-0.05,6.04,0.7810369386211319,0.367355921026019,1.13710720651149,2.592274678111588
Kepler-68 e,86.4493267,11.2,3455.0,4.6,1.057,1.2564,5847.0,0.11,86.4493267,1.9367616151736966,1.0492180226701815,3.5384480517102173,7.718689883928572
Kepler-1406 b,1.37,1.1,11.62905828,0.0987,1.05,1.12,5892.0,0.04,1.37,0.1367205671564068,0.04139268515822508,1.0655445470277791,1.2454545454545454
Kepler-1682 b,8.7,2.88940836,14.8334,0.1134,0.99,0.842301,5619.12,-0.048,8.7,0.9395192526186185,0.4608089250085136,1.1712407081421947,3.0109970333165363
Kepler-174 d,5.43,2.19,247.35373,0.677,0.602,0.622,4880.0,-0.56,5.43,0.7347998295888469,0.34044411484011833,2.393318463744888,2.4794520547945207
Kepler-326 b,44.6,1.52,2.248329,0.032,0.91,0.801,5105.0,0.2385,44.6,1.649334858712142,0.18184358794477254,0.35185986224842286,29.342105263157894
GJ 3998 d,6.07,2.34,41.78,0.189,0.52,0.5,3726.0,-0.13,6.07,0.7831886910752576,0.3692158574101428,1.6209684356442897,2.594017094017094
HD 205158 b,124.58873554,13.9,25.33798,0.177,1.16,1.87741,6133.55,,124.58873554,2.0954787781661066,1.1430148002540952,1.4037719890074989,8.963218384172661
HD 219134 h,108.0622,12.7,2247.0,3.11,0.794,0.77,4913.0,0.08,108.0622,2.0336738049404923,1.1038037209559568,3.351603072419129,8.508834645669292
K2-183 c,5.9,2.3,10.787992,0.0932,0.942219,0.87,5482.0,0.09,5.9,0.7708520116421442,0.36172783601759284,1.0329406157232763,2.565217391304348
NGTS-21 b,750.07504052,14.90794433,1.5433897,0.0236,0.72,0.86,4660.0,-0.26,750.07504052,2.8751047141296993,1.173417762320402,0.18847559760624416,50.313780620349284
Kepler-1519 b,39.6,7.06,240.7989397,0.7655,0.94,0.91,5644.0,-0.07,39.6,1.5976951859255124,0.8488047010518037,2.3816545702790886,5.609065155807366
Kepler-784 b,3.12,1.58,31.5922646,0.22111,1.0,1.32,5674.0,0.07,3.12,0.4941545940184428,0.19865708695442263,1.4995807581632397,1.9746835443037976
TOI-2641 b,122.6817651,18.10250383,4.880974,0.0607,1.16,1.336,6100.0,-0.15,122.6817651,2.0887800158242675,1.2577386480375743,0.6885064942603721,6.777060579691092
Kepler-255 c,9.22,2.99,9.946047,0.092,0.867,0.933,5573.0,0.3386,9.22,0.9647309210536293,0.4756711883244297,0.9976505071576601,3.0836120401337794
HD 51608 c,14.31,3.87,95.9446,0.3809,0.8,0.916136,5358.0,-0.07,14.31,1.1556396337597763,0.5877109650189114,1.9820205365889723,3.697674418604651
TIC 434398831 c,27.0,5.63,6.210291,0.06572,0.992,0.909,5638.0,-0.081,27.0,1.4313637641589874,0.7505083948513462,0.7931119506972334,4.7957371225577266
Kepler-1037 b,2.18,1.28,1.063788673,0.0198,0.82,0.78,5105.0,-0.03,2.18,0.33845649360460484,0.10720996964786837,0.02685536173208347,1.703125
TOI-2141 d,14.9,3.97,60.45,0.2906,0.896,0.95,5635.0,-0.14,14.9,1.173186268412274,0.5987905067631151,1.7813963051967907,3.7531486146095716
HD 88133 b,324.1866,13.8,3.414884,0.0479,1.26,2.2,5392.0,0.34,324.1866,2.510795059660155,1.1398790864012365,0.5333759557436019,23.49178260869565
TOI-1448 b,19.5,2.749,8.112245,0.0567,0.372,0.38,3412.0,0.37,19.5,1.290034611362518,0.4391747398434685,0.909141058426799,7.093488541287741
K2-272 b,9.96,3.13,14.4536756,0.1007,0.86,0.83,5397.0,-0.09,9.96,0.9982593384236987,0.49554433754644844,1.1599783031347932,3.1821086261980835
TOI-3474 b,193.87532827,14.67255574,3.8795105,0.0502,1.121,1.256,6020.0,0.146,193.87532827,2.2875225461703597,1.1665057680427207,0.5887769316354456,13.213466808748345
Kepler-825 c,4.04,1.84,8.1818246,0.0759,1.03,1.08,5976.0,-0.08,4.04,0.6063813651106049,0.2648178230095365,0.9128501649608598,2.1956521739130435
Kepler-382 b,2.3,1.32,5.262155,0.055,1.002,0.945,5600.0,0.082,2.3,0.36172783601759284,0.12057393120584989,0.7211636363481778,1.7424242424242422
Kepler-266 b,6.71,2.48,6.61833,0.071,0.947,1.028,5885.0,0.16,6.71,0.8267225201689921,0.3944516808262163,0.8207484179471287,2.7056451612903225
Kepler-1962 b,1.95,1.21463929,7.991459846,0.0783,1.003,1.006,5700.0,0.16,1.95,0.290034611362518,0.08444732515984878,0.9026261216356692,1.6054148882340205
TOI-1266 d,3.68,1.74,32.509,0.1513,0.437,0.4232,3563.0,-0.109,3.68,0.5658478186735176,0.24054924828259971,1.5120036104939292,2.1149425287356323
Kepler-691 b,5.02,2.09,8.114379,0.0649,0.53,0.5,3715.0,0.04,5.02,0.7007037171450193,0.32014628611105395,0.909255288525398,2.401913875598086
HD 142415 b,530.7761,13.5,386.29999,1.06,1.07,1.04,5940.0,0.13,530.7761,2.7249113590458207,1.130333768495006,2.5869246969024053,39.31674814814815
WASP-167 b,2542.64,17.71022,2.0219596,0.0365,1.59,1.79,7000.0,0.1,2542.64,3.4052848748901807,1.248223956119074,0.30577247387004036,143.5690804518521
K2-412 b,5.13,2.116,5.9382,0.0586,0.893,0.977,5590.0,0.014,5.13,0.7101173651118162,0.3255156633631482,0.77365482064865,2.424385633270321
Kepler-1441 b,2.27,1.31,39.4419839,0.2346,1.0,1.0,5802.0,0.01,2.27,0.35602585719312274,0.11727129565576427,1.5959587514809757,1.732824427480916
CoRoT-28 b,153.82972,10.704595,5.20851,0.0603,1.01,1.78,5150.0,0.15,153.82972,2.1870402495426498,1.0295702407483978,0.71671350231544,14.370438115594286
Kepler-1755 b,29.4,5.91688317,24.81209946,0.1668,1.003,0.921,6086.0,-0.26,29.4,1.4683473304121573,0.7720929941333176,1.3946635133780891,4.968832264436953
Teegarden's Star c,1.05,1.02,11.416,0.0455,0.097,0.12,3034.0,-0.11,1.05,0.021189299069938092,0.00860017176191757,1.0575139601065906,1.0294117647058825
HD 219828 b,19.06970442,4.59,3.83483,0.049,1.04,1.56,5891.0,0.19,19.06970442,1.2803439615432362,0.6618126855372612,0.5837461162124152,4.154619699346406
Kepler-835 b,8.2,2.79,11.41909375,0.107,1.08,1.11,5954.0,0.08,8.2,0.9138138523837167,0.44560420327359757,1.0576316384990088,2.9390681003584227
Kepler-1666 c,10.5,3.23564749,40.7157,0.2383,1.23,1.14586,6293.0,-0.2,10.5,1.021189299069938,0.5099612009850629,1.6097619057510841,3.245100102050981
Kepler-1143 b,3.43,1.67,2.888904849,0.0371,0.81,0.77,5053.0,-0.06,3.43,0.5352941200427705,0.22271647114758325,0.46073323785154524,2.0538922155688626
KOI-4777.01,99.2,0.51,0.412,0.008,0.41,0.4,3515.0,0.1,99.2,1.9965116721541787,-0.2924298239020636,-0.3851027839668654,194.50980392156862
Kepler-79 d,5.3,7.15,52.0897,0.2937,1.244,1.316,6389.0,0.06,5.3,0.724275869600789,0.8543060418010806,1.7167518562094344,0.7412587412587412
Kepler-190 b,3.05,1.56,2.019999,0.03,0.834,0.795,5106.0,0.06,3.05,0.48429983934678583,0.1931245983544616,0.3053511544493023,1.9551282051282048
NGTS-17 b,242.82090295,13.89913607,3.24253,0.0391,1.025,1.337,5650.0,0.15,242.82090295,2.38528606973886,1.1429878066071755,0.5108840028823121,17.4702155390871
Kepler-354 c,2.27,1.31,16.934402,0.115,0.652,0.674,4648.0,-0.03,2.27,0.35602585719312274,0.11727129565576427,1.2287698651267591,1.732824427480916
Kepler-1933 b,1.76,1.17984089,4.943290234,0.05605,0.964,1.008,5661.0,0.1,1.76,0.24551266781414982,0.07182344353141228,0.6940161098183141,1.491726566622047
TOI-5811 B b,257.44100967,21.96960217,6.25663,0.0731,1.08,3.73,4840.0,-0.06,257.44100967,2.4106777300382425,1.3418221926993883,0.7963404727480882,11.718055141733139
Kepler-1041 b,8.96,2.94,24.7576421,0.1688,1.06,1.08,5957.0,0.01,8.96,0.9523080096621253,0.46834733041215726,1.3937092804239715,3.047619047619048
K2-70 b,8.7,2.89,13.97896,0.1112,0.94,0.93,5622.0,0.06,8.7,0.9395192526186185,0.4608978427565479,1.1454748621777464,3.0103806228373697
HATS-4 b,420.471,11.433,2.516729,0.0362,1.001,0.925,5403.0,0.43,420.471,2.623736047757499,1.0581602034918296,0.40083645347407965,36.776961427446864
Kepler-121 b,6.08,2.34,3.177422,0.039,0.859,0.701,5311.0,-0.08,6.08,0.7839035792727349,0.3692158574101428,0.5020748982078334,2.5982905982905984
HD 163607 b,249.051588,13.9,75.2203,0.362,1.12,1.76,5522.0,0.21,249.051588,2.396289315220936,1.1430148002540952,1.8763350611800356,17.917380431654678
Kepler-395 c,2.3,1.32,34.989262,0.177,0.622827,0.556,4262.0,-0.02,2.3,0.36172783601759284,0.12057393120584989,1.5439347823597929,1.7424242424242422
TOI-7393 b,194.78,11.3,3.33708,0.03664,0.6,0.582,3927.0,-0.35,194.78,2.289544361497647,1.0530784434834197,0.523366618144782,17.23716814159292
HIP 81991 b,3019.3698665,12.5,5860.0,6.4,1.09,2.82111,5100.0,-0.27,3019.3698665,3.4799163164484406,1.0969100130080565,3.767897616018091,241.54958932000002
Kepler-1965 b,2.4,1.35415138,41.86869812,0.22971,0.928,0.837,5852.0,-0.3,2.4,0.38021124171160603,0.1316672166562266,1.62188945699607,1.7723276994334267
DMPP-8 b,81.09,10.8,62.915,0.3098,0.99,1.24,6009.0,,81.09,1.9089673004183878,1.0334237554869496,1.7987542009395965,7.508333333333333
Kepler-501 b,17.1,4.3,5.640677572,0.0627,1.03,1.04,5904.0,-0.03,17.1,1.2329961103921538,0.6334684555795865,0.7513312756333461,3.976744186046512
TOI-892 b,301.9385,11.99363,10.62656,0.092,1.28,1.39,6261.0,0.24,301.9385,2.479918493187085,1.078950646849861,1.026392698690369,25.174905345587614
Kepler-1898 b,0.76,0.93353523,4.765620232,0.05063,0.837,1.125,5702.0,-0.28,0.76,-0.11918640771920865,-0.029869287885344837,0.6781194308517641,0.814109607839867
Kepler-1274 b,2.6,1.42,6.98152703,0.08161,1.45,2.17,6179.0,0.11,2.6,0.414973347970818,0.15228834438305647,0.8439504237937236,1.830985915492958
G 9-40 b,4.0,1.9,5.7459982,0.0418,0.2952,0.3026,3395.0,-0.07,4.0,0.6020599913279624,0.2787536009528289,0.7593654856082103,2.1052631578947367
K2-46 b,4.86,2.05,19.1541,0.13821,0.96,1.29,6256.0,-0.32,4.86,0.6866362692622934,0.31175386105575426,1.2822617504607607,2.3707317073170735
K2-199 c,12.4,2.85,7.3744897,0.0662,0.711,0.682,4491.0,-0.01,12.4,1.0934216851622351,0.4548448600085102,0.867731973376738,4.350877192982456
TOI-2005 b,2034.1018048,11.99360935,17.305904,0.16,1.59,2.02,7130.0,0.0,2034.1018048,3.3083726851434796,1.0789498991038682,1.2381942902500471,169.59880428321605
Kepler-1065 b,13.4,3.73,3.609308907,0.0455,0.94,0.93,5635.0,-0.01,13.4,1.1271047983648077,0.5717088318086876,0.5574240532604995,3.5924932975871315
TOI-7394 B b,668.74,11.5,1.252995,0.01913,0.624,0.609,3717.0,0.5,668.74,2.8252573008576363,1.0606978403536116,0.09794933797200951,58.15130434782609
HD 112300 b,5031.22368281,12.2,466.63,1.33,1.4,65.8,3657.0,-0.06,5031.22368281,3.7016736260219485,1.0863598306747482,2.6689726564800895,412.3953838368853
Kepler-793 b,2.45,1.37,4.24153639,0.0491,0.98,0.97,5745.0,0.0,2.45,0.3891660843645325,0.1367205671564068,0.6275231973564028,1.7883211678832116
Kepler-307 c,3.64,2.2,13.0729,0.10896,0.907,0.814,5367.0,0.19,3.64,0.561101383649056,0.3424226808222063,1.1163719390949276,1.6545454545454545
Kepler-613 b,5.86,2.29,15.77979614,0.1232,0.98,0.96,5723.0,-0.01,5.86,0.7678976160180907,0.359835482339888,1.1981013882368379,2.558951965065502
K2-138 g,4.32,3.013,41.96797,0.23109,0.935,0.863,5356.3,0.14,4.32,0.6354837468149122,0.4789991316733571,1.6229179627992922,1.4337869233322271
HD 128311 b,562.24127,13.5,453.019,1.084,0.828,0.76,4965.0,0.08,562.24127,2.7499227208079606,1.130333768495006,2.656116417072687,41.64750148148148
Kepler-20 b,9.7,1.773,3.6961049,0.04565,0.929,0.9164,5495.0,0.07,9.7,0.9867717342662449,0.24870873560091777,0.5677442885341775,5.470953186689227
Kepler-1634 b,10.3,3.19,374.876239,1.0525,0.92,0.89,5474.0,0.02,10.3,1.0128372247051722,0.5037906830571811,2.573887914152642,3.2288401253918497
Kepler-445 d,2.1,1.25,8.15275,0.0439,0.18,0.21,3157.0,0.27,2.1,0.3222192947339193,0.09691001300805642,0.9113041251051985,1.6800000000000002
Kepler-1701 b,5.57,2.22186207,169.134,0.5738,0.87,0.840217,5146.0,0.03,5.57,0.7458551951737289,0.346717095065167,2.228230920005332,2.506906290542149
Kepler-1835 b,12.2,3.53387773,11.96409988,0.0997,0.922,0.961,5903.0,-0.26,12.2,1.0863598306747482,0.5482515191082309,1.0778800299988482,3.4522982774505895
Kepler-1024 b,14.5,3.91,66.4162133,0.3033,0.81,0.78,5143.0,-0.1,14.5,1.1613680022349748,0.5921767573958668,1.8222741108017328,3.7084398976982094
Kepler-1545 b,7.75,2.7,163.692349,0.5442,0.84,0.8,5201.0,-0.06,7.75,0.8893017025063102,0.43136376415898736,2.214028380910209,2.8703703703703702
Kepler-1774 b,10.2,3.18179549,59.77080154,0.29496,1.101,1.122,6214.0,-0.02,10.2,1.0086001717619175,0.5026722619168453,1.7764890798601989,3.205737148115701
KOBE-1 b,8.8,2.91,8.5399,0.07006,0.629,0.619,4135.0,-0.01,8.8,0.9444826721501687,0.4638929889859073,0.9314527852437517,3.0240549828178693
Kepler-1852 b,4.22,1.88610592,7.970940113,0.0762,0.927,0.826,5237.0,0.24,4.22,0.6253124509616739,0.2755660782103504,0.9015095462154573,2.237414110868174
Kepler-1196 b,5.6,2.23,66.1849031,0.3179,0.98,0.97,5756.0,0.0,5.6,0.7481880270062004,0.34830486304816066,1.8207589373538693,2.5112107623318383
TOI-1221 b,1112.3994245,2.91,91.68278,0.387,0.93,1.031,5592.0,0.06,1112.3994245,3.046260755509868,0.4638929889859073,1.9622877734753552,382.2678434707903
Kepler-324 c,6.2,3.15,51.805612,0.26,0.901,0.84,5194.0,0.18,6.2,0.7923916894982539,0.4983105537896005,1.714376808560211,1.9682539682539684
Kepler-1122 b,4.82,2.04,42.1917357,0.2315,0.92,0.89,5544.0,-0.03,4.82,0.6830470382388496,0.3096301674258988,1.6252273919243523,2.3627450980392157
Kepler-1826 b,2.78,1.47519116,1.615360022,0.0213,0.49,0.486,3821.0,-0.28,2.78,0.4440447959180762,0.16884830123211175,0.2082693304707512,1.884501531313406
HD 134606 c,11.31,3.37,58.883,0.3007,1.046,1.158,5576.0,0.343,11.31,1.0534626049254554,0.5276299008713387,1.7699899285416567,3.3560830860534123
HIP 75092 b,568.91284853,13.5,926.4,2.02,1.28,4.53,4891.0,-0.01,568.91284853,2.755045742139486,1.130333768495006,2.966798546383361,42.14169248370371
Kepler-828 b,2.89,1.51,0.567857136,0.01228,0.81,0.77,5039.0,-0.02,2.89,0.4608978427565479,0.17897694729316943,-0.24576091226607852,1.913907284768212
HD 5278 b,7.8,2.45,14.339156,0.1202,1.126,1.194,6203.0,-0.12,7.8,0.8920946026904804,0.3891660843645325,1.1565235895932955,3.1836734693877546
Kepler-1157 b,1.32,1.09,4.45743164,0.0448,0.76,0.71,4679.0,0.05,1.32,0.12057393120584989,0.037426497940623665,0.6490846914775807,1.2110091743119267
Kepler-1610 b,3.22,1.61,8.70181574,0.0777,0.91,0.87,5383.0,0.1,3.22,0.5078558716958309,0.20682587603184974,0.9396098829157341,2.0
Kepler-1245 c,2.67,1.44,2.936584681,0.0372,0.86,0.83,5306.0,-0.01,2.67,0.42651126136457523,0.15836249209524964,0.467842528918381,1.8541666666666667
Kepler-431 b,0.37,0.764,6.803,0.0719,1.071,1.092,6004.0,0.07,0.37,-0.431798275933005,-0.11690664142431006,0.8327004709605674,0.48429319371727747
DMPP-4 b,12.2,3.53,3.4982,0.04853,1.25,1.38,6400.0,-0.007,12.2,1.0863598306747482,0.5477747053878226,0.5438446354495112,3.456090651558074
Kepler-184 d,6.76,2.49,29.022358,0.179,0.872,0.873,5788.0,-0.1958,6.76,0.829946695941636,0.3961993470957364,1.462732694965455,2.7148594377510036
Kepler-1140 b,8.1,2.77,24.0862707,0.1478,0.76,0.73,4850.0,-0.08,8.1,0.9084850188786497,0.4424797690644486,1.381769562979327,2.9241877256317688
TOI-1799 b,4.0,1.642,7.094570865,0.072502,1.01,0.957,5690.0,-0.064,4.0,0.6020599913279624,0.21537315278342195,0.8509261310691851,2.43605359317905
Kepler-1696 b,8.29,2.80982017,65.9409,0.3244,1.02,1.19811,5712.0,-0.04,8.29,0.9185545305502735,0.4486785257143959,1.8191548703528777,2.950366748915465
Kepler-928 b,3.15,1.59,3.932461302,0.0444,0.73,0.7,4700.0,-0.11,3.15,0.4983105537896005,0.2013971243204515,0.5946644575736326,1.981132075471698
Kepler-153 c,6.94,2.53,46.90232,0.237,0.756,0.892,5404.0,-0.27,6.94,0.8413594704548549,0.40312052117581787,1.6711943254075843,2.7430830039525693
HD 73256 c,5085.254512,12.2,2690.0,3.8,1.0,0.944723,5570.0,0.29,5085.254512,3.7063126938155175,1.0863598306747482,3.429752280002408,416.8241403278689
HD 175541 b,190.06234,14.1,298.43,0.975,1.39,4.19,5013.0,-0.07,190.06234,2.2788960718866482,1.14921911265538,2.4748424789198213,13.479598581560284
HD 219134 g,10.80622,3.28,94.2,0.3753,0.794,0.77,4913.0,0.08,10.80622,1.0336738049404923,0.5158738437116791,1.9740509027928774,3.294579268292683
Kepler-708 b,8.91,2.93,3.167891938,0.0426,0.97,0.96,5692.0,0.01,8.91,0.9498777040368748,0.4668676203541095,0.5007703586716425,3.040955631399317
WASP-54 b,187.5197,17.71022,3.69364,0.04988,1.08,1.76,6100.0,-0.27,187.5197,2.2730468995403816,1.248223956119074,0.5674545647283816,10.588219683324093
K2-250 b,7.81,2.71257333,4.01392,0.04606,0.809,0.797,5003.0,-0.02,7.81,0.8926510338773003,0.43338148745894195,0.6035687124701561,2.879184836636287
Kepler-1325 b,8.55,2.86,33.8786838,0.2004,0.93,0.91,5550.0,0.01,8.55,0.9319661147281727,0.456366033129043,1.5299265294774198,2.98951048951049
Kepler-703 b,51.1,8.2,4.583521756,0.0535,1.18,1.27,6185.0,0.05,51.1,1.7084209001347128,0.9138138523837167,0.661199297099505,6.231707317073171
TOI-1533 c,36.6,7.5,8.0637926,0.076,0.88,0.849,5146.0,0.24,36.6,1.5634810853944108,0.8750612633917001,0.9065393492311788,4.88
Kepler-957 b,25.9,5.5,5.907413537,0.0559,0.81,0.75,4963.0,-0.01,25.9,1.413299764081252,0.7403626894942439,0.7713973738628344,4.709090909090909
TOI-3856 b,171.62733978,13.59649359,2.04360352,0.0325,1.096,1.055,5622.0,0.454,171.62733978,2.234586470982561,1.1334269222777686,0.3103966420603627,12.622911829725652
Kepler-1740 b,11.0,3.32321414,8.172400475,0.0779,0.943,0.905,5705.0,-0.06,11.0,1.0413926851582251,0.521558327081885,0.9123496403663252,3.3100485062331853
Kepler-176 d,1.72,2.51,25.751974,0.163,0.86,0.891,5232.0,0.13,1.72,0.2355284469075489,0.3996737214810381,1.410810525200459,0.6852589641434264
K2-150 b,4.66,2.0,10.59357,0.0727,0.457,0.436,3499.0,0.09,4.66,0.6683859166900001,0.3010299956639812,1.0250423406576068,2.33
Kepler-307 b,7.44,2.43,10.4208,0.09359,0.907,0.814,5367.0,0.19,7.44,0.8715729355458788,0.38560627359831223,1.0179010608300072,3.0617283950617282
Kepler-755 c,2.13,1.26,2.853133644,0.037,0.82,0.77,5043.0,-0.01,2.13,0.3283796034387377,0.10037054511756291,0.45532211497721964,1.6904761904761905
Kepler-607 c,8.05,2.76001201,39.67679977,0.21507,0.808,0.888,5244.0,0.02,8.05,0.9057958803678685,0.44091097187151457,1.5985366358037416,2.916653974994841
TOI-540 b,0.674,0.903,1.2391491,0.01223,0.159,0.1895,3216.0,,0.674,-0.17134010346468015,-0.04431224968649419,0.09312356578800107,0.7464008859357697
K2-320 b,7.37,2.62,1.995,0.0142,0.117,0.3,3157.0,,7.37,0.8674674878590515,0.41830129131974547,0.2999429000227671,2.812977099236641
Kepler-1523 b,3.12,1.58,0.93875077,0.01867,0.97,0.96,5708.0,0.0,3.12,0.4941545940184428,0.19865708695442263,-0.027449693762354264,1.9746835443037976
GJ 463 b,1080.6165838,13.1,3459.0,3.53,0.486,0.483,3563.0,-0.16,1080.6165838,3.033671628201848,1.1172712956557642,3.5389505620143615,82.4898155572519
Kepler-62 c,4.0,0.54,12.4417,0.0929,0.69,0.64,4925.0,-0.37,4.0,0.6020599913279624,-0.26760624017703144,1.0948797252243534,7.4074074074074066
HD 222582 b,2660.2371,12.6,572.38,1.34,1.12,1.13,5790.0,0.01,2660.2371,3.4249203458914974,1.100370545117563,2.7576844503124303,211.12992857142856
Kepler-210 c,12.8,3.62,7.972513,0.07,0.77,0.65,4559.0,0.2772,12.8,1.1072099696478683,0.5587085705331657,0.9015952360772623,3.535911602209945
Kepler-1551 b,7.56,2.66,24.4973698,0.1772,1.14,1.22,6136.0,0.01,7.56,0.8785217955012065,0.424881636631067,1.3891194581332853,2.8421052631578942
Kepler-1174 b,3.15,1.59,6.89225223,0.0732,1.04,1.04,5936.0,-0.04,3.15,0.4983105537896005,0.2013971243204515,0.8383611625793478,1.981132075471698
Kepler-269 c,3.5,1.69,8.127899,0.081,0.92,0.959,5847.0,0.4,3.5,0.5440680443502757,0.22788670461367352,0.9099782982844301,2.0710059171597632
Kepler-607 b,0.59,0.87,0.638163204,0.0137,0.84,0.8,5196.0,-0.02,0.59,-0.22914798835785583,-0.060480747381381476,-0.19506824050674082,0.6781609195402298
Kepler-1981 b,62.5,9.23,453.54212,1.3292,1.519,3.006,5874.0,0.12,62.5,1.7958800173440752,0.9652017010259121,2.65661762576028,6.771397616468039
TOI-6041 c,77.9,10.5,88.0,0.3721,0.885,0.879,5445.0,0.104,77.9,1.8915374576725645,1.021189299069938,1.9444826721501687,7.419047619047619
Kepler-1082 b,1.46,1.12,1.543206604,0.02571,1.03,1.14,5923.0,-0.06,1.46,0.1643528557844371,0.04921802267018165,0.1884240731600775,1.3035714285714284
Kepler-431 d,1.41,1.11,11.922,0.1045,1.071,1.092,6004.0,0.07,1.41,0.14921911265537988,0.045322978786657475,1.0763491174934587,1.2702702702702702
WASP-170 b,508.528,12.285064,2.34478022,0.0337,0.93,0.938,5600.0,0.22,508.528,2.706314870554162,1.0893774233130018,0.3701021418424036,41.39400494779677
K2-74 b,5.95,2.31,19.5666,0.1402,0.96,0.98,6060.0,-0.21,5.95,0.7745169657285496,0.36361197989214433,1.2915153668168047,2.5757575757575757
TOI-1246 d,5.4,3.43139739,18.654874,0.132,0.8889,0.8649,5213.0,0.168,5.4,0.7323937598229685,0.5354710165960417,1.270792320045863,1.5737028930945245
Kepler-372 d,3.5,1.69,30.092568,0.201,1.202,1.137,6509.0,-0.13,3.5,0.5440680443502757,0.22788670461367352,1.4784592505729661,2.0710059171597632
HD 25723 b,794.5710175,13.3,457.01,1.49,2.12,13.76,4766.0,-0.03,794.5710175,2.90013271983163,1.1238516409670858,2.659925703127408,59.74218176691729
Kepler-84 b,40.0,2.23,8.726,0.0827,1.0,1.43,6039.0,-0.07,40.0,1.6020599913279623,0.34830486304816066,0.9408152086508014,17.937219730941703
TOI-3353.01,7.59,2.6667555,4.6657965,0.060118218,1.332089,1.0207,6365.0,,7.59,0.8802417758954804,0.42598319946624164,0.6689257929973019,2.846155187455318
Kepler-1555 b,3.22,1.61,8.10501635,0.0805,1.04,1.06,5866.0,0.03,3.22,0.5078558716958309,0.20682587603184974,0.9087538952743076,2.0
Kepler-1725 b,8.31,2.8125177,16.71990013,0.13263,1.049,1.085,6020.0,0.0,8.31,0.919601023784111,0.449095264270758,1.2232336790169065,2.9546480720814667
Kepler-120 b,8.5,2.15,6.312501,0.055,0.654,0.534,4096.0,-0.12,8.5,0.9294189257142927,0.33243845991560533,0.8002014599258382,3.9534883720930236
Kepler-627 b,13.4,3.73,40.6994443,0.22661,1.3,1.49,6424.0,0.05,13.4,1.1271047983648077,0.5717088318086876,1.6095884795178204,3.5924932975871315
Kepler-1326 b,16.3,4.18,42.3514267,0.2743,1.45,1.74,6725.0,0.02,16.3,1.212187604403958,0.6211762817750351,1.6268680450681612,3.8995215311004787
TOI-1184 b,6.8,2.39,5.748433803,0.056027,0.71,0.69,4534.0,0.017,6.8,0.8325089127062363,0.3783979009481377,0.7595495345387815,2.8451882845188283
G 192-15 b,1.03,1.02,2.27476,0.01723,0.132,0.170718,2999.0,,1.03,0.012837224705172217,0.00860017176191757,0.35693558289470256,1.0098039215686274
HATS-61 b,1080.622,13.394755,7.817953,0.07908,1.076,1.664,5542.0,0.247,1080.622,3.0336738049404923,1.1269347744488079,0.8930930552108349,80.67501047984827
Kepler-684 b,11.2,3.36,6.770302008,0.064,0.89,0.86,5493.0,-0.11,11.2,1.0492180226701815,0.526339277389844,0.8306080420208106,3.333333333333333
WASP-159 b,174.8065,15.46842,3.840401,0.0538,1.41,2.11,6120.0,0.22,174.8065,2.242557577392481,1.189445955565888,0.5843765741057545,11.30086330730611
K2-26 b,7.61,2.67,14.5665,0.0962,0.56,0.52,3785.0,-0.13,7.61,0.8813846567705729,0.42651126136457523,1.1633552131779168,2.850187265917603
TIC 9344899 b,6170.0,9.16,8.5821566,0.0815,0.98,1.06,5800.0,0.07,6170.0,3.7902851640332416,0.9618954736678504,0.9335964349106315,673.5807860262008
WASP-194 b,373.13054982,15.47960235,3.183387,0.047,1.29,1.409,6405.0,0.0,373.13054982,2.571860808073516,1.189759800053664,0.5028894384161471,24.104659886175952
Kepler-1956 b,1.32,1.08940238,5.943719864,0.0563,0.671,0.682,4391.0,0.04,1.32,0.12057393120584989,0.037188319734375815,0.7740583323161161,1.2116735048807221
Kepler-352 c,2.07,1.24,16.332995,0.118,0.798,0.781,5212.0,-0.11,2.07,0.3159703454569177,0.09342168516223506,1.2130658291156937,1.6693548387096773
Kepler-1175 b,9.22,2.99,37.94563,0.2181,0.9,0.86,5453.0,-0.04,9.22,0.9647309210536293,0.4756711883244297,1.5791617676843206,3.0836120401337794
TOI-3523 A b,435.42491759,15.9727975,2.30458952,0.03559,1.131,1.448,6450.0,-0.366,435.42491759,2.638913278315999,1.2033809857949513,0.3625935826219262,27.26040429611657
Kepler-1586 b,2.92,1.52,15.6049212,0.12208,1.45,1.75,6681.0,0.06,2.92,0.4653828514484183,0.18184358794477254,1.1932615799547908,1.9210526315789473
TOI-1062 c,9.78,3.1,7.972,0.08,0.94,0.84,5328.0,0.14,9.78,0.9903388547876014,0.4913616938342727,0.90156729002845,3.154838709677419
Kepler-30 b,11.3,3.9,29.33434,0.18,0.99,0.95,5498.0,0.18,11.3,1.0530784434834197,0.5910646070264992,1.467376321371762,2.897435897435898
Kepler-1285 b,0.871,0.97,14.7967458,0.12758,1.2,1.28,6170.0,0.16,0.871,-0.059981844992336796,-0.01322826573375516,1.1701662129286894,0.8979381443298969
Kepler-103 c,58.47,5.4539,179.60978,0.6679,1.212,1.492,6047.0,0.15,58.47,1.7669330938372838,0.7367071706708223,2.2543299809080812,10.720768624287206
Kepler-433 b,896.24,16.25,5.33408384,0.0679,1.46,2.26,6360.0,-0.01,896.24,2.9524243229642275,1.2108533653148932,0.7270598375561838,55.15323076923077
CoRoT-8 b,69.92,6.39,6.21229,0.063,0.88,0.77,5080.0,0.3,69.92,1.8446014196263467,0.8055008581584001,0.7932517211164108,10.94209702660407
Kepler-361 c,6.9,2.52,55.188023,0.3,1.191,1.343,6169.0,0.04,6.9,0.8388490907372553,0.4014005407815441,1.7418448366170056,2.738095238095238
Kepler-568 b,5.73,2.26,11.02347475,0.0794,0.55,0.53,3768.0,0.11,5.73,0.75815462196739,0.35410843914740087,1.0423185116561542,2.535398230088496
Kepler-1923 b,4.5,1.95958179,52.60969925,0.2846,1.109,1.294,5881.0,0.16,4.5,0.6532125137753437,0.29216339499165095,1.7210658191049186,2.2964083576220617
Kepler-1208 b,5.99,2.32,11.08507637,0.0901,0.8,0.76,5001.0,-0.03,5.99,0.7774268223893114,0.3654879848908996,1.0447386895078214,2.5818965517241383
Kepler-406 c,2.71,0.85,4.62332,0.05531,1.07,1.07,5538.0,0.18,2.71,0.4329692908744057,-0.07058107428570728,0.6649539538803473,3.1882352941176473
Kepler-1910 b,1.78,1.184,5.688769817,0.0536,0.636,0.639,4234.0,-0.02,1.78,0.250420002308894,0.07335170238690095,0.7550183613949165,1.5033783783783785
Kepler-1655 b,5.4,2.213,11.8728787,0.1029,1.03,1.03,6148.0,-0.24,5.4,0.7323937598229685,0.34498141392725795,1.0745560308291098,2.4401265250790782
HD 191939 g,13.5,3.74,284.0,0.812,0.81,0.94,5348.0,-0.15,13.5,1.130333768495006,0.5728716022004802,2.4533183400470375,3.6096256684491976
HD 87816 c,3877.5065654,12.4,7596.0,10.14,2.41,9.0,4989.0,0.14,3877.5065654,3.588552541834341,1.0934216851622351,3.88058495606498,312.70214237096775
Kepler-185 c,4.74,2.02,20.729042,0.139,0.763,0.806,5208.0,-0.14,4.74,0.6757783416740851,0.3053513694466238,1.3165792314847167,2.3465346534653464
TOI-707 b,6.42,2.416,52.79918,0.275,0.99,0.978,5424.0,0.16,6.42,0.8075350280688532,0.3830969299490942,1.7226271777565296,2.6572847682119205
Kepler-738 b,6.8,2.5,24.58721573,0.1552,0.86,0.82,5327.0,-0.09,6.8,0.8325089127062363,0.3979400086720376,1.390709351774122,2.7199999999999998
Kepler-658 b,3.29,1.63,1.287076762,0.0188,0.63,0.6,4103.0,-0.04,3.29,0.5171958979499743,0.21218760440395779,0.10960444925005246,2.0184049079754605
HD 235088 b,4.15,1.982,7.4341325,0.0706,0.849,0.772,5075.0,-0.02,4.15,0.6180480967120927,0.2971036501492565,0.8712302973443237,2.0938446014127146
Kepler-93 b,4.66,1.478,4.72673978,0.05343,0.911,0.919,5669.0,-0.18,4.66,0.6683859166900001,0.16967443405880692,0.6745616938576342,3.1529093369418133
Kepler-596 b,11.8,3.46,21.30022655,0.15161,1.21,1.32,6267.0,0.03,11.8,1.0718820073061255,0.5390760987927766,1.3283842226355282,3.410404624277457
K2-174 b,7.27,2.6,19.562307,0.126,0.7,0.676,4455.0,0.113,7.27,0.8615344108590378,0.414973347970818,1.2914200702005056,2.796153846153846
Kepler-1357 b,2.18,1.28,3.0091324,0.041,0.93,0.9,5597.0,-0.06,2.18,0.33845649360460484,0.10720996964786837,0.4784412968542015,1.703125
Kepler-1807 b,7.77,2.70393215,10.86060047,0.0988,1.087,1.496,6455.0,-0.36,7.77,0.8904210188009143,0.4319957896178596,1.0358538375546957,2.8735928155593697
GJ 3378 b,2.3,1.32,21.45,0.09673,0.262,0.275,3340.0,-0.09,2.3,0.36172783601759284,0.12057393120584989,1.331427296520743,1.7424242424242422
Kepler-256 b,3.15,1.59,1.620493,0.027,1.037,1.301,5551.0,0.26,3.15,0.4983105537896005,0.2013971243204515,0.20964715936209524,1.981132075471698
NGTS-31 b,355.96781584,18.04645893,4.162734,0.064,0.96,1.7,5710.0,0.0,355.96781584,2.551410733829774,1.2563919974864939,0.6193786602206558,19.72507832260919
TOI-2525 c,208.8132634,10.13291855,49.2519,0.249,0.849,0.785,5096.0,0.14,208.8132634,2.3197580807214533,1.005734551737804,1.6924229890183868,20.607415560445812
Kepler-574 b,6.3,2.39,7.65880414,0.0723,0.95,0.91,5612.0,-0.01,6.3,0.7993405494535817,0.3783979009481377,0.8841609633736509,2.6359832635983262
Kepler-1062 b,3.75,1.76,9.30412078,0.0748,0.75,0.7,4597.0,0.11,3.75,0.5740312677277188,0.24551266781414982,0.9686753394834037,2.1306818181818183
HD 28185 c,1906.970442,12.8,9090.0,8.5,0.974,1.048,5602.0,0.19,1906.970442,3.2803439615432364,1.1072099696478683,3.9585638832219674,148.98206578125
K2-317 b,8.91,2.93,6.22,0.0542,0.403,0.379,3387.0,,8.91,0.9498777040368748,0.4668676203541095,0.7937903846908186,3.040955631399317
Kepler-1375 b,3.68,1.74,3.3004192,0.0471,1.47,1.78,6704.0,0.09,3.68,0.5658478186735176,0.24054924828259971,0.5185691049337853,2.1149425287356323
TOI-6478 b,19.2,4.6,34.005019,0.1136,0.23,0.234,3230.0,-0.53,19.2,1.2833012287035497,0.6627578316815741,1.531543021840421,4.173913043478261
Kepler-1338 b,0.721,0.92,0.935118057,0.01937,1.04,1.05,5909.0,0.0,0.721,-0.14206473528057098,-0.036212172654444715,-0.02913355675631055,0.783695652173913
WASP-59 b,274.276,8.687,7.919585,0.0697,0.719,0.613,4650.0,-0.15,274.276,2.438187807154009,0.9388698215129866,0.898702424401091,31.573155289513068
K2-63 c,14.5,3.9,25.4556,0.189,1.4,1.63,6771.0,,14.5,1.1613680022349748,0.5910646070264992,1.4057833380112734,3.717948717948718
Kepler-1539 b,7.75,2.7,133.3036741,0.4765,0.84,0.8,5176.0,-0.01,7.75,0.8893017025063102,0.43136376415898736,2.124842119551641,2.8703703703703702
Kepler-614 b,6.3,2.39,14.03491514,0.1027,0.85,0.81,5268.0,-0.07,6.3,0.7993405494535817,0.3783979009481377,1.1472097910822392,2.6359832635983262
Kepler-257 c,25.2,5.41,6.581484,0.066,0.916,1.037,5180.0,0.4,25.2,1.4014005407815442,0.7331972651065695,0.81832382983663,4.65804066543438
TOI-5398 b,58.7,10.3,10.590547,0.098,1.146,1.051,6000.0,0.09,58.7,1.7686381012476144,1.0128372247051722,1.024918391924912,5.699029126213592
TOI-1820 b,731.0053361,12.778238,4.860674,0.061,1.04,1.51,5734.0,0.14,731.0053361,2.8639205471771856,1.1064709727868949,0.686696494403322,57.207052811193535
Kepler-1220 b,2.92,1.52,7.42693741,0.0734,1.0,0.99,5842.0,-0.04,2.92,0.4653828514484183,0.18184358794477254,0.8708097639443896,1.9210526315789473
Kepler-192 d,1.04,1.02,6.47027579,0.0686,0.94,0.94,5487.0,0.13,1.04,0.01703333929878037,0.00860017176191757,0.8109227924959792,1.0196078431372548
Kepler-825 b,2.96,1.53,3.77360059,0.0453,1.03,1.08,5976.0,-0.08,2.96,0.4712917110589386,0.1846914308175988,0.5767559311393108,1.934640522875817
Kepler-1414 b,2.04,1.23,3.51576315,0.0426,0.8,0.75,4951.0,-0.02,2.04,0.3096301674258988,0.08990511143939793,0.5460196098281315,1.6585365853658538
HD 86950 b,1144.188,13.0,1270.0,2.72,1.66,8.8,4805.0,0.04,1144.188,3.0584973886655247,1.1139433523068367,3.103803720955957,88.01446153846155
Kepler-1150 b,1.04,1.02,2.787868386,0.0382,0.76,0.72,4754.0,0.01,1.04,0.01703333929878037,0.00860017176191757,0.44527226706472695,1.0196078431372548
Kepler-1765 b,6.78,2.49508857,10.41889954,0.0917,0.946,1.064,5692.0,0.04,6.78,0.8312296938670634,0.3970859667047136,1.017821850542759,2.7173384069488162
Kepler-831 b,2.15,1.27,5.62153941,0.05984,0.99,0.97,5732.0,0.02,2.15,0.33243845991560533,0.10380372095595687,0.7498552596474799,1.6929133858267715
K2-257 b,0.498,0.83,1.60588,0.0216,0.52,0.5,3725.0,-0.03,0.498,-0.30277065724028246,-0.08092190762392612,0.20571308933310473,0.6
Kepler-27 d,7.78,2.7061946,6.546289921,0.06578,0.926,0.817,5251.0,0.21,7.78,0.890979596989689,0.43235902310693064,0.8159952353597463,2.874885642000764
HIP 29442 d,5.14,1.538,6.429575,0.0673,0.901,0.98,5289.0,0.24,5.14,0.7109631189952758,0.18695633546541224,0.8081822666637312,3.342002600780234
Kepler-196 b,4.27,1.9,20.739886,0.138,0.839,0.782,5128.0,0.03,4.27,0.6304278750250238,0.2787536009528289,1.3168063648926072,2.2473684210526312
Kepler-806 b,1.55,1.14,8.09219642,0.07684,0.99,1.16,5770.0,0.0,1.55,0.1903316981702915,0.05690485133647256,0.9080664157555693,1.3596491228070178
Kepler-1854 b,7.21,2.58746104,39.83110046,0.20894,0.8,0.759,5026.0,0.0,7.21,0.857935264719429,0.4128738192416314,1.6002223053323363,2.786515386527327
TOI-5624 b,9.4,2.314,3.3903473,0.04201,0.858,0.82,5327.0,-0.023,9.4,0.9731278535996987,0.3643633546157308,0.5302441886891954,4.062229904926534
Kepler-739 b,11.0,3.32,12.53248465,0.1054,0.93,0.9,5601.0,-0.08,11.0,1.0413926851582251,0.5211380837040362,1.0980371813541614,3.313253012048193
HD 204313 b,1466.7780983,12.9,2041.11539,3.185,1.03,1.1,5767.0,0.18,1466.7780983,3.166364416520043,1.110589710299249,3.30986755729996,113.7037285503876
Kepler-129 d,2637.9757781,12.6,2646.0,4.0,1.178,1.653,5770.0,0.29,2637.9757781,3.4212708035356663,1.100370545117563,3.422589839851482,209.3631569920635
Kepler-389 c,2.73,1.46,14.51143,0.11,0.765,0.792,5376.0,-0.1,2.73,0.436162647040756,0.1643528557844371,1.161710211232256,1.86986301369863
K2-158 c,2.18,1.28,5.90279,0.0622,0.92,0.95,5503.0,0.07,2.18,0.33845649360460484,0.10720996964786837,0.771057332863157,1.703125
Kepler-864 c,3.26,1.62,2.42150341,0.0382,1.27,1.195,6213.0,0.36,3.26,0.5132176000679389,0.20951501454263097,0.38408508496345456,2.0123456790123453
TOI-5800 b,9.5,2.46,2.6278838,0.0344,0.778,0.773,4850.0,-0.04,9.5,0.9777236052888477,0.39093510710337914,0.4196061576402112,3.861788617886179
TOI-2803 A b,309.88269682,18.11371281,1.96229325,0.03185,1.118,1.245,6280.0,-0.105,309.88269682,2.491197326851122,1.2580074777922443,0.2927639099450922,17.10763000774329
Kepler-1462 b,14.0,3.82,65.6488341,0.3094,1.0,1.0,5756.0,0.06,14.0,1.146128035678238,0.5820633629117087,1.8172270175780851,3.6649214659685865
HD 191939 b,10.0,3.41,8.8803256,0.0804,0.81,0.94,5348.0,-0.15,10.0,1.0,0.5327543789924978,0.9484288896176689,2.932551319648094
HD 212771 b,759.6137,13.3,380.7,1.19,1.56,5.27,5003.0,-0.21,759.6137,2.880592788846375,1.1238516409670858,2.580582876814367,57.11381203007519
Kepler-1695 b,1.46,1.11948901,4.7329,0.0529,0.96,0.987155,5473.19,-0.0347,1.46,0.1643528557844371,0.04901983447620691,0.6751273284893354,1.3041664428666433
TOI-1782.02,4.04,1.839,1.829024227,0.025739,0.68,0.669,4336.0,,4.04,0.6063813651106049,0.2645817292380775,0.262219458118696,2.196846112017401
WASP-119 b,390.9309,15.6926,2.49979,0.0363,1.02,1.2,5650.0,0.14,390.9309,2.592099999337635,1.1956949048428895,0.39790352640328097,24.911799191975835
Kepler-893 b,9.43,3.03,6.33855761,0.0699,1.0,0.99,5820.0,-0.03,9.43,0.9745116927373284,0.48144262850230496,0.8019904419060162,3.1122112211221125
Kepler-1487 c,48.7,7.97,35.8007112,0.2588,1.801,3.955,5745.0,0.4,48.7,1.6875289612146342,0.9014583213961124,1.5538916542183876,6.1104140526976165
KOI-7913 b,6.08,2.34,24.278553,0.1456,0.76,0.788,4324.0,-0.06,6.08,0.7839035792727349,0.3692158574101428,1.3852227992548691,2.5982905982905984
TOI-1472 c,21.13,3.334,15.5381747,0.116,0.87,0.84,5100.0,0.27,21.13,1.3248994970523134,0.5229655954919865,1.1914000000326528,6.337732453509298
Kepler-1239 b,8.75,2.9,5.19104016,0.0625,1.4,1.57,6564.0,0.22,8.75,0.9420080530223133,0.4623979978989561,0.7152543887707635,3.0172413793103448
Kepler-1902 b,1.74,1.17563613,3.822220087,0.0385,0.52,0.514,3729.0,0.06,1.74,0.24054924828259971,0.07027292447314856,0.5823156905205951,1.4800497837711062
Kepler-297 b,48.5,2.87,38.871826,0.217,0.927,0.915,5619.0,-0.11,48.5,1.6857417386022637,0.4578818967339923,1.5896349420487506,16.898954703832754
Kepler-351 d,7.85,2.72,142.544247,0.5177,0.81,0.78,5225.0,-0.16,7.85,0.8948696567452525,0.43456890403419873,2.153949694135324,2.8860294117647056
K2-136 d,3.0,1.565,25.575,0.1538,0.742,0.677,4500.0,-0.02,3.0,0.47712125471966244,0.19451434188246727,1.4078156423841977,1.9169329073482428
Kepler-789 b,5.14,2.12,8.63847725,0.0951,1.01,1.02,5870.0,-0.06,5.14,0.7109631189952758,0.32633586092875144,0.9364371938439109,2.424528301886792
K2-279 b,1.92,1.21,7.122605,0.067,0.79,0.86,5558.0,-0.37,1.92,0.28330122870354957,0.08278537031645007,0.8526388602399776,1.5867768595041323
nu Oph c,7838.32346,12.0,3180.6,5.829,2.61,12.24,4887.0,0.1,7838.32346,3.8942231813154167,1.0791812460476249,3.50250905461007,653.1936216666667
KOI-1599.02,9.0,1.9,13.6088,0.112293,1.02,0.972,5833.0,0.06,9.0,0.9542425094393249,0.2787536009528289,1.133819831569624,4.736842105263158
HIP 71135 b,18.8,4.55,87.19,0.335,0.66,0.681296,4146.0,,18.8,1.2741578492636798,0.6580113966571124,1.9404666776635289,4.131868131868132
K2-147 b,2.77,1.47286006,0.961939,0.01575,0.563,0.578,3690.0,-0.02,2.77,0.4424797690644486,0.16816148543264847,-0.01685246725881233,1.8806946262090916
Kepler-11 d,7.3,3.12,22.6845,0.155,0.961,1.065,5663.0,0.05,7.3,0.8633228601204559,0.4941545940184428,1.3557292112134942,2.3397435897435894
K2-131 b,7.9,1.69,0.3693038,0.00936,0.803,0.7595,5120.0,-0.04,7.9,0.8976270912904415,0.22788670461367352,-0.43261622359586493,4.674556213017752
Kepler-218 d,7.56,2.66,124.5244647,0.49884,1.01,1.02,5542.0,0.31,7.56,0.8785217955012065,0.424881636631067,2.0952546834834345,2.8421052631578942
TOI-6054.01,12.5,2.64,7.501428,0.0763,1.107,1.662,6047.0,-0.07,12.5,1.0969100130080565,0.42160392686983106,0.8751439451899969,4.734848484848484
Kepler-1937 b,9.39,3.0229133,9.688599586,0.0915,1.19,1.196,6457.0,-0.06,9.39,0.9726655922661109,0.4804256913817396,0.986261007595115,3.106274996375186
HAT-P-56 b,734.1873,16.92559,2.79083,0.0423,1.42,1.47,6566.0,0.0,734.1873,2.865806867790382,1.2285438164578208,0.4457333827765165,43.37735346301075
HD 8574 b,645.1949,13.4,227.0,0.76,1.34,1.38,6064.0,0.01,645.1949,2.8096909258114504,1.1271047983648077,2.3560258571931225,48.148873134328355
HATS-71 b,117.5971,11.478016,3.7955202,0.03745,0.4861,0.4783,3405.0,0.17,117.5971,2.0703966119652324,1.0598668258044635,0.5792713071107873,10.24542046290927
GJ 1061 b,1.11,1.04,3.2073,0.021,0.12,0.156,2953.0,-0.08,1.11,0.045322978786657475,0.01703333929878037,0.506139584266144,1.0673076923076923
Kepler-102 b,1.1,0.46,5.286965,0.05521,0.803,0.724,4909.0,0.11,1.1,0.04139268515822508,-0.3372421683184259,0.7232064353611962,2.391304347826087
Kepler-915 b,2.86,1.5,4.59489604,0.05655,1.21,1.38,6173.0,0.08,2.86,0.456366033129043,0.17609125905568124,0.6622756898755385,1.9066666666666665
TIC 241249530 b,1582.78546686,13.29385111,165.7719,0.641,1.271,1.397,6166.0,0.09,1582.78546686,3.19942205391931,1.1236508104041583,2.219510915181651,119.06147088328568
TOI-5795 b,23.66,5.62,6.1406325,0.064,0.901,1.082,5715.0,-0.27,23.66,1.3740147402919116,0.7497363155690611,0.788213106827224,4.209964412811388
Kepler-1315 b,2.48,1.38,0.84338011,0.01617,0.8,0.75,4861.0,0.07,2.48,0.3944516808262163,0.13987908640123647,-0.07397664545905375,1.7971014492753625
Kepler-1912 b,2.41,1.35670508,6.059219837,0.06489,0.977,0.962,5734.0,0.04,2.41,0.3820170425748684,0.13248545116097887,0.7824167095957263,1.7763624796038946
TOI-1260 c,13.2,2.76,7.493134,0.0657,0.679,0.672,4227.0,-0.1,13.2,1.1205739312058498,0.4409090820652177,0.8746634991722658,4.782608695652174
Kepler-306 e,5.77,2.27,44.840975,0.227,0.75,0.719,4954.0,-0.13,5.77,0.7611758131557314,0.35602585719312274,1.6516750471101862,2.541850220264317
HD 10442 b,472.61321,13.6,1032.3,2.01,1.01,1.97,4912.0,0.11,472.61321,2.6745058564201916,1.1335389083702174,3.0138059273405924,34.75097132352941
Kepler-198 c,6.66,2.47,49.567416,0.259,0.995,0.94,5574.0,0.1142,6.66,0.8234742291703011,0.39269695325966575,1.6951962792805415,2.6963562753036436
Kepler-129 b,20.0,2.4,15.79,0.13,1.178,1.653,5770.0,0.29,20.0,1.3010299956639813,0.38021124171160603,1.1983821300082942,8.333333333333334
Kepler-1549 b,7.13,2.57,214.886545,0.6687,0.88,0.84,5324.0,0.02,7.13,0.8530895298518656,0.4099331233312945,2.3322092232383405,2.77431906614786
HD 8326 b,66.6,9.58,158.991,0.533,0.8,0.783181,4914.0,0.0399,66.6,1.823474229170301,0.9813655090785445,2.2013725409181655,6.951983298538622
Kepler-1800 b,0.961,0.99679734,4.562029839,0.05098,1.33,2.506,5343.0,0.08,0.961,-0.017276612331454656,-0.0013931296183558998,0.6591581215523494,0.9640876449369337
TOI-1742 b,9.7,2.36507598,21.269084,0.154,1.0861,1.131,5815.0,0.193,9.7,0.9867717342662449,0.37384509736334004,1.3277487864560122,4.101348152036959
BD+45 564 b,432.24663352,13.6,307.88,0.83,0.81,0.813064,5004.0,-0.09,432.24663352,2.63573161952981,1.1335389083702174,2.488381477887442,31.7828407
HD 11343 c,255.53403923,13.9,228.53731,0.923,2.009,6.84,4672.0,-0.19,255.53403923,2.407448759911443,1.1430148002540952,2.3589571112084484,18.383743829496403
TOI-2295 b,278.09985612,16.47720163,30.033302,0.1992,1.168,1.459,5730.0,0.316,278.09985612,2.4442007641740977,1.2168834561569815,1.477603083166142,16.877857197162918
Kepler-656 c,2.57,1.41,5.25449393,0.0602,1.05,0.954,5550.0,0.46,2.57,0.4099331233312945,0.14921911265537988,0.7205308946759661,1.822695035460993
Kepler-1941 b,7.51,2.64976949,31.33510017,0.2054,1.175,1.142,6404.0,-0.06,7.51,0.8756399370041684,0.4232080952291582,1.496031087362421,2.8342087975358186
Kepler-1311 d,67.5,9.65837605,197.5110016,0.68434,1.032,1.674,5616.0,0.04,67.5,1.8293037728310249,0.9849041106999152,2.29559129136046,6.9887525242921145
Kepler-1316 b,12.3,3.54,87.9732136,0.39765,1.04,1.12,5884.0,0.03,12.3,1.089905111439398,0.5490032620257879,1.9443504567344025,3.4745762711864407
Kepler-256 d,6.71,2.48,5.839172,0.064,1.037,1.301,5551.0,0.26,6.71,0.8267225201689921,0.3944516808262163,0.7663512681183375,2.7056451612903225
K2-90 c,2.24,1.3,2.900706,0.035,0.704613,0.634754,4421.98,-0.225,2.24,0.35024801833416286,0.11394335230683679,0.462503713274201,1.7230769230769232
HD 11506 d,4068.2036096,12.3,26500.0,18.2,1.22,1.24,6123.0,0.3,4068.2036096,3.609402680807461,1.089905111439398,4.423245873936808,330.7482609430894
Kepler-1118 b,7.95,2.74,38.6715075,0.2079,0.96,0.97,5688.0,0.0,7.95,0.9003671286564703,0.437750562820388,1.5873911021524683,2.901459854014598
K2-247 c,5.43,2.19,6.49424,0.0615,0.74,0.69,4667.0,-0.08,5.43,0.7347998295888469,0.34044411484011833,0.8125283342976308,2.4794520547945207
K2-322 b,4.35,1.92,8.205,0.0594,0.63,0.602,4141.0,,4.35,0.6384892569546373,0.28330122870354957,0.914078585389112,2.265625
HD 141004 b,13.63483866,3.77,15.5083,0.1238,1.051904,1.389372,5885.38,0.0247,13.63483866,1.1346500033347613,0.5763413502057929,1.190564193617374,3.6166680795755966
Kepler-168 c,7.7,2.69,13.193242,0.116,1.113,1.107,6282.0,0.09,7.7,0.8864907251724818,0.42975228000240795,1.1203515286550119,2.862453531598513
GJ 9689 b,9.65,3.07,18.27,0.1139,0.59,0.57,3836.0,0.05,9.65,0.9845273133437926,0.48713837547718647,1.2617385473525378,3.1433224755700326
Kepler-169 d,2.1,1.25,8.348125,0.075,0.825,0.763,4997.0,0.17,2.1,0.3222192947339193,0.09691001300805642,0.9215889433167281,1.6800000000000002
Kepler-191 d,5.82,2.28,5.945041017,0.06104,0.84,0.8,5215.0,-0.05,5.82,0.7649229846498885,0.35793484700045375,0.7741548553206168,2.5526315789473686
K2-8 b,12.5,3.58,10.35239,0.0856,0.78,0.74,4870.0,-0.02,12.5,1.0969100130080565,0.5538830266438743,1.0150406245743855,3.4916201117318435
HATS-33 b,378.85336,13.78707,2.5495551,0.03727,1.062,1.022,5659.0,0.29,378.85336,2.5784711433024547,1.1394719806040494,0.40646440220950225,27.47888855282522
Kepler-1464 b,3.39,1.66,31.7785901,0.20066,1.02,1.01,5828.0,0.03,3.39,0.5301996982030822,0.22010808804005508,1.502134625238483,2.0421686746987953
Kepler-805 b,8.7,2.89,30.8638931,0.19852,1.19,1.65,6112.0,-0.06,8.7,0.9395192526186185,0.4608978427565479,1.4894507060825815,3.0103806228373697
17 Sco b,1373.01871824,12.9,578.38,1.45,1.22,25.92,4157.0,-0.01,1373.01871824,3.137676457974505,1.110589710299249,2.762213266928569,106.43555955348837
Kepler-264 c,8.4,2.83,140.101261,0.566,1.426,1.55,6158.0,0.0469,8.4,0.9242792860618817,0.45178643552429026,2.146442044228509,2.9681978798586575
HR 858 b,3.55,2.004,3.585287,0.04888,1.204,1.258,6354.0,0.025,3.55,0.5502283530550941,0.3018977171952081,0.5545239263991871,1.7714570858283432
Kepler-941 b,9.69,3.08,17.42395198,0.1311,0.89,0.86,5539.0,-0.15,9.69,0.9863237770507653,0.4885507165004443,1.2411466655080174,3.146103896103896
Kepler-1832 b,2.02,1.22719556,3.138789892,0.037,0.684,0.722,5242.0,-0.54,2.02,0.3053513694466238,0.08891377532802512,0.49676224535949026,1.6460294233789439
TOI-833 b,2.15,1.27,1.0418777,0.0171,0.61,0.6,3920.0,,2.15,0.33243845991560533,0.10380372095595687,0.017816742636826047,1.6929133858267715
HD 38283 b,127.132,14.0,363.20001,1.02,1.37,1.49,5981.0,-0.18,127.132,2.1042548792262,1.146128035678238,2.5601458518064946,9.080857142857143
Kepler-341 b,1.76,1.18,5.195528,0.06,0.976,1.024,6012.0,0.07,1.76,0.24551266781414982,0.07188200730612536,0.7156296896861251,1.4915254237288136
Kepler-1669 b,8.15,2.78043818,9.51216,0.0745,0.67,0.714145,4303.0,-0.23,8.15,0.9111576087399766,0.44411324345775355,0.978279146754947,2.931192665466851
Kepler-295 c,1.71,1.17,21.526258,0.142,0.89,0.898,5603.0,-0.03,1.71,0.23299611039215382,0.06818586174616162,1.3329685411474683,1.4615384615384617
Kepler-1802 b,3.43,1.671,15.45020008,0.0662,0.649,0.637,4245.0,0.0,3.43,0.5352941200427705,0.22297644989339135,1.1889341079082516,2.0526630760023936
TOI-6008 b,4.0,1.03,0.8574347,0.010777,0.23,0.242,3075.0,0.3,4.0,0.6020599913279624,0.012837224705172217,-0.06679894476569467,3.883495145631068
Kepler-1437 b,2.45,1.37,10.9295461,0.0951,0.93,0.9,5557.0,-0.02,2.45,0.3891660843645325,0.1367205671564068,1.0386021262352865,1.7883211678832116
Kepler-330 b,2.39,1.35,8.25978,0.075,0.848,0.722,5117.0,0.16,2.39,0.3783979009481377,0.13033376849500614,0.9169684800009598,1.7703703703703704
Kepler-100 c,7.05,2.2,12.8159,0.11061,1.08,1.49,5825.0,0.02,7.05,0.8481891169913987,0.3424226808222063,1.1077491100371641,3.204545454545454
Kepler-554 b,17.0,4.29,1.902208556,0.03022,0.93,0.92,5447.0,0.14,17.0,1.2304489213782739,0.6324572921847242,0.27925813076886685,3.9627039627039626
Kepler-208 e,2.79,1.48,16.259458,0.132,1.082,1.314,6092.0,-0.0423,2.79,0.44560420327359757,0.17026171539495738,1.2111060645340392,1.885135135135135
Kepler-1287 b,2.99,1.54,11.47685909,0.0976,0.96,0.94,5715.0,-0.05,2.99,0.4756711883244297,0.18752072083646307,1.059823049514894,1.9415584415584417
Kepler-646 b,4.62,1.99,15.87364565,0.11251,0.93,0.91,5634.0,-0.07,4.62,0.6646419755561255,0.29885307640970665,1.2006766812507474,2.321608040201005
Kepler-1880 b,5.13,2.11686218,6.309219837,0.054,0.524,0.53,4380.0,-0.92,5.13,0.7101173651118162,0.32569258385130145,0.7999756601263294,2.423398201577771
Kepler-587 b,5.6,2.23,10.94027841,0.0952,0.92,0.89,5549.0,-0.05,5.6,0.7481880270062004,0.34830486304816066,1.039028374135273,2.5112107623318383
K2-240 c,3.89,1.8,20.523,0.1159,0.58,0.54,3810.0,-0.1,3.89,0.5899496013257077,0.25527250510330607,1.312240845144212,2.161111111111111
Kepler-1495 b,8.96,2.94,85.273256,0.3677,1.03,1.04,5831.0,0.06,8.96,0.9523080096621253,0.46834733041215726,1.9308128460234792,3.047619047619048
Kepler-508 b,3.33,1.64,25.30889748,0.17274,1.16,1.25,6025.0,0.18,3.33,0.5224442335063199,0.21484384804769785,1.4032732265971595,2.030487804878049
HD 191939 f,915.34581216,13.2,2898.0,3.71,0.81,0.94,5348.0,-0.15,915.34581216,2.9615851989188235,1.1205739312058498,3.462098381135156,69.34437970909092
K2-413 b,0.363,0.7599,0.8094,0.0117,0.808,0.7,4116.0,-0.205,0.363,-0.4400933749638875,-0.11924355548978958,-0.09183679994445211,0.4776944334780892
KOI-351 h,203.0,11.252,331.60296,0.97062,1.242,1.185,6031.13,0.083,203.0,2.307496037913213,1.0512297234931633,2.5206183985547406,18.04123711340206
K2-19 c,11.0,4.1,11.906,0.0982,0.88,0.82,5322.0,0.06,11.0,1.0413926851582251,0.6127838567197355,1.0757658782157347,2.682926829268293
TOI-3160 A b,378.21580433,13.7646283,3.971281,0.0505,1.088,1.346,6190.0,-0.114,378.21580433,2.5777396725521236,1.1387644882002177,0.5989306179709022,27.47737142527852
Kepler-1333 b,8.3,2.81,109.6471842,0.4382,0.94,0.92,5628.0,-0.04,8.3,0.919078092376074,0.4487063199050799,2.0399974832355734,2.9537366548042705
Kepler-1715 b,16.0,4.14042267,35.59730148,0.22429,1.082,1.209,6212.0,-0.04,16.0,1.2041199826559248,0.6170446778066313,1.5514170767154256,3.864339772828072
Kepler-1885 b,2.89,1.51110555,2.522559881,0.036,0.977,0.86,5591.0,0.07,2.89,0.4608978427565479,0.17929480066039144,0.40184148439525175,1.9125070383071523
TOI-1803 c,8.0,4.29,12.885779,0.097,0.756,0.715,4687.0,0.014,8.0,0.9030899869919435,0.6324572921847242,1.110110678624207,1.8648018648018647
Kepler-1116 b,6.99,2.54,41.6977827,0.233,0.95,0.93,5641.0,0.01,6.99,0.8444771757456814,0.40483371661993806,1.6201129617661498,2.751968503937008
Kepler-232 b,9.69,3.08,4.431222,0.054,0.97,0.968,5847.0,0.03,9.69,0.9863237770507653,0.4885507165004443,0.6465235083163858,3.146103896103896
HD 141399 d,375.0394,13.7,1069.8,2.09,1.07,1.387236,5600.0,0.35,375.0394,2.574076895204363,1.1367205671564067,3.0293025935589983,27.37513868613139
Kepler-398 d,0.615,0.88,6.83437001,0.0618,0.72,0.67,4557.0,-0.06,0.615,-0.21112488422458328,-0.05551732784983137,0.8346984876250553,0.6988636363636364
Kepler-577 b,7.04,2.55,25.69578251,0.1348,0.78,0.73,4984.0,-0.14,7.04,0.8475726591421122,0.4065401804339551,1.4098618477304907,2.7607843137254906
Kepler-953 b,16.5,4.21,88.40655258,0.392,0.95,0.99,5416.0,0.26,16.5,1.2174839442139063,0.6242820958356683,1.9464844555546112,3.9192399049881237
HD 124330 b,238.37130525,14.0,270.66,0.86,1.15,1.30446,5873.0,0.22,238.37130525,2.3772539745512926,1.146128035678238,2.4324240774813544,17.02652180357143
Kepler-1966 b,1.39,1.10479327,8.617429733,0.0763,0.797,0.84,5009.0,0.16,1.39,0.14301480025409505,0.043281020014125295,0.9353777508331298,1.2581539349891222
Kepler-212 c,7.95,2.74,31.805174,0.207,1.166,1.455,5852.0,0.22,7.95,0.9003671286564703,0.437750562820388,1.5024977758607714,2.901459854014598
HD 238914 b,1906.98,12.8,4100.0,5.7,1.47,12.73,4769.0,-0.25,1906.98,3.280346138281881,1.1072099696478683,3.6127838567197355,148.9828125
Kepler-44 b,317.82,12.22,3.2467293,0.0446,1.12,1.35,5800.0,0.15,317.82,2.5021812233192415,1.0870712059065355,0.5114460803053623,26.008183306055646
Kepler-158 b,5.14,2.12,16.709184,0.111,0.655,0.624,4623.0,-0.3,5.14,0.7109631189952758,0.32633586092875144,1.2229552414583018,2.424528301886792
Kepler-1080 b,10.8,3.28,77.2548396,0.3781,1.1,1.16,5956.0,0.09,10.8,1.0334237554869496,0.5158738437116791,1.8879256951614631,3.2926829268292686
Kepler-1228 b,2.99,1.54,0.577369579,0.01186,0.78,0.74,5063.0,-0.18,2.99,0.4756711883244297,0.18752072083646307,-0.23854610237508095,1.9415584415584417
TOI-5786 b,73.0,8.54,12.779107,0.114,1.23,1.36,6235.0,0.08,73.0,1.863322860120456,0.931457870689005,1.106500506520146,8.5480093676815
Kepler-1850 b,0.313,0.72909663,1.385800004,0.0206,0.611,0.6,4239.0,-0.22,0.313,-0.5044556624535516,-0.13721490913783685,0.14170055825094624,0.42929837708891894
75 Cet c,289.85950718,13.9,2051.62,3.929,1.92,10.38,4809.0,0.1,289.85950718,2.4621875494820156,1.1430148002540952,3.3120969240880527,20.853201955395683
TOI-2345 b,3.49,1.504,1.0528573,0.01705,0.727,0.729,4687.0,-0.1,3.49,0.5428254269591799,0.17724783625562343,0.022369512664861778,2.3204787234042556
DMPP-1 e,4.13,1.86,5.516,0.0651,1.21,1.26,6196.0,,4.13,0.615950051656401,0.26951294421791633,0.7416242575038121,2.2204301075268815
Kepler-260 c,3.68,1.74,76.050178,0.332,1.013,0.862,5250.0,0.29,3.68,0.5658478186735176,0.24054924828259971,1.881100234882473,2.1149425287356323
Kepler-1460 b,4.5,1.96,29.9633247,0.1614,0.7,0.67,4422.0,-0.02,4.5,0.6532125137753437,0.292256071356476,1.4765900005746333,2.295918367346939
HD 133131 B b,794.575,13.3,5769.0,6.15,0.93,0.989538,5805.0,-0.281,794.575,2.900134896570275,1.1238516409670858,3.7611005389581424,59.74248120300752
WASP-138 b,387.7526,12.21781,3.634433,0.0494,1.22,1.36,6272.0,-0.09,387.7526,2.5885547185729854,1.0869933671052752,0.5604366671405004,31.736669665021797
TOI-5181 A b,330.54154328,13.34989601,3.8922295,0.0522,1.25,1.53,6060.0,0.208,330.54154328,2.519226050458373,1.1254778827448584,0.590198439932663,24.759859030542366
Kepler-599 b,8.45,2.84,15.65562652,0.1128,0.83,0.79,5127.0,-0.02,8.45,0.9268567089496923,0.45331834004703764,1.1946704522617353,2.975352112676056
Kepler-575 b,6.3,2.39,9.37891944,0.0788,0.97,0.95,5710.0,0.0,6.3,0.7993405494535817,0.3783979009481377,0.9721528055136444,2.6359832635983262
EPIC 246851721 b,953.49,11.780659,6.180235,0.07229,1.317,1.586,6202.0,0.141,953.49,2.9793161426178996,1.0711695851928937,0.7910049892090182,80.93689835178151
HD 1461 b,6.44,2.42,5.77152,0.0634,1.02,1.152288,5765.0,0.19,6.44,0.8088858673598122,0.38381536598043126,0.7612902049544389,2.6611570247933884
Gl 725 A b,2.78,1.48,11.2201,0.068,0.33,0.351,3433.0,-0.19,2.78,0.4440447959180762,0.17026171539495738,1.0499967276202011,1.8783783783783783
Kepler-1218 b,2.67,1.44,22.9221266,0.15698,1.06,1.1,5986.0,-0.02,2.67,0.42651126136457523,0.15836249209524964,1.3602549068294607,1.8541666666666667
Kepler-1891 b,2.93,1.52139156,4.02229023,0.0473,0.873,0.827,5516.0,-0.14,2.93,0.4668676203541095,0.18224100265411652,0.6044734040876621,1.9258684463847031
Kepler-782 b,10.4,3.21,158.6853308,0.54494,0.98,1.01,5867.0,-0.14,10.4,1.0170333392987803,0.5065050324048721,2.2005367815307295,3.2398753894081
Kepler-330 c,4.46,1.95,15.955387,0.116,0.848,0.722,5117.0,0.16,4.46,0.6493348587121419,0.290034611362518,1.2029073425267824,2.287179487179487
Kepler-987 b,10.7,3.26,105.3033148,0.4238,0.97,0.91,5637.0,0.01,10.7,1.0293837776852097,0.5132176000679389,2.0224420423791245,3.2822085889570554
Kepler-385 d,7.36,2.6186448,56.4159,0.2872,1.05,1.157,5829.0,0.01,7.36,0.8668778143374989,0.4180765935524892,1.7514015208112537,2.8106141008509438
Kepler-115 c,7.27,2.6,8.990889,0.087,1.042,1.205,5979.0,-0.0499,7.27,0.8615344108590378,0.414973347970818,0.9538026359719398,2.796153846153846
TOI-2120 b,6.8,2.122,5.7998164,0.0377,0.211,0.245,3131.0,0.39,6.8,0.8325089127062363,0.32674537956532185,0.7634142456786374,3.2045240339302548
KOI-1833 d,11.02,2.58,7.685,0.0634,0.681,0.667,4413.0,0.13,11.02,1.0421815945157662,0.41161970596323016,0.8856438718357639,4.271317829457364
Kepler-734 b,12.4,3.56,6.104852856,0.0583,0.85,0.78,5326.0,-0.17,12.4,1.0934216851622351,0.5514499979728752,0.7856752006973846,3.4831460674157304
HD 104067 c,13.2,3.69,13.8992,0.1058,0.82,0.78,4952.0,0.11,13.2,1.1205739312058498,0.5670263661590603,1.1429898041689115,3.5772357723577235
Kepler-514 b,3.61,1.72,5.65179605,0.06559,1.28,1.44,6106.0,0.36,3.61,0.557507201905658,0.2355284469075489,0.7521864815633387,2.0988372093023258
Kepler-1456 b,1.55,1.14,18.1373829,0.1132,0.64,0.62,4231.0,-0.09,1.55,0.1903316981702915,0.05690485133647256,1.258574621528604,1.3596491228070178
TOI-1411 b,2.0,1.19880592,1.4520527,0.02122,0.6045,0.614,4115.0,0.012,2.0,0.3010299956639812,0.07874887893241989,0.161982378694558,1.6683267630176533
Kepler-1614 b,2.83,1.49,3.9466141,0.0471,0.79,0.76,5121.0,-0.17,2.83,0.45178643552429026,0.17318626841227402,0.5962246631490032,1.8993288590604027
CoRoT-20 b,1366.669,9.41556,9.24285,0.09,1.14,1.02,5880.0,0.14,1366.669,3.135663343477824,0.9738461552265331,0.9658059050326123,145.15004949254217
K2-187 d,6.35,2.4,7.149584,0.072,0.966999,0.83,5438.0,0.0,6.35,0.8027737252919757,0.38021124171160603,0.8542807730233983,2.6458333333333335
HD 44219 b,184.34047606,14.1,472.0,1.26,1.2,1.32,5752.0,0.03,184.34047606,2.26562070472253,1.14921911265538,2.673941998634088,13.073792628368794
Kepler-142 c,8.55,2.86,4.761702,0.057,0.978,1.269,5790.0,0.05,8.55,0.9319661147281727,0.456366033129043,0.6777622126133299,2.98951048951049
HD 72659 b,949.67128012,13.2,3549.0,4.607,1.033,1.36,5929.0,-0.02,949.67128012,2.977573304304783,1.1205739312058498,3.550105999347593,71.94479394848486
Kepler-652 b,6.76,2.49,4.182002531,0.04958,0.97,0.88,5490.0,0.17,6.76,0.829946695941636,0.3961993470957364,0.6213842913221602,2.7148594377510036
TOI-332 b,57.2,3.2,0.777038,0.0159,0.88,0.87,5251.0,0.256,57.2,1.7573960287930241,0.505149978319906,-0.10955774209127034,17.875
K2-62 b,4.74,2.02,6.67199,0.0636,0.67,0.696,4455.0,-0.1,4.74,0.6757783416740851,0.3053513694466238,0.8242553867082084,2.3465346534653464
K2-224 b,3.05,1.56,4.47904,0.0516,0.91,0.84,5620.0,-0.19,3.05,0.48429983934678583,0.1931245983544616,0.6511849409224076,1.9551282051282048
Kepler-1066 b,6.17,2.36,1.931559839,0.0298,0.98,0.98,5762.0,-0.03,6.17,0.7902851640332417,0.37291200297010657,0.2859081669695542,2.614406779661017
Kepler-1315 c,4.06,1.84398883,6.566060066,0.0635,0.809,0.856,4818.0,0.56,4.06,0.608526033577194,0.2657582859778841,0.8173048513164147,2.20174869497447
TOI-375 d,445.59542661,13.6,297.9,0.984,1.441,2.9,5259.9,0.084,445.59542661,2.6489407247863337,1.1335389083702174,2.4740705032150436,32.76436960367647
KIC 9663113 b,19.2,4.6,572.3847,1.55346,0.98,1.03,6065.0,-0.28,19.2,1.2833012287035497,0.6627578316815741,2.7576880164322883,4.173913043478261
NGTS-12 b,66.10864,11.747032,7.532806,0.0757,1.021,1.589,5690.0,-0.03,66.10864,1.820258222860999,1.0699281518123593,0.8769567827499342,5.6276887642767965
Kepler-1240 b,1.6,1.15,4.8663815,0.05791,0.98,0.96,5682.0,0.04,1.6,0.2041199826559248,0.06069784035361165,0.6872061524473075,1.3913043478260871
HD 26161 b,9045.39646322,11.9,10942.29013,10.087,1.12,1.455981,6057.62,-0.0095,9045.39646322,3.9564276069078583,1.0755469613925308,4.039108225720885,760.1173498504202
Kepler-1323 b,2.92,1.52,0.929906678,0.01911,1.18,1.4,6169.0,0.02,2.92,0.4653828514484183,0.18184358794477254,-0.03156063344956384,1.9210526315789473
TOI-2379 b,1830.69162432,11.72459381,5.4693827,0.05263,0.645,0.622,3707.0,0.501,1830.69162432,3.262615194582805,1.0690978058322127,0.7379383126017942,156.14115541969466
Kepler-657 b,12.2,3.52,24.54350418,0.17337,1.01,1.01,5808.0,0.03,12.2,1.0863598306747482,0.5465426634781311,1.389936568879666,3.465909090909091
HD 170469 b,209.7678,14.1,1145.0,2.24,1.1,1.24,5842.0,0.29,209.7678,2.321738823440106,1.14921911265538,3.0588054866759067,14.877148936170213
Kepler-139 d,2.0,1.695,7.305699922,0.0755533961,1.078,1.045,5622.0,0.35,2.0,0.3010299956639812,0.229169702539101,0.8636618298118458,1.1799410029498525
Kepler-1639 b,7.18,2.58,9.878482,0.0932,1.12,1.18,6150.0,-0.03,7.18,0.8561244442423003,0.41161970596323016,0.994690212839225,2.782945736434108
TOI-2580 b,200.23189641,17.37392009,3.39775,0.048,1.33,1.81,6120.0,0.26,200.23189641,2.301533260613174,1.2398978196777242,0.5311914211443575,11.52485422822041
Kepler-1000 b,20.3,4.76,120.0181272,0.5326,1.4,1.51,6453.0,0.35,20.3,1.307496037913213,0.6776069527204931,2.07924684561745,4.264705882352941
TOI-2088 b,37.0,3.6831179,124.72997,0.472,0.9027,0.8481,5081.0,0.339,37.0,1.568201724066995,0.5662156212442355,2.095970817887401,10.045836436569136
HIP 98599 b,2177.12458795,12.7,2656.0,3.96,1.19,1.39484,5978.0,-0.12,2177.12458795,3.3378832826520184,1.1038037209559568,3.42422807069598,171.42713290944886
K2-154 b,4.62,1.99,3.67626,0.0405,0.65,0.63,4097.0,0.21,4.62,0.6646419755561255,0.29885307640970665,0.5654062188653909,2.321608040201005
Kepler-240 b,2.45,1.37,4.144495,0.048,0.868,0.739,4985.0,0.41,2.45,0.3891660843645325,0.1367205671564068,0.6174716200311335,1.7883211678832116
HIP 38594 c,48.4,7.94,3477.768,3.805,0.61,0.626646,4086.3,,48.4,1.6848453616444126,0.8998205024270963,3.5413006070857773,6.095717884130982
Kepler-145 c,79.4,4.32,42.882,0.26244,1.32,1.85,6022.0,-0.0014,79.4,1.8998205024270962,0.6354837468149122,1.6322750324848108,18.37962962962963
Kepler-144 b,2.33,1.33,5.885273,0.066,1.154,1.235,6075.0,-0.1848,2.33,0.367355921026019,0.12385164096708581,0.7697666132531394,1.7518796992481203
TOI-1846 b,3.87,1.792,3.9306737,0.03646,0.418,0.397,3568.0,0.169,3.87,0.5877109650189114,0.2533380053261064,0.5944669928988899,2.1595982142857144
Kepler-1957 b,0.79,0.94374867,2.186619997,0.0299,0.745,0.772,4904.0,0.0,0.79,-0.10237290870955855,-0.02514364740203265,0.33977331548145473,0.8370872723984872
Kepler-219 b,9.01,2.95,4.585512,0.057,1.164,1.491,5786.0,0.36,9.01,0.9547247909790629,0.46982201597816303,0.661387834304933,3.054237288135593
TIC 365102760 b,19.2,6.21,4.21285367,0.0622,1.17,3.13,4900.0,0.09,19.2,1.2833012287035497,0.7930916001765802,0.6245763745279378,3.0917874396135265
Kepler-1153 b,3.64,1.73,1.755835327,0.0277,0.91,0.88,5470.0,0.03,3.64,0.561101383649056,0.2380461031287954,0.2444837826812768,2.1040462427745665
Kepler-327 b,1.41,1.11,2.549575,0.029,0.591913,0.492,3799.0,-0.2,1.41,0.14921911265537988,0.045322978786657475,0.4064677919877665,1.2702702702702702
K2-72 b,1.28,1.08,5.577212,0.04,0.271365,0.330989,3360.47,,1.28,0.10720996964786837,0.03342375548694973,0.7464171531306607,1.1851851851851851
TOI-5126 c,14.2,3.86,17.8999,0.1439,1.24,1.241,6150.0,0.18,14.2,1.1522883443830565,0.5865873046717549,1.25285060474696,3.6787564766839376
Kepler-405 b,4.98,2.08,10.613839,0.095,0.873,0.893,5818.0,-0.06,4.98,0.6972293427597176,0.31806333496276157,1.0258724955845013,2.394230769230769
Kepler-1421 b,0.749,0.93,6.9131112,0.07576,1.25,1.42,6335.0,0.05,0.749,-0.12551818230053352,-0.03151705144606486,0.8396735427290956,0.8053763440860214
Kepler-1288 b,1.46,1.12,2.76122421,0.04135,1.2,1.29,6132.0,0.14,1.46,0.1643528557844371,0.04921802267018165,0.44110167256188354,1.3035714285714284
GJ 1151 c,10.62,3.25,389.7,0.5714,0.1639,0.1781,3280.0,-0.12,10.62,1.0261245167454502,0.5118833609788743,2.5907304057926903,3.2676923076923075
Kepler-80 c,6.74,2.74,9.52355,0.0792,0.73,0.678,4540.0,0.04,6.74,0.8286598965353198,0.437750562820388,0.9787988662441818,2.45985401459854
Kepler-925 b,6.08,2.34,33.8678531,0.1805,0.77,0.72,4673.0,0.12,6.08,0.7839035792727349,0.3692158574101428,1.5297876673746331,2.5982905982905984
Kepler-194 d,6.35,2.4,52.814973,0.275,0.94,1.025,6089.0,-0.03,6.35,0.8027737252919757,0.38021124171160603,1.722757062106477,2.6458333333333335
Kepler-945 b,7.41,2.63,31.0033814,0.2037,0.97,0.97,5718.0,-0.01,7.41,0.8698182079793282,0.41995574848975786,1.491409062972194,2.817490494296578
HD 156846 b,3391.2461,12.4,359.51001,1.12,1.38,1.9,6090.0,0.15,3391.2461,3.530359307322707,1.0934216851622351,2.555710987145164,273.4875887096774
TOI-2025 b,1144.1822652,11.89272852,8.8720982,0.0892,1.199,1.459,5977.0,0.15,1144.1822652,3.05849521192688,1.0752815051851912,0.9480263401160924,96.20855830315381
Kepler-1878 b,8.86,2.92019781,4.445879936,0.0521,0.956,0.865,5918.0,-0.26,8.86,0.9474337218870508,0.4654122709284746,0.6479577301045937,3.0340410398431192
Kepler-1447 b,8.75,2.9,56.6747285,0.2836,0.97,0.95,5722.0,-0.03,8.75,0.9420080530223133,0.4623979978989561,1.753389448318021,3.0172413793103448
Kepler-1805 b,3.0,1.54502915,8.847940445,0.0699,0.581,0.552,3867.0,0.1,3.0,0.47712125471966244,0.1889366776538773,0.946842190758214,1.941710937945734
TOI-261.01,9.51,3.0449863,3.3639254,0.034792189,0.496728,1.28018,5890.3,-0.35,9.51,0.9781805169374139,0.48358534299589356,0.5268463561129173,3.1231667610458542
Kepler-370 b,3.15,1.59,4.57953,0.054,0.982,0.9,5852.0,0.1323,3.15,0.4983105537896005,0.2013971243204515,0.6608209083792982,1.981132075471698
Kepler-956 b,9.27,3.0,5.248672631,0.06017,1.1,1.15,6040.0,0.02,9.27,0.9670797341444971,0.47712125471966244,0.7200494858974998,3.09
HD 63433 b,21.755,2.14,7.1079475,0.072,0.956,0.934,5553.0,-0.07,21.755,1.3375590876287358,0.33041377334919086,0.8517442114033114,10.16588785046729
Kepler-1142 b,2.76,1.47,18.3027248,0.1343,0.97,0.96,5685.0,0.02,2.76,0.4409090820652177,0.1673173347481761,1.2625157497038573,1.8775510204081631
Kepler-853 b,3.5,1.69,7.16892463,0.079,1.3,1.55,6350.0,0.07,3.5,0.5440680443502757,0.22788670461367352,0.8554540144846318,2.0710059171597632
TOI-2529 b,743.71847238,11.54525012,64.5949,0.327,1.11,1.7,5802.0,0.1,743.71847238,2.8714085685697355,1.0624033460500035,1.810198230235136,64.41770118878983
KOI-1599.01,4.6,1.9,20.4415,0.14728,1.02,0.972,5833.0,0.06,4.6,0.6627578316815741,0.2787536009528289,1.310512761219076,2.4210526315789473
Kepler-1759 b,0.676,0.9037791,3.720230103,0.0429,0.76,0.797,5017.0,-0.02,0.676,-0.17005330405836405,-0.04393770600063637,0.5705698026164683,0.7479703834709168
Kepler-1215 b,1.98,1.22,4.76703963,0.0528,0.95,0.93,5616.0,0.01,1.98,0.2966651902615311,0.08635983067474821,0.6782487623778028,1.6229508196721312
Kepler-1733 b,12.8,3.63582354,9.229579926,0.0933,1.273,1.252,6320.0,0.24,12.8,1.1072099696478683,0.5606027971396021,0.9651819350484679,3.5205228909431616
Kepler-357 c,7.61,2.67,16.85837,0.12,0.794,0.834,5036.0,0.06,7.61,0.8813846567705729,0.42651126136457523,1.2268155813072839,2.850187265917603
Kepler-194 c,7.22,2.59,17.308032,0.131,0.94,1.025,6089.0,-0.03,7.22,0.8585371975696391,0.4132997640812518,1.2382476894739118,2.787644787644788
Kepler-1056 b,9.32,3.01,27.495606,0.1629,1.12,1.2,6127.0,0.02,9.32,0.9694159123539814,0.47856649559384334,1.4392632959239082,3.0963455149501664
Kepler-1424 b,1.65,1.16,29.6091744,0.19068,1.02,1.07,5838.0,0.01,1.65,0.21748394421390627,0.06445798922691845,1.4714262980166875,1.4224137931034484
Kepler-1642 c,7.56,2.66,6.6513802,0.0678,0.88,0.84,5355.0,-0.01,7.56,0.8785217955012065,0.424881636631067,0.8229117732803614,2.8421052631578942
HD 164595 b,16.14,4.16,40.0,0.23,0.99,1.023606,5790.0,-0.04,16.14,1.2079035303860517,0.6190933306267428,1.6020599913279623,3.8798076923076925
K2-24 c,16.4,7.93,42.34732,0.262,1.091,1.185,5726.0,0.41,16.4,1.2148438480476977,0.8992731873176038,1.6268259306988295,2.0680958385876416
Kepler-235 d,4.86,2.05,20.060548,0.122,0.581,0.554,4255.0,-0.51,4.86,0.6866362692622934,0.31175386105575426,1.302342792598925,2.3707317073170735
HD 97037 b,6707.76852973,12.1,6449.08337,6.925,1.06,1.26356,5874.1,-0.0773,6707.76852973,3.8265780676496957,1.08278537031645,3.809497991280174,554.3610355148761
Kepler-776 b,2.18,1.28,4.89718784,0.0523,0.83,0.78,5071.0,0.05,2.18,0.33845649360460484,0.10720996964786837,0.6899467624439749,1.703125
TOI-3288 b,536.17652261,12.24020692,1.4338647,0.02285,0.643,0.672,4072.0,0.65,536.17652261,2.729307793749528,1.0877887595950502,0.15650817307820813,43.80453092944935
Kepler-1420 b,2.18,1.28,6.69960006,0.0671,0.82,0.79,5187.0,-0.1,2.18,0.33845649360460484,0.10720996964786837,0.8260488777874908,1.703125
Kepler-79 e,3.8,3.53,81.0665,0.39445,1.244,1.316,6389.0,0.06,3.8,0.5797835966168101,0.5477747053878226,1.9088414230049486,1.0764872521246458
Kepler-20 d,13.4,2.606,77.611455,0.3474,0.929,0.9164,5495.0,0.07,13.4,1.1271047983648077,0.4159744113765659,1.8899258253321982,5.141980046047583
DMPP-1 c,10.94,3.31,10.03,0.0973,1.21,1.26,6196.0,,10.94,1.039017321997412,0.5198279937757188,1.0013009330204181,3.305135951661631
Kepler-947 b,5.82,2.28,26.9644317,0.1773,0.9,0.87,5508.0,-0.07,5.82,0.7649229846498885,0.35793484700045375,1.4307912715681859,2.5526315789473686
Kepler-689 b,8.7,2.89,22.36656079,0.1449,0.91,0.88,5518.0,-0.01,8.7,0.9395192526186185,0.4608978427565479,1.3495992096328948,3.0103806228373697
HD 211970 b,13.0,3.66,25.201,0.143,0.61,0.574175,4127.0,,13.0,1.1139433523068367,0.5634810853944107,1.4014177743476226,3.551912568306011
Kepler-336 c,5.06,2.1,9.600001,0.092,1.09,1.304,5867.0,0.337,5.06,0.7041505168397991,0.3222192947339193,0.9822712782785746,2.4095238095238094
Kepler-423 b,189.101,13.361,2.6843285,0.03585,0.85,0.95,5560.0,-0.1,189.101,2.276693825478216,1.1258389639950044,0.42883566239391735,14.153207095277299
Kepler-561 b,38.7,6.96,58.3620495,0.29256,0.96,0.94,5646.0,0.02,38.7,1.5877109650189114,0.8426092396105621,1.7661305346078413,5.560344827586207
24 Boo b,280.64248338,13.9,30.33,0.194,1.05,12.19,4816.0,-0.78,280.64248338,2.448153414735614,1.1430148002540952,1.4818724103106635,20.19010671798561
HD 74156 c,2753.98314665,12.5,2448.48726,3.678,1.1,1.510576,6068.0,0.131,2753.98314665,3.43996127820874,1.0969100130080565,3.3888978486335533,220.318651732
Kepler-1365 c,0.437,0.8,4.77468005,0.05701,1.0,1.05,5770.0,0.03,0.437,-0.3595185630295782,-0.09691001300805639,0.6789442749407146,0.54625
HD 20003 c,14.44,3.89,33.9239,0.1964,0.875,0.921637,5494.0,0.04,14.44,1.1595671932336202,0.5899496013257077,1.5305057743369264,3.7120822622107967
Kepler-716 b,8.75,2.9,10.37168453,0.08628,0.83,0.78,5099.0,0.0,8.75,0.9420080530223133,0.4623979978989561,1.015849298594439,3.0172413793103448
HD 134606 b,9.09,2.97,12.089,0.1046,1.046,1.158,5576.0,0.343,9.09,0.9585638832219674,0.4727564493172124,1.0823903775817156,3.0606060606060606
K2-66 b,21.3,2.49,5.06963,0.05983,1.11,1.67,5887.0,-0.047,21.3,1.3283796034387378,0.3961993470957364,0.7049762641021736,8.55421686746988
Kepler-583 b,5.82,2.28,6.5100253,0.0689,0.94,0.91,5523.0,0.07,5.82,0.7649229846498885,0.35793484700045375,0.8135826763760324,2.5526315789473686
Kepler-1649 c,1.2,1.06,19.53527,0.0649,0.1977,0.2317,3240.0,-0.15,1.2,0.07918124604762482,0.02530586526477026,1.2908194180537533,1.1320754716981132
WASP-57 b,204.68252,11.76945,2.83891856,0.03769,0.886,0.927,5600.0,-0.25,204.68252,2.3110807552580495,1.0707561682345896,0.45315293410742985,17.39100127873435
Kepler-381 d,1.23,1.0667865,8.256299973,0.08364,1.198,2.188,6197.0,-0.32,1.23,0.08990511143939793,0.028077511130509148,0.9167854636256684,1.1529954681653731
TOI-1199 b,75.96098927,10.5140239,3.671463,0.04988,1.23,1.45,5710.0,0.44,75.96098927,1.8805906120905782,1.0217689599019537,0.5648391558648742,7.224730511597943
TOI-4961 b,572.0911326,12.34108775,7.479182,0.0726,0.912,0.912,5380.0,0.206,572.0911326,2.7574652162628985,1.0913534403295662,0.8738541015659939,46.35662140883814
Kepler-118 c,45.7,7.68,20.17202,0.141,0.811,1.094,5274.0,0.18,45.7,1.6599162000698502,0.885361220031512,1.3047493900782783,5.950520833333334
Kepler-278 b,56.0,3.955,30.1556,0.202,1.227,2.861,4965.0,0.22,56.0,1.7481880270062005,0.5971464878336954,1.4793679739642194,14.159292035398229
Kepler-1254 d,2.27,1.31,5.72717226,0.0575,0.78,0.75,4985.0,-0.1,2.27,0.35602585719312274,0.11727129565576427,0.7579402458760954,1.732824427480916
HD 167768 b,270.15414595,13.9,20.6532,0.1512,1.08,9.7,4851.0,-0.67,270.15414595,2.4316116368738854,1.1430148002540952,1.3149873506497283,19.43555006834532
Kepler-1915 b,10.4,3.21798413,13.83539963,0.114,1.03,1.057,6020.0,-0.06,10.4,1.0170333392987803,0.5075838979760552,1.1409917080810341,3.231836945075301
Kepler-1734 b,9.74,3.08851092,6.796850204,0.0714,1.05,0.97,6061.0,-0.1,9.74,0.9885589568786155,0.4897491412046689,0.8323076985976939,3.1536233001241905
Kepler-960 b,5.86,2.29,3.12686223,0.03807,0.77,0.72,4755.0,0.02,5.86,0.7678976160180907,0.359835482339888,0.4951087465870739,2.558951965065502
HD 208897 b,379.48711796,13.7,358.27,1.063,1.25,4.98,4860.0,0.21,379.48711796,2.5791970379552316,1.1367205671564067,2.554210443723098,27.699789632116786
Kepler-1386 b,2.07,1.24,6.73972381,0.068,1.02,1.03,5733.0,0.11,2.07,0.3159703454569177,0.09342168516223506,0.8286420997622309,1.6693548387096773
Kepler-1921 c,2.57,1.41,3.15722086,0.0454,1.251,2.0,6120.0,0.02,2.57,0.4099331233312945,0.14921911265537988,0.49930496355970694,1.822695035460993
Kepler-1225 b,3.97,1.82,7.01075434,0.0771,1.13,1.19,6140.0,0.01,3.97,0.5987905067631151,0.2600713879850748,0.8457647495036146,2.1813186813186816
Kepler-1708 b,1462.0106722,9.96,737.1131,1.64,1.088,1.117,6157.0,0.0,1462.0106722,3.164950542841167,0.9982593384236987,2.8675341295651724,146.7882201004016
HD 96700 b,8.9,2.93,8.1245,0.0777,0.89,1.16,5845.0,-0.18,8.9,0.9493900066449128,0.4668676203541095,0.9097966430142745,3.037542662116041
Kepler-208 b,3.29,1.63,4.22864,0.054,1.082,1.314,6092.0,-0.0423,3.29,0.5171958979499743,0.21218760440395779,0.6262007136008002,2.0184049079754605
Kepler-1146 b,2.04,1.23,2.352265797,0.0325,0.74,0.7,4692.0,-0.06,2.04,0.3096301674258988,0.08990511143939793,0.3714863937852028,1.6585365853658538
WASP-100 b,400.4658,14.90797,2.84938,0.04574,0.77,1.57,6900.0,-0.03,400.4658,2.6025654330158003,1.1734185101317371,0.454750371632637,26.862530579280747
Kepler-1643 b,5.99,2.32,5.342657,0.0531,0.845,0.855,4916.0,-0.01,5.99,0.7774268223893114,0.3654879848908996,0.7277572932566617,2.5818965517241383
Kepler-215 d,23.6,2.39,30.864423,0.185,0.788,1.027,5739.0,-0.4425,23.6,1.3729120029701065,0.3783979009481377,1.4894581623898488,9.874476987447698
EPIC 212737443 b,7.2,2.586,13.603,0.098,0.69,0.673,4684.0,-0.137,7.2,0.8573324964312685,0.4126285205443752,1.1336346980589278,2.7842227378190256
TOI-2169 A b,329.58805806,12.50922246,8.2148282,0.0896,1.42,1.82,6270.0,0.123,329.58805806,2.5179714675499514,1.0972303159423467,0.9145984852912048,26.347605465799667
K2-259 b,5.99,2.32,15.48043,0.1271,1.14,1.13,6059.0,0.16,5.99,0.7774268223893114,0.3654879848908996,1.1897830199149335,2.5818965517241383
Kepler-401 c,5.27,2.15,47.318218,0.269,1.173,1.333,6117.0,0.0,5.27,0.7218106152125465,0.33243845991560533,1.6750283807712074,2.4511627906976745
Kepler-888 b,3.75,1.76,70.6979061,0.31481,0.97,0.9,5875.0,-0.21,3.75,0.5740312677277188,0.24551266781414982,1.8494065512412816,2.1306818181818183
Kepler-740 b,18.9,4.57,3.584101216,0.0462,0.91,0.87,5438.0,0.03,18.9,1.276461804173244,0.6599162000698503,0.5543802657583877,4.135667396061269
Kepler-1673 b,8.93,2.9355194,33.7888,0.21363,1.11,1.13166,6014.95,0.228,8.93,0.9508514588885464,0.4676849548499824,1.5287727681989127,3.0420510932409437
Kepler-1322 c,5.29,2.15492527,6.459980011,0.0652,0.897,0.804,5704.0,-0.3,5.29,0.7234556720351858,0.3334322139912415,0.8102311741675563,2.4548415082626045
Kepler-1211 b,7.04,2.55,11.01816836,0.09763,0.96,0.94,5705.0,-0.08,7.04,0.8475726591421122,0.4065401804339551,1.0421094042017918,2.7607843137254906
Kepler-48 f,298.5809968,13.8,5219.681854,5.719187877,0.916,0.836,5190.0,0.26,298.5809968,2.4750621635781433,1.1398790864012365,3.717644033028519,21.636304115942025
Kepler-1750 b,30.1,6.00434637,205.9120026,0.6785,0.981,0.969,5644.0,0.14,30.1,1.4785664955938433,0.7784657372422552,2.313681662358792,5.013035248997469
HD 18015 b,1048.8337431,13.1,2278.0,3.87,1.49,3.13,5603.0,-0.14,1048.8337431,3.02070665103748,1.1172712956557642,3.3575537197430814,80.06364451145038
TOI-1798.02,5.6,1.464,0.437811822,0.010789,0.87,0.78,5165.0,0.073,5.6,0.7481880270062004,0.16554107672237306,-0.35871251558662065,3.8251366120218577
Kepler-24 b,11.14,2.348,8.14,0.08045,1.06,1.099,6028.0,-0.0708,11.14,1.0468851908377101,0.37069809257557684,0.9106244048892013,4.744463373083476
Kepler-1875 b,10.5,3.22686692,34.45859909,0.2039,0.95,0.862,6161.0,-0.5,10.5,1.021189299069938,0.5087810549293394,1.5372976172835175,3.2539302860373307
Kepler-1642 b,10.3,3.2,12.2057513,0.1016,0.88,0.84,5355.0,-0.01,10.3,1.0128372247051722,0.505149978319906,1.0865645166825095,3.21875
HD 33142 c,282.86728223,13.9,810.2,1.955,1.52,4.17,5025.4,0.06,282.86728223,2.4515827178045053,1.1430148002540952,2.9085922388475693,20.350164189208634
Kepler-864 b,6.35,2.4,5.83376092,0.0687,1.0,1.0,5754.0,0.04,6.35,0.8027737252919757,0.38021124171160603,0.7659486268336544,2.6458333333333335
HD 181720 b,127.132,14.0,956.0,1.85,1.03,1.5,5736.0,-0.62,127.132,2.1042548792262,1.146128035678238,2.9804578922761,9.080857142857143
Kepler-1394 b,2.51,1.39,3.93766373,0.05474,1.64,2.55,6481.0,0.06,2.51,0.3996737214810381,0.14301480025409505,0.5952386253518586,1.8057553956834531
Kepler-1672 b,9.11,2.97022762,150.878,0.55374,1.16,1.08841,6131.95,-0.25,9.11,0.9595183769729982,0.4727897322539424,2.1786259185353485,3.0671050052386217
HD 331093 b,476.7426105,13.6,621.62,1.44,1.03,1.1112,5544.0,0.17,476.7426105,2.678283970215274,1.1335389083702174,2.7935249790069934,35.054603713235295
Kepler-58 d,245.343,2.94,40.101371,0.236,1.024,1.127,6099.0,0.1,245.343,2.389773671427423,0.46834733041215726,1.6031592206889205,83.45
Kepler-404 c,3.61,1.72,14.751166,0.118,0.86,0.884,5654.0,-0.03,3.61,0.557507201905658,0.2355284469075489,1.168826350304133,2.0988372093023258
Kepler-1254 b,3.02,1.55,9.99113313,0.0833,0.78,0.75,4985.0,-0.1,3.02,0.48000694295715063,0.1903316981702915,0.9996147459035729,1.9483870967741934
HD 37124 d,221.20968,14.0,1862.0,2.807,0.85,0.949168,5698.64,-0.44,221.20968,2.3448041275087994,1.146128035678238,3.269979676645324,15.800691428571428
WASP-3 b,772.3269,15.91678,1.84683,0.0315,1.62,1.44,6400.0,0.0,772.3269,2.8878011614965495,1.2018552135477079,0.2664269206379491,48.522810518207834
Kepler-1936 b,10.2,3.16615594,126.5569992,0.52662,1.419,1.854,6501.0,0.1,10.2,1.0086001717619175,0.5005323009918162,2.1022861686952283,3.221572213527802
Kepler-1615 b,4.9,2.06,47.3126192,0.2788,1.04,1.05,5865.0,0.06,4.9,0.6901960800285137,0.31386722036915343,1.674976991012434,2.3786407766990294
Kepler-327 d,3.64,1.73,13.969457,0.09,0.591913,0.492,3799.0,-0.2,3.64,0.561101383649056,0.2380461031287954,1.1451795251917143,2.1040462427745665
Kepler-1301 b,2.54,1.4,9.08237046,0.0815,0.85,0.81,5188.0,0.01,2.54,0.40483371661993806,0.146128035678238,0.958199212325186,1.8142857142857145
Kepler-784 c,3.02,1.55,17.157236,0.1309,1.016,1.487,5676.0,0.1,3.02,0.48000694295715063,0.1903316981702915,1.234447325084183,1.9483870967741934
Kepler-1553 b,1.6,1.15,4.24261881,0.0481,0.85,0.81,5288.0,-0.09,1.6,0.2041199826559248,0.06069784035361165,0.6276340131122607,1.3913043478260871
Kepler-1862 b,5.49,2.203,16.05730057,0.1199,0.9,0.806,5644.0,-0.24,5.49,0.7395723444500919,0.3430144971507676,1.2056725368274197,2.4920562868815255
Kepler-990 b,7.27,2.6,9.91723428,0.08595,1.05,1.08,5948.0,0.01,7.27,0.8615344108590378,0.414973347970818,0.9963905729197473,2.796153846153846
Kepler-1537 b,1.76,1.18,1.444453798,0.0245,0.81,0.77,5079.0,-0.08,1.76,0.24551266781414982,0.07188200730612536,0.1597036551490276,1.4915254237288136
HATS-28 b,213.58176,13.383546,3.1810781,0.04131,0.929,0.922,5498.0,0.01,213.58176,2.3295641609520628,1.1265711959580018,0.5025743317866028,15.958532962788786
HR 858 d,7.1,2.001,11.230511,0.1046,1.204,1.258,6354.0,0.025,7.1,0.8512583487190752,0.30124708863621136,1.0503995175643321,3.548225887056472
TOI-2193 A b,298.75870258,19.83989584,2.1225735,0.03319,1.082,1.248,5966.0,0.027,298.75870258,2.4753205647592913,1.2975393877661447,0.3268627378284723,15.058481404809632
GJ 9773 b,172.580825,14.2,2965.0,2.921,0.358,0.362,3528.0,-0.2,172.580825,2.236992540745923,1.1522883443830565,3.4720246977002813,12.153579225352114
Kepler-1785 b,7.77,2.70422447,19.58550072,0.13917,0.911,0.996,5618.0,0.0,7.77,0.8904210188009143,0.43204273831849604,1.2919346791339832,2.873282187258663
Kepler-130 d,3.33,1.64,87.517905,0.377,0.927,1.127,5884.0,-0.199,3.33,0.5224442335063199,0.21484384804769785,1.9420969129903902,2.030487804878049
HD 13808 c,9.96,3.13,53.753,0.2554,0.771,0.781,5035.0,-0.21,9.96,0.9982593384236987,0.49554433754644844,1.730402707603225,3.1821086261980835
Kepler-340 b,6.94,2.53,14.844387,0.134,1.65,1.85,6620.0,0.06,6.94,0.8413594704548549,0.40312052117581787,1.1715622680813278,2.7430830039525693
HD 125271 b,3465.60094993,12.4,14901.99295,10.817,0.75,0.751364,4703.93,-0.22,3465.60094993,3.5397785539864604,1.0934216851622351,4.173244353600768,279.483947575
Kepler-1085 b,41.2,7.22,219.3217528,0.73361,1.11,1.14,6000.0,0.08,41.2,1.6148972160331345,0.8585371975696391,2.341081708068301,5.706371191135735
Kepler-1404 b,4.7,2.01,15.9314739,0.1143,0.84,0.8,5261.0,-0.09,4.7,0.6720978579357175,0.30319605742048883,1.2022559564054152,2.338308457711443
K2-99 c,2669.7586188,12.6,522.2,1.43,1.44,2.55,6069.0,0.2,2669.7586188,3.426471997221474,1.100370545117563,2.7178368674869255,211.88560466666667
TOI-1728 b,26.78,5.05,3.49151,0.0391,0.646,0.6243,3980.0,0.25,26.78,1.4278105726759902,0.7032913781186614,0.543013290237439,5.302970297029703
HATS-74 A b,464.02947422,11.56766808,1.73185606,0.02384,0.601,0.5758,3776.9,0.514,464.02947422,2.6665455669440297,1.0632458185835356,0.23851179360196753,40.1143489777587
Kepler-1207 b,3.26,1.62,13.68237119,0.1156,1.06,1.06,5909.0,0.05,3.26,0.5132176000679389,0.20951501454263097,1.1361613682535678,2.0123456790123453
Kepler-1636 b,10.5,3.23,425.47785,1.12191,1.01,1.02,5797.0,0.03,10.5,1.021189299069938,0.5092025223311029,2.6288769560230407,3.2507739938080498
Kepler-1267 b,9.32,3.01,13.0313945,0.1057,1.15,1.2,6096.0,0.07,9.32,0.9694159123539814,0.47856649559384334,1.1149908924009746,3.0963455149501664
Kepler-1795 b,3.4,1.66301611,13.36019993,0.1002,0.768,0.688,4500.0,0.28,3.4,0.5314789170422551,0.2208964563453251,1.1258129572298028,2.0444780898725026
K2-285 b,9.68,2.59,3.471745,0.03817,0.83,0.787,4975.0,0.0,9.68,0.9858753573083937,0.4132997640812518,0.5405478187049426,3.7374517374517375
LP 714-47 b,28.38,4.25,4.052032,0.04056,0.542,0.536,4123.0,0.05,28.38,1.4530123911214552,0.6283889300503115,0.6076728664435599,6.6776470588235295
Kepler-963 b,7.56,2.66,9.97683705,0.0849,0.91,0.87,5461.0,-0.02,7.56,0.8785217955012065,0.424881636631067,0.998992879017584,2.8421052631578942
XO-2 S b,82.63538582,10.9,18.22,0.1347,0.98,1.02,5325.0,0.32,82.63538582,1.9171660591304105,1.0374264979406236,1.2605483726369795,7.581228056880733
Kepler-1748 b,7.81,2.71275017,5.823520184,0.0615,0.916,0.864,5774.0,-0.22,7.81,0.8926510338773003,0.43340979936926655,0.76518558505061,2.8789971470170435
Kepler-336 d,6.21,2.37,20.678772,0.154,1.09,1.304,5867.0,0.337,6.21,0.7930916001765802,0.37474834601010387,1.3155247447962393,2.620253164556962
Kepler-712 b,11.5,3.41,21.02247699,0.13615,0.84,0.78,5148.0,-0.03,11.5,1.0606978403536116,0.5327543789924978,1.3226838857983652,3.3724340175953076
TOI-4364 b,4.7,2.01,5.424019,0.04753,0.487,0.4684,3528.0,0.148,4.7,0.6720978579357175,0.30319605742048883,0.7343212021681338,2.338308457711443
TOI-2992 b,1058.36859531,13.75341932,3.007812,0.0434,1.21,1.545,6000.0,0.084,1058.36859531,3.0246369446659127,1.1384106841441872,0.4782506876662189,76.95312494187809
K2-268 b,2.86,1.5,2.151676,0.0308,0.84,0.78,5106.0,0.03,2.86,0.456366033129043,0.17609125905568124,0.33277687572772163,1.9066666666666665
Kepler-1096 b,2.07,1.24,2.892217506,0.034,0.66,0.63,4306.0,-0.1,2.07,0.3159703454569177,0.09342168516223506,0.461230950484025,1.6693548387096773
TOI-615 b,138.25535705,18.97680433,4.6615983,0.0678,1.449,1.732,6850.0,-0.1,138.25535705,2.140681968129936,1.2782230796035225,0.6685348467028346,7.28549204838642
HAT-P-28 b,198.953,13.585,3.257215,0.0434,1.025,1.103,5680.0,0.12,198.953,2.2987504922314526,1.1330596427539097,0.5128464261214837,14.64504968715495
Kepler-667 b,20.1,4.73,41.43962808,0.2288,0.91,0.87,5327.0,0.15,20.1,1.3031960574204888,0.6748611407378116,1.6174158489686308,4.249471458773784
Kepler-557 b,7.61,2.67,3.705989551,0.0469,1.11,1.16,6068.0,0.02,7.61,0.8813846567705729,0.42651126136457523,0.5689041904957124,2.850187265917603
rho CrB c,27.442,5.68,102.036,0.4206,1.0,1.3617,5817.0,-0.2,27.442,1.4384157599979512,0.7543483357110189,2.008753425124175,4.831338028169014
Kepler-483 b,10.4,3.21,30.229104,0.19471,1.28,1.47,6346.0,0.09,10.4,1.0170333392987803,0.5065050324048721,1.4804252747457078,3.2398753894081
HD 73534 b,353.42696,13.7,1750.0,2.99,1.16,2.58,4917.0,0.232,353.42696,2.548299675144276,1.1367205671564067,3.2430380486862944,25.797588321167886
HD 35843 b,5.84,2.29,9.8991,0.088,0.94,0.897,5666.0,-0.27,5.84,0.7664128471123994,0.359835482339888,0.9955957114862992,2.5502183406113534
Kepler-116 b,11.6,3.42,5.968734,0.069,1.198,1.454,6142.0,0.07,11.6,1.0644579892269184,0.534026106056135,0.7758822247441945,3.391812865497076
HAT-P-62 b,241.86741773,12.02723629,2.6453235,0.03772,1.023,1.17,5629.0,0.414,241.86741773,2.383577367935552,1.080165843308679,0.42247879004754996,20.10997471888864
Kepler-443 b,6.04,2.33,177.6693,0.495,0.738,0.706,4723.0,-0.01,6.04,0.7810369386211319,0.367355921026019,2.249612391269351,2.592274678111588
TOI-4504 d,643.0,11.26,41.2871975,0.2219,0.875,0.93,5315.0,0.16,643.0,2.808210972924222,1.0515383905153275,1.6158154047542803,57.10479573712256
HD 150010 b,762.7881768,13.3,562.0,1.4,1.3,16.2,4153.0,-0.25,762.7881768,2.8824039528711984,1.1238516409670858,2.749736315569061,57.352494496240595
Kepler-552 b,14.8,3.95,5.263415765,0.0612,1.03,1.04,5863.0,0.01,14.8,1.1702617153949575,0.5965970956264602,0.7212676769360604,3.7468354430379747
HD 23596 b,3786.607641,12.4,1535.11912,2.694,1.1,1.53,6040.0,0.33,3786.607641,3.578250306922648,1.0934216851622351,3.186142080889084,305.3715839516129
Kepler-812 b,12.3,3.55,10.11716531,0.1024,1.45,1.71,6761.0,0.02,12.3,1.089905111439398,0.5502283530550941,1.0050588462314443,3.4647887323943665
TOI-2266 b,2.99,1.54,2.326318,0.02,0.23,0.24,3200.0,,2.99,0.4756711883244297,0.18752072083646307,0.36666908107408136,1.9415584415584417
Kepler-1187 b,7.32,2.61,18.87064068,0.1401,1.06,1.09,5975.0,-0.01,7.32,0.8645110810583919,0.41664050733828095,1.275786645213435,2.8045977011494254
Kepler-1547 b,0.666,0.9,0.692979676,0.01556,1.12,1.18,6078.0,0.04,0.666,-0.17652577082969892,-0.045757490560675115,-0.15927950237301877,0.74
Kepler-170 b,82.6,3.2,7.930592,0.08,1.066,1.035,5679.0,0.39,82.6,1.9169800473203822,0.505149978319906,0.8993056075870876,25.812499999999996
GJ 15 A b,3.03,1.55,11.4407,0.072,0.38,0.38,3607.0,-0.34,3.03,0.48144262850230496,0.1903316981702915,1.0584525976070775,1.9548387096774191
Kepler-100 b,4.01,1.34,6.88734,0.07309,1.13,1.51,5837.0,0.1,4.01,0.6031443726201823,0.12710479836480765,0.8380515228690281,2.9925373134328357
Kepler-1258 b,0.566,0.86,0.984940167,0.01824,0.99,0.99,5839.0,-0.07,0.566,-0.24718356881172862,-0.06550154875643228,-0.006590151158216211,0.6581395348837209
NSVS 14256825 b,4497.2945,12.3,3225.0,3.12,0.419,0.188,40000.0,,4497.2945,3.6529513277585464,1.089905111439398,3.5085297189712867,365.63369918699186
TOI-1266 b,4.46,2.52,10.8945,0.073,0.437,0.4232,3563.0,-0.109,4.46,0.6493348587121419,0.4014005407815441,1.0372073032170765,1.7698412698412698
Kepler-659 b,6.8,2.5,17.671796,0.1204,0.79,0.74,4870.0,0.02,6.8,0.8325089127062363,0.3979400086720376,1.2472806894757782,2.7199999999999998
GJ 27.1 b,13.0,3.66,15.819,0.101,0.53,0.518887,3542.0,,13.0,1.1139433523068367,0.5634810853944107,1.1991790260511266,3.551912568306011
TOI-4495 c,23.2,4.03,5.18553,0.06323,1.247,1.309,6210.0,0.18,23.2,1.3654879848908996,0.6053050461411095,0.7147931511420604,5.75682382133995
Kepler-798 b,6.3,2.39,13.71933369,0.1174,1.19,1.29,6224.0,0.03,6.3,0.7993405494535817,0.3783979009481377,1.137333019404028,2.6359832635983262
TOI-5082.01,7.03,2.54811,4.240122,0.051204842,0.99665,0.93,5670.0,0.09,7.03,0.846955325019824,0.4062181722354656,0.6273783526221048,2.758907582482703
Kepler-364 c,5.27,2.15,59.980627,0.312,1.076,1.284,6108.0,-0.031,5.27,0.7218106152125465,0.33243845991560533,1.7780110012904125,2.4511627906976745
TOI-1260 d,11.84,3.12,16.608164,0.1116,0.679,0.672,4227.0,-0.1,11.84,1.073351702386901,0.4941545940184428,1.2203216247005997,3.7948717948717947
HD 50499 b,519.96988,13.5,2447.1,3.833,1.253,1.351,6102.0,0.26,519.96988,2.7159781872335413,1.130333768495006,3.388651717026825,38.516287407407404
HD 20794 f,5.82,2.28,647.6,1.3541,0.79,0.93,5368.0,-0.42,5.82,0.7649229846498885,0.35793484700045375,2.811306840081336,2.5526315789473686
Kepler-1595 b,2.04,1.23,4.56380468,0.051,0.84,0.8,5203.0,-0.02,2.04,0.3096301674258988,0.08990511143939793,0.6593270493716451,1.6585365853658538
HD 99109 b,139.8452,14.3,439.29999,1.11,0.76,0.98,5282.0,0.35,139.8452,2.145647564384425,1.1553360374650619,2.6427611933792634,9.779384615384615
KOI-3503 b,9.2,1.19,21.185,0.14247,0.858,1.255,6001.0,-0.5428,9.2,0.9637878273455552,0.07554696139253074,1.3260284683370085,7.73109243697479
Kepler-526 b,4.62,1.99,5.458498316,0.06518,1.15,1.14,5894.0,0.34,4.62,0.6646419755561255,0.29885307640970665,0.7370731806578513,2.321608040201005
HD 28109 c,9.2,4.13,55.99712,0.308,1.227,1.425,6189.0,0.1,9.2,0.9637878273455552,0.615950051656401,1.748165691287065,2.227602905569007
K2-11 b,44.4,7.55,39.93767,0.2257,1.35,5.15,5433.0,-0.12,44.4,1.6473829701146199,0.8779469516291882,1.601382724138589,5.880794701986755
NGTS-26 b,92.80589484,14.88552637,4.5199279,0.049,0.96,1.16,5550.0,0.2,92.80589484,1.9675755625892926,1.172764196426117,0.655131507182646,6.234639779150786
KOI-319 b,3178.28407,10.67,46.14827,0.2668,1.325,2.064,5880.0,0.16,3178.28407,3.5021927111595925,1.02816441942447,1.6641554248952704,297.87104686035616
TOI-1743 b,4.01,1.83,4.266046,0.03589,0.339,0.338,3277.0,0.22,4.01,0.6031443726201823,0.26245108973042947,0.630025534057259,2.191256830601093
Kepler-1837 b,4.92,2.06673842,5.906089783,0.065,1.049,0.961,5966.0,-0.02,4.92,0.6919651027673603,0.3152855129410626,0.7713000447227087,2.3805625096958325
Kepler-1986 b,4.23,1.89,19.5489666,0.1307,0.776,0.732,5549.0,-0.54,4.23,0.6263403673750424,0.2764618041732441,1.2911238046076068,2.2380952380952386
Kepler-696 b,31.3,6.14,4.190425575,0.0535,1.06,1.08,5903.0,0.07,31.3,1.4955443375464486,0.7881683711411677,0.622258131674771,5.09771986970684
Kepler-189 c,22.7,2.38,20.134866,0.137,0.803,0.75,5235.0,-0.04,22.7,1.3560258571931227,0.37657695705651195,1.3039487436700843,9.53781512605042
HD 105618 b,25.42627256,5.44,10.02245,0.091,1.01,1.27399,5671.0,,25.42627256,1.4052826981515363,0.7355988996981799,1.00097389831959,4.673947161764706
TOI-1301.01,6.7,2.477,6.096407209,0.059866,0.77,0.732,4820.0,,6.7,0.8260748027008264,0.393926006585837,0.7850739679633117,2.7048849414614455
Kepler-1497 b,3.39,1.66,8.74199772,0.0817,0.96,0.95,5675.0,0.01,3.39,0.5301996982030822,0.22010808804005508,0.9416106888853258,2.0421686746987953
Kepler-194 b,2.89,1.51,2.092281,0.032,0.94,1.025,6089.0,-0.03,2.89,0.4608978427565479,0.17897694729316943,0.32062001124403483,1.913907284768212
Kepler-661 b,9.64,3.07,6.029301321,0.0585,0.7,0.67,4483.0,-0.05,9.64,0.9840770339028309,0.48713837547718647,0.7802669887546443,3.140065146579805
Kepler-529 c,4.66,2.0,12.8345022,0.1075,1.07,1.14,6087.0,-0.1,4.66,0.6683859166900001,0.3010299956639812,1.108379028754587,2.33
HAT-P-61 b,335.9446262,10.07687365,1.90231289,0.0301,1.004,0.938,5587.0,0.194,335.9446262,2.5262676984683115,1.0033258131458456,0.2792819506795334,33.338179862957794
TOI-2589 b,1112.3994245,12.10569916,61.6277,0.3,0.93,1.07,5579.0,0.12,1112.3994245,3.046260755509868,1.0829898770128987,1.7897759597808516,91.8905558280865
HD 95872 b,1188.6842,13.0,4375.0,5.15,0.7,0.84,5312.0,0.41,1188.6842,3.0750664900987172,1.1139433523068367,3.640978057358332,91.43724615384615
Kepler-1412 b,0.498,0.83,3.6146051,0.04608,1.06,1.27,5880.0,0.04,0.498,-0.30277065724028246,-0.08092190762392612,0.5580608570222475,0.6
Kepler-760 c,2.79,1.48,2.46697439,0.03489,0.89,0.85,5322.0,0.08,2.79,0.44560420327359757,0.17026171539495738,0.3921646410424671,1.885135135135135
TOI-4504 c,821.0,11.17,82.819093,0.3593,0.875,0.93,5315.0,0.16,821.0,2.9143431571194407,1.048053173115609,1.9181304699812347,73.50044762757386
Kepler-1540 b,6.76,2.49,125.4131177,0.4426,0.74,0.69,4540.0,0.1,6.76,0.829946695941636,0.3961993470957364,2.098342964299931,2.7148594377510036
Kepler-225 c,4.04,1.84,18.794234,0.111,0.593,0.48,3682.0,-0.04,4.04,0.6063813651106049,0.2648178230095365,1.274024629791657,2.1956521739130435
Kepler-180 b,2.86,1.5,13.817124,0.109,0.95,1.063,5731.0,0.03,2.86,0.456366033129043,0.17609125905568124,1.1404176551284635,1.9066666666666665
HD 18438 b,6674.396547,12.1,803.0,2.1,1.84,88.475,3860.0,-0.4,6674.396547,3.824412005893512,1.08278537031645,2.904715545278681,551.6030204132231
HD 154088 b,6.6,2.46,18.56,0.134,0.91,0.95,5374.0,0.28,6.6,0.8195439355418687,0.39093510710337914,1.2685779718828432,2.6829268292682924
HD 24064 b,4096.8287,12.3,535.59998,1.29,1.61,40.0,4052.0,-0.49,4096.8287,3.6124478052516404,1.089905111439398,2.728840552122851,333.07550406504066
Kepler-1349 b,0.271,0.7,2.12823928,0.03421,1.16,1.28,6086.0,0.03,0.271,-0.5670307091255943,-0.1549019599857432,0.3280204545166248,0.3871428571428572
HD 29399 b,498.99059899,13.5,892.7,1.913,1.17,4.5,4845.0,0.14,498.99059899,2.6980923635688265,1.130333768495006,2.9507055347738613,36.96226659185185
Kepler-1306 b,4.31,1.91,16.29595382,0.123,0.98,0.97,5727.0,0.0,4.31,0.6344772701607315,0.28103336724772754,1.212079785276129,2.256544502617801
K2-285 c,15.68,3.53,7.138048,0.0824,0.83,0.787,4975.0,0.0,15.68,1.1953460583484197,0.5477747053878226,0.8535794640546432,4.441926345609065
Kepler-345 b,0.48,0.74,7.415563,0.066,0.61,0.623,4504.0,0.1905,0.48,-0.3187587626244128,-0.13076828026902382,0.8701441288655996,0.6486486486486487
Kepler-539 c,762.792,13.3,1000.0,2.42,1.048,0.952,5820.0,-0.01,762.792,2.8824061296098433,1.1238516409670858,3.0,57.35278195488722
HD 33844 b,638.8383,13.4,551.40002,1.6,1.84,5.39,4861.0,0.27,638.8383,2.805390945318726,1.1271047983648077,2.7414667775221844,47.6745
GJ 317 c,454.49462201,13.6,6500.0,5.04,0.402,0.403,3496.0,-0.02,454.49462201,2.6575287486246544,1.1335389083702174,3.8129133566428557,33.418722206617645
Kepler-467 b,5.69,2.25,24.99324193,0.16848,1.05,1.37,5809.0,0.06,5.69,0.7551122663950712,0.3521825181113625,1.397822593100897,2.528888888888889
Kepler-964 b,5.14,2.12,13.5225106,0.1073,0.93,0.84,5427.0,0.03,5.14,0.7109631189952758,0.32633586092875144,1.1310573305481715,2.424528301886792
TOI-1386 c,75.2,10.3,232.0,0.75,1.0363,1.0235,5735.0,0.149,75.2,1.8762178405916423,1.0128372247051722,2.3654879848909,7.300970873786407
Kepler-1262 b,3.97,1.82,8.67900242,0.083,0.99,0.98,5771.0,-0.02,3.97,0.5987905067631151,0.2600713879850748,0.9384698094636817,2.1813186813186816
BEBOP-3 b,177.34825111,14.2,547.0,1.444,1.083,1.414,6033.0,-0.02,177.34825111,2.2488269101069664,1.1522883443830565,2.737987326333431,12.489313458450706
Kepler-1071 b,6.26,2.38,6.1799844,0.0629,0.86,0.81,5215.0,0.01,6.26,0.7965743332104297,0.37657695705651195,0.7909873788100993,2.630252100840336
Kepler-1809 b,2.9,1.513,3.7572999,0.04444,0.807,0.716,4901.0,0.04,2.9,0.4623979978989561,0.17983892802318668,0.5748758609449505,1.9167217448777265
K2-242 b,6.99,2.54,6.51389,0.0494,0.38,0.37,3459.0,-0.01,6.99,0.8444771757456814,0.40483371661993806,0.8138404203638907,2.751968503937008
Kepler-649 b,5.73,2.26,29.90722674,0.17522,0.97,0.94,5871.0,-0.17,5.73,0.75815462196739,0.35410843914740087,1.4757761433103236,2.535398230088496
HAT-P-55 b,189.42573057,14.84069045,3.5852313,0.04628,1.028,1.105,5804.0,0.003,189.42573057,2.277438970895244,1.1714541065797732,0.554517179271119,12.763943241603021
Kepler-344 c,9.01,2.95,125.596809,0.488,0.931,0.976,5774.0,0.0399,9.01,0.9547247909790629,0.46982201597816303,2.0989786055532766,3.054237288135593
HIP 65891 b,1938.7532827,12.7,1089.6,2.82,2.5,8.93,5000.0,0.16,1938.7532827,3.2875225461703597,1.1038037209559568,3.0372670945687097,152.6577387952756
GJ 4274 c,8.39,2.83,69.57,0.186,0.18,0.19,3228.0,-0.19,8.39,0.9237619608287003,0.45178643552429026,1.8424220033576497,2.964664310954064
Kepler-1111 b,4.66,2.0,8.79617863,0.0872,1.1,1.15,6077.0,0.02,4.66,0.6683859166900001,0.3010299956639812,0.9442940402926161,2.33
Kepler-172 b,6.12,2.35,2.940309,0.04,1.081,1.085,5526.0,0.39,6.12,0.7867514221455612,0.37106786227173627,0.4683929732499849,2.604255319148936
K2-139 b,123.00021,9.11,28.380619,0.1796,0.96,0.88,5370.0,0.24,123.00021,2.089905852917149,0.9595183769729982,1.4530218634735559,13.50166959385291
HD 64121 b,813.64072192,13.2,623.0,1.51,1.64,5.44,5078.0,-0.21,813.64072192,2.910432676471442,1.1205739312058498,2.7944880466591697,61.639448630303036
Kepler-902 b,6.99,2.54,40.1099547,0.223,0.95,0.93,5647.0,0.0,6.99,0.8444771757456814,0.40483371661993806,1.6032521714917156,2.751968503937008
Kepler-894 b,8.15,2.78,9.803224,0.0916,0.87,0.85,5603.0,-0.25,8.15,0.9111576087399766,0.4440447959180762,0.9913689262177228,2.9316546762589932
Kepler-1794 b,3.87,1.79426276,9.762980461,0.0821,0.773,0.816,5052.0,0.02,3.87,0.5877109650189114,0.25388604342484095,0.9895824201428833,2.156874726642602
TOI-1064 b,13.5,2.587,6.443868,0.06152,0.748,0.726,4734.0,0.05,13.5,1.130333768495006,0.41279642871654343,0.8091466354934924,5.218399690761499
Kepler-884 b,2.04,1.23,5.69919514,0.06116,1.0,0.94,5715.0,0.05,2.04,0.3096301674258988,0.08990511143939793,0.7558135274378235,1.6585365853658538
Kepler-1019 b,2.73,1.46,1.411229847,0.0221,0.7,0.67,4433.0,0.01,2.73,0.436162647040756,0.1643528557844371,0.1495977530558323,1.86986301369863
WASP-28 b,282.54945382,13.66374747,3.40883495,0.0442,0.993,1.083,6084.0,-0.2,282.54945382,2.4510944721251953,1.1355698268959415,0.5326059739365681,20.678767259155148
GJ 3341 b,6.6,2.46,14.207,0.089,0.47,0.439,3526.0,-0.09,6.6,0.8195439355418687,0.39093510710337914,1.1525023804611256,2.6829268292682924
TOI-4552 b,1.83,1.11,0.30110032,0.0056255,0.2619,0.2869,3258.0,-0.07,1.83,0.26245108973042947,0.045322978786657475,-0.5212887829324072,1.6486486486486485
GJ 1289 b,6.27,2.38,111.74,0.27,0.21,0.245012,3296.0,0.02,6.27,0.7972675408307164,0.37657695705651195,2.0482086670241455,2.634453781512605
Kepler-555 b,8.4,2.83,16.21775407,0.1201,1.03,1.04,5894.0,0.0,8.4,0.9242792860618817,0.45178643552429026,1.2099907103842715,2.9681978798586575
Kepler-683 b,4.54,1.97,2.539183179,0.0355,0.96,0.95,5703.0,-0.03,4.54,0.6570558528571039,0.2944662261615929,0.40469403240554414,2.3045685279187818
HATS-10 b,167.17858,10.861521,3.312846,0.04491,1.101,1.105,5880.0,0.15,167.17858,2.2231806320519762,1.0358906462154167,0.5202012478636374,15.391820353705528
Kepler-1977 b,3.39,1.66,4.53702121,0.0486,0.769,0.688,4805.0,-0.06,3.39,0.5301996982030822,0.22010808804005508,0.6567708095425056,2.0421686746987953
Kepler-715 b,13.5,3.75,10.00652995,0.0933,1.04,1.04,5871.0,0.02,13.5,1.130333768495006,0.5740312677277188,1.000283499573379,3.6
Kepler-164 d,6.57,2.45,28.986769,0.187,1.036,1.148,5888.0,0.0,6.57,0.8175653695597808,0.3891660843645325,1.462199809571209,2.6816326530612242
Kepler-786 b,6.48,2.43,53.5293487,0.25483,0.81,0.74,4838.0,0.09,6.48,0.8115750058705934,0.38560627359831223,1.728591959286349,2.6666666666666665
TOI-3785 b,14.95,5.14,4.6747373,0.043,0.52,0.5,3576.0,0.099,14.95,1.1746411926604485,0.7109631189952758,0.6697572104243666,2.9085603112840466
WASP-145 A b,282.8687,10.0881,1.7690381,0.0261,0.76,0.68,4900.0,-0.04,282.8687,2.45158489454315,1.0038093786039763,0.24773718646629514,28.03983901824922
WASP-136 b,479.92089457,16.81347105,5.21536178778,0.0661,1.41,2.39014,6250.0,-0.18,479.92089457,2.6811696584527622,1.2256573804381294,0.7172844406602649,28.543832094087435
HATS-12 b,759.6137,7.76,3.142702,0.0441,1.16,1.17,6357.0,-0.1,759.6137,2.880592788846375,0.8898617212581884,0.497303201923915,97.88836340206186
TOI-1296 b,95.3,14.11645916,3.9443736,0.051,1.1576,1.7031,5567.0,0.405,95.3,1.9790929006383264,1.1497257760276314,0.5959780433721527,6.750984713648263
HD 98736 b,740.5439,13.3,968.8,1.864,0.92,0.93,5271.0,0.36,740.5439,2.8695508089242563,1.1238516409670858,2.9862341301349957,55.67999248120301
Kepler-1136 b,3.33,1.64,2.361724329,0.0299,0.72,0.68,4512.0,0.03,3.33,0.5224442335063199,0.21484384804769785,0.37322920344637195,2.030487804878049
Kepler-635 b,7.46,2.64,23.44971004,0.18332,1.33,1.51,6174.0,0.41,7.46,0.8727388274726688,0.42160392686983106,1.3701374769527426,2.8257575757575757
TOI-1279 b,10.6,2.66146528,9.61419,0.085,0.8784,0.8426,5457.0,-0.079,10.6,1.0253058652647702,0.4251208049807761,0.9829127006027173,3.982768469555237
DE CVn b,3823.27330161,12.4,4098.1,5.75,0.51,0.424754,3579.0,,3823.27330161,3.5824353440924517,1.0934216851622351,3.6125825516538326,308.32849206532256
Kepler-1496 b,5.56,2.22,64.6588017,0.3211,1.18,1.27,6182.0,0.05,5.56,0.7450747915820575,0.3463529744506387,1.8106276517153768,2.5045045045045042
HD 102272 b,1570.0802,12.9,127.58,0.51,1.45,10.3,4790.0,-0.41,1570.0802,3.1959218368218845,1.110589710299249,2.1057825978144415,121.71164341085272
Kepler-366 c,3.86,1.79,12.51616,0.11,1.088,1.048,6209.0,-0.06,3.86,0.5865873046717549,0.2528530309798932,1.0974711063016531,2.1564245810055866
KOI-2513.01,7310.053361,2.80224517,19.00547,0.5,0.91,1.2,5900.0,-0.37,7310.053361,3.8639205471771856,0.4475061292795812,1.278878614053965,2608.641613253276
Kepler-537 b,2.57,1.41,3.247555219,0.04317,1.07,0.99,5763.0,0.23,2.57,0.4099331233312945,0.14921911265537988,0.5115565442263942,1.822695035460993
GJ 3323 b,2.02,1.23,5.3636,0.03282,0.164,0.119,3159.0,-0.27,2.02,0.3053513694466238,0.08990511143939793,0.7294563821045693,1.6422764227642277
TOI-4495 b,7.7,2.483,2.56699,0.03957,1.247,1.309,6210.0,0.18,7.7,0.8864907251724818,0.3949767195545643,0.40942417683144405,3.1010873942811115
Kepler-1761 b,2.51,1.39109603,4.043540001,0.0413,0.573,0.532,3871.0,0.07,2.51,0.3996737214810381,0.14335711119949862,0.6067617437561793,1.8043326599098986
NGTS-6 b,425.57437,14.863134,0.882059,0.01677,0.767,0.754,4730.0,0.11,425.57437,2.6289754649102464,1.1721103932334058,-0.05450236439487766,28.632882540115695
Kepler-920 c,13.8,3.8,100.8274113,0.4029,0.89,0.85,5403.0,0.0,13.8,1.1398790864012365,0.5797835966168101,2.0035786170100502,3.6315789473684212
Kepler-818 b,22.9,5.11,10.035385814,0.0886,0.94,0.92,5638.0,-0.08,22.9,1.359835482339888,0.7084209001347127,1.001534073751288,4.481409001956947
Kepler-139 c,13.0,3.38,157.072878,0.586,1.078,1.3,5594.0,0.35,13.0,1.1139433523068367,0.5289167002776547,2.1961012012600722,3.8461538461538463
Kepler-959 b,17.6,4.38,14.80074836,0.1633,1.6,2.01,7005.0,0.02,17.6,1.24551266781415,0.6414741105040995,1.170283674881562,4.018264840182649
BD-210397 c,1525.5763536,12.9,6240.0,5.9,0.69,0.747,4051.0,0.12,1525.5763536,3.1834339485351797,1.110589710299249,3.795184589682424,118.2617328372093
Kepler-1436 b,2.27,1.31,9.705716,0.0907,1.06,1.09,5972.0,-0.01,2.27,0.35602585719312274,0.11727129565576427,0.9870275792276317,1.732824427480916
Kepler-1597 b,1.2,1.06,2.94654179,0.04136,1.25,1.39,6377.0,0.02,1.2,0.07918124604762482,0.02530586526477026,0.46931260495524596,1.1320754716981132
WASP-83 b,95.349,11.65736,4.971252,0.059,1.11,1.05,5510.0,0.29,95.349,1.9793161426178998,1.0666002084634318,0.6964657787164484,8.179296169973304
Kepler-282 e,56.2,3.1,44.347,0.23332,0.97,0.89,5656.0,-0.2,56.2,1.749736315569061,0.4913616938342727,1.6468642458698048,18.129032258064516
XO-2 S c,438.60320166,13.6,120.059,0.4737,0.98,1.02,5325.0,0.32,438.60320166,2.642071797560829,1.1335389083702174,2.079394721692764,32.25023541617647
Kepler-850 b,3.82,1.78,7.19303878,0.0744,1.06,1.09,5932.0,0.03,3.82,0.5820633629117087,0.250420002308894,0.8569124017292039,2.1460674157303368
Kepler-65 d,4.14,1.52,8.13123,0.084,1.25,1.41,6211.0,0.17,4.14,0.617000341120899,0.18184358794477254,0.9101562456934776,2.7236842105263155
Kepler-1090 b,5.69,2.25,198.680179,0.63323,0.86,0.82,5321.0,-0.04,5.69,0.7551122663950712,0.3521825181113625,2.298154542598992,2.528888888888889
TOI-715 b,3.02,1.55,19.288004,0.083,0.225,0.24,3075.0,-0.25,3.02,0.48000694295715063,0.1903316981702915,1.2852872874346062,1.9483870967741934
GJ 393 b,1.71,1.17,7.02679,0.05402,0.426,0.426,3579.0,-0.09,1.71,0.23299611039215382,0.06818586174616162,0.8467569745698077,1.4615384615384617
Kepler-1680 b,2.42,1.35954736,8.77424,0.07642,0.834,0.723259,5021.0,-0.07,2.42,0.38381536598043126,0.13339434088888205,0.9432095093999207,1.7800041919834257
Gaia-2 b,259.66580852,14.81827249,3.6915224,0.0467,1.0,1.064,5720.0,,259.66580852,2.4144147676936805,1.1707975766668866,0.5672055080468162,17.52335224603499
WASP-124 b,190.698,13.89916,3.37265,0.0449,1.07,1.02,6050.0,-0.02,190.698,2.280346138281881,1.1429885543268865,0.5279712741997186,13.72010970447135
TOI-1439 b,38.5,4.2427861,27.644,0.192,1.2313,1.6184,5841.0,0.226,38.5,1.5854607295085006,0.6276511373684767,1.4416008842969312,9.074226013892146
GJ 1061 c,1.81,1.19,6.6821,0.0342,0.12,0.156,2953.0,-0.08,1.81,0.2576785748691845,0.07554696139253074,0.8249129707219299,1.5210084033613447
K2-50 b,3.15,1.59,8.7529,0.0705,0.611,0.546,4326.0,-0.1132,3.15,0.4983105537896005,0.2013971243204515,0.9421519667747822,1.981132075471698
Kepler-23 b,2.56,1.638,7.1,0.07212,1.078,1.548,5828.0,-0.112,2.56,0.4082399653118496,0.21431389742439963,0.8512583487190752,1.562881562881563
Kepler-257 b,7.32,2.61,2.382667,0.034,0.916,1.037,5180.0,0.4,7.32,0.8645110810583919,0.41664050733828095,0.37706334987142204,2.8045977011494254
TOI-1736 c,2800.0,12.5,571.25,1.37,1.0373,1.4286,5636.0,0.148,2800.0,3.4471580313422194,1.0969100130080565,2.7568262130779067,224.0
Kepler-310 d,7.0,2.47,92.876125,0.392,0.854,0.876,5797.0,-0.12,7.0,0.8450980400142568,0.39269695325966575,1.9679040873697953,2.8340080971659916
WASP-192 b,731.009,13.78707,2.8786765,0.0408,1.09,1.32,5910.0,0.14,731.009,2.86392272391583,1.1394719806040494,0.4591928624609808,53.021345361994975
Kepler-184 b,6.17,2.36,10.687576,0.092,0.872,0.873,5788.0,-0.1958,6.17,0.7902851640332417,0.37291200297010657,1.0288792160415643,2.614406779661017
Kepler-1744 b,13.6,3.76754004,37.10110092,0.20945,0.886,0.85,5986.0,-0.5,13.6,1.1335389083702174,0.5760578765297756,1.5693867968492008,3.6097824722786487
Kepler-1107 b,2.36,1.34,0.571038518,0.01285,0.86,0.82,5268.0,0.01,2.36,0.37291200297010657,0.12710479836480765,-0.24333459649905037,1.761194029850746
Kepler-40 b,699.2,13.11,6.87349,0.08,1.48,2.13,6510.0,0.1,699.2,2.8446014196263465,1.1176026916900843,0.837177305164802,53.333333333333336
TOI-908 b,16.137,3.186,3.183792,0.041657,0.95,1.028,5626.0,0.08,16.137,1.2078227990015078,0.5032457714651127,0.502944687142595,5.06497175141243
Kepler-851 b,3.46,1.68,8.50699658,0.0802,0.89,0.85,5455.0,-0.07,3.46,0.5390760987927766,0.22530928172586284,0.9297762582089896,2.0595238095238098
G 264-012 c,3.75,1.76,8.0518,0.0525,0.297,0.305,3326.0,0.1,3.75,0.5740312677277188,0.24551266781414982,0.9058929788376896,2.1306818181818183
Kepler-827 b,27.0,5.63,51.92927591,0.2742,0.93,0.91,5602.0,-0.06,27.0,1.4313637641589874,0.7505083948513462,1.7154122669339005,4.7957371225577266
Kepler-228 c,7.75,2.7,4.134444,0.052,1.006,1.014,6043.0,0.18,7.75,0.8893017025063102,0.43136376415898736,0.6164171138964253,2.8703703703703702
Kepler-77 b,136.661,10.761,3.57878087,0.04501,0.95,0.99,5520.0,0.2,136.661,2.1356445942945634,1.031852631395629,0.5537351072015961,12.69965616578385
Kepler-1509 b,4.08,1.85,25.4338197,0.1707,1.0,0.99,5780.0,0.03,4.08,0.6106601630898799,0.26717172840301384,1.4054115882551346,2.2054054054054055
GJ 581 b,20.5,4.79,5.3686,0.0399,0.295,0.302,3500.0,-0.08,20.5,1.3117538610557542,0.6803355134145632,0.7298610470505493,4.2797494780793315
HD 43691 b,810.4665,13.2,36.9987,0.238,1.32,1.6,6093.0,0.33,810.4665,2.9087350683321924,1.1205739312058498,1.5681864648036152,61.39897727272727
Kepler-1574 b,2.21,1.29,6.9424334,0.0743,1.06,1.08,5892.0,0.08,2.21,0.3443922736851107,0.11058971029924898,0.8415117221779695,1.7131782945736433
Kepler-238 f,13.5,2.0,50.447,0.28635,1.06,0.96,5800.0,0.34,13.5,1.130333768495006,0.3010299956639812,1.7028353445633138,6.75
Kepler-1290 b,2.6,1.42,4.69500134,0.0557,0.95,0.93,5660.0,-0.02,2.6,0.414973347970818,0.15228834438305647,0.6716357205541048,1.830985915492958
Kepler-68 d,267.0,13.9,632.62,1.469,1.057,1.2564,5847.0,0.11,267.0,2.4265112613645754,1.1430148002540952,2.8011429178236753,19.20863309352518
Kepler-218 b,2.79,1.48,3.619337,0.046,1.019,1.063,5502.0,0.37,2.79,0.44560420327359757,0.17026171539495738,0.5586290225739239,1.885135135135135
Kepler-645 b,5.06,2.1,3.275822621,0.04541,1.13,1.21,6170.0,-0.01,5.06,0.7041505168397991,0.3222192947339193,0.5153203775796803,2.4095238095238094
HD 206610 b,647.10188,13.4,673.2,1.74,1.55,6.12,4842.0,0.14,647.10188,2.8109726615629587,1.1271047983648077,2.8281441073037863,48.29118507462687
Kepler-99 b,6.15,1.48,4.60358,0.05071,0.79,0.73,4782.0,0.18,6.15,0.7888751157754168,0.17026171539495738,0.6630956946269994,4.155405405405405
Kepler-1010 b,5.99,2.32,34.2685705,0.193,0.86,0.82,5253.0,-0.01,5.99,0.7774268223893114,0.3654879848908996,1.5348959883834585,2.5818965517241383
Kepler-687 b,12.2,3.52,20.50586978,0.1326,0.77,0.73,4841.0,-0.04,12.2,1.0863598306747482,0.5465426634781311,1.3118781951130527,3.465909090909091
Kepler-1855 b,1.96,1.216205,0.727330983,0.0115,0.385,0.356,3460.0,0.07,1.96,0.292256071356476,0.08500678452965833,-0.1382679118657535,1.6115704178160755
Kepler-1363 b,2.1,1.25,2.94194094,0.0363,0.76,0.72,4839.0,-0.09,2.1,0.3222192947339193,0.09691001300805642,0.4686339499382285,1.6800000000000002
Kepler-296 b,3.22,1.61,10.864384,0.079,0.498,0.48,3740.0,-0.08,3.22,0.5078558716958309,0.20682587603184974,1.0360051072801122,2.0
BD+48 738 b,289.2253,13.9,392.6,1.0,0.74,11.0,4414.0,-0.2,289.2253,2.461236280219331,1.1430148002540952,2.5939502952639875,20.807575539568344
HR 8799 c,3000.0,13.0,69000.0,38.0,1.5,1.49338,7204.58,-0.47,3000.0,3.4771212547196626,1.1139433523068367,4.838849090737256,230.76923076923077
Kepler-1773 b,12.1,3.50469499,40.80970001,0.24831,1.241,1.3,6183.0,0.26,12.1,1.08278537031645,0.5446502277452259,1.6107634023086672,3.452511569344869
Kepler-989 b,5.52,2.21,7.964315352,0.0734,0.82,0.78,5074.0,0.01,5.52,0.7419390777291989,0.3443922736851107,0.9011484478548697,2.497737556561086
Kepler-1508 b,2.33,1.33,20.7056504,0.1629,1.14,1.22,6158.0,0.01,2.33,0.367355921026019,0.12385164096708581,1.3160888769873766,1.7518796992481203
K2-37 c,6.39,2.41,6.42966,0.06534,0.84,0.809,5352.0,-0.08,6.39,0.8055008581584001,0.3820170425748684,0.8081880080676269,2.6514522821576763
2MASS J19383260+4603591 b,603.877,13.4,406.0,0.92,0.48,0.203,29564.0,-0.092,603.877,2.7809484888510663,1.1271047983648077,2.6085260335771943,45.06544776119402
TOI-1260 b,8.56,2.41,3.127463,0.0367,0.679,0.672,4227.0,-0.1,8.56,0.9324737646771533,0.3820170425748684,0.4951921803987484,3.5518672199170123
HIP 39330 b,530.77343969,13.5,4650.0,5.05,0.96,1.02786,5748.0,0.16,530.77343969,2.724909182307176,1.130333768495006,3.667452952889954,39.31655108814815
Kepler-52 c,45.4,1.84,16.3850021,0.10379,0.54,0.52,4075.0,0.0,45.4,1.657055852857104,0.2648178230095365,1.21444650138018,24.673913043478258
Kepler-1637 b,0.64,0.89,6.10960324,0.0596,1.02,1.02,5789.0,0.07,0.64,-0.1938200260161128,-0.05060999335508721,0.7860130079064691,0.7191011235955056
Kepler-1990 b,10.7,3.27,1.73513619,0.0286,1.028,1.071,5751.0,0.21,10.7,1.0293837776852097,0.5145477526602861,0.23933356802847006,3.2721712538226297
TOI-1749 c,14.0,2.12,4.4929,0.0443,0.58,0.55,3985.0,-0.26,14.0,1.146128035678238,0.32633586092875144,0.6525267524609313,6.60377358490566
GJ 9714 b,2988.54051102,12.5,19240.75467,12.319,0.67,0.662662,4263.0,,2988.54051102,3.475459147267976,1.0969100130080565,4.284222102139893,239.0832408816
Kepler-312 b,2.21,1.29,1.772419,0.031,1.314,1.467,6115.0,0.15,2.21,0.3443922736851107,0.11058971029924898,0.24856639694010255,1.7131782945736433
Kepler-1671 b,2.32,1.32557381,4.16787,0.04946,0.866,0.929771,5135.55,0.2502,2.32,0.3654879848908996,0.12240391493086182,0.6199141644269927,1.750185453648937
Kepler-466 b,8.5,2.85,51.07926307,0.26769,1.04,1.05,5927.0,-0.01,8.5,0.9294189257142927,0.4548448600085102,1.708244622989553,2.982456140350877
HD 63765 b,168.4499,14.2,358.0,0.94,0.65,0.83,5449.0,-0.16,168.4499,2.2264707574990266,1.1522883443830565,2.5538830266438746,11.862669014084508
Kepler-1038 c,2.59,1.4162338,7.127659798,0.0692,0.868,0.821,5159.0,0.16,2.59,0.4132997640812518,0.15113495509680522,0.852946962721121,1.8287940875298978
TOI-3877 b,99.7981198,11.67975789,4.123596,0.0529,1.16,1.445,5731.0,0.269,99.7981198,1.999122359241511,1.067433840368264,0.6152761096751768,8.544536688165888
Kepler-1699 b,3.08,1.56671124,3.49082,0.0418,0.81,0.725,5575.53,0.225,3.08,0.4885507165004443,0.19498895918031126,0.5429274555107823,1.9659015148190293
HD 143105 b,384.5743,13.7,2.1974,0.0379,1.51,1.647304,6380.0,0.15,384.5743,2.5849802582146872,1.1367205671564067,0.34190912017976804,28.07111678832117
HD 191939 e,112.2,13.0,101.12,0.407,0.81,0.94,5348.0,-0.15,112.2,2.0499928569201424,1.1139433523068367,2.0048370609383097,8.63076923076923
Kepler-1569 b,3.46,1.68,5.79180156,0.06669,1.25,1.4,6319.0,0.06,3.46,0.5390760987927766,0.22530928172586284,0.7628136735493537,2.0595238095238098
Kepler-859 b,9.75,3.09,20.38177573,0.13157,0.81,0.77,5020.0,-0.02,9.75,0.9890046156985368,0.4899584794248346,1.309242018539153,3.1553398058252426
HD 83443 b,127.76701961,14.1,2.985628,0.0406,1.0,0.94,5442.0,0.34,127.76701961,2.106418764230466,1.14921911265538,0.47503569501270554,9.06149075248227
Kepler-106 b,5.3,0.82,6.16486,0.06491,1.0,1.04,5858.0,-0.12,5.3,0.724275869600789,-0.08618614761628333,0.7899232184957667,6.463414634146342
Kepler-834 b,4.74,2.02,13.32388301,0.0862,0.7,0.66,4554.0,-0.13,4.74,0.6757783416740851,0.3053513694466238,1.1246308107247458,2.3465346534653464
K2-249 b,8.2,2.79,12.409,0.1151,1.32,1.57,6504.0,0.04,8.2,0.9138138523837167,0.44560420327359757,1.0937367845623394,2.9390681003584227
Kepler-454 c,1433.40611557,12.9,524.19,1.287,1.03,1.066,5687.0,0.32,1433.40611557,3.1563692530375533,1.110589710299249,2.7194887316311003,111.11675314496125
HD 33283 b,104.56607,12.5,18.1991,0.1508,1.38,1.97,5935.0,0.35,104.56607,2.0193907858482114,1.0969100130080565,1.2600499113533015,8.3652856
Kepler-169 e,5.48,2.2,13.767102,0.105,0.825,0.763,4997.0,0.17,5.48,0.7387805584843692,0.3424226808222063,1.1388425300995875,2.4909090909090907
GJ 536 b,6.37,2.41,8.70874,0.0668,0.528,0.529,3641.0,-0.08,6.37,0.8041394323353505,0.3820170425748684,0.9399553248548332,2.6431535269709543
TOI-2236 b,502.16888306,14.36991326,3.5315902,0.05009,1.343,1.573,6248.0,0.119,502.16888306,2.700849798114015,1.1574541466438253,0.5479703030017414,34.94585346300135
HD 159868 c,244.09344,14.0,351.0,1.032,1.19,2.13,5534.0,-0.08,244.09344,2.387556107929749,1.146128035678238,2.545307116465824,17.435245714285713
Kepler-1665 b,8.44,2.83910787,11.9548,0.096,0.842,0.777785,5049.84,-0.013,8.44,0.926342446625655,0.4531818935669931,1.0775423149040781,2.972764821366227
HIP 111909 b,384.57237247,13.7,487.08,1.32,1.28,4.53,4891.0,-0.01,384.57237247,2.584978081476043,1.1367205671564067,2.6876002973649102,28.070976092700732
Kepler-1125 b,4.04,1.84,17.6700642,0.1348,0.95,0.94,5683.0,-0.09,4.04,0.6063813651106049,0.2648178230095365,1.247238127415937,2.1956521739130435
Kepler-384 b,1.46,1.12,22.597053,0.148,0.882,0.882,5577.0,-0.29,1.46,0.1643528557844371,0.04921802267018165,1.3540518042229963,1.3035714285714284
HD 37605 b,854.9627,13.2,55.01292,0.277,0.94,0.91,5329.0,0.27,854.9627,2.9319471679006455,1.1205739312058498,1.7404646972353708,64.76990151515152
Kepler-1618 b,2.13,1.26,6.10826019,0.07109,1.41,1.65,6620.0,0.04,2.13,0.3283796034387377,0.10037054511756291,0.7859175281673787,1.6904761904761905
Kepler-352 d,0.449,0.80628032,6.887279987,0.06574,0.796,0.772,5208.0,-0.14,0.449,-0.3477536589966768,-0.09351394049794477,0.8380477386173004,0.5568782827292622
K2-148 c,3.64,1.73,6.9226,0.0616,0.65,0.632,4079.0,-0.11,3.64,0.561101383649056,0.2380461031287954,0.8402692380376208,2.1040462427745665
NGTS-9 b,921.707,11.99363,4.43527,0.058,1.34,1.38,6330.0,0.31,921.707,2.9645928857971935,1.078950646849861,0.6469200629368357,76.84971105495167
Kepler-584 b,16.5,4.21,35.1810304,0.2281,1.17,1.24,6195.0,0.02,16.5,1.2174839442139063,0.6242820958356683,1.5463085551464801,3.9192399049881237
Kepler-92 b,64.3,3.51,13.749,0.12232,1.21,1.7,5883.0,0.1381,64.3,1.808210972924222,0.5453071164658241,1.138271111964449,18.31908831908832
TOI-277 b,7.51,2.65,3.994,0.0269,0.16,0.362,4031.0,-0.01,7.51,0.8756399370041684,0.42324587393680785,0.6014080605346838,2.8339622641509434
K2-270 b,2.48,1.38,1.543069,0.0247,0.85,0.77,4877.0,0.26,2.48,0.3944516808262163,0.13987908640123647,0.18838534644503624,1.7971014492753625
Kepler-533 b,11.4,3.38,28.51120525,0.16704,0.78,0.72,4758.0,0.01,11.4,1.0569048513364727,0.5289167002776547,1.4550155765644808,3.3727810650887577
Kepler-55 e,3.02,1.55,4.617534,0.048,0.631,0.619,4503.0,-0.01,3.02,0.48000694295715063,0.1903316981702915,0.6644101019375138,1.9483870967741934
GJ 887 b,3.9,1.8,9.2619,0.0683,0.495,0.468,3688.0,-0.06,3.9,0.5910646070264992,0.25527250510330607,0.9667000876400985,2.1666666666666665
Kepler-1467 b,10.9,3.3,47.0569043,0.2388,0.86,0.82,5332.0,-0.07,10.9,1.0374264979406236,0.5185139398778874,1.6726233531491885,3.303030303030303
Kepler-199 c,10.6,3.25,67.093408,0.316,0.96,0.967,5644.0,0.0,10.6,1.0253058652647702,0.5118833609788743,1.826679852361837,3.2615384615384615
HD 222076 b,495.8148,13.5,871.0,1.83,1.07,4.1,4806.0,0.05,495.8148,2.695319486252699,1.130333768495006,2.9400181550076634,36.727022222222224
Kepler-282 b,1.01,1.01,9.220524,0.082,0.86,0.904,5602.0,-0.2,1.01,0.004321373782642578,0.004321373782642578,0.9647556025983163,1.0
TOI-1224 b,5.08,2.104,4.1782745,0.0355,0.4,0.404,3326.0,,5.08,0.7058637122839193,0.32304573548170146,0.6209969684157599,2.414448669201521
Kepler-623 b,9.32,3.01,9.07097734,0.0854,0.9,0.86,5443.0,-0.03,9.32,0.9694159123539814,0.47856649559384334,0.9576540820437832,3.0963455149501664
WASP-176 b,271.74465,16.869545,3.899052,0.0535,1.345,1.925,5941.0,0.164,271.74465,2.4341610026264098,1.2271033690945137,0.5909590272276026,16.10859391880457
Kepler-363 d,4.86,2.05,11.932125,0.107,1.226,1.485,5593.0,0.3965,4.86,0.6866362692622934,0.31175386105575426,1.0767177943485806,2.3707317073170735
HD 4917 b,513.29545,13.5,400.5,1.167,1.32,5.01,4802.0,0.18,513.29545,2.710367414565359,1.130333768495006,2.6026025204202563,38.021885185185184
KOBE-1 c,12.4,3.56,29.671,0.16071,0.629,0.619,4135.0,-0.01,12.4,1.0934216851622351,0.5514499979728752,1.472332183565353,3.4831460674157304
Kepler-970 b,7.31,2.609,16.736525,0.139,0.67,0.71,4290.0,0.04,7.31,0.8639173769578604,0.4164740791002208,1.2236652905754974,2.8018397853583745
HAT-P-70 b,2154.8874,20.96083,2.74432452,0.04739,1.89,1.858,8450.0,-0.059,2154.8874,3.3334245817653008,1.3214084757011504,0.43843546596763355,102.80544234173932
Kepler-943 b,29.5,5.93,49.7701438,0.2559,0.93,0.91,5612.0,-0.07,29.5,1.469822015978163,0.7730546933642626,1.6969688955452342,4.974704890387859
Kepler-10 b,3.24,1.47,0.8374907,0.01685,0.91,1.065,5708.0,-0.15,3.24,0.5105450102066121,0.1673173347481761,-0.07702000693124492,2.2040816326530615
Kepler-271 d,0.219,0.66,5.24972541,0.05554,0.9,0.87,5555.0,-0.13,0.219,-0.6595558851598816,-0.1804560644581313,0.7201365879696656,0.3318181818181818
TOI-1233.01,6.98,2.539,14.175685,0.1074,0.869,0.877,5660.0,-0.28,6.98,0.8438554226231612,0.40466270087372225,1.1515440541280668,2.7491138243402915
HD 221585 b,511.7063,13.5,1173.0,2.306,1.19,1.850575,5620.0,0.29,511.7063,2.709020763930087,1.130333768495006,3.0692980121155293,37.90417037037037
HD 22496 b,5.57,2.22,5.09071,0.051,0.684,0.674,4385.0,-0.08,5.57,0.7458551951737289,0.3463529744506387,0.7067783574995227,2.509009009009009
Kepler-1640 b,20.7,4.82,7.5844126,0.0836,1.27,1.43,6324.0,0.1,20.7,1.3159703454569178,0.6830470382388496,0.87992195104798,4.2946058091286305
Kepler-589 c,1.45,1.11727238,3.52466011,0.0426,0.832,0.916,5372.0,-0.02,1.45,0.16136800223497488,0.0481590627400127,0.5471172434640127,1.2978034953302973
Kepler-647 b,1.71,1.17,16.2254649,0.12237,1.03,1.07,6020.0,-0.14,1.71,0.23299611039215382,0.06818586174616162,1.210197149269762,1.4615384615384617
Gaia-1 b,533.95172376,13.77583728,3.052524,0.04047,0.949,0.952,5470.0,,533.95172376,2.7275019928854554,1.1391180042594444,0.48465908720384576,38.76001965667818
Kepler-1527 b,20.4,4.77,160.129918,0.6276,1.21,1.32,6224.0,0.07,20.4,1.3096301674258988,0.6785183790401139,2.2044724812536813,4.276729559748428
Kepler-1980 b,5.52,2.21,33.0257179,0.2049,1.049,0.99,5819.0,0.14,5.52,0.7419390777291989,0.3443922736851107,1.5188522669109359,2.497737556561086
TOI-122 b,7.85,2.72,5.07803,0.0392,0.312,0.334,3403.0,,7.85,0.8948696567452525,0.43456890403419873,0.7056952622714512,2.8860294117647056
HATS-52 b,711.9392,15.490838,1.36665436,0.02498,1.111,1.046,6010.0,-0.2843,711.9392,2.8524429062324,1.1900749122028311,0.13565869121361818,45.95872734580273
Kepler-250 d,5.39,2.18,17.648312,0.127,0.806,0.805,5160.0,0.01,5.39,0.7315887651867387,0.33845649360460484,1.2467031729451983,2.472477064220183
Kepler-1298 b,2.27,1.31,7.12811928,0.0814,1.45,2.0,6339.0,0.13,2.27,0.35602585719312274,0.11727129565576427,0.8529749584547967,1.732824427480916
Kepler-1361 b,0.566,0.86,3.57554956,0.04304,0.83,0.79,5131.0,0.0,0.566,-0.24718356881172862,-0.06550154875643228,0.5533428020903145,0.6581395348837209
Kepler-619 b,10.1,3.16,5.404272197,0.06014,1.09,1.11,5980.0,0.05,10.1,1.0043213737826426,0.49968708261840383,0.7327372150128366,3.1962025316455693
K2-99 b,276.51071409,11.88151954,18.24783,0.153,1.44,2.55,6069.0,0.2,276.51071409,2.441711963778211,1.074871986574114,1.2612112263235116,23.27233592968531
TOI-532 b,61.5,5.82,2.3266508,0.0296,0.639,0.612,3927.0,0.338,61.5,1.7888751157754168,0.7649229846498885,0.36673120622902494,10.56701030927835
HD 210277 b,410.0007,13.6,442.19,1.13,1.01,1.07,5538.0,0.22,410.0007,2.612784598197486,1.1335389083702174,2.6456089169086248,30.14711029411765
Kepler-178 b,8.75,2.9,9.576694,0.085,0.852,1.066,5676.0,-0.04,8.75,0.9420080530223133,0.4623979978989561,0.9812156108162006,3.0172413793103448
Kepler-1604 b,2.57,1.41,0.683684256,0.01406,0.81,0.76,4976.0,0.02,2.57,0.4099331233312945,0.14921911265537988,-0.16514442099370252,1.822695035460993
Kepler-984 b,5.14,2.12,43.0342272,0.23688,0.96,0.93,5610.0,0.04,5.14,0.7109631189952758,0.32633586092875144,1.633814008398714,2.424528301886792
HD 13724 c,50.85254512,8.18,142.22895,0.534,1.004,1.04198,5835.31,0.2169,50.85254512,1.7063126938155173,0.912753303671323,2.1529880038873905,6.216692557457213
Kepler-1286 b,5.27,2.15,11.25402929,0.0991,1.0,0.98,5753.0,0.03,5.27,0.7218106152125465,0.33243845991560533,1.0513080411244269,2.4511627906976745
Kepler-318 b,19.9,4.71,4.662715,0.056,1.073,1.189,5746.0,0.332,19.9,1.2988530764097066,0.6730209071288962,0.6686388708029816,4.225053078556263
Kepler-732 b,5.39,2.18,9.467814048,0.0691,0.49,0.46,3631.0,-0.01,5.39,0.7315887651867387,0.33845649360460484,0.9762497196076414,2.472477064220183
HIP 109600 b,851.7844,13.2,232.08,0.706,0.87,0.971958,5530.0,-0.12,851.7844,2.930329681927026,1.1205739312058498,2.3656377157946076,64.52912121212121
Kepler-407 b,1.93,1.19,0.6693124,0.01531,0.99,1.04,5487.0,0.35,1.93,0.28555730900777376,0.07554696139253074,-0.17437112897574616,1.6218487394957983
GJ 1148 c,68.06,9.71,532.58,0.912,0.344045,0.358519,3287.0,0.1596,68.06,1.8328919447597907,0.9872192299080049,2.7263848533294963,7.009268795056642
Kepler-897 b,6.3,2.39,8.0472642,0.077,1.03,1.04,5839.0,0.04,6.3,0.7993405494535817,0.3783979009481377,0.9056482598976733,2.6359832635983262
Kepler-435 b,266.97,22.31,8.6001536,0.0948,1.538,3.21,6161.0,-0.18,266.97,2.4264624614901598,1.3484995702838376,0.9345062078757437,11.96638278798745
HD 184010 d,143.02278315,14.3,836.4,1.92,1.35,4.86,4971.0,-0.17,143.02278315,2.1554052249349365,1.1553360374650619,2.9224140241456342,10.001593227272727
WASP-70 A b,187.512,13.047,3.7130203,0.04853,1.106,1.215,5763.0,-0.006,187.512,2.2730290660211825,1.1155106623849984,0.5697273236279586,14.372039549321682
TOI-1798.01,6.5,2.448,8.021522331,0.074984,0.87,0.78,5165.0,0.073,6.5,0.8129133566428556,0.38881141347352355,0.9042567968643535,2.6552287581699345
TOI-444 b,8.1,2.77,17.9636,0.133,0.96,0.779,5225.0,0.08,8.1,0.9084850188786497,0.4424797690644486,1.254393375953867,2.9241877256317688
TOI-2202 b,287.31687993,10.95117414,11.9126075,0.09564,0.841,0.808,5169.0,0.059,287.31687993,2.458361141637979,1.0394606849465575,1.0760068327604355,26.23617123213786
TrES-1 b,266.9772,12.66617,3.03007,0.03925,1.04,0.85,5230.0,0.02,266.9772,2.426474173960119,1.102645312648071,0.4814526615922642,21.07797384686926
Kepler-1052 c,5.9,2.3,180.921729,0.6135,0.937,0.848,5818.0,-0.22,5.9,0.7708520116421442,0.36172783601759284,2.2574907294805313,2.565217391304348
Kepler-206 b,1.87,1.2,7.781987,0.078,0.957,1.185,5764.0,0.0213,1.87,0.27184160653649897,0.07918124604762482,0.8910905009687542,1.5583333333333336
Kepler-763 b,1.98,1.22,1.19655156,0.0205,0.84,0.8,5166.0,0.01,1.98,0.2966651902615311,0.08635983067474821,0.07793141731722383,1.6229508196721312
Kepler-155 b,5.02,2.09,5.931194,0.056,0.635,0.62,4508.0,-0.142,5.02,0.7007037171450193,0.32014628611105395,0.7731421293531089,2.401913875598086
ups And c,4443.24112986,12.3,241.258,0.827774,1.3,1.56,6156.77,0.1014,4443.24112986,3.6476998825692553,1.089905111439398,2.382481723252102,361.2391162487805
NGTS-34 b,19.1,3.65,43.12655,0.257,1.266,1.367,6134.0,0.228,19.1,1.2810333672477277,0.5622928644564748,1.6347447172256768,5.232876712328768
K2-274 b,4.98,2.08,14.1330314,0.0964,0.79,0.7,5044.0,-0.16,4.98,0.6972293427597176,0.31806333496276157,1.1502353238508123,2.394230769230769
HD 200964 c,385.84562,13.7,852.5,1.96,1.39,4.92,4982.0,-0.15,385.84562,2.586413574637476,1.1367205671564067,2.9306943876645355,28.16391386861314
Kepler-1583 b,0.156,0.6,9.32807355,0.08307,0.94,0.91,5645.0,-0.07,0.156,-0.8068754016455384,-0.2218487496163564,0.969791961753834,0.26
HATS-32 b,292.4036,14.000041,2.8126548,0.04024,1.099,1.097,5700.0,0.39,292.4036,2.4659827152437925,1.1461293075387868,0.44911643402990076,20.88591026269137
Kepler-1876 b,2.4,0.853,6.99205,0.0758,1.187,1.477,6104.0,0.01,2.4,0.38021124171160603,-0.06905096883247698,0.844604525268002,2.8135990621336457
TOI-6564 b,222.16205649,16.39873876,3.985413,0.0542,1.18,1.7,5943.0,0.19,222.16205649,2.3466698868994094,1.214810447399177,0.6004733330915205,13.547508728652982
HD 37124 b,214.53525,14.0,154.378,0.53364,0.85,0.949168,5698.64,-0.44,214.53525,2.3314986607292623,1.146128035678238,2.188585410252559,15.323946428571428
Kepler-881 b,3.82,1.78,4.44448017,0.0552,1.06,1.09,5961.0,0.0,3.82,0.5820633629117087,0.250420002308894,0.6478209728422262,2.1460674157303368
TOI-333 b,20.1,4.26,3.7852503,0.049,1.2,1.1,6241.0,0.01,20.1,1.3031960574204888,0.6294095991027189,0.578094602545395,4.71830985915493
Kepler-60 c,3.85,1.9,8.9187,0.08422,1.041,1.257,5905.0,-0.09,3.85,0.5854607295085007,0.2787536009528289,0.9503015557245987,2.0263157894736845
Kepler-665 b,7.27,2.6,16.01310205,0.1148,0.79,0.74,4913.0,-0.03,7.27,0.8615344108590378,0.414973347970818,1.204475471375852,2.796153846153846
Kepler-1848 b,2.57,1.4088539,5.604020119,0.05835,0.756,0.737,4847.0,0.0,2.57,0.4099331233312945,0.14886595853615664,0.7484996857777265,1.8241777944469613
TOI-2096 c,4.32,1.914,6.38784,0.04,0.231,0.235,3300.0,-0.03,4.32,0.6354837468149122,0.28194193344082474,0.8053540295723721,2.2570532915360504
Kepler-1698 b,1.25,1.07315686,1.2107,0.02065,0.822,0.741698,4975.03,0.08,1.25,0.09691001300805642,0.03066320607917913,0.08303654241196466,1.1647877832137232
HIP 14810 c,416.3573,13.6,147.747,0.549,1.01,1.07,5544.0,0.24,416.3573,2.6194661835540014,1.1335389083702174,2.1695186713016983,30.614507352941178
HD 25463 c,4.3,1.36354953,3.04405,0.0443,1.251,1.4182,6353.0,-0.018,4.3,0.6334684555795865,0.13467091801289252,0.4834517816549599,3.15353414408056
Kepler-1869 c,0.33,0.74,1.716828304,0.028,0.987,0.902,5808.0,-0.06,0.33,-0.4814860601221125,-0.13076828026902382,0.23472686455296204,0.445945945945946
Kepler-292 b,2.3,1.32,2.580827,0.035,0.865,0.826,5299.0,0.04,2.3,0.36172783601759284,0.12057393120584989,0.4117588935545245,1.7424242424242422
Kepler-33 b,3.68,1.74,5.66793,0.0677,1.291,1.82,5904.0,0.025,3.68,0.5658478186735176,0.24054924828259971,0.7534244779901266,2.1149425287356323
Kepler-601 b,4.27,1.9,5.378868441,0.05494,0.85,0.79,5160.0,-0.02,4.27,0.6304278750250238,0.2787536009528289,0.7306909222244998,2.2473684210526312
TOI-1347 b,11.1,1.8,0.84742346,0.0171,0.913,0.83,5464.0,0.04,11.1,1.0453229787866574,0.25527250510330607,-0.07189951719658842,6.166666666666666
K2-417 b,699.2224954,3.31,6.535,0.063,0.569,0.5776,3861.0,,699.2224954,2.8446153919817987,0.5198279937757188,0.8152455919165631,211.2454668882175
Kepler-1020 b,5.82,2.28,96.9151496,0.37594,0.87,0.8,5227.0,0.0,5.82,0.7649229846498885,0.35793484700045375,1.9863916704812843,2.5526315789473686
Kepler-1346 b,3.12,1.58,3.40165668,0.044,1.14,1.21,6133.0,0.04,3.12,0.4941545940184428,0.19865708695442263,0.5316904793219636,1.9746835443037976
HD 180314 b,7216.92963775,12.0,394.73,1.448,2.6,9.2,4917.0,0.2,7216.92963775,3.8583524711165524,1.0791812460476249,2.59630013460261,601.4108031458334
Kepler-181 c,4.62,1.99,4.302149,0.049,0.81,0.749,5333.0,-0.04,4.62,0.6646419755561255,0.29885307640970665,0.6336854476035624,2.321608040201005
Kepler-953 c,1.81,1.19,9.10967112,0.0862,0.95,0.99,5416.0,0.26,1.81,0.2576785748691845,0.07554696139253074,0.9595026982301402,1.5210084033613447
TOI-1696 b,48.8,3.09,2.500311,0.0229,0.255,0.2775,3185.0,0.336,48.8,1.6884198220027107,0.4899584794248346,0.3979940315454333,15.792880258899677
HD 96167 b,227.88411,14.0,498.04,1.332,1.27,1.94,5733.0,0.34,227.88411,2.3577140435660375,1.146128035678238,2.697264224449781,16.277436428571427
Kepler-1770 b,8.45,2.84141754,16.84189987,0.1261,0.941,1.009,5602.0,0.1,8.45,0.9268567089496923,0.4535350570224466,1.2263910810185732,2.9738677547545507
Kepler-292 e,7.61,2.67,11.97901,0.097,0.865,0.826,5299.0,0.04,7.61,0.8813846567705729,0.42651126136457523,1.0784209274603733,2.850187265917603
Kepler-154 b,5.73,2.26,33.040532,0.198,0.933,1.001,5690.0,0.02,5.73,0.75815462196739,0.35410843914740087,1.5190470314692976,2.535398230088496
Kepler-1660 AB b,1586.59940774,12.9,239.5044,0.8,1.1366,1.491,6305.24,-0.36,1586.59940774,3.2004672878328653,1.110589710299249,2.37931349636506,122.9922021503876
Kepler-379 b,3.39,1.66,20.09838,0.152,1.125,1.306,6054.0,0.09,3.39,0.5301996982030822,0.22010808804005508,1.303161053171011,2.0421686746987953
HAT-P-33 b,292.4036,20.73665,3.47447,0.04995,1.82,1.79,6446.0,0.05,292.4036,2.4659827152437925,1.3167385975676653,0.5408885661548551,14.100811847622445
Kepler-567 b,5.69,2.25,16.54297375,0.1229,0.84,0.79,5148.0,0.0,5.69,0.7551122663950712,0.3521825181113625,1.2186135806174152,2.528888888888889
Kepler-176 e,0.52075,1.45,51.16579,0.25654,0.87,0.83,5295.0,0.03,0.52075,-0.28337072138021646,0.16136800223497488,1.7089796840233642,0.3591379310344828
HD 109246 b,273.3338,13.9,68.27,0.33,1.2,1.07,5844.0,0.1,273.3338,2.436693339141805,1.1430148002540952,1.8342299028516773,19.66430215827338
K2-415 b,7.5,1.015,4.0179694,0.027,0.1635,0.1965,3173.0,-0.13,7.5,0.8750612633917001,0.006466042249231681,0.6040066249304606,7.389162561576355
Kepler-800 b,8.5,2.85,14.13176026,0.1106,0.85,0.82,5315.0,-0.09,8.5,0.9294189257142927,0.4548448600085102,1.1501962611826886,2.982456140350877
Kepler-327 c,20.3,1.03,5.212333,0.047,0.591913,0.492,3799.0,-0.2,20.3,1.307496037913213,0.012837224705172217,0.7170321536719187,19.70873786407767
Kepler-28 c,2.06,1.857,8.99,0.07519,0.684,0.664,4499.3,0.1451,2.06,0.31386722036915343,0.2688119037397804,0.9537596917332288,1.1093161012385568
K2-271 b,41.8,7.28,8.562421,0.077,0.83,0.99,5644.0,-0.3,41.8,1.6211762817750353,0.8621313793130372,0.9325965775606462,5.741758241758241
Kepler-1418 b,3.39,1.66,22.4764425,0.131,0.77,0.72,4770.0,0.0,3.39,0.5301996982030822,0.22010808804005508,1.3517275735837684,2.0421686746987953
HD 9446 c,578.426,13.4,192.9,0.654,1.0,1.0,5793.0,0.09,578.426,2.7622478060754583,1.1271047983648077,2.2853322276438846,43.166119402985075
MASCARA-4 b,532.36258173,16.98160576,2.8240932,0.0474,1.75,1.79,7800.0,0.0,532.36258173,2.7262075225365354,1.2299787542079847,0.4508790250914562,31.349366441186298
Kepler-1846 b,3.76,1.76378826,14.82009983,0.11054,0.785,0.732,4825.0,0.08,3.76,0.5751878449276611,0.24644644755710787,1.1708511291137618,2.1317751599049646
HD 147873 b,1633.6462,12.8,116.596,0.522,1.38,2.29,5972.0,0.03,1633.6462,3.213158006893513,1.1072099696478683,2.0666836515574247,127.62860937499998
Kepler-224 e,4.54,1.97,18.643577,0.124,0.777,0.676,5018.0,-0.06,4.54,0.6570558528571039,0.2944662261615929,1.2705292407607696,2.3045685279187818
Kepler-1670 b,11.2,3.3564801,20.4998,0.1528,1.05,1.51889,5838.0,-0.08,11.2,1.0492180226701815,0.5258840766704076,1.3117496240157502,3.3368289595996705
Kepler-92 c,6.1,2.6,26.723,0.19054,1.21,1.7,5883.0,0.1381,6.1,0.785329835010767,0.414973347970818,1.4268852116744015,2.346153846153846
Kepler-1799 b,15.9,4.12801189,11.9296999,0.1028,1.016,0.921,5831.0,0.0,15.9,1.2013971243204515,0.6157409395285428,1.0766295188242982,3.8517330917862256
Kepler-1265 b,2.39,1.35,6.49441289,0.0612,0.71,0.69,4630.0,-0.1,2.39,0.3783979009481377,0.13033376849500614,0.8125398959543503,1.7703703703703704
HD 332231 b,74.1,9.07303305,18.712024,0.145,1.1642,1.266,6128.0,0.043,74.1,1.8698182079793282,0.9577524928685152,1.2721207658265818,8.167059415704433
HD 233604 b,2089.644,12.7,192.0,0.747,1.5,10.9,4791.0,-0.36,2089.644,3.3200723042906257,1.1038037209559568,2.2833012287035497,164.53889763779526
Kepler-1591 b,2.15,1.27,8.18504949,0.0794,1.1,1.16,6082.0,0.01,2.15,0.33243845991560533,0.10380372095595687,0.9130213096696379,1.6929133858267715
HD 22532 b,673.79622284,13.4,872.6,1.9,1.57,5.69,5038.0,-0.19,673.79622284,2.828528572088344,1.1271047983648077,2.9408152086508013,50.2833002119403
TOI-7189 b,159.04,10.9,2.89055,0.03294,0.612,0.591,3775.0,0.47,159.04,2.201506367053238,1.0374264979406236,0.4609804860917902,14.590825688073393
TOI-7265 B b,224.95,10.7,4.17232,0.04007,0.521,0.497,3503.0,0.35,224.95,2.3520859975015855,1.0293837776852097,0.620377609654947,21.023364485981308
TOI-6695 c,460.85119015,13.6,242.4,0.838,1.338,1.517,6400.0,0.2,460.85119015,2.6635607133945673,1.1335389083702174,2.3845326154942486,33.886116922794116
Kepler-249 b,1.32,1.09,3.306539,0.035,0.510238,0.482,3568.0,-0.34,1.32,0.12057393120584989,0.037426497940623665,0.5193736494912047,1.2110091743119267
Kepler-1222 b,0.418,0.79,1.916944254,0.02801,0.84,0.8,5239.0,-0.04,0.418,-0.3788237182249648,-0.10237290870955855,0.2826094834924555,0.5291139240506328
Kepler-463 b,9.53,3.05,8.981016833,0.07925,0.87,0.9,5661.0,-0.28,9.53,0.9790929006383263,0.48429983934678583,0.9533255103823,3.124590163934426
HD 202206 c,982.08977763,13.1,1299.22,2.39,1.06,1.04,5764.23,0.23,982.08977763,2.992151190584427,1.1172712956557642,3.1136826974134046,74.96868531526718
Kepler-566 b,5.27,2.15,18.42794624,0.1247,0.83,0.79,5132.0,-0.01,5.27,0.7218106152125465,0.33243845991560533,1.2654769366116057,2.4511627906976745
Kepler-1224 b,2.33,1.33,13.32351601,0.11625,1.18,1.22,6155.0,0.14,2.33,0.367355921026019,0.12385164096708581,1.1246188481257133,1.7518796992481203
WASP-149 b,314.96795134,15.24421375,1.332813,0.024,1.05,1.08,5750.0,0.0,314.96795134,2.4982663656490045,1.1831050296956873,0.12476922010767824,20.661475659248087
WASP-60 b,174.8065,9.86392,4.305,0.05548,1.19,1.17,5900.0,-0.04,174.8065,2.242557577392481,0.99404954131482,0.6339731557896735,17.721808368275493
TOI-5916 b,219.0,11.8,2.36712341,0.02789,0.518,0.487,3541.0,0.04,219.0,2.3404441148401185,1.0718820073061255,0.3742209004659928,18.559322033898304
Kepler-619 c,3.5,1.69,1.208465026,0.02216,1.09,1.11,5980.0,0.05,3.5,0.5440680443502757,0.22788670461367352,0.08223408607589969,2.0710059171597632
Kepler-186 b,1.24,1.07,3.8867907,0.0343,0.478,0.472,3788.0,-0.28,1.24,0.09342168516223506,0.029383777685209667,0.5895911549141583,1.158878504672897
K2-183 d,5.9,2.3,22.620344,0.1527,0.942219,0.87,5482.0,0.09,5.9,0.7708520116421442,0.36172783601759284,1.3544992051944669,2.565217391304348
Kepler-1677 b,7.76,2.70216183,22.064,0.1599,1.11,1.24959,6013.72,0.108,7.76,0.8898617212581884,0.43171135496410423,1.3436842488317746,2.871774707882688
KOI-55 c,0.655,0.867,0.342887,0.0076,0.496,0.203,27730.0,-0.106,0.655,-0.18375870000821692,-0.06198090252378971,-0.4648489801381604,0.7554786620530566
TOI-603 b,33.0,7.37,16.179846,0.1282,1.24,1.477,6027.0,0.183,33.0,1.5185139398778875,0.8674674878590515,1.2089743836749864,4.477611940298507
Kepler-1620 b,3.22,1.61,101.951829,0.4322,1.15,1.23,6157.0,0.03,3.22,0.5078558716958309,0.20682587603184974,2.008395021359694,2.0
Kepler-85 e,0.6,1.27,25.216751,0.163,0.947,0.893,5436.0,0.12,0.6,-0.2218487496163564,0.10380372095595687,1.40168913006942,0.47244094488188976
TOI-2128 b,4.5,2.08874836,16.34136,0.127,1.0251,1.1174,5968.0,-0.07,4.5,0.6532125137753437,0.3198861219112718,1.213288197601345,2.154400255280153
Kepler-1693 c,0.894,0.97698289,5.363709927,0.0588,0.941,1.098,5553.0,0.16,0.894,-0.04866248120408232,-0.010113042057739673,0.729465282880223,0.9150620846594355
WASP-172 b,149.3801,17.59813,5.477433,0.0694,1.49,1.91,6900.0,-0.1,149.3801,2.174292745833955,1.2454665215738852,0.7385770739719947,8.488407575123038
Kepler-403 b,2.1,1.25,7.031462,0.076,1.299,1.329,6090.0,0.079,2.1,0.3222192947339193,0.09691001300805642,0.847045634055233,1.6800000000000002
Kepler-1493 b,2.57,1.41,15.0217983,0.1197,1.06,1.29,5863.0,0.06,2.57,0.4099331233312945,0.14921911265537988,1.1767219263444229,1.822695035460993
Kepler-137 c,4.19,1.88,18.735753,0.13,0.85,0.802,5187.0,0.05,4.19,0.6222140229662954,0.2741578492636798,1.2726711523096221,2.2287234042553195
TOI-2114 b,324.18497514,14.54925695,6.209959,0.076,1.309,1.97,6400.0,0.001,324.18497514,2.51079288292151,1.1628408138885884,0.7930887328444484,22.28189221305903
TOI-5806 b,721.47048389,15.13212395,3.1856381,0.0484,1.333,1.387,6730.0,-0.019,721.47048389,2.8582185683527155,1.1798998900209552,0.5031964368448147,47.67807125251574
TOI-7169 b,130.30964687,16.53324653,3.4373125,0.0428,0.885,1.5,5714.0,-0.72,130.30964687,2.114976567879328,1.2183581416309601,0.5362190174023157,7.881673247510693
Kepler-365 b,4.82,2.04,10.664903,0.098,1.02,1.048,6012.0,-0.218,4.82,0.6830470382388496,0.3096301674258988,1.0279569097848549,2.3627450980392157
HD 11977 b,2080.0,12.7,711.0,1.93,1.91,10.09,4970.0,-0.21,2080.0,3.3180633349627615,1.1038037209559568,2.851869600729766,163.77952755905514
Kepler-1038 b,12.2,3.53,148.4603382,0.5238,0.87,0.83,5335.0,-0.04,12.2,1.0863598306747482,0.5477747053878226,2.1716104455621226,3.456090651558074
Kepler-250 c,5.82,2.28,7.156804,0.069,0.806,0.805,5160.0,0.01,5.82,0.7649229846498885,0.35793484700045375,0.8547191235596127,2.5526315789473686
eps CrB b,2129.461,12.7,417.9,1.3,1.7,21.0,4406.0,-0.094,2129.461,3.328269690599064,1.1038037209559568,2.621072371143626,167.67409448818896
TOI-521 b,5.3,1.98,1.54285047,0.0195,0.42,0.421,3544.0,-0.12,5.3,0.724275869600789,0.2966651902615311,0.1883238371449968,2.676767676767677
alf Ari b,572.07,13.4,380.8,1.2,1.5,13.9,4553.0,-0.09,572.07,2.757449173467338,1.1271047983648077,2.580696939712437,42.691791044776124
TOI-2180 b,875.61726129,11.32107051,260.79,0.828,1.111,1.636,5695.0,0.253,875.61726129,2.9423143143498764,1.0538874952801756,2.4162909343448398,77.34403389825721
Kepler-302 b,15.5,4.06,30.184104,0.193,1.021,1.22,5740.0,0.16,15.5,1.1903316981702914,0.608526033577194,1.4797782885667898,3.817733990147784
GJ 3779 b,8.0,2.75,3.0232,0.026,0.27,0.281,3324.0,0.0,8.0,0.9030899869919435,0.43933269383026263,0.4804668789089581,2.909090909090909
Kepler-985 b,9.17,2.98,116.331901,0.44664,0.91,0.85,5434.0,0.0,9.17,0.9623693356700211,0.4742162640762552,2.0656988250335657,3.077181208053691
Kepler-248 b,9.38,3.02,6.308205,0.066,0.838,0.831,5190.0,0.17,9.38,0.9722028383790645,0.48000694295715063,0.7999057983097106,3.1059602649006623
Kepler-836 b,7.9,2.73,11.36112327,0.1013,1.03,1.04,5895.0,-0.01,7.9,0.8976270912904415,0.436162647040756,1.0554212720304674,2.8937728937728937
Kepler-142 d,5.31,2.16,41.809118,0.242,0.978,1.269,5790.0,0.05,5.31,0.725094521081469,0.3344537511509309,1.621271005824192,2.458333333333333
Kepler-1676 b,11.3,3.3769596,29.9221,0.1954,1.07,1.06066,5878.3,0.135,11.3,1.0530784434834197,0.5285258650174013,1.4759920700215514,3.346205267010005
K2-65 b,3.12,1.58,12.6475,0.1014,0.87,0.84,5213.0,-0.34,3.12,0.4941545940184428,0.19865708695442263,1.102004688080605,1.9746835443037976
BD+63 1405 b,3305.4154328,12.4,1198.48,2.06,0.816,0.804724,5000.0,-0.09,3305.4154328,3.519226050458373,1.0934216851622351,3.0786307910087114,266.5657607096774
WASP-73 b,908.9938,15.91678,4.08722,0.05512,2.52,2.55,6030.0,0.14,908.9938,2.95856092102728,1.2018552135477079,0.6114280148132721,57.109151474104685
Kepler-733 b,8.35,2.82,20.83424726,0.1483,0.9,0.86,5418.0,0.01,8.35,0.921686475483602,0.45024910831936105,1.318777814045331,2.9609929078014185
Kepler-124 d,1.41,1.11,30.950851,0.17,0.706,0.636,4984.0,-0.46,1.41,0.14921911265537988,0.045322978786657475,1.4906725945362063,1.2702702702702702
Kepler-244 c,4.86,2.05,9.767292,0.087,0.933,0.803,5554.0,0.07,4.86,0.6866362692622934,0.31175386105575426,0.9897741714490025,2.3707317073170735
Kepler-2001 c,3.97,1.82,14.092583189,0.1084,0.864,0.77,5081.0,0.12,3.97,0.5987905067631151,0.2600713879850748,1.1489906071549556,2.1813186813186816
Kepler-32 b,1303.0,2.2,5.90124,0.05,0.58,0.53,3900.0,0.0,1303.0,3.1149444157125847,0.3424226808222063,0.7709432775022642,592.2727272727273
TOI-5108 b,32.0,6.6,6.753581,0.073,1.1,1.29,5808.0,0.2,32.0,1.505149978319906,0.8195439355418687,0.8295341130017029,4.848484848484849
Kepler-132 c,2.18,1.28,6.414914,0.068,0.929,1.178,6003.0,-0.2159,2.18,0.33845649360460484,0.10720996964786837,0.8071908384855693,1.703125
Kepler-47 b,2.07,3.05,49.4643,0.2877,0.957,0.936,5636.0,-0.25,2.07,0.3159703454569177,0.48429983934678583,1.6942918674862393,0.6786885245901639
HD 190007 b,15.5,4.06,11.724128,0.092,0.77,0.79,4610.0,0.16,15.5,1.1903316981702914,0.608526033577194,1.0690805512701704,3.817733990147784
Kepler-1219 b,5.14,2.12,16.10467749,0.14146,1.25,1.94,5944.0,0.05,5.14,0.7109631189952758,0.32633586092875144,1.2069520321227514,2.424528301886792
Kepler-1808 b,9.4,3.02511302,23.3404007,0.1467,0.773,0.892,5530.0,-0.34,9.4,0.9731278535996987,0.48074160478863,1.3681083075921756,3.1073219208186806
Kepler-824 b,4.16,1.87,4.51436633,0.055,1.15,1.22,6035.0,0.14,4.16,0.6190933306267428,0.27184160653649897,0.6545967981272744,2.2245989304812834
HD 95089 b,400.4658,13.7,464.4,1.36,1.54,5.08,4918.0,0.05,400.4658,2.6025654330158003,1.1367205671564067,2.666892211066536,29.231080291970805
Kepler-610 c,10.9,3.3,151.86392,0.5594,1.1,1.13,5943.0,0.12,10.9,1.0374264979406236,0.5185139398778874,2.1814546059488302,3.303030303030303
Kepler-410 A b,8.44,2.838,17.833648,0.1226,1.214,1.352,6273.0,0.01,8.44,0.926342446625655,0.4530123911214552,1.2512401902992107,2.9739252995066945
DMPP-6 b,5.8,2.28,7.6027,0.0779,1.079,1.27,6182.09,0.32,5.8,0.7634279935629372,0.35793484700045375,0.8809678537098095,2.5438596491228074
Kepler-1063 b,2.83,1.49,14.07971466,0.1176,1.09,1.14,5945.0,0.09,2.83,0.45178643552429026,0.17318626841227402,1.148593853467801,1.8993288590604027
Kepler-1628 b,33.8,6.43,76.378033,0.2952,0.55,0.52,3724.0,0.17,33.8,1.5289167002776547,0.8082109729242221,1.88296846958789,5.256609642301711
OGLE2-TR-L9 b,1430.175,18.046,2.4855335,0.0308,1.52,1.53,6933.0,-0.05,1430.175,3.1553891821393756,1.256380953031641,0.39541962093190736,79.25163471129336
Kepler-1577 b,1.51,1.13,6.30560247,0.0657,0.78,0.74,4862.0,0.0,1.51,0.17897694729316943,0.05307844348341968,0.7997265876412881,1.336283185840708
K2-13 b,4.23,1.89,39.91488,0.2114,0.8,0.78,5698.0,-0.54,4.23,0.6263403673750424,0.2764618041732441,1.6011348279471385,2.2380952380952386
TOI-1533 b,28.1,2.89,3.6457974,0.0445,0.88,0.849,5146.0,0.24,28.1,1.4487063199050798,0.4608978427565479,0.5617925308831996,9.72318339100346
Kepler-675 b,6.53,2.44,2.33743801,0.0325,0.79,0.75,4945.0,-0.05,6.53,0.814913181275074,0.3873898263387294,0.3687401019950704,2.6762295081967213
Kepler-276 c,16.6,2.9,31.884,0.18619,1.1,1.03,5693.0,-0.29,16.6,1.2201080880400552,0.4623979978989561,1.5035728004579023,5.724137931034483
HD 148164 b,390.9309,13.7,328.55,0.993,1.21,1.34,6032.0,0.24,390.9309,2.592099999337635,1.1367205671564067,2.5166014715265344,28.535102189781025
Kepler-1996 b,5.73,2.26,32.376183,0.1789,0.748,0.675,4580.0,0.08,5.73,0.75815462196739,0.35410843914740087,1.5102256461545003,2.535398230088496
HIP 107772 b,12.9,3.64,55.199,0.243,0.63,0.513922,4006.0,,12.9,1.110589710299249,0.561101383649056,1.7419312100042754,3.543956043956044
Kepler-446 c,1.41,1.11,3.036179,0.0283,0.22,0.24,3359.0,-0.3,1.41,0.14921911265537988,0.045322978786657475,0.4823273721050786,1.2702702702702702
KIC 3526061 b,5768.58558705,12.1,3552.0,5.14,1.42,5.86,4829.0,0.12,5768.58558705,3.7610693405317237,1.08278537031645,3.5504729571065634,476.7426105
HD 11964 c,25.0,5.38,37.91,0.229,0.91,2.00971,5303.0,0.1,25.0,1.3979400086720377,0.7307822756663892,1.5787537844264345,4.646840148698885
Kepler-1482 b,1.01,1.01,12.25383217,0.09968,0.88,0.84,5381.0,-0.04,1.01,0.004321373782642578,0.004321373782642578,1.0882719278857642,1.0
HD 39194 b,4.62,1.99,5.63692,0.05895,0.86,0.783742,5205.0,-0.61,4.62,0.6646419755561255,0.29885307640970665,0.7510418712925858,2.321608040201005
HD 199509 b,43.22466335,7.43,99.62167,0.426,1.04,0.92,5796.02,-0.3075,43.22466335,1.6357316195097154,0.8709888137605752,1.9983538177186464,5.817585915208614
Kepler-325 d,8.2,2.79,38.715185,0.22,0.914,1.003,5752.0,0.02,8.2,0.9138138523837167,0.44560420327359757,1.5878813388749522,2.9390681003584227
Kepler-1940 b,3.01,1.54732469,4.950610161,0.0525,0.802,0.717,5431.0,-0.44,3.01,0.47856649559384334,0.18958145544431912,0.6946587288779659,1.9452930722639732
Kepler-1612 b,1.08,1.03,3.91795101,0.0482,0.96,0.94,5643.0,0.03,1.08,0.03342375548694973,0.012837224705172217,0.5930590012810539,1.0485436893203883
HD 136352 c,11.24,2.916,27.59221,0.1721,0.87,1.058,5664.0,-0.24,11.24,1.0507663112330423,0.464787519645937,1.4407864867193712,3.8545953360768177
Kepler-225 b,1.87,1.2,6.738975,0.056,0.593,0.48,3682.0,-0.04,1.87,0.27184160653649897,0.07918124604762482,0.8285938452450979,1.5583333333333336
HD 20868 b,397.2875,13.7,380.85001,0.95,0.39,0.76,4802.0,0.05,397.2875,2.5991049009062936,1.1367205671564067,2.580753971332698,28.99908759124088
Kepler-1930 b,2.95,1.52955541,13.02680016,0.10233,0.844,0.844,5083.0,0.22,2.95,0.46982201597816303,0.18456521445005905,1.1148377508225424,1.9286650099194511
Kepler-1439 b,2.73,1.46,8.07392849,0.0594,0.46,0.43,3578.0,-0.03,2.73,0.436162647040756,0.1643528557844371,0.9070848985873087,1.86986301369863
HD 155193 b,238.37130525,14.0,352.65,1.04,1.221,1.76439,6239.0,0.05,238.37130525,2.3772539745512926,1.146128035678238,2.5473438881806207,17.02652180357143
TOI-1266 c,3.17,1.98,18.8027,0.105,0.437,0.4232,3563.0,-0.109,3.17,0.5010592622177514,0.2966651902615311,1.2742202168651102,1.601010101010101
Kepler-1536 b,10.0,3.14,364.758031,0.8507,0.71,0.67,4434.0,0.05,10.0,1.0,0.49692964807321494,2.562004862678135,3.184713375796178
HD 134987 b,511.7063,13.5,258.17999,0.81,1.1,1.22,5736.0,0.28,511.7063,2.709020763930087,1.130333768495006,2.4119225796448154,37.90417037037037
Kepler-961 b,7.04,2.55,16.87727414,0.12585,0.96,0.9,5582.0,0.05,7.04,0.8475726591421122,0.4065401804339551,1.227302304756961,2.7607843137254906
TOI-262 b,4.94,2.07,11.14529,0.163,0.913,0.853,5310.0,0.26,4.94,0.693726948923647,0.3159703454569177,1.0470913732883238,2.386473429951691
Kepler-539 b,308.2951,8.373123,125.63243,0.4988,1.048,0.952,5820.0,-0.01,308.2951,2.488966622164482,0.9228874709800502,2.099101760038838,36.81960721226716
HD 5278 c,18.4,4.49,40.87,0.2416,1.126,1.194,6203.0,-0.12,18.4,1.2648178230095364,0.6522463410033232,1.6114046377115934,4.097995545657015
Kepler-319 c,7.41,2.63,6.941357,0.069,0.933,0.903,5526.0,0.06,7.41,0.8698182079793282,0.41995574848975786,0.8414443811179579,2.817490494296578
Kepler-1099 b,8.4,2.83,2.168452593,0.0337,1.01,1.0,5837.0,-0.02,8.4,0.9242792860618817,0.45178643552429026,0.336149931984639,2.9681978798586575
Kepler-244 d,15.2,2.31,20.050401,0.14,0.933,0.803,5554.0,0.07,15.2,1.1818435879447726,0.36361197989214433,1.3021230627589815,6.580086580086579
Kepler-377 b,2.51,1.39,12.509529,0.109,1.043,1.224,5949.0,0.05,2.51,0.3996737214810381,0.14301480025409505,1.0972409582504332,1.8057553956834531
Kepler-879 b,7.13,2.57,33.3855938,0.2012,1.02,1.02,5792.0,0.05,7.13,0.8530895298518656,0.4099331233312945,1.5235591050496562,2.77431906614786
Kepler-705 b,5.1,2.11,56.0560538,0.232,0.53,0.51,3722.0,0.07,5.1,0.7075701760979364,0.3242824552976926,1.748622521301416,2.4170616113744074
Kepler-163 c,5.73,2.26,21.347262,0.152,0.882,0.917,5776.0,0.1412,5.73,0.75815462196739,0.35410843914740087,1.329342180319119,2.535398230088496
TOI-778 b,878.0,15.4,4.633611,0.06,1.4,1.71,6643.0,0.0,878.0,2.9434945159061026,1.187520720836463,0.6659195711793141,57.01298701298701
Kepler-1355 b,2.73,1.46,1.289588112,0.0224,0.88,0.83,5352.0,-0.04,2.73,0.436162647040756,0.1643528557844371,0.11045102095869086,1.86986301369863
Kepler-1542 e,0.363,0.76,5.10115756,0.05649,0.94,0.99,5564.0,0.06,0.363,-0.4400933749638875,-0.11918640771920865,0.7076687378385375,0.4776315789473684
Kepler-1579 b,0.52,0.84,0.849907889,0.014,0.75,0.7,4584.0,0.11,0.52,-0.28399665636520083,-0.07572071393811836,-0.07062813954061971,0.6190476190476191
K2-264 c,7.6,2.668,19.660302,0.11283,0.496,0.473,3660.0,-0.013,7.6,0.8808135922807914,0.4261858252445114,1.293590184702942,2.8485757121439277
Kepler-1073 d,2.82,1.48770949,2.504760027,0.0352,0.924,1.116,5509.0,0.16,2.82,0.45024910831936105,0.17251813335525581,0.3987661238391977,1.8955313647962275
Kepler-510 b,6.66,2.47,19.55659418,0.1352,0.91,1.41,5746.0,-0.35,6.66,0.8234742291703011,0.39269695325966575,1.2912932237838166,2.6963562753036436
HD 164509 b,140.79869,14.3,280.17,0.87,1.12,1.11,5859.0,0.2,140.79869,2.148598614121307,1.1553360374650619,2.4474216301218403,9.846062237762236
TYC 3667-1280-1 b,1716.282,12.8,26.468,0.21,1.87,6.26,5130.0,-0.08,1716.282,3.2345886477212056,1.1072099696478683,1.422721125971558,134.08453125
HATS-59 c,4036.441,12.3,1422.0,2.504,1.038,1.036,5670.0,0.18,4036.441,3.605998608854194,1.089905111439398,3.1528995963937474,328.16593495934956
Kepler-1605 b,1.28,1.08,85.7565495,0.36567,0.86,0.82,5280.0,-0.01,1.28,0.10720996964786837,0.03342375548694973,1.9332672984301211,1.1851851851851851
HD 187123 b,166.218,14.2,3.0965828,0.0426,1.04,1.15043,5790.0,0.09,166.218,2.2206780524046823,1.1522883443830565,0.49088269716727034,11.705492957746479
OGLE-TR-132 b,375.02,13.45,1.689868,0.03035,1.305,1.32,6210.0,0.37,375.02,2.574054429482446,1.1287222843384268,0.2278527820630648,27.882527881040893
OGLE-TR-56 b,441.77,15.278,1.2119189,0.02383,1.228,1.363,6050.0,0.25,441.77,2.6451962201890327,1.184066505691661,0.08347355839385091,28.915433957324254
WASP-156 b,42.0,6.15,3.8361629,0.046,0.8712,0.8268,5036.0,0.32,42.0,1.6232492903979006,0.7888751157754168,0.583897040904512,6.829268292682927
HD 22781 b,4338.2,12.3,528.07,1.167,0.75,0.743475,5027.0,-0.37,4338.2,3.6373095700143114,1.089905111439398,2.722691495637447,352.6991869918699
Kepler-16 b,105.833,8.4493,228.776,0.7048,0.6897,0.6489,4450.0,-0.3,105.833,2.024621107049542,0.9268207304017636,2.3594104623663177,12.525653012675606
Kepler-27 c,4385.87,4.9,31.3309,0.191,0.65,0.59,5400.0,0.41,4385.87,3.6420557547652685,0.6901960800285137,1.495972870445693,895.0755102040815
WASP-23 b,280.95,10.783,2.9444256,0.0376,0.78,0.765,5150.0,-0.05,280.95,2.4486290364309187,1.0327396052094933,0.46900058500390446,26.05490123342298
Kepler-27 b,2895.31,4.0,15.3348,0.118,0.65,0.59,5400.0,0.41,2895.31,3.4616950703369147,0.6020599913279624,1.1856781161865972,723.8275
HD 114783 b,349.6,13.7,493.7,1.16,0.853,0.840622,5135.0,0.21,349.6,2.5435714239623652,1.1367205671564067,2.6934631272195313,25.518248175182485
HD 19994 b,435.41,13.6,466.2,1.305,1.365,1.79647,6188.0,0.27,435.41,2.638898399199671,1.1335389083702174,2.668572269184558,32.01544117647059
47 UMa b,804.08,13.2,1078.0,2.1,1.06,1.21334,5872.0,0.04,804.08,2.9052992599799583,1.1205739312058498,3.03261876085072,60.91515151515152
Kepler-18 c,17.3,5.49,7.64159,0.0752,0.972,1.108,5345.0,0.19,17.3,1.2380461031287955,0.7395723444500919,0.8831837324476127,3.151183970856102
Kepler-18 b,6.9,2.0,3.504725,0.0447,0.972,1.108,5345.0,0.19,6.9,0.8388490907372553,0.3010299956639812,0.5446539465058139,3.45
Kepler-31 c,1493.7,5.3,42.6318,0.26,1.21,1.22,6340.0,-0.076,1493.7,3.174263380995122,0.724275869600789,1.6297336698172962,281.8301886792453
Kepler-32 e,4.08181,1.5,2.896,0.033,0.58,0.53,3900.0,0.0,4.08181,0.6108527853207653,0.17609125905568124,0.4617985575251093,2.7212066666666668
61 Vir b,5.1,2.11,4.215,0.050201,0.942,0.963,5577.0,-0.01,5.1,0.7075701760979364,0.3242824552976926,0.6247975789607612,2.4170616113744074
61 Vir c,18.2,4.46,38.021,0.2175,0.942,0.963,5577.0,-0.01,18.2,1.2600713879850747,0.6493348587121419,1.5800235351693668,4.0807174887892375
47 UMa d,521.22,13.5,14002.0,11.6,1.06,1.21334,5872.0,0.04,521.22,2.7170210718966303,1.130333768495006,4.146190073315927,38.60888888888889
47 UMa c,171.621,14.2,2391.0,3.6,1.06,1.21334,5872.0,0.04,171.621,2.2345704281870007,1.1522883443830565,3.378579576115775,12.085985915492959
BD-08 2823 c,104.0,12.5,237.6,0.68,0.74,0.71,4746.0,-0.07,104.0,2.0170333392987803,1.0969100130080565,2.375846436309156,8.32
CoRoT-23 b,889.9,11.77,3.6313,0.048,1.14,1.61,5900.0,0.05,889.9,2.949341206770497,1.0707764628434346,0.5600621296516789,75.60747663551402
Kepler-18 d,16.4,6.98,14.85888,0.1172,0.972,1.108,5345.0,0.19,16.4,1.2148438480476977,0.8438554226231612,1.1719860753632485,2.3495702005730656
HATS-1 b,589.55,14.594,3.446459,0.0444,0.986,1.038,5870.0,-0.06,589.55,2.770520643702951,1.1641743419166486,0.537373116377378,40.39673838563793
HD 47186 c,111.42,13.0,1353.6,2.395,0.96,1.08,5657.0,0.24,111.42,2.046963154123424,1.1139433523068367,3.131490345694948,8.570769230769232
HD 196885 A b,819.97,13.2,1333.0,2.37,1.28,1.31,6254.0,0.22,819.97,2.913797963270552,1.1205739312058498,3.1248301494138593,62.1189393939394
CoRoT-6 b,940.74,13.068,8.886593,0.0855,1.05,1.025,6090.0,-0.2,940.74,2.973469610496657,1.1162091258033997,0.9487352902277085,71.9880624426079
HR 8799 b,2000.0,13.0,170000.0,68.0,1.5,1.49338,7204.58,-0.47,2000.0,3.3010299956639813,1.1139433523068367,5.230448921378274,153.84615384615384
HAT-P-37 b,371.528,13.204,2.797436,0.0379,0.929,0.877,5500.0,0.03,371.528,2.5699915496908248,1.120705515658274,0.4467601594846465,28.13753408058164
Kepler-42 b,0.705944,0.78,1.2137672,0.0116,0.13,0.17,3068.0,-0.33,0.705944,-0.15122974860200591,-0.10790539730951958,0.0841353972412202,0.9050564102564103
Kepler-32 d,39.9089,2.7,22.7802,0.13,0.58,0.53,3900.0,0.0,39.9089,1.6010697575882396,0.43136376415898736,1.357557532671751,14.781074074074073
Kepler-32 f,1862.11,0.82,0.74296,0.013,0.58,0.53,3900.0,0.0,1862.11,3.2700053323821434,-0.08618614761628333,-0.12903456746002331,2270.8658536585367
BD+20 2457 b,6807.63,12.1,379.63,1.45,2.8,49.0,4137.0,-1.0,6807.63,3.8329959434741503,1.08278537031645,2.5793605249345126,562.6140495867769
HR 8799 d,3000.0,13.0,37000.0,24.0,1.5,1.49338,7204.58,-0.47,3000.0,3.4771212547196626,1.1139433523068367,4.568201724066995,230.76923076923077
GJ 179 b,301.93698665,13.8,2288.0,2.41,0.357,0.38,3370.0,0.3,301.93698665,2.4799163164484406,1.1398790864012365,3.3594560201209864,21.87949178623188
Kepler-42 c,60.337,0.73,0.45328509,0.006,0.13,0.17,3068.0,-0.33,60.337,1.7805837129348374,-0.1366771398795441,-0.34362856604438125,82.65342465753426
Kepler-33 c,0.39,3.2,13.17562,0.1189,1.291,1.82,5904.0,0.025,0.39,-0.4089353929735008,0.505149978319906,1.1197710607911033,0.121875
Kepler-35 b,40.363,8.16,131.458,0.60347,0.8877,1.0284,5606.0,-0.34,40.363,1.6059834379173452,0.9116901587538612,2.11878702064501,4.946446078431372
CoRoT-16 b,170.032,13.11,5.35227,0.0618,1.098,1.19,5650.0,0.19,170.032,2.2305306632346986,1.1176026916900843,0.7285380136821199,12.969641495041953
HD 240210 b,1655.82,12.8,501.75,1.16,0.82,25.456816,4297.0,-0.18,1655.82,3.21901312396119,1.1072099696478683,2.7004873811595234,129.36093749999998
BD+20 2457 c,3963.17,12.4,621.99,2.01,2.8,49.0,4137.0,-1.0,3963.17,3.598042701776136,1.0934216851622351,2.7937834024082937,319.61048387096776
HD 110014 b,3524.59,12.4,835.477,2.14,2.17,20.9,4445.0,0.19,3524.59,3.5471086047050946,1.0934216851622351,2.9219344986213027,284.2411290322581
HIP 5158 b,451.0,13.6,345.72,0.89,0.78,0.75,4962.0,0.1,451.0,2.6541765418779604,1.1335389083702174,2.5387245043280378,33.161764705882355
Kepler-33 e,5.57,4.02,31.7844,0.2138,1.291,1.82,5904.0,0.025,5.57,0.7458551951737289,0.60422605308447,1.5022140175865606,1.3855721393034828
Kepler-33 d,3.91,5.35,21.77596,0.1662,1.291,1.82,5904.0,0.025,3.91,0.5921767573958668,0.7283537820212285,1.3379773101096621,0.7308411214953272
BD+20 274 b,1334.886,13.0,578.2,1.3,0.8,17.3,4296.0,-0.46,1334.886,3.1254441782961377,1.1139433523068367,2.762078087334639,102.68353846153846
KELT-1 b,8654.15,12.442,1.217514,0.02466,1.335,1.471,6516.0,0.052,8654.15,3.937224418434663,1.094890197006651,0.0854739637986139,695.5593955955634
CoRoT-5 b,148.42,15.558,4.0378962,0.04947,1.0,1.186,6100.0,-0.25,148.42,2.1714924272529013,1.1919537671529952,0.6061551505792309,9.539786604962076
HD 134987 c,260.0,13.9,5000.0,5.8,1.1,1.25,5585.0,0.28,260.0,2.4149733479708178,1.1430148002540952,3.6989700043360187,18.705035971223023
HD 147018 b,674.0,13.4,44.236,0.2388,0.927,0.937948,5441.0,0.1,674.0,2.82865989653532,1.1271047983648077,1.6457758493891688,50.298507462686565
Kepler-33 f,9.6,4.46,41.02902,0.2535,1.291,1.82,5904.0,0.025,9.6,0.9822712330395684,0.6493348587121419,1.6130911437357363,2.1524663677130045
Kepler-31 b,36.7418,5.5,20.8613,0.16,1.21,1.22,6340.0,-0.076,36.7418,1.565160428804804,0.7403626894942439,1.319341368579234,6.680327272727272
Kepler-34 b,69.92,8.564,288.822,1.0896,1.0479,1.1618,5913.0,-0.07,69.92,1.8446014196263467,0.9326766586224007,2.4606302710122248,8.164409154600653
HD 45350 b,568.89,13.5,963.6,1.92,0.98,1.26442,5566.0,0.23,568.89,2.7550282997670874,1.130333768495006,2.983896791326306,42.14
HD 147018 c,2080.0,12.7,1008.0,1.922,0.927,0.937948,5441.0,0.1,2080.0,3.3180633349627615,1.1038037209559568,3.0034605321095067,163.77952755905514
HD 220773 b,460.8,13.6,3724.7,4.94,1.16,1.679696,5940.0,0.09,460.8,2.6635124704151556,1.1335389083702174,3.5710912989389794,33.88235294117647
HD 147513 b,385.0,13.7,528.4,1.32,1.11,0.98,5883.0,0.06,385.0,2.5854607295085006,1.1367205671564067,2.7229628089424898,28.1021897810219
HD 129445 b,797.74930157,13.3,1840.0,2.9,0.99,1.175816,5646.0,0.25,797.74930157,2.9018664326406305,1.1238516409670858,3.2648178230095364,59.981150493984956
WASP-5 b,502.15,12.184,1.6284279,0.0267,0.96,1.029,5700.0,0.09,502.15,2.7008334670285428,1.0857898903279861,0.2117685345770777,41.213887065003284
OGLE-TR-111 b,174.799,11.421971,4.0144463,0.0473,0.82,0.83,5040.0,0.19,174.799,2.2425389437690697,1.0577410531710778,0.6036256528681431,15.303750990087439
HD 8535 b,216.1244,14.0,1313.0,2.45,1.13,1.19,6136.0,0.06,216.1244,2.3347038006044736,1.146128035678238,3.118264726089479,15.437457142857143
HIP 5158 c,4780.1632,12.2,9017.76,7.7,0.78,0.754089,4813.0,0.17,4780.1632,3.6794427241538608,1.0863598306747482,3.955098672746705,391.81665573770493
HAT-P-23 b,664.237,15.334,1.212884,0.0232,1.13,1.203,5905.0,0.15,664.237,2.822323063445864,1.1856554589202157,0.08381926700927465,43.317920959958265
HAT-P-20 b,2302.899,9.718,2.875317,0.0361,0.756,0.694,4595.0,0.35,2302.899,3.3622748911971705,0.9875768947269874,0.4586857320731066,236.97252521094873
CoRoT-17 b,772.29,11.43,3.7681,0.0461,1.04,1.59,5740.0,0.0,772.29,2.8877804114110295,1.0580462303952818,0.5761224198299447,67.56692913385827
HD 132563 b,473.547,13.6,1544.0,2.62,1.231,1.29577,6289.0,-0.06,473.547,2.675363089627927,1.1335389083702174,3.188647295999717,34.81963235294118
Kepler-45 b,160.497,10.76,2.455239,0.03,0.59,0.55,3820.0,0.28,160.497,2.205466919011157,1.0318122713303703,0.3900937739861125,14.9160780669145
GJ 3634 b,8.4,2.83,2.64561,0.0287,0.45,0.43,3517.0,,8.4,0.9242792860618817,0.45178643552429026,0.42252582347527573,2.9681978798586575
Kepler-14 b,2669.66,12.733,6.790123,0.0771,1.512,2.048,6395.0,0.12,2669.66,3.4264559544259137,1.1049307390777403,0.8318776413994189,209.66465090709178
CoRoT-18 b,1102.82,14.68,1.9000693,0.0295,0.95,1.0,5440.0,-0.1,1102.82,3.0425046335770776,1.1667260555800518,0.2787694409837459,75.12397820163487
Kepler-15 b,209.76,10.76,4.942782,0.05714,1.018,0.992,5515.0,0.36,209.76,2.321722674346009,1.0318122713303703,0.6939714564480604,19.49442379182156
KOI-55 b,0.44,0.759,0.240104,0.006,0.496,0.203,27730.0,-0.106,0.44,-0.3565473235138126,-0.11975822410451964,-0.6196006047765532,0.5797101449275363
CoRoT-14 b,2415.4,12.22,1.51214,0.027,1.13,1.21,6035.0,0.05,2415.4,3.3829890619644596,1.0870712059065355,0.17959200175564313,197.6595744680851
HD 11964 b,198.0,14.1,1945.0,3.16,0.91,2.00971,5303.0,0.1,198.0,2.296665190261531,1.14921911265538,3.2889196056617265,14.042553191489363
HAT-P-4 b,213.255,14.28,3.056536,0.04438,1.248,1.596,5860.0,0.24,213.255,2.3288992224747447,1.1547282074401555,0.4852295152932375,14.933823529411764
OGLE-TR-10 b,197.046,14.011,3.101278,0.0434,1.14,1.17,5950.0,0.28,197.046,2.294567623187617,1.14646913307187,0.4915406983413211,14.063664263792734
OGLE-TR-113 b,400.449,12.251,1.4324752,0.02289,0.779,0.774,4790.0,0.09,400.449,2.602547213481595,1.0881715398643523,0.15608711189849647,32.68704595543221
HD 192310 b,16.9,4.27,74.72,0.32,0.8,0.857922,5166.0,-0.04,16.9,1.2278867046136734,0.6304278750250238,1.8734368632220368,3.9578454332552693
Kepler-277 b,87.3,2.92,17.324,0.14168,1.12,1.69,5946.0,0.09,87.3,1.9410142437055697,0.4653828514484183,1.2386481750578047,29.897260273972602
Kepler-476 b,9.69,3.08,14.00640607,0.1126,1.03,1.09,5837.0,0.04,9.69,0.9863237770507653,0.4885507165004443,1.1463267131446186,3.146103896103896
WASP-155 b,276.8285425,13.45077684,3.110413,0.043,1.09,1.24,5660.0,0.0,276.8285425,2.4422108661719624,1.128747367430073,0.49281805838779136,20.580859068062573
HD 62509 b,731.0,13.3,589.64,1.64,2.0,8.9,4892.63,0.1027,731.0,2.8639173769578603,1.1238516409670858,2.7705869375206515,54.962406015037594
Kepler-65 b,2.4,1.42,2.15491,0.035,1.25,1.41,6211.0,0.17,2.4,0.38021124171160603,0.15228834438305647,0.33342913652942535,1.6901408450704225
RR Cae b,1334.886,13.0,4343.5,5.3,0.44,0.193119,3904.0,,1334.886,3.1254441782961377,1.1139433523068367,3.6378398258490057,102.68353846153846
WASP-65 b,492.62,12.464,2.3114243,0.0334,0.93,1.01,5600.0,-0.07,492.62,2.692512039889027,1.0956574403284893,0.3638796747022311,39.52342747111682
Kepler-30 c,640.0,12.3,60.323105,0.3,0.99,0.95,5498.0,0.18,640.0,2.806179973983887,1.089905111439398,1.7804836877964088,52.03252032520325
Kepler-38 b,122.0,4.3,105.599,0.4632,0.941,1.752,5623.0,-0.11,122.0,2.0863598306747484,0.6334684555795865,2.023659805541181,28.372093023255815
WASP-8 c,3003.37,12.5,4323.0,5.28,1.04,0.96,5690.0,0.17,3003.37,3.477608838379422,1.0969100130080565,3.635785235533652,240.2696
WASP-1 b,271.415,16.623,2.5199454,0.03889,1.24,1.47,6110.0,0.17,271.415,2.433633845671591,1.2207094048795664,0.4013911309658295,16.327678517716418
Kepler-50 c,8.2,2.17,9.37647,0.087,1.24,1.58,6225.0,0.03,8.2,0.9138138523837167,0.3364597338485295,0.9720393684362427,3.778801843317972
BD+15 2940 b,352.78,13.7,137.48,0.539,1.1,14.7,4796.0,0.28,352.78,2.5475039558933252,1.1367205671564067,2.1382395234651876,25.75036496350365
Kepler-87 b,324.2,13.49,114.73635,0.481,1.1,1.82,5600.0,-0.17,324.2,2.510813010512496,1.1300119496719043,2.0597010299627327,24.03261675315048
WASP-75 b,340.06,14.235,2.484193,0.0375,1.14,1.26,6100.0,0.07,340.06,2.5315555504833687,1.153357471482974,0.39518533368607595,23.889005971197754
Kepler-87 c,6.4,6.14,191.2318,0.676,1.1,1.82,5600.0,-0.17,6.4,0.8061799739838872,0.7881683711411677,2.281560112920098,1.0423452768729642
WTS-1 b,1274.44,16.7,3.352057,0.047,1.2,1.15,6250.0,-0.5,1274.44,3.1053193939188244,1.2227164711475833,0.5253113949746459,76.31377245508983
CoRoT-26 b,165.26,14.12,4.20474,0.0526,1.09,1.79,5590.0,0.01,165.26,2.2181677484204254,1.1498346967157849,0.6237391463749965,11.703966005665722
91 Aqr b,1017.0,13.1,181.4,0.7,1.4,11.0,4665.0,-0.03,1017.0,3.0073209529227447,1.1172712956557642,2.2586372827240764,77.63358778625954
tau Gem b,6547.0,12.1,305.5,1.17,2.3,26.8,4388.0,0.14,6547.0,3.816042340921997,1.08278537031645,2.485011214578573,541.0743801652893
HAT-P-42 b,331.801,14.348,4.641878,0.0575,1.178,1.53,5743.0,0.27,331.801,2.5208776905907753,1.156791368003929,0.6666937219400065,23.125243936437133
Kepler-56 c,181.0,9.8,21.40239,0.1652,1.32,4.23,4840.0,0.2,181.0,2.2576785748691846,0.9912260756924949,1.330462273622789,18.46938775510204
HD 40307 f,5.2,2.13,51.76,0.247,0.77,0.716684,4956.0,-0.31,5.2,0.7160033436347992,0.3283796034387377,1.7139942676606439,2.4413145539906105
Kepler-186 e,2.15,1.27,22.407704,0.11,0.478,0.472,3788.0,-0.28,2.15,0.33243845991560533,0.10380372095595687,1.3503973589351252,1.6929133858267715
Kepler-186 c,2.1,1.25,7.267302,0.0451,0.478,0.472,3788.0,-0.28,2.1,0.3222192947339193,0.09691001300805642,0.861373208109638,1.6800000000000002
GJ 163 c,6.8,2.5,25.63058,0.1254,0.4,0.409738,3500.0,0.1,6.8,0.8325089127062363,0.3979400086720376,1.4087584340402501,2.7199999999999998
GJ 163 d,29.4,5.92,603.95116,1.0304,0.4,0.409738,3500.0,0.1,29.4,1.4683473304121573,0.7723217067229198,2.7810018197467765,4.966216216216216
Kepler-56 b,22.1,6.51,10.5016,0.1028,1.32,4.23,4840.0,0.2,22.1,1.3443922736851108,0.8135809885681919,1.0212554722350673,3.394777265745008
HD 208527 b,3146.4,12.5,875.5,2.1,1.6,51.1,4035.0,-0.09,3146.4,3.4978139334016904,1.0969100130080565,2.942256150419465,251.71200000000002
HD 40307 g,7.1,2.56,197.8,0.6,0.77,0.716684,4956.0,-0.31,7.1,0.8512583487190752,0.4082399653118496,2.2962262872611605,2.7734375
Kepler-186 d,2.54,1.4,13.342996,0.0781,0.478,0.472,3788.0,-0.28,2.54,0.40483371661993806,0.146128035678238,1.1252533558308244,1.8142857142857145
HIP 63242 b,2917.56,12.5,124.6,0.565,1.54,10.275655,4830.0,-0.31,2917.56,3.465019796131623,1.0969100130080565,2.095518042323151,233.4048
Kepler-11 b,1.9,1.8,10.3039,0.091,0.961,1.065,5663.0,0.05,1.9,0.2787536009528289,0.25527250510330607,1.013001635180825,1.0555555555555556
KOI-351 f,8.65,2.88,124.9144,0.48,1.2,1.2,6080.0,-0.12,8.65,0.9370161074648142,0.45939248775923086,2.096612506268911,3.0034722222222223
CoRoT-1 b,327.35,16.7,1.5089557,0.02752,0.95,1.11,5950.0,-0.3,327.35,2.5150123452580155,1.2227164711475833,0.17867648992273436,19.60179640718563
HAT-P-45 b,283.492,15.984,3.128992,0.0452,1.259,1.319,6330.0,0.07,283.492,2.4525408078325337,1.2036854708819071,0.49540445277217715,17.735985985985987
HAT-P-44 b,111.871,13.922,4.301219,0.0507,0.942,0.949,5295.0,0.33,111.871,2.0487175201989714,1.1437016294247697,0.633591555567387,8.03555523631662
Kepler-11 e,8.0,4.19,31.9996,0.195,0.961,1.065,5663.0,0.05,8.0,0.9030899869919435,0.6222140229662954,1.5051445496049527,1.909307875894988
HD 103774 b,116.0,13.3,5.8881,0.07,1.335,1.581047,6489.0,0.28,116.0,2.0644579892269186,1.1238516409670858,0.769975177192112,8.721804511278195
HAT-P-44 c,1271.3,13.0,872.2,1.752,0.942,0.949,5295.0,0.33,1271.3,3.104248046990444,1.1139433523068367,2.9406160823374075,97.79230769230769
HATS-5 b,75.323,10.223,4.763387,0.0542,0.936,0.871,5304.0,0.19,75.323,1.8769276089747313,1.009578360794542,0.6779158670746458,7.367993739606768
Kepler-11 g,25.0,3.33,118.3807,0.466,0.961,1.065,5663.0,0.05,25.0,1.3979400086720377,0.5224442335063199,2.073280903681438,7.5075075075075075
KOI-351 e,7.56,2.66,91.93913,0.42,1.2,1.2,6080.0,-0.12,7.56,0.8785217955012065,0.424881636631067,1.9635003897994665,2.8421052631578942
KOI-351 c,1.81,1.19,8.719375,0.089,1.2,1.2,6080.0,-0.12,1.81,0.2576785748691845,0.07554696139253074,0.9404853560588197,1.5210084033613447
HD 109271 b,17.162,4.31,7.8543,0.079,1.047,1.294595,5783.0,0.1,17.162,1.2345678976356858,0.6344772701607315,0.8951074854060466,3.9819025522041764
HD 109271 c,24.154,5.27,30.93,0.196,1.047,1.294595,5783.0,0.1,24.154,1.3829890619644598,0.7218106152125465,1.4903799200031789,4.583301707779887
bet Cnc b,2479.0,12.6,605.2,1.7,1.7,47.2,4092.1,-0.29,2479.0,3.3942765267678214,1.100370545117563,2.781898919351149,196.74603174603175
mu Leo b,762.8,13.3,357.8,1.1,1.5,11.4,4538.2,0.36,762.8,2.882410684373968,1.1238516409670858,2.553640336231354,57.35338345864661
Kepler-11 c,2.9,2.87,13.0241,0.107,0.961,1.065,5663.0,0.05,2.9,0.4623979978989561,0.4578818967339923,1.1147477221029778,1.0104529616724738
HD 166724 b,1207.7479466,13.0,5144.0,5.42,0.81,0.797485,5127.0,-0.09,1207.7479466,3.0819763077764026,1.1139433523068367,3.7113009599161657,92.9036882
WASP-64 b,403.945,14.247,1.5732918,0.02648,1.004,1.058,5400.0,-0.08,403.945,2.606322236836919,1.1537234243016807,0.19680927912486926,28.35298659366884
Kepler-67 b,8.96,2.94,15.7259,0.1171,0.865,0.778,5331.0,-0.2,8.96,0.9523080096621253,0.46834733041215726,1.1966155096879783,3.047619047619048
HAT-P-38 b,84.857,9.247,4.640382,0.0523,0.886,0.923,5330.0,0.06,84.857,1.9286876738308298,0.9660008576287841,0.6665537334995723,9.176705958689304
WASP-7 b,305.1168,14.90797,4.9546416,0.0617,1.276,1.432,6400.0,0.0,305.1168,2.484466120937806,1.1734185101317371,0.6950122447402073,20.466689965166285
PH1 b,169.0,6.18,138.317,0.652,1.528,1.734,6407.0,0.21,169.0,2.2278867046136734,0.7909884750888159,2.1408755608212817,27.346278317152105
Kepler-1544 b,3.82,1.78,168.811174,0.54465,0.81,0.74,4886.0,0.02,3.82,0.5820633629117087,0.250420002308894,2.2274011901920536,2.1460674157303368
HD 207832 c,232.0159,14.0,1155.7,2.112,0.94,0.901,5710.0,0.06,232.0159,2.3655177480186933,1.146128035678238,3.0628451132770507,16.572564285714286
HAT-P-39 b,190.372,17.609,3.54387,0.0509,1.404,1.625,6430.0,0.19,190.372,2.27960307251633,1.2457346934565856,0.5494777822561627,10.81106252484525
HD 150706 b,772.32302901,13.3,5894.0,6.7,1.17,0.96,5961.0,-0.01,772.32302901,2.8877989847579046,1.1238516409670858,3.7704101315139065,58.06940067744361
HIP 57274 d,167.4,14.2,431.7,1.01,0.73,0.68,4640.0,0.09,167.4,2.2237554536572413,1.1522883443830565,2.635182048656268,11.788732394366198
CoRoT-2 b,1102.82,16.432,1.7429935,0.02798,0.96,0.906,5625.0,0.04,1102.82,3.0425046335770776,1.215690426253203,0.2412957675348951,67.11416747809153
Oph 11 b,4449.62,12.3,7300000.0,243.0,0.016,0.232692,2375.0,,4449.62,3.648322923576475,1.089905111439398,6.863322860120456,361.75772357723577
Kepler-418 b,349.6112477,13.45,86.67856,0.39249,0.98,1.09,5820.0,-0.05,349.6112477,2.5435853963178174,1.1287222843384268,1.9379116877279754,25.99340131598513
DP Leo b,1995.88832,12.7,10220.0,8.19,0.69,0.0115,13500.0,,1995.88832,3.300136236668447,1.1038037209559568,4.009450895798694,157.15656062992127
Kepler-58 b,35.5,2.78,10.2184954,0.09291,0.95,1.03,5843.0,0.1,35.5,1.550228353055094,0.4440447959180762,1.0093869537652063,12.769784172661872
Kepler-59 c,3.81,1.98,17.9801235,0.13114,1.04,0.94,6074.0,-0.2,3.81,0.5809249756756193,0.2966651902615311,1.2547926704441683,1.9242424242424243
Kepler-130 c,8.75,2.9,27.50868,0.178,1.0,1.17,5879.0,0.02,8.75,0.9420080530223133,0.4623979978989561,1.4394697513322499,3.0172413793103448
CoRoT-27 b,3302.11,11.287,3.57532,0.0476,1.05,1.08,5900.0,-0.1,3302.11,3.518791536400216,1.052578525044658,0.5533149183090587,292.55869584477716
HIP 105854 b,2606.1,12.6,184.2,0.81,2.1,10.305119,4780.0,0.31,2606.1,3.415991076232649,1.100370545117563,2.26528962586083,206.83333333333334
Kapteyn c,7.0,2.54,121.54,0.311,0.281,0.291,3550.0,-0.89,7.0,0.8450980400142568,0.40483371661993806,2.0847192320112975,2.7559055118110236
Kepler-63 b,120.0,6.11,9.4341505,0.08,0.984,0.901,5576.0,0.05,120.0,2.0791812460476247,0.7860412102425542,0.9747028001265772,19.639934533551553
Kepler-53 c,36.0,3.17,38.5583038,0.22091,0.98,0.89,5858.0,0.0,36.0,1.5563025007672873,0.5010592622177514,1.5861179208090403,11.35646687697161
Kepler-54 c,0.7,1.23,12.0717249,0.0809,0.51,0.5,3705.0,-0.27,0.7,-0.1549019599857432,0.08990511143939793,1.0817693298346889,0.5691056910569106
Kepler-83 c,2.03,2.36,20.09,0.11796,0.66,0.61,4082.0,-0.2,2.03,0.3074960379132129,0.37291200297010657,1.302979936748249,0.8601694915254237
Kepler-81 b,17.2,2.42,5.955,0.0522,0.64,0.59,4385.0,-0.18,17.2,1.235528446907549,0.38381536598043126,0.7748817658187963,7.107438016528926
Kepler-55 c,69.8,2.21,42.1516418,0.2095,0.62,0.58,4362.0,-0.01,69.8,1.8438554226231612,0.3443922736851107,1.6248144949938361,31.583710407239817
Kepler-59 b,4.1,1.1,11.8681707,0.09943,1.04,0.94,6074.0,-0.2,4.1,0.6127838567197355,0.04139268515822508,1.0743837841509487,3.7272727272727266
HD 82943 b,534.25,13.5,441.47,1.18306,1.08,1.1826,5935.0,0.26,534.25,2.727744530836107,1.130333768495006,2.644901196527103,39.574074074074076
HD 154857 c,819.97,13.2,3452.0,5.36,1.718,1.76,5605.0,-0.2,819.97,2.913797963270552,1.1205739312058498,3.538070787043172,62.1189393939394
Kepler-62 d,14.0,1.95,18.16406,0.12,0.69,0.64,4925.0,-0.37,14.0,1.146128035678238,0.290034611362518,1.259212927804236,7.17948717948718
Kepler-62 b,9.0,1.31,5.714932,0.0553,0.69,0.64,4925.0,-0.37,9.0,0.9542425094393249,0.11727129565576427,0.7570110672421554,6.870229007633587
Kepler-83 b,2.94,2.83,9.77,0.07295,0.66,0.61,4082.0,-0.2,2.94,0.46834733041215726,0.45178643552429026,0.989894563718773,1.03886925795053
POTS-1 b,734.16,10.548,3.1606296,0.03734,0.695,0.588,4400.0,-0.03,734.16,2.8657907186962848,1.0231701211213968,0.4997736030519729,69.6018202502844
Kepler-54 b,0.98,2.1,8.0109434,0.0619,0.51,0.5,3705.0,-0.27,0.98,-0.00877392430750515,0.3222192947339193,0.9036836633112731,0.4666666666666666
Kepler-55 b,43.0,2.43,27.9481449,0.1593,0.62,0.58,4362.0,-0.01,43.0,1.6334684555795864,0.38560627359831223,1.4463529862320585,17.695473251028805
HD 82943 c,622.603,13.4,220.078,0.74345,1.08,1.1826,5935.0,0.26,622.603,2.794211208990741,1.1271047983648077,2.3425766306672027,46.46291044776119
Kepler-413 b,67.0,4.347,66.262,0.3553,0.82,0.7761,4700.0,-0.2,67.0,1.8260748027008264,0.638189640190837,1.821264540146232,15.412928456406716
Kepler-61 b,5.27,2.15,59.87756,0.24861,0.635,0.62,4017.0,0.03,5.27,0.7218106152125465,0.33243845991560533,1.7772640946081155,2.4511627906976745
HAT-P-27 b,197.05,11.43,3.039577,0.04,0.916,0.864673,5316.0,0.3,197.05,2.294576439201622,1.0580462303952818,0.4828131496127236,17.239720034995628
Qatar-4 b,1938.763,12.722215,1.8053564,0.02803,0.896,0.849,5215.0,0.103,1938.763,3.287524722909004,1.104562730693793,0.25656294988396816,152.39193803909146
WTS-2 b,355.9696,15.277867,1.0187068,0.01855,0.82,0.752,5000.0,0.2,355.9696,2.551412910568419,1.184062724999325,0.008049205140013588,23.29969229343337
HD 4203 c,689.66,13.3,6700.0,6.95,0.99,1.49795,5582.0,0.34,689.66,2.838635037815758,1.1238516409670858,3.8260748027008264,51.85413533834586
Kepler-193 c,8.0,2.75,50.697494,0.286,1.051,1.147,6335.0,0.0,8.0,0.9030899869919435,0.43933269383026263,1.7049864924917222,2.909090909090909
Kepler-207 b,3.09,1.57,1.611865,0.029,1.313,1.588,5920.0,0.29,3.09,0.4899584794248346,0.19589965240923377,0.2073286651302232,1.968152866242038
Kepler-313 b,6.94,2.53,14.970418,0.125,1.114,1.536,5727.0,0.26,6.94,0.8413594704548549,0.40312052117581787,1.1752339267665008,2.7430830039525693
Kepler-120 c,2.96,1.53,12.794585,0.088,0.654,0.534,4096.0,-0.12,2.96,0.4712917110589386,0.1846914308175988,1.107026203850955,1.934640522875817
Kepler-238 e,169.7,5.6,23.654,0.17286,1.06,0.96,5800.0,0.34,169.7,2.229681842317676,0.7481880270062004,1.37390459247497,30.303571428571427
Kepler-328 b,28.5,2.3,34.921,0.2199,1.15,1.06,6064.0,0.08,28.5,1.4548448600085102,0.36172783601759284,1.5430866716962928,12.391304347826088
Kepler-280 b,2.7,1.45,2.139542,0.032,0.962,0.886,5744.0,0.1213,2.7,0.43136376415898736,0.16136800223497488,0.33032081626477805,1.8620689655172415
Kepler-275 c,11.4,3.38,16.088134,0.132,1.189,1.383,6165.0,0.08,11.4,1.0569048513364727,0.5289167002776547,1.2065056748946412,3.3727810650887577
Kepler-214 b,7.32,2.61,15.660544,0.13,1.11,1.352,6169.0,-0.02,7.32,0.8645110810583919,0.41664050733828095,1.1948068440625819,2.8045977011494254
Kepler-219 c,12.5,3.58,22.714613,0.165,1.164,1.491,5786.0,0.36,12.5,1.0969100130080565,0.5538830266438743,1.3563053419256283,3.4916201117318435
Kepler-331 b,3.97,1.82,8.457496,0.065,0.653,0.492,4347.0,0.1179,3.97,0.5987905067631151,0.2600713879850748,0.9272418010590914,2.1813186813186816
Kepler-340 c,11.3,3.37,22.824669,0.178,1.65,1.85,6620.0,0.06,11.3,1.0530784434834197,0.5276299008713387,1.3584044881771653,3.3531157270029674
TOI-4438 b,4.11,2.4,7.446295,0.0523,0.345,0.365,3501.0,0.07,4.11,0.6138418218760693,0.38021124171160603,0.8719402376753259,1.7125000000000001
Kepler-293 b,9.64,3.07,19.254196,0.144,0.934,0.957,5804.0,0.1,9.64,0.9840770339028309,0.48713837547718647,1.2845253884454508,3.140065146579805
Kepler-291 b,5.31,2.16,3.546511,0.047,1.023,1.016,6002.0,0.23,5.31,0.725094521081469,0.3344537511509309,0.5498013112117293,2.458333333333333
Kepler-224 d,5.9,2.3,11.349393,0.089,0.777,0.676,5018.0,-0.06,5.9,0.7708520116421442,0.36172783601759284,1.0549726347626303,2.565217391304348
Kepler-124 c,3.71,1.75,13.821375,0.1,0.706,0.636,4984.0,-0.46,3.71,0.5693739096150459,0.24303804868629444,1.1405512503614845,2.12
Kepler-111 b,3.12,1.58,3.341815,0.046,1.171,1.157,5952.0,0.22,3.12,0.4941545940184428,0.19865708695442263,0.5239824040543768,1.9746835443037976
Kepler-148 c,12.6,3.6,4.180043,0.05,0.86,0.851,5272.0,0.14,12.6,1.100370545117563,0.5563025007672873,0.6211807493747167,3.5
Kepler-179 b,3.33,1.64,2.735926,0.036,0.893,0.759,5302.0,0.12,3.33,0.5224442335063199,0.21484384804769785,0.4371043466203445,2.030487804878049
Kepler-290 c,7.75,2.7,36.77031,0.205,0.756,0.743,5147.0,-0.1,7.75,0.8893017025063102,0.43136376415898736,1.5654972912972516,2.8703703703703702
Kepler-226 b,24.0,1.55,3.940997,0.047,0.904,0.802,5571.0,0.09,24.0,1.380211241711606,0.1903316981702915,0.5956061042683075,15.483870967741934
Kepler-333 b,28.2,1.32,12.551158,0.087,0.601,0.534,4259.0,0.0465,28.2,1.4502491083193612,0.12057393120584989,1.0986837967182002,21.363636363636363
Kepler-343 b,6.39,2.41,8.96855,0.088,1.055,1.433,5807.0,0.1445,6.39,0.8055008581584001,0.3820170425748684,0.9527222336904787,2.6514522821576763
Kepler-197 d,1.98,1.22,15.677563,0.119,0.857,1.12,6004.0,-0.441,1.98,0.2966651902615311,0.08635983067474821,1.1952785546553215,1.6229508196721312
TOI-762 A b,79.77493016,8.33948164,3.4716826,0.03418,0.442,0.425,3266.0,0.357,79.77493016,1.9018664326569628,0.9211390568866653,0.5405400127689604,9.56593390377678
Kepler-125 b,6.21,2.37,4.164389,0.041,0.542101,0.512,3810.0,-0.14,6.21,0.7930916001765802,0.37474834601010387,0.6195512906422345,2.620253164556962
Kepler-306 c,6.12,2.35,7.240193,0.067,0.75,0.719,4954.0,-0.13,6.12,0.7867514221455612,0.37106786227173627,0.8597501432299961,2.604255319148936
Kepler-53 d,166.503,2.12,9.751962,0.091,0.966,0.958,6085.0,0.0,166.503,2.221422062897643,0.32633586092875144,0.9890920003192606,78.53915094339622
Kepler-238 d,23.1,3.07,13.233549,0.115,1.229,1.43,5751.0,0.34,23.1,1.3636119798921444,0.48713837547718647,1.1216763297824992,7.524429967426711
Kepler-127 d,7.46,2.64,48.630408,0.28,1.248,1.359,6106.0,0.2142,7.46,0.8727388274726688,0.42160392686983106,1.6869079132326912,2.8257575757575757
Kepler-222 c,19.4,4.64,10.08881,0.091,0.933,0.869,5433.0,0.33,19.4,1.287801729930226,0.6665179805548809,1.0038399431534815,4.181034482758621
Kepler-257 d,21.7,4.95,24.664551,0.16,0.916,1.037,5180.0,0.4,21.7,1.3364597338485296,0.6946051989335688,1.3920732138586804,4.383838383838383
Kepler-308 b,5.14,2.12,9.694928,0.09,0.92,0.941,5895.0,-0.04,5.14,0.7109631189952758,0.32633586092875144,0.9865445881110824,2.424528301886792
Kepler-310 c,11.4,3.38,56.47542,0.281,0.854,0.876,5797.0,-0.12,11.4,1.0569048513364727,0.5289167002776547,1.7518594693932708,3.3727810650887577
Kepler-242 c,4.66,2.0,14.496481,0.109,0.748,0.85,5020.0,-0.02,4.66,0.6683859166900001,0.3010299956639812,1.1612625906652523,2.33
Kepler-241 c,7.13,2.57,36.065978,0.189,0.671,0.668,4699.0,0.031,7.13,0.8530895298518656,0.4099331233312945,1.5570977134356765,2.77431906614786
Kepler-351 c,11.1,3.19,57.24809,0.287,0.81,0.854,5643.0,-0.16,11.1,1.0453229787866574,0.5037906830571811,1.7577610016442775,3.4796238244514104
Kepler-341 c,3.53,1.7,8.01041,0.08,0.976,1.024,6012.0,0.07,3.53,0.5477747053878226,0.2304489213782739,0.9036547453202709,2.076470588235294
Kepler-166 c,6.26,2.38,34.260281,0.195,0.811,0.742,5413.0,-0.08,6.26,0.7965743332104297,0.37657695705651195,1.5347909206916326,2.630252100840336
Kepler-108 c,50.9,8.18,190.323494,0.721,1.247,2.192,5854.0,0.3261,50.9,1.7067177823367587,0.912753303671323,2.2794924019747285,6.222493887530562
Kepler-311 b,3.53,1.7,9.176092,0.087,0.994,1.188,5905.0,-0.03,3.53,0.5477747053878226,0.2304489213782739,0.9626577591752555,2.076470588235294
Kepler-276 b,731.209,2.87,14.12841,0.119,0.845,1.046,6105.0,-0.29,731.209,2.8640415282212377,0.4578818967339923,1.1500932894437097,254.77665505226477
Kepler-254 c,3.2,2.15,12.412183,0.105,0.849,0.91,5957.0,-0.13,3.2,0.505149978319906,0.33243845991560533,1.093848170014312,1.488372093023256
Kepler-268 c,11.4,3.38,83.446393,0.391,1.109,1.274,6081.0,0.0009,11.4,1.0569048513364727,0.5289167002776547,1.9214075688876202,3.3727810650887577
Kepler-321 c,5.99,2.32,13.093921,0.11,1.024,1.194,5740.0,0.121,5.99,0.7774268223893114,0.3654879848908996,1.1170697163501775,2.5818965517241383
Kepler-349 b,94.5,1.9,5.929778,0.065,1.083,0.927,5956.0,0.1509,94.5,1.975431808509263,0.2787536009528289,0.7730384344806657,49.73684210526316
Kepler-108 b,56.0,8.65,49.183921,0.292,1.247,2.192,5854.0,0.3261,56.0,1.7481880270062005,0.9370161074648142,1.6918231482494732,6.473988439306358
Kepler-264 b,11.1,3.33,40.806231,0.249,1.426,1.55,6158.0,0.0469,11.1,1.0453229787866574,0.5224442335063199,1.6107264837344886,3.333333333333333
Kepler-279 b,4180.93,3.62,12.309681,0.112,1.2,1.746,6363.0,-0.1141,4180.93,3.6212728963549528,0.5587085705331657,1.090246798525564,1154.9530386740332
Kepler-286 c,2.45,1.37,3.468095,0.042,0.83,0.863,5580.0,-0.25,2.45,0.3891660843645325,0.1367205671564068,0.5400909854047191,1.7883211678832116
Kepler-171 c,7.08,2.56,11.463462,0.098,0.978,0.839,5642.0,0.17,7.08,0.850033257689769,0.4082399653118496,1.0593157956801127,2.765625
Kepler-238 b,3305.02,1.73,2.090876,0.034,1.229,1.43,5751.0,0.34,3305.02,3.519174091919498,0.2380461031287954,0.3203282776227442,1910.4161849710983
Kepler-329 c,4.38,1.93,18.684737,0.113,0.602,0.523,4257.0,-0.44,4.38,0.6414741105040995,0.28555730900777376,1.2714869892473317,2.2694300518134716
Kepler-345 c,2.2,1.2,9.387427,0.077,0.61,0.623,4504.0,0.1905,2.2,0.3424226808222063,0.07918124604762482,0.9725465727956658,1.8333333333333335
Kepler-263 b,7.61,2.67,16.568087,0.12,0.793,0.785,5265.0,-0.0314,7.61,0.8813846567705729,0.42651126136457523,1.2192723663972698,2.850187265917603
Kepler-268 b,7.04,2.55,25.934138,0.18,1.109,1.274,6081.0,0.0009,7.04,0.8475726591421122,0.4065401804339551,1.4138718174707312,2.7607843137254906
Kepler-287 b,83.0,2.33,20.342199,0.145,0.963,1.032,5806.0,0.117,83.0,1.919078092376074,0.367355921026019,1.3083978985348659,35.622317596566525
Kepler-290 b,5.69,2.25,14.589347,0.11,0.756,0.743,5147.0,-0.1,5.69,0.7551122663950712,0.3521825181113625,1.1640358538781506,2.528888888888889
Kepler-148 b,3.89,1.8,1.729366,0.028,0.86,0.851,5272.0,0.14,3.89,0.5899496013257077,0.25527250510330607,0.23788691632716216,2.161111111111111
HD 13908 c,1630.4,12.8,931.0,2.03,1.29,1.67,6255.0,0.01,1630.4,3.212294166662351,1.1072099696478683,2.9689496809813427,127.375
HD 159243 b,359.13,13.7,12.62,0.11,1.125,1.12,6123.0,0.05,359.13,2.5552516855222267,1.1367205671564067,1.1010593549081156,26.213868613138686
Kepler-292 d,5.6,2.23,7.055679,0.068,0.865,0.826,5299.0,0.04,5.6,0.7481880270062004,0.34830486304816066,0.8485388142297926,2.5112107623318383
Kepler-297 c,42.1,6.54,74.920137,0.336,0.927,0.915,5619.0,-0.11,42.1,1.6242820958356683,0.8155777483242672,1.8745985628608295,6.437308868501529
Kepler-150 e,9.91,3.12,30.826557,0.189,0.956,0.939,5560.0,0.12,9.91,0.9960736544852753,0.4941545940184428,1.4889250213401533,3.176282051282051
Kepler-178 c,8.65,2.88,20.552802,0.142,0.852,1.066,5676.0,-0.04,8.65,0.9370161074648142,0.45939248775923086,1.312871038386488,3.0034722222222223
HD 73526 c,715.09,13.3,379.1,1.03,1.014,1.53,5601.0,0.22,715.09,2.854360704799106,1.1238516409670858,2.5787537844264348,53.766165413533834
Kepler-267 b,37.9,1.98,3.353728,0.037,0.541571,0.555,4258.0,-0.18,37.9,1.5786392099680724,0.2966651902615311,0.525527836776547,19.141414141414142
Kepler-273 b,2.86,1.5,2.936532,0.037,0.756,0.815,5626.0,-0.28,2.86,0.456366033129043,0.17609125905568124,0.4678347378020643,1.9066666666666665
Kepler-306 b,2.92,1.52,4.646186,0.05,0.75,0.719,4954.0,-0.13,2.92,0.4653828514484183,0.18184358794477254,0.6670965918517997,1.9210526315789473
Kepler-309 c,6.85,2.51,105.356383,0.401,0.816,0.721,4713.0,0.27,6.85,0.8356905714924255,0.3996737214810381,2.022660852404514,2.7290836653386457
Kepler-207 c,2.86,1.5,3.071571,0.044,1.313,1.588,5920.0,0.29,2.86,0.456366033129043,0.17609125905568124,0.4873605585785301,1.9066666666666665
Kepler-224 b,2.51,1.39,3.132924,0.038,0.777,0.676,5018.0,-0.06,2.51,0.3996737214810381,0.14301480025409505,0.4959498596819082,1.8057553956834531
Kepler-265 c,7.41,2.63,17.028937,0.127,0.97,1.103,5835.0,-0.11,7.41,0.8698182079793282,0.41995574848975786,1.2311875387762858,2.817490494296578
Kepler-269 b,6.66,2.47,5.326718,0.061,0.92,0.959,5847.0,0.4,6.66,0.8234742291703011,0.39269695325966575,0.7264597055541766,2.6963562753036436
Kepler-119 c,0.721,0.92,4.125103,0.049,0.918,0.839,5595.0,0.01,0.721,-0.14206473528057098,-0.036212172654444715,0.6154347969521667,0.783695652173913
Kepler-130 b,1.04,1.02,8.457458,0.079,0.927,1.127,5884.0,-0.199,1.04,0.01703333929878037,0.00860017176191757,0.9272398497454417,1.0196078431372548
Kepler-235 e,5.56,2.22,46.183669,0.213,0.581,0.554,4255.0,-0.51,5.56,0.7450747915820575,0.3463529744506387,1.6644884318977147,2.5045045045045042
Kepler-228 b,2.96,1.53,2.566546,0.038,1.006,1.014,6043.0,0.18,2.96,0.4712917110589386,0.1846914308175988,0.4093490524920235,1.934640522875817
Kepler-305 b,10.5,3.6,5.487,0.05746,0.76,0.8,5080.0,0.09,10.5,1.021189299069938,0.5563025007672873,0.7393349601960794,2.9166666666666665
Kepler-277 c,64.2,3.36,33.006,0.21781,1.12,1.69,5946.0,0.09,64.2,1.8075350280688534,0.526339277389844,1.5185928953334096,19.107142857142858
Kepler-301 b,2.39,1.35,2.508553,0.036,1.022,0.9,5815.0,0.187,2.39,0.3783979009481377,0.13033376849500614,0.39942328111198017,1.7703703703703704
Kepler-300 c,5.69,2.25,40.714955,0.232,1.07,0.9,5986.0,0.04,5.69,0.7551122663950712,0.3521825181113625,1.6097539591273213,2.528888888888889
Kepler-133 b,3.75,1.76,8.129976,0.083,1.02,1.425,5736.0,0.282,3.75,0.5740312677277188,0.24551266781414982,0.9100892635420447,2.1306818181818183
Kepler-152 c,6.3,2.39,88.255055,0.356,0.779,0.724,5088.0,-0.12,6.3,0.7993405494535817,0.3783979009481377,1.9457395899321872,2.6359832635983262
Kepler-299 c,7.51,2.65,6.885875,0.07,1.004,1.032,5617.0,0.12,7.51,0.8756399370041684,0.42324587393680785,0.8379591346476306,2.8339622641509434
Kepler-298 b,4.5,1.96,10.475464,0.08,0.66,0.582,4465.0,-0.21,4.5,0.6532125137753437,0.292256071356476,1.0201732686957685,2.295918367346939
Kepler-157 b,2.3,1.32,1.732342,0.028,0.95,1.044,5774.0,-0.0593,2.3,0.36172783601759284,0.12057393120584989,0.23863363482366737,1.7424242424242422
Kepler-162 b,2.13,1.26,6.919798,0.069,1.053,0.958,5816.0,0.1,2.13,0.3283796034387377,0.10037054511756291,0.8400934168894478,1.6904761904761905
Kepler-249 d,3.09,1.57,15.368459,0.097,0.510238,0.482,3568.0,-0.34,3.09,0.4899584794248346,0.19589965240923377,1.1866303228446813,1.968152866242038
Kepler-254 d,6.8,2.5,18.746477,0.139,0.849,0.91,5957.0,-0.13,6.8,0.8325089127062363,0.3979400086720376,1.2729196633587787,2.7199999999999998
Kepler-114 c,2.8,1.6,8.041,0.06482,0.56,0.54,4660.0,0.2291,2.8,0.4471580313422192,0.2041199826559248,0.9053100621160856,1.7499999999999998
Kepler-145 b,37.1,2.65,22.951,0.17308,1.32,1.85,6022.0,-0.0014,37.1,1.5693739096150459,0.42324587393680785,1.360801612967852,14.000000000000002
Kepler-295 b,1.98,1.22,12.645164,0.099,0.89,0.898,5603.0,-0.03,1.98,0.2966651902615311,0.08635983067474821,1.1019244662492778,1.6229508196721312
Kepler-288 c,8.5,2.85,19.305772,0.14,0.842,1.091,5918.0,-0.24,8.5,0.9294189257142927,0.4548448600085102,1.2856871728928023,2.982456140350877
Kepler-286 d,2.33,1.33,5.914323,0.061,0.83,0.863,5580.0,-0.25,2.33,0.367355921026019,0.12385164096708581,0.7719050390414846,1.7518796992481203
Kepler-312 c,10.1,3.15,19.747412,0.153,1.314,1.467,6115.0,0.15,10.1,1.0043213737826426,0.4983105537896005,1.2955101871642039,3.2063492063492065
Kepler-287 c,66.0,3.26,44.851896,0.246,0.963,1.032,5806.0,0.117,66.0,1.8195439355418688,0.5132176000679389,1.6517808064644677,20.245398773006137
Kepler-285 b,2.36,1.34,2.633867,0.036,0.915,0.808,5411.0,0.17,2.36,0.37291200297010657,0.12710479836480765,0.42059384100373565,1.761194029850746
Kepler-178 d,14.8,3.95,96.678988,0.397,0.852,1.066,5676.0,-0.04,14.8,1.1702617153949575,0.5965970956264602,1.9853320957248972,3.7468354430379747
Kepler-183 b,4.9,2.06,5.687945,0.064,0.99,0.958,5888.0,0.11,4.9,0.6901960800285137,0.31386722036915343,0.7549553882997709,2.3786407766990294
Kepler-315 b,13.7,3.77,96.101141,0.402,0.831,1.037,5796.0,-0.27,13.7,1.1367205671564067,0.5763413502057929,1.9827285440375584,3.6339522546419096
Kepler-316 c,1.65,1.16,6.827766,0.058,0.587,0.52,4204.0,-0.23,1.65,0.21748394421390627,0.06445798922691845,0.8342786286333549,1.4224137931034484
Kepler-284 b,5.65,2.24,12.699149,0.104,0.766,0.814,5615.0,-0.26,5.65,0.7520484478194386,0.35024801833416286,1.1037746188309812,2.5223214285714284
Kepler-281 c,161.124,5.31,36.337373,0.215,0.95,0.899,5723.0,0.02,161.124,2.207160234964534,0.725094521081469,1.5603535269113886,30.34350282485876
Kepler-85 d,8.69679,1.2,17.91323,0.13,0.947,0.893,5436.0,0.12,8.69679,0.9393589833617348,0.07918124604762482,1.2531739021359967,7.247325
Kepler-353 b,0.64,0.89,5.795278,0.051,0.553,0.504,3903.0,-0.12,0.64,-0.1938200260161128,-0.05060999335508721,0.7630742739441558,0.7191011235955056
Kepler-372 c,5.02,2.09,20.053763,0.154,1.202,1.137,6509.0,-0.13,5.02,0.7007037171450193,0.32014628611105395,1.3021958780432785,2.401913875598086
Kepler-374 c,1.37,1.1,3.282807,0.042,1.033,0.911,5977.0,0.1111,1.37,0.1367205671564068,0.04139268515822508,0.5162453508076642,1.2454545454545454
Kepler-151 c,5.02,2.09,24.674612,0.16,0.87,0.83,5460.0,0.1245,5.02,0.7007037171450193,0.32014628611105395,1.392250332260263,2.401913875598086
Kepler-386 c,3.12,1.58,25.193458,0.155,0.825,0.767,5178.0,0.07,3.12,0.4941545940184428,0.19865708695442263,1.4012877819184166,1.9746835443037976
Kepler-213 c,6.08,2.34,4.822962,0.057,1.07,1.195,5696.0,0.15,6.08,0.7839035792727349,0.3692158574101428,0.6833138401397292,2.5982905982905984
Kepler-211 b,2.13,1.26,4.138575,0.048,0.867,0.816,5123.0,0.151,2.13,0.3283796034387377,0.10037054511756291,0.616850829968841,1.6904761904761905
Kepler-355 b,2.73,1.46,11.03189,0.102,0.933,1.066,6184.0,-0.06,2.73,0.436162647040756,0.1643528557844371,1.0426499227987596,1.86986301369863
Kepler-356 b,3.09,1.57,4.612696,0.057,1.163,1.335,6133.0,-0.0226,3.09,0.4899584794248346,0.19589965240923377,0.6639548333481371,1.968152866242038
Kepler-355 c,7.8,2.71,25.762294,0.179,0.933,1.066,6184.0,-0.06,7.8,0.8920946026904804,0.4329692908744057,1.4109845321032923,2.878228782287823
Kepler-356 c,3.93,1.81,13.121632,0.115,1.163,1.335,6133.0,-0.0226,3.93,0.5943925503754267,0.2576785748691845,1.1179878536765449,2.1712707182320443
Kepler-387 b,1.08,1.03,6.791636,0.068,0.85,1.046,5774.0,-0.3,1.08,0.03342375548694973,0.012837224705172217,0.8319744017017976,1.0485436893203883
Kepler-388 b,0.457,0.81,3.173315,0.036,0.635,0.586,4498.0,0.0,0.457,-0.34008379993014975,-0.09151498112135022,0.5015131846033094,0.5641975308641975
Kepler-404 b,2.15,1.27,11.829851,0.102,0.86,0.884,5654.0,-0.03,2.15,0.33243845991560533,0.10380372095595687,1.072979274612265,1.6929133858267715
Kepler-221 d,3.61,2.73,10.04156,0.087,0.854,0.821,5243.0,0.0616,3.61,0.557507201905658,0.436162647040756,1.0018011875861725,1.3223443223443223
Kepler-357 b,4.04,1.84,6.475434,0.063,0.794,0.834,5036.0,0.06,4.04,0.6063813651106049,0.2648178230095365,0.8112688812457487,2.1956521739130435
Kepler-358 b,7.85,2.72,34.060467,0.21,0.94,0.954,5908.0,0.035,7.85,0.8948696567452525,0.43456890403419873,1.5322505982399894,2.8860294117647056
Kepler-376 c,3.86,1.79,14.172327,0.115,0.968,1.175,5900.0,-0.1038,3.86,0.5865873046717549,0.2528530309798932,1.1514411643115214,2.1564245810055866
Kepler-378 b,0.347,0.75,16.092361,0.112,0.78,0.671,4661.0,0.1369,0.347,-0.4596705252091263,-0.12493873660829995,1.2066197665383878,0.4626666666666666
Kepler-389 b,2.89,1.51,3.244107,0.041,0.765,0.792,5376.0,-0.1,2.89,0.4608978427565479,0.17897694729316943,0.5110951700592189,1.913907284768212
Kepler-118 b,4.5,1.96,7.518496,0.073,0.811,1.094,5274.0,0.18,4.5,0.6532125137753437,0.292256071356476,0.8761309730082136,2.295918367346939
Kepler-359 b,12.2,3.53,25.563222,0.178,0.827,1.086,6248.0,-0.29,12.2,1.0863598306747482,0.5477747053878226,1.4076155916081539,3.456090651558074
Kepler-363 c,66.4,1.69,7.542427,0.079,1.226,1.485,5593.0,0.3965,66.4,1.8221680793680175,0.22788670461367352,0.8775111155125082,39.28994082840237
Kepler-379 c,5.86,2.29,62.784697,0.326,1.125,1.306,6054.0,0.09,5.86,0.7678976160180907,0.359835482339888,1.7978538026809492,2.558951965065502
Kepler-112 c,6.35,2.4,28.574263,0.172,0.782,0.841,5544.0,-0.5221,6.35,0.8027737252919757,0.38021124171160603,1.4559750376968597,2.6458333333333335
Kepler-163 b,1.16,1.05,7.810937,0.078,0.882,0.917,5776.0,0.1412,1.16,0.06445798922691845,0.021189299069938092,0.8927031349682952,1.1047619047619046
Kepler-390 b,0.477,0.82,6.738088,0.065,0.787,0.776,5166.0,-0.0443,0.477,-0.3214816209598861,-0.08618614761628333,0.8285366786048584,0.5817073170731707
Kepler-52 d,88.8775,1.95,36.445171,0.182,0.577,0.556,4263.0,0.0,88.8775,1.9487918300071279,0.290034611362518,1.5616399922702504,45.57820512820513
Kepler-231 b,35.4,1.73,10.065275,0.074,0.58,0.49,3767.0,-0.1,35.4,1.5490032620257879,0.2380461031287954,1.0028256450320236,20.46242774566474
Kepler-357 d,11.6,3.43,49.499875,0.246,0.794,0.834,5036.0,0.06,11.6,1.0644579892269184,0.5352941200427705,1.6946041022289469,3.3819241982507284
Kepler-358 c,8.5,2.85,83.488369,0.381,0.94,0.954,5908.0,0.035,8.5,0.9294189257142927,0.4548448600085102,1.921625976909271,2.982456140350877
Kepler-139 b,7.0,2.94,15.771044,0.127,1.078,1.3,5594.0,0.35,7.0,0.8450980400142568,0.46834733041215726,1.197860443387986,2.380952380952381
Kepler-172 d,5.69,2.25,14.627119,0.118,1.081,1.085,5526.0,0.39,5.69,0.7551122663950712,0.3521825181113625,1.1651587946410655,2.528888888888889
Kepler-237 b,2.57,1.41,4.715106,0.05,0.696,0.725,4861.0,0.22,2.57,0.4099331233312945,0.14921911265537988,0.6734914605298944,1.822695035460993
Kepler-235 c,2.18,1.28,7.824904,0.065,0.581,0.554,4255.0,-0.51,2.18,0.33845649360460484,0.10720996964786837,0.8934790181001457,1.703125
Kepler-363 b,1.65,1.16,3.614568,0.048,1.226,1.485,5593.0,0.3965,1.65,0.21748394421390627,0.06445798922691845,0.5580563994376646,1.4224137931034484
Kepler-272 b,78.0,1.43,2.971353,0.038,0.91,0.929,5297.0,0.04,78.0,1.8920946026904804,0.1553360374650618,0.4729542495301176,54.54545454545455
Kepler-353 c,2.48,1.38,8.410894,0.065,0.553,0.504,3903.0,-0.12,2.48,0.3944516808262163,0.13987908640123647,0.9248421597256068,1.7971014492753625
Kepler-359 c,2.9,4.3,57.68802,0.307,0.827,1.086,6248.0,-0.29,2.9,0.4623979978989561,0.6334684555795865,1.7610856331195042,0.6744186046511628
Kepler-173 b,2.21,1.29,4.263742,0.048,1.067,0.949,6031.0,0.0357,2.21,0.3443922736851107,0.11058971029924898,0.629790917555503,1.7131782945736433
Kepler-175 c,9.8,3.1,34.035257,0.213,0.969,1.01,6064.0,0.04,9.8,0.9912260756924949,0.4913616938342727,1.5319290343077525,3.1612903225806455
Kepler-141 c,2.57,1.41,7.010606,0.067,0.878,0.787,4910.0,0.2643,2.57,0.4099331233312945,0.14921911265537988,0.8457555602035915,1.822695035460993
Kepler-239 c,6.85,2.51,56.228098,0.268,0.757,0.763,4914.0,0.17,6.85,0.8356905714924255,0.3996737214810381,1.7499533930936952,2.7290836653386457
Kepler-367 c,1.87,1.2,53.578637,0.253,0.768,0.695,4710.0,0.1974,1.87,0.27184160653649897,0.07918124604762482,1.7289916612895835,1.5583333333333336
Kepler-143 c,11.3,3.37,27.082511,0.181,0.982,1.359,5848.0,-0.01,11.3,1.0530784434834197,0.5276299008713387,1.4326889282142925,3.3531157270029674
Kepler-360 b,3.36,1.65,3.289672,0.044,0.994,1.058,6053.0,0.15,3.36,0.526339277389844,0.21748394421390627,0.5171525983477503,2.0363636363636366
Kepler-49 e,1.03815,1.56,18.596108,0.116,0.549,0.559,4252.0,0.03,1.03815,0.016260108296437117,0.1931245983544616,1.26942205975604,0.6654807692307692
Kepler-140 b,3.22,1.61,3.25427,0.045,1.044,1.288,6077.0,-0.039,3.22,0.5078558716958309,0.20682587603184974,0.5124535826037874,2.0
Kepler-392 b,0.972,1.0,5.341853,0.059,0.874,1.129,5938.0,-0.4362,0.972,-0.012333735073725434,0.0,0.7276919326993486,0.972
Kepler-243 c,4.62,1.99,20.026218,0.142,0.904,0.842,5228.0,0.26,4.62,0.6646419755561255,0.29885307640970665,1.3015989394675143,2.321608040201005
Kepler-374 d,2.27,1.31,5.028219,0.056,1.033,0.911,5977.0,0.1111,2.27,0.35602585719312274,0.11727129565576427,0.7014141847697428,1.732824427480916
Kepler-375 b,2.7,1.45,12.125934,0.101,0.891,0.837,5826.0,-0.04,2.7,0.43136376415898736,0.16136800223497488,1.0837152000927617,1.8620689655172415
Kepler-116 c,5.9,2.3,13.07163,0.116,1.198,1.454,6142.0,0.07,5.9,0.7708520116421442,0.36172783601759284,1.1163297464073978,2.565217391304348
Kepler-280 c,4.7,2.01,4.807091,0.056,0.962,0.886,5744.0,0.1213,4.7,0.6720978579357175,0.30319605742048883,0.6818823435606791,2.338308457711443
Kepler-133 c,8.45,2.84,31.517586,0.204,1.02,1.425,5736.0,0.282,8.45,0.9268567089496923,0.45331834004703764,1.4985529465387297,2.975352112676056
Kepler-246 c,2.86,1.5,11.187161,0.095,0.853,0.831,5206.0,0.2,2.86,0.456366033129043,0.17609125905568124,1.0487198882739122,1.9066666666666665
Kepler-251 e,8.1,2.77,99.640161,0.404,0.891,0.89,5526.0,-0.06,8.1,0.9084850188786497,0.4424797690644486,1.9984344206042832,2.9241877256317688
Kepler-326 c,17.4,1.4,4.580358,0.051,0.91,0.801,5105.0,0.2385,17.4,1.2405492482825997,0.146128035678238,0.6608994237131091,12.428571428571429
K2-24 b,20.6,5.638,20.8895961,0.1673,1.091,1.185,5726.0,0.41,20.6,1.3138672203691535,0.7511250715355835,1.3199300429847596,3.653777935438099
Kepler-281 b,324.0,2.82,14.646008,0.117,0.95,0.899,5723.0,0.02,324.0,2.510545010206612,0.45024910831936105,1.1657192670229344,114.8936170212766
Kepler-288 b,3.43,1.67,6.097326,0.065,0.842,1.091,5918.0,-0.24,3.43,0.5352941200427705,0.22271647114758325,0.7851394156576705,2.0538922155688626
Kepler-393 b,2.21,1.29,9.182417,0.091,1.256,1.382,6189.0,0.0322,2.21,0.3443922736851107,0.11058971029924898,0.9629570114409731,1.7131782945736433
Kepler-394 b,3.19,1.6,8.005013,0.083,0.87,1.132,6402.0,-0.3,3.19,0.5037906830571811,0.2041199826559248,0.9033620415424741,1.99375
Kepler-26 e,6.39,2.41,46.827915,0.22,0.593,0.571,4486.0,-0.21,6.39,0.8055008581584001,0.3820170425748684,1.6705048213705247,2.6514522821576763
Kepler-255 b,3.02,1.55,5.714606,0.063,0.867,0.933,5573.0,0.3386,3.02,0.48000694295715063,0.1903316981702915,0.7569862928372514,1.9483870967741934
Kepler-344 b,7.32,2.61,21.963945,0.153,0.931,0.976,5774.0,0.0399,7.32,0.8645110810583919,0.41664050733828095,1.3417103475202015,2.8045977011494254
Kepler-342 b,5.69,2.25,15.170318,0.128,1.213,1.472,6175.0,-0.0006,5.69,0.7551122663950712,0.3521825181113625,1.1809946845571822,2.528888888888889
Kepler-291 c,4.19,1.88,5.700786,0.065,1.023,1.016,6002.0,0.23,4.19,0.6222140229662954,0.2741578492636798,0.7559347384671192,2.2287234042553195
Kepler-293 c,14.0,3.83,54.155743,0.286,0.934,0.957,5804.0,0.1,14.0,1.146128035678238,0.5831987739686227,1.7336445185967484,3.6553524804177546
Kepler-189 b,1.92,1.21,10.399931,0.088,0.803,0.75,5235.0,-0.04,1.92,0.28330122870354957,0.08278537031645007,1.0170304579123708,1.5867768595041323
Kepler-191 c,4.12,1.86,17.738506,0.128,0.857,0.789,5282.0,0.13,4.12,0.6148972160331346,0.26951294421791633,1.2489170392116697,2.21505376344086
Kepler-258 c,12.7,3.61,33.653079,0.193,0.82,0.915,4942.0,0.3031,12.7,1.1038037209559568,0.557507201905658,1.5270248050098159,3.5180055401662047
Kepler-337 c,4.86,2.05,9.693201,0.093,1.081,1.761,5684.0,0.07,4.86,0.6866362692622934,0.31175386105575426,0.9864672184409887,2.3707317073170735
Kepler-298 c,4.38,1.93,22.92881,0.136,0.66,0.582,4465.0,-0.21,4.38,0.6414741105040995,0.28555730900777376,1.3603815155304446,2.2694300518134716
Kepler-300 b,3.43,1.67,10.446347,0.094,1.07,0.9,5986.0,0.04,3.43,0.5352941200427705,0.22271647114758325,1.0189644478538622,2.0538922155688626
Kepler-137 b,2.76,1.47,8.436387,0.077,0.85,0.802,5187.0,0.05,2.76,0.4409090820652177,0.1673173347481761,0.9261564937926122,1.8775510204081631
Kepler-261 c,4.66,2.0,24.570858,0.156,0.834,0.794,5098.0,0.1621,4.66,0.6683859166900001,0.3010299956639812,1.3904203220543374,2.33
Kepler-265 b,4.12,1.86,6.846262,0.069,0.97,1.103,5835.0,-0.11,4.12,0.6148972160331346,0.26951294421791633,0.8354535151607548,2.21505376344086
Kepler-339 b,2.6,1.42,4.977656,0.055,0.87,0.802,5631.0,0.033,2.6,0.414973347970818,0.15228834438305647,0.6970248797245646,1.830985915492958
Kepler-325 b,8.8,2.91,4.544439,0.053,0.914,1.003,5752.0,0.02,8.8,0.9444826721501687,0.4638929889859073,0.6574802782638027,3.0240549828178693
Kepler-126 b,4.11726105,1.52,10.495711,0.099,1.108,1.358,6239.0,-0.16,4.11726105,0.6146084037913405,0.18184358794477254,1.021011863872931,2.7087243749999996
Kepler-380 b,1.81,1.19,3.930821,0.05,0.99,1.224,6045.0,-0.16,1.81,0.2576785748691845,0.07554696139253074,0.5944832675590234,1.5210084033613447
Kepler-397 c,31.6,6.18,135.498527,0.48,0.844,0.767,5307.0,-0.24,31.6,1.4996870826184039,0.7909884750888159,2.131934574035155,5.11326860841424
TOI-4504 b,140.0,2.65,2.4261516,0.0338,0.875,0.93,5315.0,0.16,140.0,2.146128035678238,0.42324587393680785,0.38491793461233953,52.83018867924528
Kepler-188 b,3.46,1.68,2.061897,0.032,1.021,1.141,6021.0,0.15,3.46,0.5390760987927766,0.22530928172586284,0.31426696674337706,2.0595238095238098
Kepler-362 c,2.7,1.45,37.866281,0.207,0.904,0.722,5788.0,-0.12,2.7,0.43136376415898736,0.16136800223497488,1.5782526534046826,1.8620689655172415
Kepler-136 c,4.62,1.99,16.399235,0.133,1.204,1.355,6165.0,0.0002,4.62,0.6646419755561255,0.29885307640970665,1.214823589326498,2.321608040201005
Kepler-381 c,1.46,1.12,13.391635,0.117,1.144,1.568,6152.0,-0.2016,1.46,0.1643528557844371,0.04921802267018165,1.1268336037580455,1.3035714285714284
Kepler-398 b,0.749,0.93,4.081423,0.044,0.649,0.613,4493.0,0.0528,0.749,-0.12551818230053352,-0.03151705144606486,0.6108116075264717,0.8053763440860214
Kepler-136 b,19.8,2.05,11.5789,0.106,1.204,1.355,6165.0,0.0002,19.8,1.2966651902615312,0.31175386105575426,1.0636673032064992,9.658536585365855
Kepler-272 d,5.69,2.25,10.937304,0.091,0.91,0.929,5297.0,0.04,5.69,0.7551122663950712,0.3521825181113625,1.0389102834035213,2.528888888888889
Kepler-206 d,1.81,1.19,23.44281,0.163,0.957,1.185,5764.0,0.0213,1.81,0.2576785748691845,0.07554696139253074,1.3700096676852525,1.5210084033613447
Kepler-141 b,0.257,0.69,3.107675,0.039,0.878,0.787,4910.0,0.2643,0.257,-0.5900668766687055,-0.16115090926274472,0.4924355940777648,0.37246376811594206
Kepler-399 d,4.23,1.89,58.034616,0.261,0.902,0.68,5502.0,0.14,4.23,0.6263403673750424,0.2764618041732441,1.7636871151725015,2.2380952380952386
Kepler-400 b,3.36,1.65,9.024389,0.087,1.08,1.145,5886.0,0.0844,3.36,0.526339277389844,0.21748394421390627,0.955417807485043,2.0363636363636366
Kepler-366 b,2.73,1.46,3.281959,0.045,1.088,1.048,6209.0,-0.06,2.73,0.436162647040756,0.1643528557844371,0.5161331513103166,1.86986301369863
Kepler-367 b,2.24,1.3,37.815724,0.201,0.768,0.695,4710.0,0.1974,2.24,0.35024801833416286,0.11394335230683679,1.577672419585887,1.7230769230769232
Kepler-135 b,3.93,1.81,6.00253,0.067,1.047,1.275,6090.0,-0.105,3.93,0.5943925503754267,0.2576785748691845,0.778334339291647,2.1712707182320443
Kepler-383 b,2.3,1.32,12.904532,0.095,0.669,0.672,4710.0,-0.1785,2.3,0.36172783601759284,0.12057393120584989,1.1107422588990237,1.7424242424242422
Kepler-401 b,3.57,1.71,14.383035,0.122,1.173,1.333,6117.0,0.0,3.57,0.5526682161121932,0.23299611039215382,1.1578505372761216,2.087719298245614
Kepler-402 c,3.05,1.56,6.124821,0.068,1.072,1.264,6090.0,-0.08,3.05,0.48429983934678583,0.1931245983544616,0.7870934008164525,1.9551282051282048
Kepler-351 b,4.8,3.06,37.054919,0.214,0.81,0.854,5643.0,-0.16,4.8,0.6812412373755872,0.48572142648158,1.5688458682601465,1.5686274509803921
Kepler-350 b,16.9,1.85,11.189562,0.104,1.19,1.534,6186.0,0.041,16.9,1.2278867046136734,0.26717172840301384,1.0488130870014516,9.135135135135133
Kepler-369 c,2.57,1.41,14.871572,0.094,0.5,0.471,3591.0,-0.09,2.57,0.4099331233312945,0.14921911265537988,1.1723568780607094,1.822695035460993
Kepler-371 b,4.23,1.89,34.763278,0.2,0.876,0.992,5666.0,-0.1975,4.23,0.6263403673750424,0.2764618041732441,1.541120721464478,2.2380952380952386
Kepler-147 b,2.96,1.53,12.610584,0.113,1.145,1.468,6012.0,0.1,2.96,0.4712917110589386,0.1846914308175988,1.100735199349017,1.934640522875817
Kepler-132 d,3.02,1.55,18.010199,0.136,0.929,1.178,6003.0,-0.2159,3.02,0.48000694295715063,0.1903316981702915,1.2555185114938494,1.9483870967741934
Kepler-200 c,3.15,1.59,10.222157,0.09,0.972,0.944,5678.0,-0.006,3.15,0.4983105537896005,0.2013971243204515,1.009542546909772,1.981132075471698
Kepler-215 e,3.71,1.75,68.16101,0.314,0.788,1.027,5739.0,-0.4425,3.71,0.5693739096150459,0.24303804868629444,1.8335360171192199,2.12
Kepler-347 c,3.71,1.75,27.320871,0.183,0.922,1.005,6088.0,-0.14,3.71,0.5693739096150459,0.24303804868629444,1.4364945407072975,2.12
Kepler-202 b,3.29,1.63,4.069427,0.045,0.683,0.667,4668.0,-0.21,3.29,0.5171958979499743,0.21218760440395779,0.6095332622332901,2.0184049079754605
Kepler-84 f,5.48,2.2,44.552169,0.25,1.06,1.169,6031.0,-0.07,5.48,0.7387805584843692,0.3424226808222063,1.648868852296594,2.4909090909090907
Kepler-310 b,1.81,1.19,13.930698,0.111,0.854,0.876,5797.0,-0.12,1.81,0.2576785748691845,0.07554696139253074,1.1439728773682465,1.5210084033613447
Kepler-270 c,3.78,1.77,25.262887,0.18,1.17,1.461,6067.0,0.15,3.78,0.5774917998372253,0.24797326636180664,1.402482979494252,2.135593220338983
Kepler-24 d,293.959,1.67,4.244384,0.051,1.046,1.289,5897.0,-0.0708,293.959,2.4682867613119757,0.22271647114758325,0.6278146687111165,176.02335329341318
Kepler-217 c,4.08,1.85,8.586004,0.089,1.342,1.799,6171.0,-0.07,4.08,0.6106601630898799,0.26717172840301384,0.9337910864701756,2.2054054054054055
Kepler-220 e,2.33,1.33,45.902733,0.226,0.729,0.666,4632.0,-0.1738,2.33,0.367355921026019,0.12385164096708581,1.6618385437395304,1.7518796992481203
Kepler-313 c,7.13,2.57,32.273273,0.208,1.114,1.536,5727.0,0.26,7.13,0.8530895298518656,0.4099331233312945,1.5088430116932987,2.77431906614786
Kepler-311 c,2.63,1.43,19.738286,0.145,0.994,1.188,5905.0,-0.03,2.63,0.41995574848975786,0.1553360374650618,1.2953094374389529,1.8391608391608392
Kepler-282 c,1.87,1.2,13.638723,0.106,0.86,0.904,5602.0,-0.2,1.87,0.27184160653649897,0.07918124604762482,1.1347737090289622,1.5583333333333336
Kepler-286 e,3.78,1.77,29.221289,0.176,0.83,0.863,5580.0,-0.25,3.78,0.5774917998372253,0.24797326636180664,1.4656993694778129,2.135593220338983
Kepler-204 b,6.94,2.53,14.400974,0.117,1.038,1.238,5812.0,0.07,6.94,0.8413594704548549,0.40312052117581787,1.1583918662980481,2.7430830039525693
Kepler-359 d,2.7,4.01,77.095691,0.372,0.827,1.086,6248.0,-0.29,2.7,0.43136376415898736,0.6031443726201823,1.8870301053243863,0.6733167082294265
Kepler-314 b,0.498,0.83,2.461069,0.035,0.99,0.95,5378.0,0.322,0.498,-0.30277065724028246,-0.08092190762392612,0.3911237900129084,0.6
Kepler-316 b,1.2,1.06,2.240508,0.027,0.587,0.52,4204.0,-0.23,1.2,0.07918124604762482,0.02530586526477026,0.35034649895187503,1.1320754716981132
Kepler-288 d,7.61,2.67,56.633742,0.287,0.842,1.091,5918.0,-0.24,7.61,0.8813846567705729,0.42651126136457523,1.7530752580111475,2.850187265917603
Kepler-149 b,16.5,4.21,29.198943,0.184,1.013,0.953,5381.0,0.3805,16.5,1.2174839442139063,0.6242820958356683,1.4653671302985536,3.9192399049881237
Kepler-372 b,2.42,1.36,6.849692,0.075,1.202,1.137,6509.0,-0.13,2.42,0.38381536598043126,0.13353890837021754,0.8356710436518802,1.7794117647058822
Kepler-205 b,2.89,1.51,2.75564,0.032,0.592,0.546,4321.0,-0.1254,2.89,0.4608978427565479,0.17897694729316943,0.4402224802074124,1.913907284768212
Kepler-361 b,2.7,1.45,8.486616,0.086,1.191,1.343,6169.0,0.04,2.7,0.43136376415898736,0.16136800223497488,0.9287345517873573,1.8620689655172415
Kepler-317 c,3.61,1.72,8.77501,0.083,0.865,0.941,5497.0,0.13,3.61,0.557507201905658,0.2355284469075489,0.9432476200600661,2.0988372093023258
Kepler-319 d,5.86,2.29,31.781925,0.191,0.933,0.903,5526.0,0.06,5.86,0.7678976160180907,0.359835482339888,1.5021801984584844,2.558951965065502
Kepler-295 d,2.42,1.36,33.884054,0.192,0.89,0.898,5603.0,-0.03,2.42,0.38381536598043126,0.13353890837021754,1.529995365191776,1.7794117647058822
Kepler-308 c,5.31,2.16,15.38231,0.123,0.92,0.941,5895.0,-0.04,5.31,0.725094521081469,0.3344537511509309,1.187021559452498,2.458333333333333
Kepler-234 b,13.2,3.7,2.711506,0.04,1.129,1.113,6224.0,0.22,13.2,1.1205739312058498,0.568201724066995,0.43321056977608696,3.567567567567567
Kepler-378 c,0.271,0.7,28.906009,0.166,0.78,0.671,4661.0,0.1369,0.271,-0.5670307091255943,-0.1549019599857432,1.4609881335618224,0.3871428571428572
Kepler-321 b,3.78,1.77,4.915379,0.057,1.024,1.194,5740.0,0.121,3.78,0.5774917998372253,0.24797326636180664,0.6915570097089141,2.135593220338983
Kepler-322 b,1.01,1.01,1.653888,0.027,0.908,0.89,5388.0,0.12,1.01,0.004321373782642578,0.004321373782642578,0.2185060961301309,1.0
Kepler-397 b,6.62,2.46,22.250949,0.144,0.844,0.767,5307.0,-0.24,6.62,0.8208579894396999,0.39093510710337914,1.3473485383135448,2.6910569105691056
Kepler-198 b,8.35,2.82,17.790037,0.131,0.995,0.94,5574.0,0.1142,8.35,0.921686475483602,0.45024910831936105,1.2501768513373888,2.9609929078014185
Kepler-386 b,2.51,1.39,12.31043,0.096,0.825,0.767,5178.0,0.07,2.51,0.3996737214810381,0.14301480025409505,1.0902732229853924,1.8057553956834531
Kepler-206 c,3.78,1.77,13.137471,0.111,0.957,1.185,5764.0,0.0213,3.78,0.5774917998372253,0.24797326636180664,1.1185117703642624,2.135593220338983
Kepler-173 c,6.48,2.43,8.005777,0.074,1.067,0.949,6031.0,0.0357,6.48,0.8115750058705934,0.38560627359831223,0.9034034887145906,2.6666666666666665
Kepler-250 b,1.51,1.13,4.148141,0.048,0.806,0.805,5160.0,0.01,1.51,0.17897694729316943,0.05307844348341968,0.6178535101280941,1.336283185840708
Kepler-325 c,6.99,2.54,12.762172,0.105,0.914,1.003,5752.0,0.02,6.99,0.8444771757456814,0.40483371661993806,1.1059245934557438,2.751968503937008
Kepler-157 c,5.65,2.24,13.5405,0.11,0.95,1.044,5774.0,-0.0593,5.65,0.7520484478194386,0.35024801833416286,1.1316347015154242,2.5223214285714284
Kepler-392 c,1.37,1.1,10.423118,0.093,0.874,1.129,5938.0,-0.4362,1.37,0.1367205671564068,0.04139268515822508,1.0179976544371403,1.2454545454545454
Kepler-365 c,3.33,1.64,17.784129,0.137,1.02,1.048,6012.0,-0.218,3.33,0.5224442335063199,0.21484384804769785,1.2500325999262567,2.030487804878049
Kepler-243 b,6.57,2.45,5.715442,0.062,0.904,0.842,5228.0,0.26,6.57,0.8175653695597808,0.3891660843645325,0.7570498219121107,2.6816326530612242
Kepler-402 e,2.73,1.46,11.242861,0.102,1.072,1.264,6090.0,-0.08,2.73,0.436162647040756,0.1643528557844371,1.0508768413403478,1.86986301369863
Kepler-402 d,2.48,1.38,8.921099,0.087,1.072,1.264,6090.0,-0.08,2.48,0.3944516808262163,0.13987908640123647,0.9504183588868278,1.7971014492753625
Kepler-147 c,6.48,2.43,33.416423,0.216,1.145,1.468,6012.0,0.1,6.48,0.8115750058705934,0.38560627359831223,1.5239599597852884,2.6666666666666665
Kepler-183 c,35.7,2.27,11.637071,0.103,0.99,0.958,5888.0,0.11,35.7,1.5526682161121932,0.35602585719312274,1.0658436840416532,15.726872246696036
Kepler-244 b,8.05,2.76,4.311792,0.05,0.933,0.803,5554.0,0.07,8.05,0.9057958803678685,0.4409090820652177,0.634657802403397,2.916666666666667
Kepler-209 b,5.73,2.26,16.087845,0.122,0.971,0.935,5513.0,0.11,5.73,0.75815462196739,0.35410843914740087,1.206497873353916,2.535398230088496
Kepler-127 b,2.54,1.4,14.435889,0.125,1.248,1.359,6106.0,0.2142,2.54,0.40483371661993806,0.146128035678238,1.1594435340363456,1.8142857142857145
Kepler-403 c,3.71,1.75,54.280749,0.297,1.299,1.329,6090.0,0.079,3.71,0.5693739096150459,0.24303804868629444,1.7346458316981395,2.12
Kepler-376 b,1.24,1.07,4.920199,0.057,0.968,1.175,5900.0,-0.1038,1.24,0.09342168516223506,0.029383777685209667,0.6919826683881187,1.158878504672897
Kepler-331 c,4.04,1.84,17.28111,0.105,0.653,0.492,4347.0,0.1179,4.04,0.6063813651106049,0.2648178230095365,1.2375716346354975,2.1956521739130435
Kepler-256 e,6.12,2.35,10.681572,0.096,1.037,1.301,5551.0,0.26,6.12,0.7867514221455612,0.37106786227173627,1.0286351722324276,2.604255319148936
Kepler-209 c,9.8,3.1,41.749882,0.231,0.971,0.935,5513.0,0.11,9.8,0.9912260756924949,0.4913616938342727,1.6206552523508475,3.1612903225806455
Kepler-229 d,14.2,3.85,41.194912,0.22,0.808,0.728,5120.0,0.06,14.2,1.1522883443830565,0.5854607295085007,1.6148435794608489,3.688311688311688
Kepler-237 c,4.98,2.08,8.103636,0.071,0.696,0.725,4861.0,0.22,4.98,0.6972293427597176,0.31806333496276157,0.9086799251037345,2.394230769230769
Kepler-383 c,2.07,1.24,31.200751,0.172,0.669,0.672,4710.0,-0.1785,2.07,0.3159703454569177,0.09342168516223506,1.4941650475835264,1.6693548387096773
Kepler-333 c,1.41,1.11,24.08821,0.135,0.601,0.534,4259.0,0.0465,1.41,0.14921911265537988,0.045322978786657475,1.3818045286822043,1.2702702702702702
Kepler-334 d,2.57,1.41,25.09849,0.168,1.022,1.068,5828.0,-0.012,2.57,0.4099331233312945,0.14921911265537988,1.3996475938159283,1.822695035460993
Kepler-156 c,7.04,2.55,15.906801,0.117,0.864,0.807,5094.0,0.2535,7.04,0.8475726591421122,0.4065401804339551,1.2015828479219188,2.7607843137254906
Kepler-405 c,19.6,4.66,29.726682,0.188,0.873,0.893,5818.0,-0.06,19.6,1.2922560713564761,0.6683859166900001,1.4731464373076175,4.206008583690988
Kepler-274 c,4.04,1.84,33.197861,0.204,0.883,1.007,6023.0,-0.2112,4.04,0.6063813651106049,0.2648178230095365,1.5211101022033338,2.1956521739130435
Kepler-315 c,16.1,4.15,265.469335,0.791,0.831,1.037,5796.0,-0.27,16.1,1.2068258760318498,0.6180480967120927,2.424014361916794,3.8795180722891565
Kepler-387 c,0.64,0.89,11.837549,0.098,0.85,1.046,5774.0,-0.3,0.64,-0.1938200260161128,-0.05060999335508721,1.073261789720776,0.7191011235955056
Kepler-388 c,0.566,0.86,13.297004,0.093,0.635,0.586,4498.0,0.0,0.566,-0.24718356881172862,-0.06550154875643228,1.123753799400172,0.6581395348837209
Kepler-337 b,2.99,1.54,3.292781,0.045,1.081,1.761,5684.0,0.07,2.99,0.4756711883244297,0.18752072083646307,0.5175628471241991,1.9415584415584417
Kepler-134 c,2.13,1.26,10.105785,0.092,0.956,1.176,5983.0,-0.2067,2.13,0.3283796034387377,0.10037054511756291,1.0045700544101417,1.6904761904761905
Kepler-140 c,3.89,1.8,91.353282,0.414,1.044,1.288,6077.0,-0.039,3.89,0.5899496013257077,0.25527250510330607,1.9607241546320193,2.161111111111111
Kepler-159 b,6.26,2.38,10.139623,0.082,0.628,0.663,4625.0,-0.04,6.26,0.7965743332104297,0.37657695705651195,1.006021807851022,2.630252100840336
Kepler-320 c,2.45,1.37,17.934937,0.142,1.072,1.108,6435.0,-0.1228,2.45,0.3891660843645325,0.1367205671564068,1.2536998554697265,1.7883211678832116
Kepler-292 c,2.76,1.47,3.715335,0.045,0.865,0.826,5299.0,0.04,2.76,0.4409090820652177,0.1673173347481761,0.5699979788212549,1.8775510204081631
Kepler-149 c,3.22,1.61,55.328328,0.281,1.013,0.953,5381.0,0.3805,3.22,0.5078558716958309,0.20682587603184974,1.7429475462064628,2.0
Kepler-164 b,2.57,1.41,5.03503,0.058,1.036,1.148,5888.0,0.0,2.57,0.4099331233312945,0.14921911265537988,0.702002062535246,1.822695035460993
Kepler-320 b,1.55,1.14,8.371554,0.085,1.072,1.108,6435.0,-0.1228,1.55,0.1903316981702915,0.05690485133647256,0.9228060829611472,1.3596491228070178
Kepler-395 b,1.08,1.03,7.054346,0.061,0.622827,0.556,4262.0,-0.02,1.08,0.03342375548694973,0.012837224705172217,0.8484567570334235,1.0485436893203883
Kepler-341 d,4.08,1.85,27.666313,0.182,0.976,1.024,6012.0,0.07,4.08,0.6106601630898799,0.26717172840301384,1.4419512859770083,2.2054054054054055
Kepler-341 e,4.62,1.99,42.473269,0.242,0.976,1.024,6012.0,0.07,4.62,0.6646419755561255,0.29885307640970665,1.6281156882104877,2.321608040201005
Kepler-169 b,1.51,1.13,3.250619,0.04,0.825,0.763,4997.0,0.17,1.51,0.17897694729316943,0.05307844348341968,0.5119660694978971,1.336283185840708
Kepler-169 f,7.18,2.58,87.090195,0.359,0.825,0.763,4997.0,0.17,7.18,0.8561244442423003,0.41161970596323016,1.9399692629629697,2.782945736434108
Kepler-332 c,1.32,1.09,15.995622,0.114,0.743,0.72,4955.0,-0.13,1.32,0.12057393120584989,0.037426497940623665,1.2040011325673947,1.2110091743119267
Kepler-143 b,6.39,2.41,16.007583,0.127,0.982,1.359,5848.0,-0.01,6.39,0.8055008581584001,0.3820170425748684,1.2043257623374388,2.6514522821576763
Kepler-299 b,2.3,1.32,2.927128,0.04,1.004,1.032,5617.0,0.12,2.3,0.36172783601759284,0.12057393120584989,0.4664417140560088,1.7424242424242422
Kepler-301 c,2.39,1.35,5.419026,0.06,1.022,0.9,5815.0,0.187,2.39,0.3783979009481377,0.13033376849500614,0.7339212347233045,1.7703703703703704
Kepler-342 d,6.76,2.49,39.459357,0.242,1.213,1.472,6175.0,-0.0006,6.76,0.829946695941636,0.3961993470957364,1.5961500040376349,2.7148594377510036
Kepler-233 c,7.8,2.71,60.418955,0.287,0.855,0.758,5360.0,-0.09,7.8,0.8920946026904804,0.4329692908744057,1.7811732094897552,2.878228782287823
Kepler-171 d,4.23,1.89,39.595519,0.223,0.978,0.839,5642.0,0.17,4.23,0.6263403673750424,0.2764618041732441,1.597646039872805,2.2380952380952386
HD 60779 b,14.19,3.246,29.986175,0.1922,1.05,1.129,6081.0,-0.12,14.19,1.151982395457474,0.5113485154902131,1.4769210712167598,4.371534195933457
Kepler-335 c,9.64,3.07,67.844469,0.356,1.367,1.854,5877.0,0.278,9.64,0.9840770339028309,0.48713837547718647,1.8315144477114333,3.140065146579805
Kepler-332 d,1.76,1.18,34.21154,0.189,0.743,0.72,4955.0,-0.13,1.76,0.24551266781414982,0.07188200730612536,1.5341726239789504,1.4915254237288136
Kepler-262 b,2.42,1.36,13.060855,0.108,0.816,0.881,5841.0,-0.3382,2.42,0.38381536598043126,0.13353890837021754,1.1159716079978517,1.7794117647058822
Kepler-263 c,6.66,2.47,47.332773,0.242,0.793,0.785,5265.0,-0.0314,6.66,0.8234742291703011,0.39269695325966575,1.6751619484426525,2.6963562753036436
Kepler-191 b,2.36,1.34,9.939632,0.087,0.857,0.789,5282.0,0.13,2.36,0.37291200297010657,0.12710479836480765,0.9973703055916937,1.761194029850746
Kepler-197 e,0.693,0.91,25.209715,0.164,0.857,1.12,6004.0,-0.441,0.693,-0.1592667653881933,-0.040958607678906384,1.4015679359332098,0.7615384615384615
Kepler-200 b,5.18,2.13,8.594805,0.08,0.972,0.944,5678.0,-0.006,5.18,0.714329759745233,0.3283796034387377,0.934236027807869,2.431924882629108
Kepler-201 b,6.62,2.46,25.672083,0.175,1.098,1.229,6065.0,-0.0442,6.62,0.8208579894396999,0.39093510710337914,1.4094611082002448,2.6910569105691056
Kepler-84 e,7.27,2.6,27.434389,0.181,1.06,1.169,6031.0,-0.07,7.27,0.8615344108590378,0.414973347970818,1.4382952923293166,2.796153846153846
Kepler-265 e,7.22,2.59,67.831024,0.319,0.97,1.103,5835.0,-0.11,7.22,0.8585371975696391,0.4132997640812518,1.8314283733703833,2.787644787644788
Kepler-24 e,26.2118,2.78,18.998355,0.138,1.046,1.289,5897.0,-0.0708,26.2118,1.418496845564135,0.4440447959180762,1.2787159985659269,9.428705035971223
Kepler-441 b,3.33,1.64,207.2482,0.64,0.572,0.55,4340.0,-0.57,3.33,0.5224442335063199,0.21484384804769785,2.3164907672876325,2.030487804878049
Kepler-253 c,7.51,2.65,10.281951,0.089,0.86,0.786,5208.0,0.15,7.51,0.8756399370041684,0.42324587393680785,1.0120755298480428,2.8339622641509434
Kepler-214 c,5.18,2.13,28.7798,0.194,1.11,1.352,6169.0,-0.02,5.18,0.714329759745233,0.3283796034387377,1.4590877715603436,2.431924882629108
Kepler-170 c,8.55,2.86,16.665863,0.131,1.066,1.035,5679.0,0.39,8.55,0.9319661147281727,0.456366033129043,1.221827807431519,2.98951048951049
Kepler-205 c,3.33,1.64,20.306546,0.122,0.592,0.546,4321.0,-0.1254,3.33,0.5224442335063199,0.21484384804769785,1.3076360592636211,2.030487804878049
CoRoT-22 b,12.2,4.88,9.75598,0.092,1.099,1.136,5939.0,0.17,12.2,1.0863598306747482,0.6884198220027106,0.9892709013281894,2.5
Kepler-437 b,5.22,2.14,66.65062,0.288,0.707,0.68,4551.0,0.0,5.22,0.7176705030022621,0.33041377334919086,1.8238041936797567,2.439252336448598
Kepler-192 b,7.95,2.74,9.926746,0.09,1.028,1.007,5479.0,0.357,7.95,0.9003671286564703,0.437750562820388,0.9968069095384581,2.901459854014598
Kepler-254 b,14.3,3.87,5.826662,0.064,0.849,0.91,5957.0,-0.13,14.3,1.1553360374650619,0.5877109650189114,0.7654198257454734,3.695090439276486
Kepler-196 c,5.65,2.24,47.427737,0.24,0.839,0.782,5128.0,0.03,5.65,0.7520484478194386,0.35024801833416286,1.6760324029175393,2.5223214285714284
Kepler-101 b,51.1,5.77,3.4876812,0.0474,1.17,1.56,5667.0,0.33,51.1,1.7084209001347128,0.7611758131557314,0.5425367803292055,8.856152512998268
Kepler-439 b,5.65,2.24,178.1396,0.563,0.884,0.866,5431.0,0.02,5.65,0.7520484478194386,0.35024801833416286,2.2507604728029293,2.5223214285714284
Kepler-256 c,5.27,2.15,3.38802,0.045,1.037,1.301,5551.0,0.26,5.27,0.7218106152125465,0.33243845991560533,0.5299459653729554,2.4511627906976745
Kepler-216 c,9.48,3.04,17.406669,0.136,1.126,1.26,6091.0,-0.1489,9.48,0.9768083373380663,0.48287358360875376,1.2407156709836777,3.118421052631579
Kepler-184 c,8.8,1.97,20.303005,0.141,0.872,0.873,5788.0,-0.1958,8.8,0.9444826721501687,0.2944662261615929,1.3075603215750011,4.467005076142132
HD 113538 c,295.57,13.8,1818.0,2.44,0.585,0.53,4462.0,-0.24,295.57,2.4706603515913934,1.1398790864012365,3.2595938788859486,21.418115942028983
HD 30669 b,149.37,14.3,1684.0,2.69,0.92,0.91,5400.0,0.13,149.37,2.174263380995122,1.1553360374650619,3.226342087163631,10.445454545454545
Kepler-217 b,5.6,2.23,5.374943,0.065,1.342,1.799,6171.0,-0.07,5.6,0.7481880270062004,0.34830486304816066,0.7303738630217402,2.5112107623318383
Kepler-83 d,4.1,1.94,5.169796,0.051,0.58,0.594,4648.0,-0.2,4.1,0.6127838567197355,0.287801729930226,0.7134734061844097,2.11340206185567
Kepler-253 d,10.2,3.17,18.119869,0.13,0.86,0.786,5208.0,0.15,10.2,1.0086001717619175,0.5010592622177514,1.2581550535624948,3.217665615141956
Kepler-424 c,2215.18,12.7,223.3,0.73,1.01,0.94,5460.0,0.44,2215.18,3.345409021678991,1.1038037209559568,2.348888723071438,174.4236220472441
Kepler-422 b,136.66,12.89,7.8914483,0.082,1.15,1.24,5972.0,0.23,136.66,2.1356414163866684,1.110252917353403,0.8971567156271845,10.602017067494181
Kepler-445 c,6.85,2.51,4.871229,0.0301,0.18,0.21,3157.0,0.27,6.85,0.8356905714924255,0.3996737214810381,0.687638546549522,2.7290836653386457
Kepler-446 b,2.86,1.5,1.565409,0.0182,0.22,0.24,3359.0,-0.3,2.86,0.456366033129043,0.17609125905568124,0.1946278263786524,1.9066666666666665
Kepler-259 b,8.25,2.8,8.115317,0.079,0.867,0.898,5938.0,-0.09,8.25,0.9164539485499251,0.4471580313422192,0.9093054888772073,2.9464285714285716
Kepler-193 b,6.3,2.39,11.38848,0.106,1.051,1.147,6335.0,0.0,6.3,0.7993405494535817,0.3783979009481377,1.0564657634413868,2.6359832635983262
Kepler-215 b,3.26,1.62,9.360672,0.084,0.788,1.027,5739.0,-0.4425,3.26,0.5132176000679389,0.20951501454263097,0.971307027735522,2.0123456790123453
Kepler-192 c,8.2,2.79,21.2234,0.15,1.028,1.007,5479.0,0.357,8.2,0.9138138523837167,0.44560420327359757,1.3268149593464718,2.9390681003584227
Kepler-426 b,108.06,12.22,3.21751883,0.0414,0.91,0.92,5725.0,-0.21,108.06,2.033664963203177,1.0870712059065355,0.5075210972209199,8.842880523731587
Kepler-424 b,327.35,9.98,3.3118644,0.044,1.01,0.94,5460.0,0.44,327.35,2.5150123452580155,0.9991305412873711,0.5200725468515733,32.80060120240481
Kepler-427 b,92.17,13.79,10.290994,0.091,0.96,1.35,5800.0,-0.19,92.17,1.9645895874899033,1.1395642661758498,1.012457324992373,6.683828861493836
HD 103720 b,197.046,14.1,4.5557,0.0498,0.794,0.73,5017.0,-0.02,197.046,2.294567623187617,1.14921911265538,0.6585551173749462,13.974893617021277
Kepler-434 b,908.96,12.67,12.8747099,0.1143,1.198,1.38,5977.0,0.25,908.96,2.9585447719331834,1.1027766148834413,1.109737452062851,71.74112075769534
Kepler-221 c,9.3,2.93,5.690586,0.059,0.854,0.821,5243.0,0.0616,9.3,0.9684829485539351,0.4668676203541095,0.7551569910808862,3.174061433447099
Kepler-222 b,10.1,3.16,3.936981,0.048,0.933,0.869,5433.0,0.33,10.1,1.0043213737826426,0.49968708261840383,0.5951633188758105,3.1962025316455693
Kepler-94 c,3126.0,12.5,820.3,1.596806621,0.81,0.76,4781.0,0.34,3126.0,3.494988973683168,1.0969100130080565,2.9139727115509713,250.08
Kepler-48 e,657.0,13.4,982.0,1.898274748,0.88,0.89,5194.0,0.17,657.0,2.8175653695597807,1.1271047983648077,2.9921114877869495,49.02985074626866
Kepler-428 b,403.63,12.11,3.52563254,0.0433,0.87,0.8,5150.0,0.09,403.63,2.605983437917345,1.0831441431430522,0.5472370458627728,33.33030553261767
Kepler-425 b,79.45,10.962,3.79701816,0.0464,0.93,0.86,5170.0,0.24,79.45,1.9000939015433984,1.0398897977361814,0.5794426742451254,7.247765006385697
Kepler-224 c,9.91,3.12,5.925003,0.058,0.777,0.676,5018.0,-0.06,9.91,0.9960736544852753,0.4941545940184428,0.772688574578026,3.176282051282051
Kepler-407 c,4000.0,12.3,3000.0,3.27090369,1.0,1.01,5476.0,0.33,4000.0,3.6020599913279625,1.089905111439398,3.4771212547196626,325.2032520325203
Kepler-106 c,10.44,2.5,13.5708,0.10987,1.0,1.04,5858.0,-0.12,10.44,1.0187004986662433,0.3979400086720376,1.1326054501169693,4.176
TYC 1422-614-1 b,794.5,13.3,198.4,0.69,1.15,6.85,4806.0,-0.2,794.5,2.900093901543398,1.1238516409670858,2.2975416678181597,59.73684210526316
TYC 1422-614-1 c,3178.0,12.5,559.3,1.37,1.15,6.85,4806.0,-0.2,3178.0,3.5021538928713607,1.0969100130080565,2.747644819328248,254.24
Kepler-445 b,3.12,1.58,2.984151,0.0217,0.18,0.21,3157.0,0.27,3.12,0.4941545940184428,0.19865708695442263,0.4748207949425825,1.9746835443037976
Kepler-446 d,2.39,1.35,5.148921,0.0403,0.22,0.24,3359.0,-0.3,2.39,0.3783979009481377,0.13033376849500614,0.711716228489252,1.7703703703703704
Kepler-164 c,7.9,2.73,10.945723,0.097,1.036,1.148,5888.0,0.0,7.9,0.8976270912904415,0.436162647040756,1.0392444533904743,2.8937728937728937
Kepler-165 b,5.99,2.32,8.180848,0.072,0.746,0.77,5211.0,-0.25,5.99,0.7774268223893114,0.3654879848908996,0.9127983235530532,2.5818965517241383
Kepler-246 b,6.08,2.34,4.60182,0.052,0.853,0.831,5206.0,0.2,6.08,0.7839035792727349,0.3692158574101428,0.6629296272540524,2.5982905982905984
Kepler-226 c,45.2,2.27,5.349555,0.058,0.904,0.802,5571.0,0.09,45.2,1.6551384348113822,0.35602585719312274,0.7283176569591004,19.911894273127754
Kepler-227 b,9.85,3.11,9.488015,0.09,0.954,1.091,5854.0,0.1,9.85,0.9934362304976118,0.4927603890268375,0.9771753626150524,3.167202572347267
Kepler-113 b,11.7,1.82,4.754,0.05123,0.75,0.69,4725.0,0.05,11.7,1.0681858617461617,0.2600713879850748,0.6770591773921614,6.428571428571428
Kepler-48 d,7.93,2.04,42.8961,0.23302,0.88,0.89,5194.0,0.17,7.93,0.8992731873176038,0.3096301674258988,1.6324178090734736,3.8872549019607843
Qatar-2 b,792.635,14.056,1.33711647,0.02153,0.743,0.776,4645.0,0.02,792.635,2.8990732453527825,1.1478617484872384,0.12616923828311358,56.39122083096187
Kepler-117 c,584.78,12.341,50.790391,0.2804,1.129,1.606,6150.0,-0.04,584.78,2.7669925109433593,1.0913503523135788,1.705781556173524,47.385138967668745
Kepler-161 b,2.63,2.12,4.921355,0.054,0.853,0.806,5078.0,0.24,2.63,0.41995574848975786,0.32633586092875144,0.6920846938250342,1.240566037735849
Kepler-153 b,8.85,2.92,18.870227,0.129,0.756,0.892,5404.0,-0.27,8.85,0.9469432706978255,0.4653828514484183,1.275777124555733,3.030821917808219
Kepler-229 c,21.5,4.92,16.068638,0.117,0.808,0.728,5120.0,0.06,21.5,1.3324384599156054,0.6919651027673603,1.205979066921888,4.369918699186992
Kepler-100 d,3.0,1.61,35.3331,0.21747,1.08,1.49,5825.0,0.02,3.0,0.47712125471966244,0.20682587603184974,1.5481817425532103,1.8633540372670807
Kepler-98 b,3.55,1.99,1.54168,0.02614,0.99,1.11,5539.0,0.18,3.55,0.5502283530550941,0.29885307640970665,0.18799423839953067,1.7839195979899496
Kepler-117 b,29.875,8.059,18.7959228,0.1445,1.129,1.606,6150.0,-0.04,29.875,1.4753079139561942,0.9062811557721531,1.2740636525882596,3.7070356123588537
Kepler-430 b,10.6,3.25,35.968,0.2244,1.166,1.485,5884.0,0.2,10.6,1.0253058652647702,0.5118833609788743,1.5559162895529484,3.2615384615384615
Kepler-230 b,16.8,4.26,32.625555,0.191,0.784,0.817,5588.0,-0.21,16.8,1.2253092817258628,0.6294095991027189,1.5135579082815807,3.9436619718309864
Kepler-166 b,5.77,2.27,7.650254,0.072,0.811,0.742,5413.0,-0.08,5.77,0.7611758131557314,0.35602585719312274,0.8836758546264465,2.541850220264317
Kepler-131 b,16.13,2.41,16.092,0.12789,1.02,1.03,5685.0,0.12,16.13,1.2076343673889616,0.3820170425748684,1.2066100238992237,6.692946058091286
Kepler-406 b,6.35,1.43,2.42629,0.03599,1.07,1.07,5538.0,0.18,6.35,0.8027737252919757,0.1553360374650618,0.384942708267034,4.440559440559441
Kepler-249 c,2.89,1.51,7.113702,0.058,0.510238,0.482,3568.0,-0.34,2.89,0.4608978427565479,0.17897694729316943,0.8520956682061953,1.913907284768212
Kepler-162 c,9.43,3.03,19.446355,0.137,1.053,0.958,5816.0,0.1,9.43,0.9745116927373284,0.48144262850230496,1.2888382096856166,3.1122112211221125
Kepler-180 c,9.32,3.01,41.885775,0.229,0.95,1.063,5731.0,0.03,9.32,0.9694159123539814,0.47856649559384334,1.6220665554740048,3.0963455149501664
Kepler-182 c,11.6,3.43,20.684342,0.157,1.114,1.146,6250.0,0.072,11.6,1.0644579892269184,0.5352941200427705,1.3156417098912185,3.3819241982507284
Kepler-174 b,4.5,1.96,13.98179,0.1,0.602,0.622,4880.0,-0.56,4.5,0.6532125137753437,0.292256071356476,1.145562774940314,2.295918367346939
Kepler-176 c,1.33,2.6,12.759712,0.102,0.86,0.891,5232.0,0.13,1.33,0.12385164096708581,0.414973347970818,1.105840872016622,0.5115384615384615
Kepler-96 b,8.46,2.67,16.2385,0.1261,1.0,1.02,5690.0,0.04,8.46,0.9273703630390235,0.42651126136457523,1.2105459096459346,3.168539325842697
Kepler-48 b,3.94,1.88,4.778,0.05394,0.88,0.89,5194.0,0.17,3.94,0.5954962218255742,0.2741578492636798,0.6792461454138591,2.095744680851064
HD 10180 e,25.1,5.39,49.748,0.2699,1.06,1.109,5911.0,0.08,25.1,1.3996737214810382,0.7315887651867387,1.6967756256561493,4.656771799628943
Kepler-55 d,3.15,1.59,2.211099,0.029,0.631,0.619,4503.0,-0.01,3.15,0.4983105537896005,0.2013971243204515,0.344608188164946,1.981132075471698
Kepler-187 c,7.61,2.67,10.640263,0.099,1.081,1.287,6105.0,-0.04,7.61,0.8813846567705729,0.42651126136457523,1.0269523627369543,2.850187265917603
Kepler-233 b,6.48,2.43,8.472382,0.077,0.855,0.758,5360.0,-0.09,6.48,0.8115750058705934,0.38560627359831223,0.9280055288690222,2.6666666666666665
Kepler-234 c,12.1,3.51,7.21205,0.077,1.129,1.113,6224.0,0.22,12.1,1.08278537031645,0.5453071164658241,0.8580587289556365,3.4472934472934473
CoRoT-24 b,5.7,3.7,5.1134,0.056,0.91,0.86,4950.0,0.3,5.7,0.7558748556724915,0.568201724066995,0.7087097671051746,1.5405405405405406
HD 10180 h,64.4,9.4,2205.0,3.381,1.06,1.109,5911.0,0.08,64.4,1.808885867359812,0.9731278535996987,3.3434085938038574,6.851063829787234
Kepler-440 b,4.12,1.86,101.11141,0.242,0.575,0.559,4134.0,-0.3,4.12,0.6148972160331346,0.26951294421791633,2.0048001666734496,2.21505376344086
Kepler-251 c,8.1,2.77,16.514043,0.122,0.891,0.89,5526.0,-0.06,8.1,0.9084850188786497,0.4424797690644486,1.2178534110966626,2.9241877256317688
Kepler-146 c,9.96,3.13,76.732171,0.364,1.079,1.208,5948.0,-0.0261,9.96,0.9982593384236987,0.49554433754644844,1.8849774859627801,3.1821086261980835
Kepler-150 d,8.2,2.79,12.56093,0.104,0.956,0.939,5560.0,0.12,8.2,0.9138138523837167,0.44560420327359757,1.0990217953658137,2.9390681003584227
CoRoT-24 c,28.0,5.0,11.759,0.098,0.91,0.86,4950.0,0.3,28.0,1.4471580313422192,0.6989700043360189,1.070370390367003,5.6
Kepler-186 f,1.71,1.17,129.9441,0.432,0.544,0.523,3755.0,-0.26,1.71,0.23299611039215382,0.06818586174616162,2.11375656551758,1.4615384615384617
Kepler-252 c,5.27,2.15,10.848463,0.08,0.61,0.549,4208.0,-0.13,5.27,0.7218106152125465,0.33243845991560533,1.035368212110577,2.4511627906976745
Kepler-213 b,3.26,1.62,2.46236,0.036,1.07,1.195,5696.0,0.15,3.26,0.5132176000679389,0.20951501454263097,0.39135154761395724,2.0123456790123453
Kepler-159 c,11.5,3.41,43.595792,0.218,0.628,0.663,4625.0,-0.04,11.5,1.0606978403536116,0.5327543789924978,1.6394445718517165,3.3724340175953076
Kepler-202 c,4.08,1.85,16.282493,0.113,0.683,0.667,4668.0,-0.21,4.08,0.6106601630898799,0.26717172840301384,1.2117209001387945,2.2054054054054055
HD 35759 b,1195.0408,13.0,82.467,0.389,1.15,1.759974,6060.0,0.04,1195.0408,3.0773827328258982,1.1139433523068367,1.9162801960043374,91.92621538461539
Kepler-477 b,4.94,2.07,11.11990653,0.0911,0.87,0.79,5240.0,-0.04,4.94,0.693726948923647,0.3159703454569177,1.0461011367356223,2.386473429951691
HD 67087 c,1540.0,12.9,2374.0,3.86,1.36,1.55,6330.0,0.25,1540.0,3.187520720836463,1.110589710299249,3.3754807146185724,119.37984496124031
Kepler-6 b,212.31044,14.616536,3.2346996,0.04852,1.209,1.391,5647.0,0.34,212.31044,2.3269713503737828,1.1648444605605528,0.5098339548285059,14.525359496942368
HD 220842 b,1010.6994,13.1,218.47,0.74,1.13,1.41647,5960.0,-0.17,1010.6994,3.00462200788267,1.1172712956557642,2.3393918086795895,77.15262595419847
HIP 65407 c,249.17872,13.9,67.3,0.316,0.93,0.952252,5460.0,0.25,249.17872,2.396510950582676,1.1430148002540952,1.8280150642239767,17.926526618705036
Kepler-505 b,7.27,2.6,27.52197994,0.1445,0.55,0.53,3931.0,-0.19,7.27,0.8615344108590378,0.414973347970818,1.4396796739706628,2.796153846153846
CoRoT-29 b,270.1555,10.0881,2.85057,0.0386,0.97,0.9,5260.0,0.2,270.1555,2.4316138136125303,1.0038093786039763,0.45493171022015916,26.779621534282967
tau Boo b,1891.0,12.8,3.3124568,0.049,1.32,1.42588,6466.27,0.2642,1891.0,3.27669152884504,1.1072099696478683,0.5201502230523485,147.734375
Kepler-412 b,299.07803,15.031269,1.7208604,0.02897,1.167,1.287,5750.0,0.27,299.07803,2.4757845113254944,1.1769956470162504,0.23574564082801,19.897057926380004
HD 141399 b,143.34133,14.3,94.44,0.415,1.07,1.387236,5600.0,0.35,143.34133,2.156371429776198,1.1553360374650619,1.9751559784066894,10.02386923076923
HD 141399 c,422.7139,13.6,201.99,0.689,1.07,1.387236,5600.0,0.35,422.7139,2.626046528865323,1.1335389083702174,2.305329869187608,31.081904411764707
Kepler-754 b,4.7,2.01,14.5596237,0.116,1.06,1.08,5935.0,0.05,4.7,0.6720978579357175,0.30319605742048883,1.1631501505865363,2.338308457711443
Kepler-753 b,4.31,1.91,5.747725012,0.054,0.68,0.65,4346.0,-0.03,4.31,0.6344772701607315,0.28103336724772754,0.759495982039122,2.256544502617801
HAT-P-54 b,241.5508,10.581296,3.799847,0.04117,0.645,0.617,4390.0,-0.127,241.5508,2.3830084801790288,1.0245388634627204,0.5797661101974809,22.828092135405722
TrES-5 b,568.9157,13.383546,1.48224686,0.02459,0.901,0.868,5171.0,0.2,568.9157,2.7550479188781303,1.1265711959580018,0.17092053900612764,42.50859226695227
KOI-13 b,2949.4624,16.948008,1.763588,0.03641,1.72,1.74,7650.0,0.2,2949.4624,3.4697428641170993,1.2291186603298392,0.24639713508992045,174.03003350010218
WASP-42 b,167.49641,12.576498,4.9816819,0.0561,0.951,0.892,5315.0,0.29,167.49641,2.2240055031107837,1.099559726084794,0.6973759926735346,13.318207501007036
Kepler-766 b,11.4,3.39,6.10027804,0.066,1.1,1.15,5992.0,0.09,11.4,1.0569048513364727,0.5301996982030822,0.7853496298445197,3.3628318584070795
Kepler-771 b,3.97,1.82,8.73485836,0.0843,1.03,1.05,5906.0,0.01,3.97,0.5987905067631151,0.2600713879850748,0.941255867078635,2.1813186813186816
Kepler-76 b,638.8383,15.24424,1.5449298,0.0274,1.2,1.32,6409.0,-0.1,638.8383,2.805390945318726,1.183105777534869,0.18890875032054366,41.906864494392636
Kepler-765 b,6.48,2.43,27.6655226,0.1754,1.05,1.06,5901.0,0.04,6.48,0.8115750058705934,0.38560627359831223,1.4419388784233893,2.6666666666666665
Kepler-432 b,1719.4603,12.834305,52.501129,0.301,1.32,4.06,4995.0,-0.07,1719.4603,3.2353921530048066,1.1083723558405583,1.7201686427049674,133.973775751784
Kepler-5 b,670.93913,15.984034,3.5484657,0.0538,1.374,1.793,6297.0,0.04,670.93913,2.826683121205894,1.203686394680498,0.5500406116297996,41.97558200889713
Kepler-7 b,140.16303,18.180998,4.8854892,0.06067,1.359,1.966,5933.0,0.11,140.16303,2.146633477366076,1.2596177190397886,0.6889080575580042,7.709314417173359
HIP 74890 b,762.792,13.3,822.3,2.1,1.74,5.77,4850.0,0.2,762.792,2.8824061296098433,1.1238516409670858,2.915030290259161,57.35278195488722
K2-29 b,232.0159,13.33871,3.2588321,0.04217,0.94,0.86,5358.0,0.16,232.0159,2.3655177480186933,1.1251138305571822,0.5130619855274627,17.394178297601492
Kepler-767 b,35.7,6.64,161.5280101,0.5874,0.96,0.94,5694.0,-0.05,35.7,1.5526682161121932,0.8221680793680175,2.2082478429339325,5.376506024096386
Kepler-773 b,2.63,1.43,3.749100061,0.04682,1.04,1.01,5850.0,0.05,2.63,0.41995574848975786,0.1553360374650618,0.5739270316085988,1.8391608391608392
Kepler-774 b,10.2,3.17,11.0895723,0.1082,1.57,2.42,6403.0,0.04,10.2,1.0086001717619175,0.5010592622177514,1.0449147967053547,3.217665615141956
WASP-41 c,1010.6994,13.1,421.0,1.07,0.93,0.87,5545.0,0.06,1010.6994,3.00462200788267,1.1172712956557642,2.6242820958356683,77.15262595419847
HAT-P-50 b,429.0705,14.437192,3.1220109,0.0453,1.273,1.698,6280.0,-0.18,429.0705,2.6325286563932435,1.1594827321884447,0.4944344149985284,29.71980285362971
HD 133131 A b,451.3186,13.6,649.0,1.44,0.95,0.955014,5799.0,-0.306,451.3186,2.6544832322812937,1.1335389083702174,2.812244696800369,33.18519117647059
HATS-17 b,425.25654,8.709393,16.254611,0.1308,1.131,1.091,5846.0,0.3,425.25654,2.6286510013300415,0.9399878879655658,1.2109765805639228,48.82734537297834
Kepler-772 b,3.97,1.82,12.99207337,0.11153,0.98,1.11,5714.0,0.03,3.97,0.5987905067631151,0.2600713879850748,1.1136784644907087,2.1813186813186816
Kepler-769 b,8.85,2.92,7.42608998,0.0778,1.19,1.28,6186.0,0.06,8.85,0.9469432706978255,0.4653828514484183,0.8707602071552536,3.030821917808219
Kepler-449 c,8.07,2.764,33.6727,0.1979,1.02,1.467,5649.18,-0.1651,8.07,0.9068735347220704,0.44153803870216074,1.527277941101139,2.9196816208393637
HD 133131 A c,133.4886,14.3,3568.0,4.49,0.95,0.955014,5799.0,-0.306,133.4886,2.1254441782961377,1.1553360374650619,3.5524248457040857,9.334867132867132
WASP-92 b,255.85315,16.376349,2.1746742,0.0348,1.19,1.341,6280.0,0.0,255.85315,2.4079907682661057,1.2142170850989482,0.33739420209957066,15.623332770936916
Kepler-781 b,8.7,2.89,13.2140732,0.1019,0.81,0.78,5162.0,-0.1,8.7,0.9395192526186185,0.4608978427565479,1.1210367082743289,3.0103806228373697
Kepler-92 d,11.8666806,2.067,49.3568,0.28682,1.07,1.81719,5904.34,0.1381,11.8666806,1.0743292531829511,0.3153404766272883,1.6933469948786615,5.741016255442671
Kepler-449 b,4.88,2.056,12.58242,0.1027,1.02,1.467,5649.18,-0.1651,4.88,0.6884198220027106,0.31302311032323815,1.099764177800033,2.3735408560311284
HD 1461 c,5.59,2.23,13.5052,0.1117,1.02,1.152288,5765.0,0.19,5.59,0.7474118078864233,0.34830486304816066,1.130501020086093,2.506726457399103
WASP-93 b,467.2101,17.900773,2.7325321,0.04211,1.334,1.524,6700.0,0.07,467.2101,2.6695122226464134,1.2528717853031344,0.43656527245924626,26.099995793477746
HD 128311 c,1204.25787,13.0,921.538,1.74,0.828,0.76,4965.0,0.08,1204.25787,3.0807194931732305,1.1139433523068367,2.9645132482366443,92.63522076923076
alf Tau b,2056.3601,12.7,628.96,1.46,1.13,45.1,4055.0,-0.27,2056.3601,3.3130991685669375,1.1038037209559568,2.798623026476014,161.9181181102362
Kepler-450 d,17.6,0.837,7.51464,0.0827,1.19,1.64162,6197.21,0.1278,17.6,1.24551266781415,-0.07727454200674003,0.8759081798985199,21.027479091995225
WASP-46 b,607.0553,13.159366,1.43036763,0.02335,0.828,0.858,5600.0,-0.3,607.0553,2.7832282551459646,1.119234966076247,0.15544767324193653,46.13104461111576
HD 60532 b,336.8998,13.8,201.9,0.77,1.5,2.57,6245.0,-0.26,336.8998,2.5275007531630074,1.1398790864012365,2.305136318943639,24.413028985507246
HD 60532 c,797.7533,13.3,600.1,1.6,1.5,2.57,6245.0,-0.26,797.7533,2.9018686093792754,1.1238516409670858,2.7782236267660965,59.98145112781954
Kepler-41 b,177.98,14.46,1.8555582,0.03101,1.15,1.29,5750.0,0.38,177.98,2.2503712024344784,1.160168292958512,0.2684745806424682,12.308437067773166
HIP 107773 b,629.3034,13.4,144.3,0.72,2.42,11.6,4945.0,0.03,629.3034,2.7988600781597683,1.1271047983648077,2.159266331093494,46.96294029850746
HATS-8 b,43.86054,9.785457,3.583893,0.04667,1.056,1.086,5679.0,0.21,43.86054,1.6420739742994739,0.9905811128702211,0.5543550349735561,4.48221682441607
Qatar-1 b,411.27202,12.811887,1.4200242,0.02332,0.838,0.803,5013.0,0.171,411.27202,2.614129164230919,1.1076130995599331,0.15229574567665274,32.100815438038126
HAT-P-66 b,248.86089,17.82231,2.972086,0.04363,1.255,1.881,6002.0,0.035,248.86089,2.395956649956181,1.250963993485103,0.4730613719744967,13.963447499229897
Kepler-75 b,3209.9,11.77,8.8849116,0.0818,0.91,0.89,5200.0,0.3,3209.9,3.506491502771017,1.0707764628434346,0.9486531111707872,272.71877655055226
Kepler-453 b,16.0,6.204,240.503,0.7903,0.944,0.833,5527.0,0.09,16.0,1.2041199826559248,0.7926717891415673,2.3811204980708474,2.5789813023855577
WASP-89 b,1875.197,11.65736,3.3564227,0.0427,0.92,0.88,5130.0,0.15,1875.197,3.2730468995403816,1.0666002084634318,0.52587664962908,160.8594913428083
Kepler-56 d,1784.0,12.8,1002.0,2.16,1.29,4.21799,4819.44,0.3631,1784.0,3.2513948500401044,1.1072099696478683,3.0008677215312267,139.375
Kepler-444 b,0.0374,0.403,3.6001053,0.04178,0.758,0.752,5046.0,-0.55,0.0374,-1.4271283977995197,-0.39469495385889053,0.5563152036951036,0.09280397022332507
K2-6 b,6.8,2.5,30.94191,0.1898,0.97,0.96,5850.0,-0.14,6.8,0.8325089127062363,0.3979400086720376,1.4905471185701331,2.7199999999999998
HD 42618 b,14.4,3.89,149.61,0.554,1.015,0.999,5727.0,-0.09,14.4,1.1583624920952498,0.5899496013257077,2.1749606229380256,3.7017994858611827
Kepler-444 e,0.1,0.546,7.743493,0.0696,0.758,0.752,5046.0,-0.55,0.1,-1.0,-0.2628073572952627,0.8889369100918564,0.18315018315018314
K2-15 b,6.71,2.48,11.8104,0.091,0.72,0.68,5131.0,-0.46,6.71,0.8267225201689921,0.3944516808262163,1.0722646067456867,2.7056451612903225
K2-14 b,20.7,4.81,8.36802,0.0627,0.47,0.45,3789.0,-0.37,20.7,1.3159703454569178,0.6821450763738317,0.922622709510682,4.303534303534303
K2-17 b,5.6,2.23,17.96753,0.119,0.71,0.66,4320.0,0.15,5.6,0.7481880270062004,0.34830486304816066,1.2544883786615852,2.5112107623318383
K2-9 b,5.69,2.25,18.4498,0.091,0.3,0.31,3390.0,-0.25,5.69,0.7551122663950712,0.3521825181113625,1.2659916626703007,2.528888888888889
WASP-36 b,750.39663,14.874343,1.53736596,0.02677,1.081,0.985,5959.0,-0.26,750.39663,2.8752908749769643,1.172437792029087,0.18677726079216111,50.44906050640354
Kepler-26 b,5.12,2.78,12.28,0.08551,0.544,0.512,3914.0,-0.13,5.12,0.7092699609758307,0.4440447959180762,1.0891983668051488,1.841726618705036
HATS-13 b,172.58169,13.585308,3.0440499,0.04057,0.962,0.887,5523.0,0.05,172.58169,2.236994717487084,1.1330694889949189,0.483451767387964,12.703553721417284
HATS-14 b,340.39593,11.646151,2.7667641,0.03815,0.967,0.933,5346.0,0.33,340.39593,2.5319843587300928,1.0661824167218288,0.44197213187831785,29.22819135695562
WASP-90 b,200.2329,18.27067,3.916243,0.0562,1.55,1.98,6430.0,0.11,200.2329,2.301535437351819,1.2617544735686093,0.5928696316206035,10.959253273142146
HD 5583 b,1837.0574,12.8,139.35,0.53,1.01,9.09,4830.0,-0.5,1837.0574,3.2641227263187664,1.1072099696478683,2.144106973049323,143.52010937499998
Kepler-26 c,6.2,2.72,17.2559,0.10725,0.544,0.512,3914.0,-0.13,6.2,0.7923916894982539,0.43456890403419873,1.2369376153134253,2.2794117647058822
Kepler-447 b,435.41,18.49,7.79430132,0.0769,1.0,1.05,5493.0,0.07,435.41,2.638898399199671,1.266936911159173,0.8917771911774521,23.548404542996217
HD 130322 b,365.49,13.7,10.70871,0.0925,0.92,0.85,5387.0,-0.02,365.49,2.562875498929362,1.1367205671564067,1.0297371577016687,26.678102189781026
Kepler-296 d,5.02,2.09,19.850291,0.118,0.498,0.48,3740.0,-0.08,5.02,0.7007037171450193,0.32014628611105395,1.297766877787692,2.401913875598086
Pr0211 c,2475.8957,12.6,4850.0,5.5,0.935,0.827,5300.0,0.18,2475.8957,3.3937323455708017,1.100370545117563,3.6857417386022635,196.49965873015873
BD+15 2375 b,337.21763,13.8,153.22,0.576,1.08,8.95,4649.0,-0.22,337.21763,2.527910271799578,1.1398790864012365,2.1853154580036565,24.436060144927534
Kepler-60 d,4.16,1.99,11.8981,0.10203,1.041,1.257,5905.0,-0.09,4.16,0.6190933306267428,0.29885307640970665,1.0754776147205385,2.090452261306533
HD 1666 b,2040.0,12.7,270.0,0.94,1.5,1.93,6317.0,0.37,2040.0,3.3096301674258988,1.1038037209559568,2.4313637641589874,160.62992125984252
HD 67087 b,973.0,13.1,352.2,1.08,1.36,1.55,6330.0,0.25,973.0,2.988112840268352,1.1172712956557642,2.5467893516312583,74.27480916030535
Kepler-296 e,2.96,1.53,34.14211,0.169,0.498,0.48,3740.0,-0.08,2.96,0.4712917110589386,0.1846914308175988,1.5332903572309828,1.934640522875817
Kepler-872 b,4.62,1.99,2.578855068,0.0362,1.05,1.08,5902.0,0.04,4.62,0.6646419755561255,0.29885307640970665,0.4114269354157486,2.321608040201005
Kepler-871 b,13.5,3.74,22.0459018,0.1572,1.11,1.14,5993.0,0.09,13.5,1.130333768495006,0.5728716022004802,1.3433278685854944,3.6096256684491976
Kepler-603 c,34.5,6.5,127.9075774,0.53439,1.01,1.01,5808.0,0.03,34.5,1.5378190950732742,0.8129133566428556,2.106896273372548,5.3076923076923075
Kepler-908 b,1.98,1.22,1.340597468,0.02526,1.11,1.12,5973.0,0.15,1.98,0.2966651902615311,0.08635983067474821,0.12729839480210048,1.6229508196721312
Kepler-499 b,5.35,2.17,5.632528453,0.0598,0.87,0.83,5312.0,0.0,5.35,0.7283537820212285,0.3364597338485295,0.7507033942617686,2.4654377880184333
Kepler-801 b,4.66,2.0,11.41928253,0.0795,0.67,0.63,4435.0,-0.17,4.66,0.6683859166900001,0.3010299956639812,1.0576388181786225,2.33
Kepler-799 b,37.9,6.88,133.4605235,0.5167,0.95,0.93,5681.0,-0.07,37.9,1.5786392099680724,0.8375884382355113,2.125352824041767,5.508720930232558
Kepler-870 b,8.15,2.78,21.3587621,0.1539,1.01,1.02,5857.0,-0.01,8.15,0.9111576087399766,0.4440447959180762,1.329576078472708,2.9316546762589932
Kepler-869 b,12.7,3.61,40.4287755,0.2244,0.97,0.95,5664.0,0.02,12.7,1.1038037209559568,0.557507201905658,1.6066905876941382,3.5180055401662047
Kepler-907 b,1.87,1.2,15.86621821,0.1225,1.08,1.38,6106.0,-0.15,1.87,0.27184160653649897,0.07918124604762482,1.2004734228952754,1.5583333333333336
Kepler-912 b,8.25,2.8,2.534756273,0.0339,1.07,1.11,5998.0,0.02,8.25,0.9164539485499251,0.4471580313422192,0.4039362065175027,2.9464285714285716
Kepler-797 b,5.35,2.17,27.07237711,0.181,0.96,0.95,5680.0,-0.02,5.35,0.7283537820212285,0.3364597338485295,1.4325263909914423,2.4654377880184333
Kepler-867 b,19.4,4.64,150.242127,0.5375,0.92,0.91,5541.0,-0.02,19.4,1.287801729930226,0.6665179805548809,2.1767917233367333,4.181034482758621
Kepler-868 b,4.86,2.05,5.03251791,0.0575,0.93,0.89,5614.0,-0.08,4.86,0.6866362692622934,0.31175386105575426,0.7017853291543991,2.3707317073170735
Kepler-866 b,3.29,1.63,2.617032536,0.0331,0.75,0.71,4751.0,-0.07,3.29,0.5171958979499743,0.21218760440395779,0.4178091219969412,2.0184049079754605
Kepler-913 b,4.9,2.06,10.29672521,0.1009,0.63,0.61,4687.0,-0.52,4.9,0.6901960800285137,0.31386722036915343,1.0126991228250066,2.3786407766990294
Kepler-910 b,0.477,0.82,2.364369015,0.03752,1.26,1.5,6230.0,0.12,0.477,-0.3214816209598861,-0.08618614761628333,0.3737152592952326,0.5817073170731707
Kepler-847 b,1.76,1.18,2.343231895,0.0315,0.83,0.77,4940.0,0.15,1.76,0.24551266781414982,0.07188200730612536,0.3698152701314748,1.4915254237288136
Kepler-846 b,6.71,2.48,19.80792185,0.1399,0.94,0.91,5579.0,0.0,6.71,0.8267225201689921,0.3944516808262163,1.2968389138817893,2.7056451612903225
Kepler-795 b,3.46,1.68,29.6193421,0.1803,0.94,0.96,5631.0,-0.02,3.46,0.5390760987927766,0.22530928172586284,1.471575407814061,2.0595238095238098
Kepler-794 b,5.1,2.11,11.13125132,0.10036,1.19,1.38,5839.0,0.34,5.1,0.7075701760979364,0.3242824552976926,1.0465439883081549,2.4170616113744074
Kepler-865 b,6.76,2.49,14.16399294,0.1057,0.93,0.92,5570.0,-0.01,6.76,0.829946695941636,0.3961993470957364,1.1511857016133393,2.7148594377510036
Kepler-909 b,2.76,1.47,13.93290318,0.11873,1.17,1.23,6154.0,0.08,2.76,0.4409090820652177,0.1673173347481761,1.144041619201107,1.8775510204081631
Kepler-916 b,3.75,1.76,32.2968798,0.1885,0.85,0.81,5248.0,-0.05,3.75,0.5740312677277188,0.24551266781414982,1.5091605671887591,2.1306818181818183
Kepler-845 b,4.82,2.04,0.927859821,0.01668,0.79,0.75,4913.0,0.01,4.82,0.6830470382388496,0.3096301674258988,-0.032517631070660157,2.3627450980392157
Kepler-844 b,3.46,1.68,2.613020856,0.0298,0.59,0.57,4128.0,-0.24,3.46,0.5390760987927766,0.22530928172586284,0.41714287609149225,2.0595238095238098
Kepler-792 b,4.5,1.96,11.30119217,0.0988,1.09,1.12,5971.0,0.08,4.5,0.6532125137753437,0.292256071356476,1.0531242599031092,2.295918367346939
Kepler-791 b,9.53,3.05,14.5539759,0.1256,1.3,1.47,6383.0,0.06,9.53,0.9790929006383263,0.48429983934678583,1.162981651435668,3.124590163934426
Kepler-862 b,5.52,2.21,3.148664534,0.039,0.88,0.84,5333.0,0.04,5.52,0.7419390777291989,0.3443922736851107,0.4981263923629585,2.497737556561086
Kepler-861 b,5.82,2.28,3.949631375,0.0463,0.82,0.78,5047.0,0.01,5.82,0.7649229846498885,0.35793484700045375,0.5965565641646975,2.5526315789473686
Kepler-930 b,5.18,2.13,71.4517775,0.34593,1.25,1.4,6335.0,0.04,5.18,0.714329759745233,0.3283796034387377,1.8540130371695298,2.431924882629108
Kepler-842 b,3.19,1.6,1.21956827,0.0204,0.78,0.73,4848.0,-0.02,3.19,0.5037906830571811,0.2041199826559248,0.08620611662547548,1.99375
Kepler-841 b,23.8,5.23,124.4198398,0.479,0.85,0.81,5324.0,-0.09,23.8,1.376576957056512,0.7185016888672743,2.0948896378198576,4.550669216061185
Kepler-790 b,5.39,2.18,13.73469807,0.101,0.84,0.8,5208.0,-0.05,5.39,0.7315887651867387,0.33845649360460484,1.1378191167617362,2.472477064220183
Kepler-788 b,7.04,2.55,8.39846269,0.0835,1.16,1.23,6159.0,0.05,7.04,0.8475726591421122,0.4065401804339551,0.9241997972105315,2.7607843137254906
Kepler-860 b,10.6,3.24,5.101379454,0.058,1.04,1.06,5836.0,0.09,10.6,1.0253058652647702,0.5105450102066121,0.7076876286966937,3.271604938271605
Kepler-924 b,9.64,3.07,61.0370117,0.31318,1.14,1.23,6167.0,0.01,9.64,0.9840770339028309,0.48713837547718647,1.7855932629224271,3.140065146579805
Kepler-923 b,2.48,1.38,6.93366476,0.07592,1.11,1.26,5988.0,0.07,2.48,0.3944516808262163,0.13987908640123647,0.840962839858345,1.7971014492753625
Kepler-838 b,7.9,2.73,15.74957994,0.1266,0.98,0.96,5770.0,-0.06,7.9,0.8976270912904415,0.436162647040756,1.1972689751305174,2.8937728937728937
Kepler-837 b,7.08,2.56,16.56059504,0.1144,0.85,0.81,5403.0,-0.18,7.08,0.850033257689769,0.4082399653118496,1.2190759373972764,2.765625
Kepler-787 b,2.18,1.28,0.928310498,0.0159,0.65,0.62,4248.0,-0.09,2.18,0.33845649360460484,0.10720996964786837,-0.03230673820585852,1.703125
Kepler-465 b,9.01,2.95,9.940672466,0.09195,1.23,1.29,6310.0,0.09,9.01,0.9547247909790629,0.46982201597816303,0.9974157645174957,3.054237288135593
Kepler-856 b,63.3,9.3,8.027680595,0.0787,0.96,0.93,5535.0,0.12,63.3,1.801403710017355,0.9684829485539351,0.9045900844695878,6.806451612903225
Kepler-890 b,58.6,8.89,52.75875577,0.2944,1.09,1.13,5954.0,0.09,58.6,1.7678976160180906,0.9489017609702137,1.7222945448615348,6.591676040494938
Kepler-927 b,3.61,1.72,9.1149903,0.0866,0.99,0.99,5743.0,0.03,3.61,0.557507201905658,0.2355284469075489,0.9597562108232808,2.0988372093023258
Kepler-926 b,5.95,2.31,52.0688601,0.2739,1.01,1.01,5806.0,0.03,5.95,0.7745169657285496,0.36361197989214433,1.7165780701339455,2.5757575757575757
Kepler-892 b,8.3,2.81,13.7521072,0.1015,0.75,0.72,4747.0,-0.04,8.3,0.919078092376074,0.4487063199050799,1.1383692490910817,2.9537366548042705
Kepler-933 b,6.62,2.46,14.20443009,0.1041,0.87,0.84,5346.0,-0.02,6.62,0.8208579894396999,0.39093510710337914,1.1524238136497054,2.6910569105691056
Kepler-826 b,2.1,1.25,4.48758907,0.05202,1.05,1.15,6079.0,-0.12,2.1,0.3222192947339193,0.09691001300805642,0.6520130815809412,1.6800000000000002
Kepler-830 b,3.53,1.7,11.29695137,0.1033,1.07,1.11,6037.0,-0.02,3.53,0.5477747053878226,0.2304489213782739,1.0529612592515543,2.076470588235294
Kepler-829 b,5.1,2.11,6.88337562,0.0678,0.98,0.97,5698.0,0.03,5.1,0.7075701760979364,0.3242824552976926,0.8378014692838345,2.4170616113744074
Kepler-895 b,2.99,1.54,2.806242328,0.0328,0.65,0.61,4315.0,-0.16,2.99,0.4756711883244297,0.18752072083646307,0.44812517102915533,1.9415584415584417
Kepler-743 b,1.92,1.21,3.179262921,0.04166,0.94,0.85,5486.0,0.01,1.92,0.28330122870354957,0.08278537031645007,0.5023264450012351,1.5867768595041323
Kepler-823 b,3.09,1.57,4.16809082,0.0507,0.98,0.96,5643.0,0.06,3.09,0.4899584794248346,0.19589965240923377,0.6199371733901073,1.968152866242038
Kepler-487 c,7.65,2.68,38.6519976,0.21864,0.91,0.88,5444.0,0.0,7.65,0.8836614351536176,0.42813479402878885,1.5871719439008776,2.8544776119402986
Kepler-898 b,2.83,1.49,5.8706191,0.0545,0.65,0.62,4223.0,-0.06,2.83,0.45178643552429026,0.17318626841227402,0.768683903212861,1.8993288590604027
Kepler-899 b,7.65,2.68,19.17891293,0.1392,0.93,0.91,5595.0,-0.06,7.65,0.8836614351536176,0.42813479402878885,1.2828239875123373,2.8544776119402986
Kepler-747 b,24.1,5.27,35.61760587,0.1916,0.82,0.78,5096.0,-0.03,24.1,1.3820170425748683,0.7218106152125465,1.5516647238753387,4.573055028462999
Kepler-821 b,2.27,1.31,1.92279873,0.029,0.84,0.8,5191.0,-0.03,2.27,0.35602585719312274,0.11727129565576427,0.2839338266071324,1.732824427480916
Kepler-498 b,9.43,3.03,9.61375356,0.0897,0.98,0.96,5744.0,-0.04,9.43,0.9745116927373284,0.48144262850230496,0.9828929851835282,3.1122112211221125
Kepler-887 b,4.04,1.84,20.42228798,0.15431,1.19,1.29,6194.0,0.08,4.04,0.6063813651106049,0.2648178230095365,1.3101043959989422,2.1956521739130435
Kepler-901 b,2.45,1.37,3.517494394,0.0378,0.59,0.57,4184.0,-0.3,2.45,0.3891660843645325,0.1367205671564068,0.5462334139513304,1.7883211678832116
Kepler-900 b,4.98,2.08,6.9913086,0.0679,0.78,0.73,4836.0,-0.01,4.98,0.6972293427597176,0.31806333496276157,0.8445584725365524,2.394230769230769
Kepler-751 b,6.62,2.46,17.44490636,0.1263,0.87,0.84,5387.0,-0.06,6.62,0.8208579894396999,0.39093510710337914,1.2416686426035948,2.6910569105691056
Kepler-755 b,3.75,1.76,1.269090374,0.02156,0.82,0.77,5043.0,-0.01,3.75,0.5740312677277188,0.24551266781414982,0.10349255001589004,2.1306818181818183
Kepler-820 b,30.8,6.09,127.8338098,0.56004,1.23,1.36,6260.0,0.09,30.8,1.4885507165004443,0.7846172926328754,2.1066457322860037,5.057471264367816
Kepler-817 b,60.2,9.03,3.990106229,0.0493,1.03,1.03,5861.0,0.02,60.2,1.7795964912578246,0.9556877503135057,0.6009844581063944,6.666666666666668
Kepler-886 b,2.92,1.52,6.24146367,0.06428,1.1,1.16,6098.0,-0.01,2.92,0.4653828514484183,0.18184358794477254,0.7952864469363563,1.9210526315789473
Kepler-885 b,6.8,2.5,18.11472949,0.14403,1.21,1.35,6187.0,0.11,6.8,0.8325089127062363,0.3979400086720376,1.2580318530336814,2.7199999999999998
Kepler-904 b,3.78,1.77,3.021668632,0.0417,1.16,1.25,6160.0,0.05,3.78,0.5774917998372253,0.24797326636180664,0.4802468361828449,2.135593220338983
Kepler-905 b,2.57,1.41,5.082746517,0.05689,0.95,0.86,5461.0,0.09,2.57,0.4099331233312945,0.14921911265537988,0.7060984514274368,1.822695035460993
Kepler-756 b,1.46,1.12,1.224866322,0.0219,0.82,0.79,5282.0,-0.19,1.46,0.1643528557844371,0.04921802267018165,0.08808869377349902,1.3035714285714284
Kepler-757 b,2.42,1.36,1.022678821,0.019,1.08,1.13,6014.0,0.02,2.42,0.38381536598043126,0.13353890837021754,0.009739262091045994,1.7794117647058822
Kepler-815 b,15.8,4.11,8.57503552,0.09473,1.25,3.42,5028.0,-0.03,15.8,1.1986570869544226,0.6138418218760693,0.9332359276778457,3.844282238442822
Kepler-852 b,6.99,2.54,44.9309804,0.27967,1.19,1.16,6100.0,0.22,6.99,0.8444771757456814,0.40483371661993806,1.6525458950600789,2.751968503937008
Kepler-883 b,3.82,1.78,12.98495573,0.10288,1.06,1.09,6116.0,-0.13,3.82,0.5820633629117087,0.250420002308894,1.1134404733146102,2.1460674157303368
Kepler-509 b,6.76,2.49,41.74600392,0.23702,1.1,1.2,6060.0,0.01,6.76,0.829946695941636,0.3961993470957364,1.6206149095548634,2.7148594377510036
Kepler-466 c,2.1,1.25,3.709213846,0.04658,1.04,1.05,5927.0,-0.01,2.1,0.3222192947339193,0.09691001300805642,0.5692818722772657,1.6800000000000002
Kepler-502 b,20.4,4.77,4.28686431,0.0535,1.15,1.22,6125.0,0.05,20.4,1.3096301674258988,0.6785183790401139,0.6321397372193167,4.276729559748428
Kepler-758 b,6.71,2.48,12.1097104,0.10754,1.16,1.42,6228.0,-0.1,6.71,0.8267225201689921,0.3944516808262163,1.0831337572482675,2.7056451612903225
Kepler-813 b,5.22,2.14,19.12947337,0.1439,0.95,0.93,5743.0,-0.13,5.22,0.7176705030022621,0.33041377334919086,1.2817030141647148,2.439252336448598
Kepler-811 b,7.75,2.7,23.58447697,0.15911,1.01,1.24,5747.0,0.05,7.75,0.8893017025063102,0.43136376415898736,1.3726262493940344,2.8703703703703702
Kepler-882 b,2.04,1.23,3.989539666,0.04741,0.9,0.87,5476.0,-0.03,2.04,0.3096301674258988,0.08990511143939793,0.6009227874036587,1.6585365853658538
Kepler-880 b,7.56,2.66,7.71468975,0.0915,1.46,1.74,6761.0,0.03,7.56,0.8785217955012065,0.424881636631067,0.8873184653865567,2.8421052631578942
Kepler-474 b,9.59,3.06,5.660672935,0.06092,0.99,1.08,5785.0,-0.01,9.59,0.9818186071706636,0.48572142648158,0.7528680627404242,3.133986928104575
Kepler-760 b,9.59,3.06,8.70419416,0.08087,0.89,0.85,5322.0,0.08,9.59,0.9818186071706636,0.48572142648158,0.9397285700466746,3.133986928104575
Kepler-810 b,4.38,1.93,4.59725385,0.055,1.03,1.04,5803.0,0.1,4.38,0.6414741105040995,0.28555730900777376,0.6624984851752426,2.2694300518134716
Kepler-809 b,9.32,3.01,55.63934,0.2901,0.99,0.98,5734.0,0.04,9.32,0.9694159123539814,0.47856649559384334,1.7453819697014235,3.0963455149501664
Kepler-877 b,5.14,2.12,18.45847097,0.1301,0.85,0.81,5261.0,-0.06,5.14,0.7109631189952758,0.32633586092875144,1.266195722865702,2.424528301886792
Kepler-750 c,3.26,1.62,4.08899022,0.05009,1.15,1.23,6160.0,0.03,3.26,0.5132176000679389,0.20951501454263097,0.611616071815008,2.0123456790123453
Kepler-255 d,2.3,1.32,1.045622658,0.0192,0.9,0.86,5431.0,0.02,2.3,0.36172783601759284,0.12057393120584989,0.019374985568809816,1.7424242424242422
Kepler-775 b,1.81,1.19,0.974868926,0.01834,0.92,0.84,5468.0,-0.04,1.81,0.2576785748691845,0.07554696139253074,-0.011053772549255327,1.5210084033613447
Kepler-500 b,7.18,2.58,8.508324398,0.08361,1.02,1.03,5813.0,0.03,7.18,0.8561244442423003,0.41161970596323016,0.9298440399490211,2.782945736434108
Kepler-808 b,2.73,1.46,0.631332353,0.01314,0.76,0.71,4653.0,0.05,2.73,0.436162647040756,0.1643528557844371,-0.19974195442466913,1.86986301369863
Kepler-875 b,8.75,2.9,27.5073799,0.1771,1.06,1.11,5958.0,0.03,8.75,0.9420080530223133,0.4623979978989561,1.4394492254619111,3.0172413793103448
Kepler-732 c,2.15,1.27,0.893041236,0.0143,0.49,0.46,3631.0,-0.01,2.15,0.33243845991560533,0.10380372095595687,-0.04912848718783976,1.6929133858267715
Kepler-777 b,2.76,1.47,5.72812599,0.0519,0.58,0.56,4043.0,-0.17,2.76,0.4409090820652177,0.1673173347481761,0.7580125617020379,1.8775510204081631
Kepler-779 b,0.721,0.92,7.09714223,0.0533,0.46,0.44,3804.0,-0.43,0.721,-0.14206473528057098,-0.036212172654444715,0.8510835087775991,0.783695652173913
Kepler-804 b,4.42,1.94,14.37457351,0.11287,1.01,1.05,5817.0,0.0,4.42,0.6454222693490919,0.287801729930226,1.1575949681441857,2.2783505154639174
Kepler-803 b,13.8,3.79,50.28638192,0.26721,1.05,1.12,5919.0,0.02,13.8,1.1398790864012365,0.5786392099680724,1.7014503894744708,3.641160949868074
Kepler-1049 b,0.809,0.95,3.273460736,0.0349,0.51,0.49,3864.0,-0.33,0.809,-0.09205147838772766,-0.022276394711152253,0.5150071360810476,0.8515789473684211
Kepler-969 b,4.94,2.07,34.1731714,0.19726,0.92,0.82,5214.0,0.22,4.94,0.693726948923647,0.3159703454569177,1.5336852848452245,2.386473429951691
Kepler-1137 b,5.48,2.2,23.9210791,0.1871,1.5,1.84,6807.0,0.05,5.48,0.7387805584843692,0.3424226808222063,1.3787807671476746,2.4909090909090907
Kepler-975 b,2.79,1.48,1.970342457,0.02898,0.8,0.75,4897.0,0.07,2.79,0.44560420327359757,0.17026171539495738,0.29454171563358006,1.885135135135135
Kepler-995 b,7.75,2.7,28.26731672,0.1701,0.83,0.8,5206.0,-0.07,7.75,0.8893017025063102,0.43136376415898736,1.451284584966159,2.8703703703703702
Kepler-1054 b,7.41,2.63,4.30655689,0.05542,1.22,1.34,6209.0,0.09,7.41,0.8698182079793282,0.41995574848975786,0.6341301886588595,2.817490494296578
Kepler-1033 b,6.85,2.51,7.56052806,0.0761,0.94,0.92,5547.0,0.06,6.85,0.8356905714924255,0.3996737214810381,0.8785521295666965,2.7290836653386457
Kepler-1040 b,4.98,2.08,201.1214,0.67249,0.98,0.96,5694.0,0.01,4.98,0.6972293427597176,0.31806333496276157,2.3034582834631956,2.394230769230769
Kepler-1138 b,3.53,1.7,3.17060005,0.0415,0.95,0.92,5582.0,0.04,3.53,0.5477747053878226,0.2304489213782739,0.501141462136557,2.076470588235294
Kepler-1139 b,1.81,1.19,0.813166719,0.01664,0.94,0.91,5550.0,0.05,1.81,0.2576785748691845,0.07554696139253074,-0.08982040432129272,1.5210084033613447
Kepler-1060 b,6.26,2.38,46.8779367,0.2495,0.99,0.99,5797.0,-0.03,6.26,0.7965743332104297,0.37657695705651195,1.6709684882590874,2.630252100840336
Kepler-1003 b,3.82,1.78,3.554856915,0.04333,1.11,1.17,6109.0,0.01,3.82,0.5820633629117087,0.250420002308894,0.5508221248192219,2.1460674157303368
Kepler-1055 b,2.04,1.23,2.295036233,0.0335,0.98,0.94,5723.0,-0.02,2.04,0.3096301674258988,0.08990511143939793,0.3607895463733878,1.6585365853658538
Kepler-998 b,5.99,2.32,5.65377733,0.0626,1.12,1.18,6058.0,0.07,5.99,0.7774268223893114,0.3654879848908996,0.7523387001109509,2.5818965517241383
Kepler-1017 b,4.62,1.99,7.23400469,0.07196,0.93,0.87,5473.0,0.04,4.62,0.6646419755561255,0.29885307640970665,0.8593787859904972,2.321608040201005
Kepler-974 b,3.09,1.57,4.194496514,0.0419,0.52,0.5,3687.0,0.07,3.09,0.4899584794248346,0.19589965240923377,0.622679837795356,1.968152866242038
Kepler-1045 b,7.7,2.69,26.41045478,0.1616,0.86,0.82,5301.0,-0.03,7.7,0.8864907251724818,0.42975228000240795,1.421775879690224,2.862453531598513
Kepler-980 b,7.61,2.67,11.55102504,0.09993,1.05,1.06,5935.0,0.01,7.61,0.8813846567705729,0.42651126136457523,1.0626205253072063,2.850187265917603
Kepler-991 b,6.99,2.54,82.5342519,0.3104,0.64,0.61,4392.0,-0.25,6.99,0.8444771757456814,0.40483371661993806,1.9166342191447505,2.751968503937008
Kepler-1072 b,3.12,1.58,1.569066502,0.02742,1.2,1.32,6199.0,0.07,3.12,0.4941545940184428,0.19865708695442263,0.19564135075046968,1.9746835443037976
Kepler-1018 b,7.18,2.58,49.1013514,0.253,0.91,0.88,5518.0,-0.05,7.18,0.8561244442423003,0.41161970596323016,1.691093445228593,2.782945736434108
Kepler-1004 b,32.5,6.28,5.28789787,0.06791,1.11,3.39,4972.0,-0.04,32.5,1.5118833609788744,0.7979596437371962,0.7232830586326966,5.175159235668789
Kepler-997 b,2.42,1.36,2.707306716,0.04022,1.22,1.56,6150.0,0.05,2.42,0.38381536598043126,0.13353890837021754,0.4325374606173838,1.7794117647058822
Kepler-1151 b,5.56,2.22,65.6478424,0.3197,0.88,0.85,5470.0,-0.11,5.56,0.7450747915820575,0.3463529744506387,1.817220457018455,2.5045045045045042
Kepler-1064 b,3.02,1.55,16.54080322,0.1183,0.85,0.79,5153.0,0.0,3.02,0.48000694295715063,0.1903316981702915,1.2185565950317603,1.9483870967741934
Kepler-971 b,5.18,2.13,9.59070716,0.08679,0.88,0.85,5431.0,-0.06,5.18,0.714329759745233,0.3283796034387377,0.9818506305661933,2.431924882629108
Kepler-1051 b,11.5,3.4,25.96200249,0.18395,1.43,1.73,6675.0,0.04,11.5,1.0606978403536116,0.5314789170422551,1.4143381872352918,3.3823529411764706
Kepler-1007 b,2.67,1.44,5.185002073,0.048,0.73,0.7,4587.0,0.03,2.67,0.42651126136457523,0.15836249209524964,0.7147489343590581,1.8541666666666667
Kepler-968 b,4.66,2.0,3.692983728,0.0389,0.76,0.7,4598.0,0.13,4.66,0.6683859166900001,0.3010299956639812,0.5673773940697769,2.33
Kepler-1145 b,2.54,1.4,3.97076766,0.0443,0.79,0.75,5064.0,-0.13,2.54,0.40483371661993806,0.146128035678238,0.5988744761014186,1.8142857142857145
Kepler-1147 b,7.32,2.61,10.62784997,0.0961,1.09,1.14,5941.0,0.11,7.32,0.8645110810583919,0.41664050733828095,1.0264454149835336,2.8045977011494254
Kepler-1029 b,2.13,1.26,4.417696479,0.047,0.82,0.77,5030.0,0.01,2.13,0.3283796034387377,0.10037054511756291,0.6451958740470399,1.6904761904761905
Kepler-996 b,4.58,1.98,3.770590584,0.0474,1.09,1.14,6014.0,0.03,4.58,0.6608654780038692,0.2966651902615311,0.5764093786632373,2.313131313131313
Kepler-966 b,16.0,4.13,99.747622,0.3907,1.02,1.02,5840.0,0.04,16.0,1.2041199826559248,0.615950051656401,1.998902550829078,3.87409200968523
Kepler-1047 b,5.02,2.09,56.1886887,0.29871,1.08,1.13,5754.0,0.29,5.02,0.7007037171450193,0.32014628611105395,1.7496488968929191,2.401913875598086
Kepler-1149 b,2.67,1.44,3.73089898,0.0473,1.02,1.01,5833.0,0.02,2.67,0.42651126136457523,0.15836249209524964,0.5718134899889625,1.8541666666666667
Kepler-1148 b,3.5,1.69,1.104463509,0.0188,0.81,0.77,5054.0,-0.02,3.5,0.5440680443502757,0.22788670461367352,0.043151371541324986,2.0710059171597632
Kepler-1057 b,11.2,3.36,14.08827448,0.1138,1.07,1.1,5987.0,0.01,11.2,1.0492180226701815,0.526339277389844,1.1488578043439561,3.333333333333333
Kepler-1059 b,3.64,1.73,3.764191048,0.044,0.75,0.72,4906.0,-0.15,3.64,0.561101383649056,0.2380461031287954,0.5756716575252997,2.1040462427745665
Kepler-965 b,11.4,3.38,134.2527298,0.50998,1.05,1.15,5886.0,0.03,11.4,1.0569048513364727,0.5289167002776547,2.1279231250980266,3.3727810650887577
Kepler-999 b,6.08,2.34,5.991857017,0.06918,1.29,1.65,6237.0,0.05,6.08,0.7839035792727349,0.3692158574101428,0.7775614412954148,2.5982905982905984
Kepler-1112 b,9.38,3.02,14.36267939,0.1239,1.34,1.54,6496.0,0.04,9.38,0.9722028383790645,0.48000694295715063,1.1572354660723605,3.1059602649006623
Kepler-952 b,45.4,7.65,130.3546919,0.5183,1.0,0.99,5730.0,0.06,45.4,1.657055852857104,0.8836614351536176,2.1151266674921345,5.934640522875816
Kepler-479 b,5.14,2.12,12.49341307,0.09636,0.86,0.81,5247.0,-0.02,5.14,0.7109631189952758,0.32633586092875144,1.0966810993010807,2.424528301886792
Kepler-934 b,5.02,2.09,55.6738309,0.2658,0.81,0.77,5001.0,0.01,5.02,0.7007037171450193,0.32014628611105395,1.7456511060112445,2.401913875598086
Kepler-977 b,7.37,2.62,26.85328322,0.162,0.87,0.83,5315.0,-0.01,7.37,0.8674674878590515,0.41830129131974547,1.42899739235056,2.812977099236641
Kepler-1021 b,6.04,2.33,13.47469571,0.1034,0.89,0.86,5431.0,-0.05,6.04,0.7810369386211319,0.367355921026019,1.1295189665890153,2.592274678111588
Kepler-979 b,7.85,2.72,8.0880135,0.0753,0.87,0.83,5310.0,-0.02,7.85,0.8948696567452525,0.43456890403419873,0.9078418674803993,2.8860294117647056
Kepler-982 b,5.69,2.25,15.7738221,0.1277,1.16,1.29,6139.0,0.05,5.69,0.7551122663950712,0.3521825181113625,1.1979369384664227,2.528888888888889
Kepler-936 b,2.7,1.45,10.56134221,0.0954,0.92,0.89,5482.0,0.05,2.7,0.43136376415898736,0.16136800223497488,1.023719114916974,1.8620689655172415
Kepler-938 b,5.56,2.22,52.6298417,0.2689,0.92,0.89,5533.0,-0.03,5.56,0.7450747915820575,0.3463529744506387,1.7212320637486118,2.5045045045045042
Kepler-1006 b,2.99,1.54,19.76172042,0.1464,0.78,0.74,5328.0,-0.4,2.99,0.4756711883244297,0.18752072083646307,1.2958247507975615,1.9415584415584417
Kepler-1009 b,5.35,2.17,11.35011917,0.0796,0.59,0.57,4027.0,-0.12,5.35,0.7283537820212285,0.3364597338485295,1.055000421405944,2.4654377880184333
Kepler-976 b,14.9,3.96,105.9564148,0.4217,0.87,0.83,5232.0,0.07,14.9,1.173186268412274,0.5976951859255123,2.0251272548449126,3.7626262626262625
Kepler-1052 b,8.91,2.93,34.8538276,0.20988,1.03,1.03,5888.0,0.0,8.91,0.9498777040368748,0.4668676203541095,1.542250478683082,3.040955631399317
Kepler-1120 b,2.48,1.38,2.949029052,0.0369,0.78,0.74,4904.0,-0.04,2.48,0.3944516808262163,0.13987908640123647,0.469679050971988,1.7971014492753625
Kepler-1123 b,3.43,1.67,4.33946454,0.0497,0.93,0.9,5500.0,0.05,3.43,0.5352941200427705,0.22271647114758325,0.6374361438742485,2.0538922155688626
Kepler-940 b,11.1,3.34,59.6225257,0.3059,0.97,0.96,5769.0,-0.08,11.1,1.0453229787866574,0.5237464668115644,1.7754103694547383,3.3233532934131738
Kepler-1035 b,1.71,1.17,2.714077555,0.03883,0.98,0.97,5763.0,-0.03,1.71,0.23299611039215382,0.06818586174616162,0.4336222535032726,1.4615384615384617
Kepler-1027 b,0.64,0.89,1.907805199,0.02911,0.91,0.82,5436.0,-0.06,0.64,-0.1938200260161128,-0.05060999335508721,0.2805340279580052,0.7191011235955056
Kepler-986 b,6.17,2.36,56.4349938,0.29131,0.96,0.98,5642.0,0.04,6.17,0.7902851640332417,0.37291200297010657,1.7515484816686906,2.614406779661017
Kepler-1011 b,8.6,2.87,5.753221974,0.0633,0.91,0.88,5416.0,0.08,8.6,0.9344984512435677,0.4578818967339923,0.7599111305392456,2.9965156794425085
Kepler-1068 b,12.8,3.63,16.92344113,0.13038,1.01,1.01,5806.0,0.03,12.8,1.1072099696478683,0.5599066250361125,1.2284886750045252,3.5261707988980717
Kepler-917 b,4.31,1.91,2.970414375,0.0378,0.8,0.76,5418.0,-0.38,4.31,0.6344772701607315,0.28103336724772754,0.47281703794449326,2.256544502617801
Kepler-918 b,3.68,1.74,4.85386933,0.0569,1.11,1.14,6028.0,0.06,3.68,0.5658478186735176,0.24054924828259971,0.686088080602465,2.1149425287356323
Kepler-978 b,9.22,2.99,49.6221509,0.2726,1.07,1.09,6002.0,-0.01,9.22,0.9647309210536293,0.4756711883244297,1.695675585082417,3.0836120401337794
Kepler-1002 b,3.57,1.71,4.336429331,0.0564,1.22,1.57,6144.0,0.04,3.57,0.5526682161121932,0.23299611039215382,0.6371322732659861,2.087719298245614
Kepler-1128 b,12.9,3.65,61.6178167,0.302,0.94,0.91,5543.0,0.04,12.9,1.110589710299249,0.5622928644564748,1.7897063059260563,3.534246575342466
Kepler-920 b,6.44,2.42,6.53192704,0.065,0.89,0.85,5403.0,0.0,6.44,0.8088858673598122,0.38381536598043126,0.815041325130405,2.6611570247933884
Kepler-919 b,5.69,2.25,11.04603384,0.0981,1.15,1.21,6113.0,0.07,5.69,0.7551122663950712,0.3521825181113625,1.0432063693695302,2.528888888888889
Kepler-921 b,8.6,2.87,51.300634,0.2716,0.93,0.91,5663.0,-0.12,8.6,0.9344984512435677,0.4578818967339923,1.7101227323827735,2.9965156794425085
Kepler-1015 b,12.3,3.55,16.00494214,0.1345,1.49,1.81,6769.0,0.06,12.3,1.089905111439398,0.5502283530550941,1.2042541084505265,3.4647887323943665
Kepler-1005 b,2.86,1.5,6.49801525,0.06717,1.0,1.06,5782.0,0.02,2.86,0.456366033129043,0.17609125905568124,0.8127807262430479,1.9066666666666665
Kepler-972 b,19.5,4.65,7.03932553,0.0734,1.15,1.22,6146.0,0.04,19.5,1.290034611362518,0.667452952889954,0.8475310493932916,4.193548387096774
Kepler-1130 b,0.437,0.8,5.45298175,0.05963,0.9,0.81,5403.0,-0.06,0.437,-0.3595185630295782,-0.09691001300805639,0.7366340441956132,0.54625
Kepler-1131 b,3.15,1.59,3.53232449,0.0459,1.03,1.04,5851.0,0.05,3.15,0.4983105537896005,0.2013971243204515,0.548060592341367,1.981132075471698
Kepler-1025 b,4.58,1.98,37.3229493,0.21607,1.09,1.13,6089.0,-0.03,4.58,0.6608654780038692,0.2966651902615311,1.5719759548522352,2.313131313131313
Kepler-497 b,30.4,6.04,3.573203671,0.0457,1.09,1.11,5834.0,0.24,30.4,1.4828735836087537,0.7810369386211319,0.5530577714978443,5.033112582781457
Kepler-994 b,3.19,1.6,1.151166506,0.0177,0.56,0.54,3934.0,-0.13,3.19,0.5037906830571811,0.2041199826559248,0.061138145008646394,1.99375
Kepler-1132 b,6.12,2.35,62.8916228,0.2881,0.87,0.83,5298.0,-0.01,6.12,0.7867514221455612,0.37106786227173627,1.7985928010251366,2.604255319148936
Kepler-1069 b,3.19,1.6,23.8990296,0.16587,0.99,0.98,5722.0,0.04,3.19,0.5037906830571811,0.2041199826559248,1.3783802671439025,1.99375
Kepler-1034 b,5.73,2.26,12.12400943,0.0965,0.83,0.8,5198.0,-0.06,5.73,0.75815462196739,0.35410843914740087,1.0836462654880106,2.535398230088496
Kepler-944 b,7.41,2.63,43.3167737,0.2288,0.86,0.83,5409.0,-0.11,7.41,0.8698182079793282,0.41995574848975786,1.6366561022361519,2.817490494296578
Kepler-942 b,5.18,2.13,44.96417488,0.22737,0.81,0.75,4861.0,0.09,5.18,0.714329759745233,0.3283796034387377,1.6528666282542974,2.431924882629108
Kepler-946 b,4.38,1.93,11.79162572,0.1002,0.94,0.93,5665.0,-0.09,4.38,0.6414741105040995,0.28555730900777376,1.0715736857186409,2.2694300518134716
Kepler-992 b,3.26,1.62,20.16034462,0.13372,0.8,0.74,4944.0,-0.04,3.26,0.5132176000679389,0.20951501454263097,1.304497951646759,2.0123456790123453
Kepler-1134 b,7.46,2.64,17.13263989,0.1242,0.84,0.81,5281.0,-0.1,7.46,0.8727388274726688,0.42160392686983106,1.2338242865689328,2.8257575757575757
Kepler-1135 b,4.08,1.85,76.957857,0.3436,0.96,0.94,5656.0,0.02,4.08,0.6106601630898799,0.26717172840301384,1.886252965656149,2.2054054054054055
Kepler-951 b,26.7,5.59,71.52530845,0.3091,0.77,0.73,4834.0,-0.01,26.7,1.4265112613645752,0.7474118078864233,1.8544597393587277,4.7763864042933815
Kepler-967 b,6.12,2.35,13.22713379,0.1027,0.84,0.8,5178.0,-0.03,6.12,0.7867514221455612,0.37106786227173627,1.1214657463761715,2.604255319148936
Kepler-1013 b,5.27,2.15,18.93054959,0.137,0.81,0.76,4954.0,0.04,5.27,0.7218106152125465,0.33243845991560533,1.2771632225448613,2.4511627906976745
Kepler-1233 b,7.27,2.6,45.1263042,0.263,1.16,1.25,6198.0,0.02,7.27,0.8615344108590378,0.414973347970818,1.6544297666849792,2.796153846153846
Kepler-1234 b,8.3,2.81,11.94014029,0.096,0.8,0.76,4967.0,0.01,8.3,0.919078092376074,0.4487063199050799,1.0770094295416697,2.9537366548042705
Kepler-523 b,4.5,1.96,5.835983111,0.06159,0.93,0.86,5515.0,-0.03,4.5,0.6532125137753437,0.292256071356476,0.7661140263999408,2.295918367346939
Gl 725 B c,3.4,1.66,37.9,0.139,0.25,0.28,3379.0,-0.28,3.4,0.5314789170422551,0.22010808804005508,1.5786392099680724,2.0481927710843375
Kepler-1180 b,4.62,1.99,16.8601286,0.1246,1.09,1.14,6077.0,0.0,4.62,0.6646419755561255,0.29885307640970665,1.2268608828662664,2.321608040201005
Kepler-1181 b,3.09,1.57,4.89337519,0.0621,1.17,1.3,6176.0,0.03,3.09,0.4899584794248346,0.19589965240923377,0.6896085157190307,1.968152866242038
Kepler-1189 b,3.78,1.77,3.78858982,0.0467,1.11,1.16,6012.0,0.08,3.78,0.5774917998372253,0.24797326636180664,0.5784775879739799,2.135593220338983
Kepler-1236 b,5.22,2.14,31.0571618,0.1803,0.86,0.82,5337.0,-0.09,5.22,0.7176705030022621,0.33041377334919086,1.4921617646276046,2.439252336448598
Kepler-1235 b,0.418,0.79,4.16055856,0.04836,0.93,0.9,5541.0,0.01,0.418,-0.3788237182249648,-0.10237290870955855,0.619151639098326,0.5291139240506328
Kepler-518 b,5.1,2.11,8.512035877,0.07996,0.96,0.88,5842.0,-0.23,5.1,0.7075701760979364,0.3242824552976926,0.9300334454432534,2.4170616113744074
Kepler-1276 b,1.81,1.19,12.5720095,0.10863,1.14,1.21,6188.0,-0.02,1.81,0.2576785748691845,0.07554696139253074,1.0994047005189451,1.5210084033613447
Kepler-1277 b,3.19,1.6,40.8365012,0.21857,0.94,0.92,5578.0,-0.01,3.19,0.5037906830571811,0.2041199826559248,1.6110485254171771,1.99375
Kepler-1182 b,6.39,2.41,11.17394617,0.0981,1.04,1.05,5924.0,0.01,6.39,0.8055008581584001,0.3820170425748684,1.0482065748343952,2.6514522821576763
Kepler-549 b,11.0,2.57,42.9495649,0.23236,0.88,0.84,5360.0,-0.03,11.0,1.0413926851582251,0.4099331233312945,1.6329587685750326,4.280155642023346
Kepler-1237 b,8.55,2.86,84.5733226,0.3778,0.94,0.9,5472.0,0.12,8.55,0.9319661147281727,0.456366033129043,1.9272333928887717,2.98951048951049
Kepler-1279 b,3.71,1.75,23.4774101,0.1785,1.21,1.33,6221.0,0.06,3.71,0.5693739096150459,0.24303804868629444,1.3706501862162854,2.12
Kepler-1280 b,4.16,1.87,66.5579057,0.33982,1.2,1.32,6227.0,0.04,4.16,0.6190933306267428,0.27184160653649897,1.8231996480596648,2.2245989304812834
Kepler-1076 b,0.437,0.8,6.14727918,0.0611,0.79,0.74,4868.0,-0.01,0.437,-0.3595185630295782,-0.09691001300805639,0.7886829371456178,0.54625
Kepler-1077 b,8.1,2.77,34.3511874,0.2101,1.02,1.02,5816.0,0.03,8.1,0.9084850188786497,0.4424797690644486,1.5359417536912043,2.9241877256317688
Kepler-1193 b,2.3,1.32,2.832652134,0.04004,1.08,1.21,5908.0,0.12,2.3,0.36172783601759284,0.12057393120584989,0.45219324393082155,1.7424242424242422
Kepler-1194 b,2.89,1.51,16.22371307,0.1212,0.94,0.92,5590.0,0.0,2.89,0.4608978427565479,0.17897694729316943,1.2101502568582703,1.913907284768212
Kepler-1238 b,4.38,1.93,4.14787559,0.0541,1.3,1.48,6386.0,0.05,4.38,0.6414741105040995,0.28555730900777376,0.617825721828196,2.2694300518134716
Kepler-1282 b,3.02,1.55,2.131946513,0.0335,0.92,0.89,5504.0,0.01,3.02,0.48000694295715063,0.1903316981702915,0.3287763047633803,1.9483870967741934
Kepler-1078 b,4.27,1.9,3.00725242,0.0388,0.94,0.92,5612.0,-0.01,4.27,0.6304278750250238,0.2787536009528289,0.4781698830430543,2.2473684210526312
Kepler-1079 b,3.29,1.63,13.24503188,0.1092,1.08,1.36,5758.0,0.21,3.29,0.5171958979499743,0.21218760440395779,1.1220530079553654,2.0184049079754605
Kepler-1242 b,5.73,2.26,13.62798432,0.1039,0.77,0.74,4895.0,-0.05,5.73,0.75815462196739,0.35410843914740087,1.1344316252083293,2.535398230088496
Kepler-1243 b,3.71,1.75,16.8320729,0.1256,0.96,0.94,5667.0,0.01,3.71,0.5693739096150459,0.24303804868629444,1.2261376034146605,2.12
Kepler-1081 b,1.01,1.01,3.856918547,0.04662,0.88,0.84,5345.0,0.01,1.01,0.004321373782642578,0.004321373782642578,0.5862404672399169,1.0
Kepler-1199 b,1.6,1.15,15.0447198,0.11309,0.94,1.17,5889.0,-0.27,1.6,0.2041199826559248,0.06069784035361165,1.1773841036449246,1.3913043478260871
Kepler-1202 b,8.96,2.94,28.6851324,0.179,1.03,1.04,5834.0,0.06,8.96,0.9523080096621253,0.46834733041215726,1.4576568587663665,3.047619047619048
Kepler-519 b,5.06,2.1,24.3078946,0.15932,0.89,0.8,5260.0,0.01,5.06,0.7041505168397991,0.3222192947339193,1.3857473445611752,2.4095238095238094
Kepler-1284 b,1.92,1.21,0.664073806,0.0143,0.84,0.79,5123.0,0.03,1.92,0.28330122870354957,0.08278537031645007,-0.17778364991326262,1.5867768595041323
Kepler-1083 b,11.2,3.36,33.4177993,0.1899,0.81,0.77,5049.0,-0.02,11.2,1.0492180226701815,0.526339277389844,1.5239778464150704,3.333333333333333
Kepler-1203 b,1.2,1.06,0.588000765,0.0114,0.64,0.61,4105.0,0.01,1.2,0.07918124604762482,0.02530586526477026,-0.23062210889824497,1.1320754716981132
Kepler-1204 b,9.53,3.05,85.7350285,0.3877,1.03,1.03,5825.0,0.06,9.53,0.9790929006383263,0.48429983934678583,1.9331582965572232,3.124590163934426
Kepler-1246 b,2.42,1.36,11.32271513,0.0848,0.73,0.69,4611.0,-0.03,2.42,0.38381536598043126,0.13353890837021754,1.053950580967652,1.7794117647058822
Kepler-1289 b,2.92,1.52,7.99019627,0.0785,1.1,1.17,6080.0,0.02,2.92,0.4653828514484183,0.18184358794477254,0.902557447390469,1.9210526315789473
Kepler-1087 b,0.165,0.61,0.693842855,0.01554,0.96,0.94,5589.0,0.01,0.165,-0.7825160557860937,-0.21467016498923297,-0.15873887959451052,0.27049180327868855
Kepler-1086 b,6.53,2.44,18.78425728,0.1198,0.7,0.66,4350.0,0.06,6.53,0.814913181275074,0.3873898263387294,1.2737940279554625,2.6762295081967213
Kepler-1088 b,2.6,1.42,23.12748644,0.16163,1.08,1.08,5975.0,0.05,2.6,0.414973347970818,0.15228834438305647,1.364128434994734,1.830985915492958
Kepler-1206 b,3.33,1.64,1.216997663,0.0201,0.8,0.75,4877.0,0.07,3.33,0.5224442335063199,0.21484384804769785,0.08528974425539058,2.030487804878049
Kepler-1205 b,2.57,1.41,1.078390352,0.0196,0.84,0.81,5226.0,-0.04,2.57,0.4099331233312945,0.14921911265537988,0.0327759937202645,1.822695035460993
Kepler-1249 b,6.26,2.38,24.3347127,0.167,1.19,1.28,6202.0,0.06,6.26,0.7965743332104297,0.37657695705651195,1.386226223250937,2.630252100840336
Kepler-1250 b,4.35,1.92,2.607543834,0.0393,0.99,0.98,5717.0,0.04,4.35,0.6384892569546373,0.28330122870354957,0.416231617848064,2.265625
Kepler-1293 b,0.871,0.97,5.57654784,0.06763,1.18,1.28,6241.0,0.0,0.871,-0.059981844992336796,-0.01322826573375516,0.7463654322710439,0.8979381443298969
Kepler-513 b,5.48,2.2,28.86235584,0.1779,1.02,1.06,5849.0,-0.01,5.48,0.7387805584843692,0.3424226808222063,1.4603317767420758,2.4909090909090907
Kepler-1092 b,4.94,2.07,58.6017925,0.2996,0.99,1.0,5862.0,-0.09,4.94,0.693726948923647,0.3159703454569177,1.7679109003346913,2.386473429951691
Kepler-1209 b,2.89,1.51,25.369116,0.17515,1.23,1.38,6210.0,0.12,2.89,0.4608978427565479,0.17897694729316943,1.4043053342689988,1.913907284768212
Kepler-1252 b,3.43,1.67,15.0540329,0.1078,1.06,1.09,5949.0,0.03,3.43,0.5352941200427705,0.22271647114758325,1.1776528608328922,2.0538922155688626
Kepler-1253 b,2.33,1.33,68.8861915,0.31444,0.97,1.1,5850.0,-0.14,2.33,0.367355921026019,0.12385164096708581,1.838132174645369,1.7518796992481203
Kepler-1156 b,2.3,1.32,11.89520511,0.09704,1.0,1.0,5778.0,0.02,2.3,0.36172783601759284,0.12057393120584989,1.0753719350133175,1.7424242424242422
Kepler-1155 b,4.78,2.03,33.469743,0.2006,1.03,1.03,5842.0,0.04,4.78,0.6794278966121189,0.3074960379132129,1.5246523776069447,2.3546798029556655
Kepler-1093 b,4.46,1.95,25.0824626,0.17543,1.13,1.2,6166.0,-0.01,4.46,0.6493348587121419,0.290034611362518,1.3993701733503812,2.287179487179487
Kepler-1094 b,10.2,3.18,78.1000231,0.3625,1.14,1.21,6112.0,0.06,10.2,1.0086001717619175,0.5024271199844327,1.8926511623305788,3.2075471698113205
Kepler-1213 b,1.81,1.19,5.34982412,0.06026,1.14,1.21,6050.0,0.13,1.81,0.2576785748691845,0.07554696139253074,0.7283395044569195,1.5210084033613447
Kepler-1255 b,5.99,2.32,36.2919336,0.2226,1.08,1.12,6018.0,0.02,5.99,0.7774268223893114,0.3654879848908996,1.5598101076174542,2.5818965517241383
Kepler-1256 b,2.83,1.49,12.4127754,0.10733,1.17,1.36,6129.0,0.05,2.83,0.45178643552429026,0.17318626841227402,1.0938688972233557,1.8993288590604027
Kepler-1160 b,5.22,2.14,7.97034958,0.0755,0.92,0.89,5519.0,0.01,5.22,0.7176705030022621,0.33041377334919086,0.9014773699952972,2.439252336448598
Kepler-1158 b,6.08,2.34,13.5396293,0.12643,1.41,1.95,6203.0,0.18,6.08,0.7839035792727349,0.3692158574101428,1.1316067740117306,2.5982905982905984
Kepler-1097 b,10.7,3.26,187.747029,0.5791,0.82,0.79,5211.0,-0.11,10.7,1.0293837776852097,0.5132176000679389,2.27357307324417,3.2822085889570554
Kepler-1095 b,1.92,1.21,4.27103091,0.0514,0.94,0.92,5658.0,-0.09,1.92,0.28330122870354957,0.08278537031645007,0.6305327144832183,1.5867768595041323
Kepler-1217 b,4.62,1.99,2.032325072,0.0326,1.06,1.08,5905.0,0.07,4.62,0.6646419755561255,0.29885307640970665,0.30799317491332595,2.321608040201005
Kepler-1216 b,2.51,1.39,4.37034536,0.0519,0.99,0.98,5743.0,0.03,2.51,0.3996737214810381,0.14301480025409505,0.6405157577978423,1.8057553956834531
Kepler-1257 b,2.92,1.52,2.668313762,0.0376,0.9,0.87,5502.0,-0.09,2.92,0.4653828514484183,0.18184358794477254,0.42623689611907584,1.9210526315789473
Kepler-1260 b,3.78,1.77,19.1187753,0.1444,1.06,1.08,5961.0,0.01,3.78,0.5774917998372253,0.24797326636180664,1.2814600690338533,2.135593220338983
Kepler-1163 b,1.08,1.03,6.11786898,0.06868,1.22,1.35,6302.0,0.02,1.08,0.03342375548694973,0.012837224705172217,0.7866001719176511,1.0485436893203883
Kepler-1100 b,3.71,1.75,6.42200058,0.06745,1.21,1.34,6247.0,0.05,3.71,0.5693739096150459,0.24303804868629444,0.8076703404535899,2.12
Kepler-1098 b,2.24,1.3,2.543072855,0.0358,0.99,0.99,5794.0,-0.02,2.24,0.35024801833416286,0.11394335230683679,0.40535880220136733,1.7230769230769232
Kepler-1261 b,5.73,2.26,48.4308991,0.239,0.82,0.77,5006.0,0.03,5.73,0.75815462196739,0.35410843914740087,1.6851225316223015,2.535398230088496
Kepler-1166 b,3.5,1.69,33.2406882,0.1975,0.9,0.86,5446.0,-0.02,3.5,0.5440680443502757,0.22788670461367352,1.521670006639404,2.0710059171597632
Kepler-1167 b,3.57,1.71,1.003933739,0.0175,0.79,0.75,4971.0,-0.05,3.57,0.5526682161121932,0.23299611039215382,0.001705049725038259,2.087719298245614
Kepler-1103 b,5.77,2.27,19.79191978,0.15336,1.11,1.15,6092.0,-0.01,5.77,0.7611758131557314,0.35602585719312274,1.2964879220195875,2.541850220264317
Kepler-1221 b,4.19,1.88,12.00096042,0.0906,0.87,0.82,5194.0,0.09,4.19,0.6222140229662954,0.2741578492636798,1.0792160034155995,2.2287234042553195
Kepler-522 b,38.2,6.91,38.58422849,0.25029,1.54,1.98,6392.0,0.41,38.2,1.5820633629117087,0.8394780473741984,1.5864098207480672,5.528219971056441
Kepler-1264 b,1.76,1.18,0.968526023,0.01839,0.99,0.98,5791.0,-0.02,1.76,0.24551266781414982,0.07188200730612536,-0.013888705875721021,1.4915254237288136
Kepler-1169 b,0.779,0.94,6.11009134,0.06931,1.24,1.23,6191.0,0.26,0.779,-0.10846254232743553,-0.026872146400301365,0.7860477025766742,0.8287234042553192
Kepler-1168 b,6.8,2.5,55.8226539,0.2663,0.87,0.82,5157.0,0.13,6.8,0.8325089127062363,0.3979400086720376,1.746810479711327,2.7199999999999998
Kepler-1106 b,3.36,1.65,1.252752174,0.0239,1.11,1.17,6104.0,0.0,3.36,0.526339277389844,0.21748394421390627,0.09786516508075613,2.0363636363636366
Kepler-1226 b,2.7,1.45,17.2923453,0.13945,1.02,1.02,5923.0,-0.08,2.7,0.43136376415898736,0.16136800223497488,1.2378538991023813,1.8620689655172415
Kepler-1266 b,7.18,2.58,28.474748,0.16431,0.8,0.76,5044.0,-0.07,7.18,0.8561244442423003,0.41161970596323016,1.4544598892851601,2.782945736434108
Kepler-1268 b,4.78,2.03,40.9903986,0.2383,1.06,1.09,5904.0,0.05,4.78,0.6794278966121189,0.3074960379132129,1.6126821415157895,2.3546798029556655
Kepler-1171 b,7.08,2.56,1.44259224,0.0284,1.58,1.95,7044.0,-0.01,7.08,0.850033257689769,0.4082399653118496,0.15914359170109857,2.765625
Kepler-1172 b,10.3,3.2,26.0204423,0.168,0.92,0.89,5558.0,-0.04,10.3,1.0128372247051722,0.505149978319906,1.4153146745013845,3.21875
Kepler-1109 b,5.43,2.19,37.6467384,0.2466,1.05,1.06,5893.0,0.04,5.43,0.7347998295888469,0.34044411484011833,1.5757273562009735,2.4794520547945207
Kepler-1110 b,7.56,2.66,9.69312032,0.0754,0.73,0.7,4781.0,-0.16,7.56,0.8785217955012065,0.424881636631067,0.9864636036366923,2.8421052631578942
Kepler-1229 b,2.54,1.4,86.828989,0.3006,0.54,0.51,3784.0,-0.06,2.54,0.40483371661993806,0.146128035678238,1.938664744310974,1.8142857142857145
Kepler-436 c,6.04,2.33,16.79713874,0.11452,0.75,0.71,4685.0,0.02,6.04,0.7810369386211319,0.367355921026019,1.2252353093889974,2.592274678111588
Kepler-1270 b,11.0,3.32,6.03356196,0.07045,1.28,3.38,5047.0,-0.02,11.0,1.0413926851582251,0.5211380837040362,0.7805737769592229,3.313253012048193
Kepler-804 c,1.55,1.14,9.65185017,0.08654,1.01,1.05,5817.0,0.0,1.55,0.1903316981702915,0.05690485133647256,0.9846105715410085,1.3596491228070178
Kepler-1230 b,7.8,2.71,9.95661537,0.0921,1.06,1.08,5961.0,0.01,7.8,0.8920946026904804,0.4329692908744057,0.9981117303970208,2.878228782287823
Kepler-1271 b,2.79,1.48,3.0255955,0.04233,1.13,1.23,6143.0,-0.01,2.79,0.44560420327359757,0.17026171539495738,0.4808108655706955,1.885135135135135
Kepler-1273 b,6.76,2.49,28.625653,0.1857,0.94,0.91,5566.0,0.03,6.76,0.829946695941636,0.3961993470957364,1.4567554024592815,2.7148594377510036
Kepler-1177 b,4.27,1.9,106.247547,0.4301,0.98,0.97,5712.0,0.02,4.27,0.6304278750250238,0.2787536009528289,2.026318912024355,2.2473684210526312
Kepler-1179 b,2.3,1.32,2.685057492,0.03497,0.84,0.81,5212.0,-0.03,2.3,0.36172783601759284,0.12057393120584989,0.4289535891756271,1.7424242424242422
Kepler-1152 b,0.59,0.87,1.646801908,0.0223,0.55,0.53,3964.0,-0.25,0.59,-0.22914798835785583,-0.060480747381381476,0.21664136150336408,0.6781609195402298
Kepler-1186 b,5.6,2.23,16.07677615,0.1281,0.95,0.93,5635.0,0.0,5.6,0.7481880270062004,0.34830486304816066,1.2061989647708886,2.5112107623318383
Kepler-535 b,6.17,2.36,4.903321551,0.06011,1.18,1.27,6123.0,0.13,6.17,0.7902851640332417,0.37291200297010657,0.6904903744303357,2.614406779661017
Kepler-1411 b,8.35,2.82,86.1150888,0.4001,0.95,0.92,5664.0,-0.04,8.35,0.921686475483602,0.45024910831936105,1.9350792537585222,2.9609929078014185
Kepler-1413 b,3.97,1.82,13.1829642,0.1066,0.84,0.8,5196.0,-0.05,3.97,0.5987905067631151,0.2600713879850748,1.120013072698293,2.1813186813186816
Kepler-1317 b,3.05,1.56,0.568874427,0.0128,0.83,0.79,5144.0,-0.01,3.05,0.48429983934678583,0.1931245983544616,-0.24498358892938885,1.9551282051282048
Kepler-1318 b,9.85,3.11,213.257663,0.6085,0.73,0.7,4598.0,-0.01,9.85,0.9934362304976118,0.4927603890268375,2.3289046456488056,3.167202572347267
Kepler-1362 b,7.27,2.6,136.205626,0.4626,0.8,0.74,4857.0,0.06,7.27,0.8615344108590378,0.414973347970818,2.134195046565703,2.796153846153846
Kepler-536 b,9.8,3.1,1.827082299,0.02835,0.92,0.89,5524.0,0.0,9.8,0.9912260756924949,0.4913616938342727,0.2617581101311769,3.1612903225806455
Kepler-1415 b,2.21,1.29,0.63642408,0.01416,0.89,0.84,5267.0,0.12,2.21,0.3443922736851107,0.11058971029924898,-0.1962533965721583,1.7131782945736433
Kepler-1320 b,3.53,1.7,0.868386528,0.0163,0.8,0.74,4817.0,0.1,3.53,0.5477747053878226,0.2304489213782739,-0.061286922735632555,2.076470588235294
Kepler-1321 b,21.5,4.92,11.12830484,0.0781,0.54,0.53,4094.0,-0.45,21.5,1.3324384599156054,0.6919651027673603,1.046429013867217,4.369918699186992
Kepler-1366 b,2.63,1.43,2.164570968,0.0273,0.62,0.6,4070.0,-0.02,2.63,0.41995574848975786,0.1553360374650618,0.33537182923697156,1.8391608391608392
Kepler-903 c,6.94,2.53,62.9228557,0.30249,0.98,0.97,5682.0,0.05,6.94,0.8413594704548549,0.40312052117581787,1.7988084244822171,2.7430830039525693
Kepler-758 e,2.96,1.53,8.1934719,0.0829,1.16,1.42,6228.0,-0.1,2.96,0.4712917110589386,0.1846914308175988,0.9134679686106557,1.934640522875817
Kepler-1417 b,0.972,1.0,20.3505213,0.14062,1.02,1.02,5839.0,0.02,0.972,-0.012333735073725434,0.0,1.3085755386135083,0.972
Kepler-1322 b,3.22,1.61,0.962867382,0.0183,0.9,0.87,5488.0,-0.07,3.22,0.5078558716958309,0.20682587603184974,-0.01643352516184657,2.0
Kepler-525 b,7.41,2.63,18.68404933,0.14386,0.95,1.15,5573.0,0.11,7.41,0.8698182079793282,0.41995574848975786,1.271471005250219,2.817490494296578
Kepler-722 c,8.35,2.82,105.144749,0.4471,1.03,1.05,5863.0,0.02,8.35,0.921686475483602,0.45024910831936105,2.0217875886032446,2.9609929078014185
Kepler-1422 b,4.74,2.02,18.6051942,0.1499,1.15,1.23,6194.0,0.0,4.74,0.6757783416740851,0.3053513694466238,1.2696342075232727,2.3465346534653464
Kepler-1327 b,3.89,1.8,14.88801098,0.11151,1.02,1.03,5885.0,-0.03,3.89,0.5899496013257077,0.25527250510330607,1.17283668041769,2.161111111111111
Kepler-1368 b,3.36,1.65,0.675649486,0.0153,1.07,1.08,5906.0,0.1,3.36,0.526339277389844,0.21748394421390627,-0.17027854928801703,2.0363636363636366
Kepler-769 c,3.86,1.79,15.9870174,0.1297,1.19,1.28,6186.0,0.06,3.86,0.5865873046717549,0.2528530309798932,1.203767447639618,2.1564245810055866
Kepler-770 c,1.87,1.2,1.475322314,0.0309,0.94,0.92,5598.0,-0.01,1.87,0.27184160653649897,0.07918124604762482,0.16888691109376397,1.5583333333333336
Kepler-1430 b,1.76,1.18,2.46050993,0.0304,0.77,0.72,4796.0,-0.03,1.76,0.24551266781414982,0.07188200730612536,0.391025122077071,1.4915254237288136
Kepler-1431 b,2.76,1.47,5.86601526,0.0648,1.03,1.03,5806.0,0.07,2.76,0.4409090820652177,0.1673173347481761,0.7683431884306182,1.8775510204081631
Kepler-1328 b,0.904,0.98,4.52158888,0.052,1.0,0.99,5780.0,0.0,0.904,-0.04383156952463668,-0.00877392430750515,0.655291072103935,0.9224489795918368
Kepler-1329 b,5.35,2.17,9.33646594,0.0747,0.72,0.69,4500.0,0.02,5.35,0.7283537820212285,0.3364597338485295,0.970182517214853,2.4654377880184333
Kepler-527 b,8.45,2.84,13.28535633,0.11646,1.28,1.45,6388.0,0.03,8.45,0.9268567089496923,0.45331834004703764,1.1233732072278466,2.975352112676056
Kepler-1371 b,0.315,0.73,3.4462039,0.04214,0.87,0.83,5361.0,-0.07,0.315,-0.5016894462103995,-0.1366771398795441,0.5373409695789659,0.4315068493150685
Kepler-770 d,2.54,1.4,4.15244722,0.0616,0.94,0.92,5598.0,-0.01,2.54,0.40483371661993806,0.146128035678238,0.6183041210250744,1.8142857142857145
Kepler-896 b,6.94,2.53,144.547396,0.56378,0.84,0.81,5262.0,-0.1,6.94,0.8413594704548549,0.40312052117581787,2.1600102723261694,2.7430830039525693
Kepler-1427 b,1.37,1.1,0.968972376,0.0197,1.01,1.01,5793.0,0.06,1.37,0.1367205671564068,0.04139268515822508,-0.013688603879858341,1.2454545454545454
Kepler-1332 b,2.45,1.37,11.87456832,0.09915,0.95,0.9,5581.0,0.0,2.45,0.3891660843645325,0.1367205671564068,1.074617830536938,1.7883211678832116
Kepler-1330 b,3.36,1.65,10.10769068,0.0889,0.97,0.94,5608.0,0.08,3.36,0.526339277389844,0.21748394421390627,1.0046519429803042,2.0363636363636366
Kepler-1373 b,1.65,1.16,1.29123275,0.02598,1.22,1.33,6299.0,0.03,1.65,0.21748394421390627,0.06445798922691845,0.11100453268461498,1.4224137931034484
Kepler-1374 b,5.86,2.29,10.65276707,0.0918,0.85,0.81,5323.0,-0.13,5.86,0.7678976160180907,0.359835482339888,1.0274624309807607,2.558951965065502
Kepler-1311 c,1.98,1.22,2.53573424,0.03753,1.05,1.4,5748.0,0.09,1.98,0.2966651902615311,0.08635983067474821,0.4041037349551405,1.6229508196721312
Kepler-1428 b,3.33,1.64,10.67607169,0.11051,1.28,1.36,6184.0,0.35,3.33,0.5224442335063199,0.21484384804769785,1.028411481419973,2.030487804878049
Kepler-1429 b,2.21,1.29,4.48487493,0.055,1.05,1.07,5902.0,0.04,2.21,0.3443922736851107,0.11058971029924898,0.6517503363504078,1.7131782945736433
Kepler-1335 b,2.7,1.45,6.26406846,0.0615,0.77,0.74,4903.0,-0.07,2.7,0.43136376415898736,0.16136800223497488,0.7968564954799254,1.8620689655172415
Kepler-528 b,4.98,2.08,19.78297415,0.14219,1.01,1.06,5807.0,0.02,4.98,0.6972293427597176,0.31806333496276157,1.2962915835116846,2.394230769230769
Kepler-1321 c,6.35,2.4,2.226491086,0.0267,0.54,0.53,4094.0,-0.45,6.35,0.8027737252919757,0.38021124171160603,0.34762096072537724,2.6458333333333335
Kepler-1433 b,3.05,1.56,4.13592271,0.0516,1.14,1.19,6097.0,0.07,3.05,0.48429983934678583,0.1931245983544616,0.61657241428943,1.9551282051282048
Kepler-1337 b,6.39,2.41,24.4002549,0.1441,0.7,0.67,4523.0,-0.09,6.39,0.8055008581584001,0.3820170425748684,1.3873943632684511,2.6514522821576763
Kepler-1339 b,0.285,0.71,1.341555127,0.02356,0.94,0.93,5586.0,0.01,0.285,-0.5451551399914898,-0.14874165128092473,0.12760852334414843,0.4014084507042253
Kepler-1377 b,2.1,1.25,0.740928422,0.0153,0.86,0.82,5218.0,0.05,2.1,0.3222192947339193,0.09691001300805642,-0.1302237453700892,1.6800000000000002
Kepler-1378 b,5.48,2.2,11.95398936,0.0885,0.7,0.67,4407.0,0.03,5.48,0.7387805584843692,0.3424226808222063,1.0775128649412513,2.4909090909090907
Kepler-1370 c,2.15,1.27,7.44142113,0.08084,1.19,1.29,6202.0,0.05,2.15,0.33243845991560533,0.10380372095595687,0.8716558831237413,1.6929133858267715
Kepler-1295 b,3.02,1.55,3.81371974,0.0464,0.92,0.89,5486.0,0.04,3.02,0.48000694295715063,0.1903316981702915,0.5813487747499301,1.9483870967741934
Kepler-1296 b,0.693,0.91,8.3839865,0.0896,0.87,0.83,5359.0,-0.04,0.693,-0.1592667653881933,-0.040958607678906384,0.9234505703338038,0.7615384615384615
Kepler-1341 b,9.22,2.99,132.9968322,0.47267,0.79,0.72,4662.0,0.19,9.22,0.9647309210536293,0.4756711883244297,2.123841296798334,3.0836120401337794
Kepler-529 b,4.12,1.86,1.980357663,0.0309,1.07,1.14,6087.0,-0.1,4.12,0.6148972160331346,0.26951294421791633,0.2967436332108407,2.21505376344086
Kepler-1380 b,2.63,1.43,10.3108245,0.0917,0.96,0.94,5570.0,0.1,2.63,0.41995574848975786,0.1553360374650618,1.0132933948163265,1.8391608391608392
Kepler-1391 b,3.46,1.68,54.4092333,0.30045,1.03,1.1,5840.0,0.04,3.46,0.5390760987927766,0.22530928172586284,1.7356726061498802,2.0595238095238098
Kepler-1392 b,4.5,1.96,15.1410397,0.1189,0.88,0.85,5479.0,-0.11,4.5,0.6532125137753437,0.292256071356476,1.1801556981805346,2.295918367346939
Kepler-1297 b,0.871,0.97,1.68189002,0.0283,0.99,0.99,5818.0,-0.04,0.871,-0.059981844992336796,-0.01322826573375516,0.2257975935613361,0.8979381443298969
Kepler-1343 b,4.38,1.93,3.35183158,0.0449,0.95,0.93,5759.0,-0.16,4.38,0.6414741105040995,0.28555730900777376,0.525282188444442,2.2694300518134716
Kepler-1344 b,4.04,1.84,4.7683049,0.05501,1.09,1.13,5981.0,0.06,4.04,0.6063813651106049,0.2648178230095365,0.6783640177376095,2.1956521739130435
Kepler-1383 b,2.57,1.41,13.9093583,0.11397,1.26,1.44,6370.0,0.03,2.57,0.4099331233312945,0.14921911265537988,1.1433070945357227,1.822695035460993
Kepler-1381 b,5.69,2.25,25.3842686,0.1728,0.96,0.94,5747.0,-0.1,5.69,0.7551122663950712,0.3521825181113625,1.404564654541484,2.528888888888889
Kepler-1393 b,0.437,0.8,2.44357812,0.0337,0.95,0.92,5697.0,-0.09,0.437,-0.3595185630295782,-0.09691001300805639,0.38802622776877604,0.54625
Kepler-1300 b,2.45,1.37,22.2419092,0.16005,1.29,1.79,6130.0,0.05,2.45,0.3891660843645325,0.1367205671564068,1.3471720634602602,1.7883211678832116
Kepler-616 c,11.5,3.41,90.4113556,0.4024,0.98,0.97,5753.0,-0.02,11.5,1.0606978403536116,0.5327543789924978,1.9562229809698144,3.3724340175953076
Kepler-1347 b,1.08,1.03,14.00947528,0.104,0.82,0.79,5193.0,-0.11,1.08,0.03342375548694973,0.012837224705172217,1.1464218692423678,1.0485436893203883
Kepler-1345 b,6.17,2.36,44.6169557,0.26412,1.32,1.55,6449.0,0.04,6.17,0.7902851640332417,0.37291200297010657,1.6494999342177492,2.614406779661017
Kepler-1385 b,0.543,0.85,2.88879862,0.04262,1.15,1.29,5732.0,0.41,0.543,-0.265200170411153,-0.07058107428570728,0.46071726795320384,0.6388235294117648
Kepler-1384 b,4.42,1.94,15.36262753,0.1126,0.78,0.74,4919.0,-0.06,4.42,0.6454222693490919,0.287801729930226,1.186465501124479,2.2783505154639174
Kepler-1397 b,3.61,1.72,47.449955,0.25861,1.09,1.12,6026.0,0.0,3.61,0.557507201905658,0.2355284469075489,1.6762358048926909,2.0988372093023258
Kepler-1398 b,0.666,0.9,2.78815679,0.03909,1.13,1.18,6126.0,0.01,0.666,-0.17652577082969892,-0.045757490560675115,0.4453171923517969,0.74
Kepler-1396 b,4.94,2.07,18.2206421,0.1406,1.18,1.27,6195.0,0.04,4.94,0.693726948923647,0.3159703454569177,1.2605636775531823,2.386473429951691
Kepler-1302 b,2.63,1.43,8.83922659,0.0795,0.86,0.82,5236.0,0.04,2.63,0.41995574848975786,0.1553360374650618,0.9464142670052131,1.8391608391608392
Kepler-1304 b,5.86,2.29,16.1288853,0.1202,0.85,0.81,5259.0,-0.05,5.86,0.7678976160180907,0.359835482339888,1.2076043534529766,2.558951965065502
Kepler-1350 b,6.9,2.52,4.4968604,0.0413,0.55,0.53,3827.0,-0.06,6.9,0.8388490907372553,0.4014005407815441,0.6529094055909083,2.738095238095238
Kepler-1348 b,4.42,1.94,27.5722742,0.1834,1.04,1.04,5911.0,-0.01,4.42,0.6454222693490919,0.287801729930226,1.4404725888035363,2.2783505154639174
Kepler-1387 b,0.749,0.93,2.279526656,0.031,0.82,0.77,5046.0,0.02,0.749,-0.12551818230053352,-0.03151705144606486,0.3578446750578421,0.8053763440860214
Kepler-1398 c,1.08,1.03,4.13827595,0.05087,1.13,1.18,6126.0,0.01,1.08,0.03342375548694973,0.012837224705172217,0.6168194470755994,1.0485436893203883
Kepler-1400 b,3.26,1.62,9.06689421,0.0771,0.83,0.78,5044.0,0.04,3.26,0.5132176000679389,0.20951501454263097,0.9574585485322616,2.0123456790123453
Kepler-1307 b,6.66,2.47,18.01621096,0.1369,1.06,1.08,5884.0,0.06,6.66,0.8234742291703011,0.39269695325966575,1.2556634585524409,2.6963562753036436
Kepler-1351 b,0.208,0.65,0.916140768,0.0156,0.7,0.67,4439.0,-0.03,0.208,-0.6819366650372385,-0.18708664335714442,-0.038037790449387085,0.31999999999999995
Kepler-521 b,10.2,3.18,22.20813214,0.17116,1.34,1.46,6406.0,0.25,10.2,1.0086001717619175,0.5024271199844327,1.3465120328661742,3.2075471698113205
Kepler-1390 b,1.76,1.18,6.48021673,0.0662,0.98,0.98,5753.0,-0.01,1.76,0.24551266781414982,0.07188200730612536,0.8115895310355705,1.4915254237288136
Kepler-531 b,8.15,2.78,29.88485741,0.17446,0.78,0.75,4893.0,-0.03,8.15,0.9111576087399766,0.4440447959180762,1.4754511880198624,2.9316546762589932
Kepler-1389 b,3.78,1.77,99.2530951,0.38249,0.81,0.74,5078.0,-0.14,3.78,0.5774917998372253,0.24797326636180664,1.9967440586481728,2.135593220338983
Kepler-1401 b,3.46,1.68,11.20066445,0.0975,1.07,1.1,5964.0,0.04,3.46,0.5390760987927766,0.22530928172586284,1.0492437868138507,2.0595238095238098
Kepler-1402 b,0.363,0.76,2.03387914,0.0322,0.9,0.87,5416.0,0.03,0.363,-0.4400933749638875,-0.11918640771920865,0.30832514210167944,0.4776315789473684
Kepler-1308 b,0.0933,0.52,2.104338119,0.025,0.35,0.34,3468.0,-0.13,0.0933,-1.0301183562535001,-0.28399665636520083,0.3231155222773867,0.1794230769230769
Kepler-1309 b,6.21,2.37,28.8432647,0.1679,0.85,0.8,5235.0,-0.03,6.21,0.7930916001765802,0.37474834601010387,1.4600444155810606,2.620253164556962
Kepler-1352 b,0.64,0.89,1.877882748,0.02883,1.11,1.16,6118.0,0.0,0.64,-0.1938200260161128,-0.05060999335508721,0.27366847212269063,0.7191011235955056
Kepler-1353 b,3.89,1.8,24.7543966,0.153,0.76,0.72,4776.0,-0.06,3.89,0.5899496013257077,0.25527250510330607,1.3936523446653137,2.161111111111111
Kepler-532 b,7.13,2.57,12.92491623,0.10151,0.87,0.79,5192.0,0.0,7.13,0.8530895298518656,0.4099331233312945,1.1114277369909977,2.77431906614786
Kepler-1403 b,5.22,2.14,5.19492202,0.064,1.11,1.15,6060.0,0.03,5.22,0.7176705030022621,0.33041377334919086,0.7155790328291196,2.439252336448598
Kepler-1405 b,14.9,3.96,28.2274184,0.1778,1.05,1.07,5925.0,0.03,14.9,1.173186268412274,0.5976951859255123,1.45067116061583,3.7626262626262625
Kepler-1310 b,2.67,1.44,0.679336272,0.01452,0.91,0.88,5549.0,-0.07,2.67,0.42651126136457523,0.15836249209524964,-0.16791519637807167,1.8541666666666667
Kepler-1312 b,5.06,2.1,5.448325286,0.06053,0.99,0.92,5719.0,-0.02,5.06,0.7041505168397991,0.3222192947339193,0.7362630287317438,2.4095238095238094
Kepler-517 b,7.61,2.67,60.92832271,0.28682,0.95,0.98,5690.0,-0.06,7.61,0.8813846567705729,0.42651126136457523,1.7848192226375497,2.850187265917603
Kepler-1356 b,2.96,1.53,0.634002937,0.0136,0.82,0.78,5106.0,-0.02,2.96,0.4712917110589386,0.1846914308175988,-0.1979087302571649,1.934640522875817
Kepler-1354 b,9.11,2.97,76.613377,0.3521,1.16,1.24,6168.0,0.03,9.11,0.9595183769729982,0.4727564493172124,1.8843046057953847,3.067340067340067
Kepler-1050 c,2.79,1.48,21.1284569,0.15264,1.09,1.13,6010.0,0.03,2.79,0.44560420327359757,0.17026171539495738,1.324867779859378,1.885135135135135
Kepler-1407 b,5.69,2.25,20.0711504,0.1502,1.1,1.15,6010.0,0.05,5.69,0.7551122663950712,0.3521825181113625,1.3025722652654523,2.528888888888889
Kepler-1313 b,3.75,1.76,3.833091178,0.04619,0.92,0.85,5453.0,0.0,3.75,0.5740312677277188,0.24551266781414982,0.5835491499695377,2.1306818181818183
Kepler-1359 b,8.4,2.83,59.4970952,0.26657,0.78,0.72,4709.0,0.11,8.4,0.9242792860618817,0.45178643552429026,1.7744957628813849,2.9681978798586575
Kepler-1360 b,11.5,3.4,40.5286413,0.2866,1.51,1.83,6778.0,0.06,11.5,1.0606978403536116,0.5314789170422551,1.6077620445064738,3.3823529411764706
Kepler-1611 b,0.457,0.81,5.1762429,0.0586,0.94,0.93,5605.0,0.01,0.457,-0.34008379993014975,-0.09151498112135022,0.7140146478102778,0.5641975308641975
Kepler-1463 b,4.12,1.86,25.15864,0.1694,0.96,0.95,5679.0,0.0,4.12,0.6148972160331346,0.26951294421791633,1.4006871607613385,2.21505376344086
Kepler-1543 b,7.8,2.71,6.96710269,0.0867,1.39,1.65,6561.0,0.07,7.8,0.8920946026904804,0.4329692908744057,0.8430522117648945,2.878228782287823
Kepler-1578 b,1.12,1.04,1.450886907,0.0252,0.9,0.86,5545.0,-0.13,1.12,0.04921802267018165,0.01703333929878037,0.16163356159003514,1.076923076923077
Kepler-626 b,5.86,2.29,14.48585199,0.10913,1.01,1.05,5813.0,0.01,5.86,0.7678976160180907,0.359835482339888,1.1609440434592948,2.558951965065502
Kepler-1465 b,3.78,1.77,31.8277111,0.1939,0.75,0.71,4726.0,-0.06,3.78,0.5774917998372253,0.24797326636180664,1.5028054073177444,2.135593220338983
Kepler-1466 b,3.02,1.55,31.1750448,0.17981,1.01,1.02,5884.0,-0.07,3.02,0.48000694295715063,0.1903316981702915,1.4938070862525468,1.9483870967741934
Kepler-1546 b,9.96,3.13,19.5974971,0.1366,0.95,0.93,5623.0,0.01,9.96,0.9982593384236987,0.49554433754644844,1.2922006088529667,3.1821086261980835
Kepler-1548 b,7.46,2.64,124.828679,0.4679,0.99,0.97,5706.0,0.05,7.46,0.8727388274726688,0.42160392686983106,2.0963143746138178,2.8257575757575757
Kepler-1613 b,4.98,2.08,1.5184299,0.02755,1.08,1.12,6005.0,0.01,4.98,0.6972293427597176,0.31806333496276157,0.18139474703076602,2.394230769230769
Kepler-1468 c,1.6,1.15,3.54553021,0.0466,1.04,1.05,5893.0,0.03,1.6,0.2041199826559248,0.06069784035361165,0.5496811901704074,1.3913043478260871
Kepler-1582 b,2.83,1.49,4.83817712,0.0316,0.28,0.3,3208.0,0.48,2.83,0.45178643552429026,0.17318626841227402,0.6846817633294163,1.8993288590604027
Kepler-1469 b,8.25,2.8,21.8635301,0.1466,0.92,0.89,5507.0,0.02,8.25,0.9164539485499251,0.4471580313422192,1.339720284748908,2.9464285714285716
Kepler-633 b,3.29,1.63,8.50340718,0.08185,1.02,1.15,5899.0,-0.05,3.29,0.5171958979499743,0.21218760440395779,0.9295929754770246,2.0184049079754605
Kepler-1550 b,9.38,3.02,225.582809,0.7681,1.07,1.11,5991.0,0.01,9.38,0.9722028383790645,0.48000694295715063,2.3533060002718083,3.1059602649006623
Kepler-1552 b,6.66,2.47,184.771853,0.6011,0.85,0.78,5202.0,-0.07,6.66,0.8234742291703011,0.39269695325966575,2.266635814190334,2.6963562753036436
Kepler-1584 b,3.22,1.61,13.3997099,0.1168,1.1,1.13,6069.0,0.0,3.22,0.5078558716958309,0.20682587603184974,1.1270953961115986,2.0
Kepler-556 b,5.65,2.24,11.72292176,0.09833,1.0,0.98,5740.0,0.03,5.65,0.7520484478194386,0.35024801833416286,1.0690358664691677,2.5223214285714284
Kepler-629 b,2.48,1.38,7.2385854,0.07107,0.93,0.84,5444.0,0.01,2.48,0.3944516808262163,0.13987908640123647,0.8596537025230956,1.7971014492753625
Kepler-630 b,10.2,3.18,161.4743937,0.56201,1.02,1.04,5829.0,0.03,10.2,1.0086001717619175,0.5024271199844327,2.20810366254023,3.2075471698113205
Kepler-1470 b,1.24,1.07,16.2950903,0.116,0.8,0.76,4961.0,-0.01,1.24,0.09342168516223506,0.029383777685209667,1.212056771470881,1.158878504672897
Kepler-1475 b,8.85,2.92,82.177374,0.373,1.18,1.28,6214.0,0.03,8.85,0.9469432706978255,0.4653828514484183,1.9147522591510764,3.030821917808219
Kepler-1476 b,3.43,1.67,10.35863224,0.0932,0.98,0.96,5663.0,0.06,3.43,0.5352941200427705,0.22271647114758325,1.0153024146914922,2.0538922155688626
Kepler-154 f,2.86,1.5,9.91935684,0.08832,0.98,0.98,5769.0,-0.04,2.86,0.456366033129043,0.17609125905568124,0.9964835138987139,1.9066666666666665
Kepler-1165 b,3.02,1.55,9.478522,0.0914,1.13,1.18,6080.0,0.05,3.02,0.48000694295715063,0.1903316981702915,0.9767406224343883,1.9483870967741934
Kepler-1587 b,2.33,1.33,9.4060467,0.08747,1.08,1.22,5933.0,0.07,2.33,0.367355921026019,0.12385164096708581,0.9734071306403346,1.7518796992481203
Kepler-579 b,4.66,2.0,9.66857723,0.0854,0.99,0.96,5636.0,0.13,4.66,0.6683859166900001,0.3010299956639812,0.9853625706061551,2.33
Kepler-1619 b,0.363,0.76,23.6225913,0.15413,1.0,1.0,5852.0,-0.07,0.363,-0.4400933749638875,-0.11918640771920865,1.3733275361887385,0.4776315789473684
Kepler-132 e,1.76,1.18,110.2869374,0.43927,1.03,1.1,6023.0,-0.13,1.76,0.24551266781414982,0.07188200730612536,2.0425240768005937,1.4915254237288136
Kepler-1471 b,2.57,1.41,3.63899398,0.0453,0.95,0.93,5660.0,-0.03,2.57,0.4099331233312945,0.14921911265537988,0.5609813371320053,1.822695035460993
Kepler-1554 b,8.75,2.9,198.088774,0.59527,0.84,0.81,5297.0,-0.1,8.75,0.9420080530223133,0.4623979978989561,2.2968598640897877,3.0172413793103448
Kepler-541 b,11.2,3.36,5.08005848,0.06447,1.41,2.06,6166.0,0.07,11.2,1.0492180226701815,0.526339277389844,0.705868711771147,3.333333333333333
Kepler-1589 b,1.32,1.09,0.991665274,0.0205,1.18,1.25,6166.0,0.08,1.32,0.12057393120584989,0.037426497940623665,-0.003634894565554385,1.2110091743119267
Kepler-1473 b,1.81,1.19,14.4273551,0.11606,1.09,1.09,6046.0,-0.01,1.81,0.2576785748691845,0.07554696139253074,1.15918672120032,1.5210084033613447
Kepler-1472 b,4.27,1.9,38.1312831,0.2322,1.16,1.25,6159.0,0.03,4.27,0.6304278750250238,0.2787536009528289,1.5812814193275424,2.2473684210526312
Kepler-1474 b,5.31,2.16,36.4333452,0.2108,1.04,1.04,5870.0,0.04,5.31,0.725094521081469,0.3344537511509309,1.5614990486836637,2.458333333333333
Kepler-1556 b,4.5,1.96,8.82713457,0.0829,0.97,0.95,5608.0,0.08,4.5,0.6532125137753437,0.292256071356476,0.9458197474735902,2.295918367346939
Kepler-542 b,3.09,1.57,13.14497566,0.10703,0.93,0.9,5526.0,0.02,3.09,0.4899584794248346,0.19589965240923377,1.1187597862782526,1.968152866242038
Kepler-1592 b,2.99,1.54,3.05710069,0.04,1.18,1.28,6213.0,0.04,2.99,0.4756711883244297,0.18752072083646307,0.485309743073892,1.9415584415584417
Kepler-1623 b,2.27,1.31,4.36128348,0.0518,1.0,1.0,5772.0,0.04,2.27,0.35602585719312274,0.11727129565576427,0.6396143163910355,1.732824427480916
Kepler-1622 b,2.76,1.47,10.8118737,0.10136,1.31,1.5,6436.0,0.04,2.76,0.4409090820652177,0.1673173347481761,1.0339009638012495,1.8775510204081631
Kepler-631 b,8.75,2.9,17.97979059,0.14017,1.24,1.33,6185.0,0.23,8.75,0.9420080530223133,0.4623979978989561,1.2547846292138354,3.0172413793103448
Kepler-1477 b,1.76,1.18,11.55530021,0.0911,0.81,0.78,5100.0,-0.06,1.76,0.24551266781414982,0.07188200730612536,1.0627812330563873,1.4915254237288136
Kepler-1478 b,3.64,1.73,26.0840594,0.1681,1.04,1.06,5904.0,0.03,3.64,0.561101383649056,0.2380461031287954,1.4163751805349178,2.1040462427745665
Kepler-1558 b,0.244,0.68,3.50470358,0.04278,0.83,0.79,5101.0,0.0,0.244,-0.6126101736612706,-0.16749108729376366,0.544651292198777,0.35882352941176465
Kepler-1557 b,2.96,1.53,3.74032496,0.049,1.11,1.17,6099.0,0.02,2.96,0.4712917110589386,0.1846914308175988,0.5729093354101156,1.934640522875817
Kepler-544 b,5.14,2.12,21.41616926,0.15482,1.16,1.22,6206.0,0.02,5.14,0.7109631189952758,0.32633586092875144,1.3307417905842518,2.424528301886792
Kepler-1442 b,14.7,3.93,81.4162941,0.40814,1.34,1.44,6394.0,0.26,14.7,1.167317334748176,0.5943925503754267,1.910711330313715,3.7404580152671754
Kepler-1435 b,0.566,0.86,4.45343281,0.05456,1.21,1.32,6356.0,-0.03,0.566,-0.24718356881172862,-0.06550154875643228,0.6486949043970133,0.6581395348837209
Kepler-1559 b,0.299,0.72,0.971915428,0.01835,0.86,0.82,5316.0,-0.04,0.299,-0.5243288116755703,-0.14266750356873156,-0.01237152391208502,0.4152777777777778
Kepler-1596 b,4.27,1.9,66.373379,0.3237,0.95,0.92,5706.0,-0.11,4.27,0.6304278750250238,0.2787536009528289,1.8219939276872401,2.2473684210526312
Kepler-403 d,2.6,1.42,13.61159129,0.12178,1.25,1.45,6209.0,0.16,2.6,0.414973347970818,0.15228834438305647,1.1339089002267,1.830985915492958
Kepler-1443 b,0.871,0.97,2.41811321,0.03783,1.19,1.27,6289.0,0.0,0.871,-0.059981844992336796,-0.01322826573375516,0.3834766295799031,0.8979381443298969
Kepler-1438 b,0.779,0.94,2.31942009,0.0346,0.97,0.96,5530.0,0.2,0.779,-0.10846254232743553,-0.026872146400301365,0.3653794145483023,0.8287234042553192
Kepler-1562 b,12.3,3.55,64.2737752,0.3308,1.02,1.05,5760.0,0.11,12.3,1.089905111439398,0.5502283530550941,1.8080338094852666,3.4647887323943665
Kepler-1561 b,1.32,1.09,1.005207007,0.0194,1.07,1.11,5957.0,0.04,1.32,0.12057393120584989,0.037426497940623665,0.0022555072691540024,1.2110091743119267
Kepler-1598 b,0.809,0.95,4.34195123,0.05207,1.07,1.09,5940.0,0.04,0.809,-0.09205147838772766,-0.022276394711152253,0.6376849410297705,0.8515789473684211
Kepler-1445 b,0.84,0.96,10.60052251,0.09587,1.13,1.26,6150.0,-0.03,0.84,-0.07572071393811836,-0.017728766960431602,1.02532727258713,0.875
Kepler-511 b,33.1,6.35,296.637865,0.85672,1.0,1.2,5770.0,0.01,33.1,1.5198279937757189,0.8027737252919757,2.4722265867158337,5.212598425196851
Kepler-1564 b,2.76,1.47,18.0540381,0.1327,0.93,0.9,5528.0,0.03,2.76,0.4409090820652177,0.1673173347481761,1.256574354629889,1.8775510204081631
Kepler-1563 b,0.347,0.75,3.43276598,0.0442,1.0,0.99,5765.0,0.02,0.347,-0.4596705252091263,-0.12493873660829995,0.5356441975245323,0.4626666666666666
Kepler-1565 b,1.81,1.19,1.538188437,0.0241,0.76,0.73,4940.0,-0.16,1.81,0.2576785748691845,0.07554696139253074,0.18700954231607486,1.5210084033613447
Kepler-1602 b,2.36,1.34,11.17931605,0.09744,1.22,1.36,6296.0,0.02,2.36,0.37291200297010657,0.12710479836480765,1.0484152342483448,1.761194029850746
Kepler-1448 b,3.22,1.61,12.27065865,0.1058,0.95,0.93,5774.0,-0.16,3.22,0.5078558716958309,0.20682587603184974,1.0888678749016816,2.0
Kepler-1449 b,3.46,1.68,13.2274528,0.1176,1.08,1.1,5979.0,0.04,3.46,0.5390760987927766,0.22530928172586284,1.1214762204980941,2.0595238095238098
Kepler-1566 b,0.418,0.79,0.539915238,0.01198,0.84,0.81,5254.0,-0.07,0.418,-0.3788237182249648,-0.10237290870955855,-0.26767441528495733,0.5291139240506328
Kepler-1567 b,7.9,2.73,153.979578,0.552,0.95,0.93,5655.0,-0.03,7.9,0.8976270912904415,0.436162647040756,2.1874631250570284,2.8937728937728937
Kepler-597 b,6.21,2.37,13.02365861,0.10916,0.97,0.95,5683.0,-0.01,6.21,0.7930916001765802,0.37474834601010387,1.1147330035051701,2.620253164556962
Kepler-1603 b,2.21,1.29,2.27163926,0.0351,1.21,1.31,6241.0,0.07,2.21,0.3443922736851107,0.11058971029924898,0.3563393658460846,1.7131782945736433
Kepler-1450 b,3.57,1.71,54.5094166,0.2401,0.71,0.68,4524.0,-0.02,3.57,0.5526682161121932,0.23299611039215382,1.736471533912551,2.087719298245614
Kepler-1451 b,11.2,3.35,35.622233,0.2101,1.0,0.99,5782.0,0.01,11.2,1.0492180226701815,0.5250448070368452,1.5517211399779227,3.343283582089552
Kepler-603 d,2.3,1.32,6.2171292,0.07117,1.01,1.01,5808.0,0.03,2.3,0.36172783601759284,0.12057393120584989,0.7935898926639624,1.7424242424242422
Kepler-605 c,0.566,0.86,2.358951515,0.03336,0.91,0.88,5462.0,0.02,0.566,-0.24718356881172862,-0.06550154875643228,0.37271901465229745,0.6581395348837209
Kepler-1568 b,2.24,1.3,20.925392,0.15157,1.09,1.19,5956.0,0.09,2.24,0.35024801833416286,0.11394335230683679,1.3206736024761598,1.7230769230769232
Kepler-1606 b,4.94,2.07,196.435224,0.6421,0.9,0.86,5422.0,0.01,4.94,0.693726948923647,0.3159703454569177,2.2932193664305465,2.386473429951691
Kepler-1452 b,7.75,2.7,42.913751,0.25764,1.41,2.06,6101.0,0.14,7.75,0.8893017025063102,0.43136376415898736,1.632596476951785,2.8703703703703702
Kepler-1571 b,2.92,1.52,3.38555488,0.04287,1.23,1.39,6297.0,0.04,2.92,0.4653828514484183,0.18184358794477254,0.5296298581239882,1.9210526315789473
Kepler-1570 b,1.24,1.07,26.548955,0.16699,0.92,0.89,5550.0,-0.04,1.24,0.09342168516223506,0.029383777685209667,1.4240474313811307,1.158878504672897
Kepler-1572 b,0.779,0.94,5.49548621,0.05838,0.97,0.95,5618.0,0.08,0.779,-0.10846254232743553,-0.026872146400301365,0.7400061224153265,0.8287234042553192
Kepler-1607 b,0.721,0.92,13.6473676,0.11978,1.14,1.21,6116.0,0.05,0.721,-0.14206473528057098,-0.036212172654444715,1.1350488896885083,0.783695652173913
Kepler-1609 b,5.56,2.22,114.34219,0.4679,1.18,1.27,6132.0,0.1,5.56,0.7450747915820575,0.3463529744506387,2.05820650601545,2.5045045045045042
Kepler-1457 b,4.62,1.99,51.1110243,0.26391,1.01,1.01,5866.0,-0.05,4.62,0.6646419755561255,0.29885307640970665,1.7085145846018863,2.321608040201005
Kepler-1458 b,8.05,2.76,47.9872764,0.24869,0.96,0.94,5653.0,0.02,8.05,0.9057958803678685,0.4409090820652177,1.681126101505302,2.916666666666667
Kepler-217 d,2.3,1.32,3.88689525,0.0534,1.37,1.76,6341.0,0.09,2.3,0.36172783601759284,0.12057393120584989,0.5896028367568201,1.7424242424242422
Kepler-625 c,1.16,1.05,4.1653651,0.05379,1.04,0.96,5789.0,0.1,1.16,0.06445798922691845,0.021189299069938092,0.6196530739219416,1.1047619047619046
Kepler-653 c,0.399,0.78,0.900376476,0.01855,1.02,1.19,5665.0,0.23,0.399,-0.3990271043132517,-0.10790539730951958,-0.04557586026953133,0.5115384615384615
Kepler-1575 b,2.27,1.31,2.55314213,0.0366,0.95,0.92,5667.0,-0.07,2.27,0.35602585719312274,0.11727129565576427,0.407074992068869,1.732824427480916
Kepler-578 b,4.66,2.0,1.616883696,0.0266,0.87,0.83,5334.0,-0.03,4.66,0.6683859166900001,0.3010299956639812,0.2086787818099244,2.33
Kepler-1461 b,4.78,2.03,29.3494775,0.1715,0.79,0.74,4919.0,-0.04,4.78,0.6794278966121189,0.3074960379132129,1.4676003740372392,2.3546798029556655
Kepler-1541 b,1.65,1.16,8.40691199,0.07555,0.86,0.81,5282.0,-0.04,1.65,0.21748394421390627,0.06445798922691845,0.9246365009133658,1.4224137931034484
Kepler-1576 b,1.12,1.04,6.98471973,0.07211,1.05,1.06,5876.0,0.05,1.12,0.04921802267018165,0.01703333929878037,0.8441489842288001,1.076923076923077
Kepler-603 b,7.51,2.65,21.05358596,0.16052,1.01,1.01,5808.0,0.03,7.51,0.8756399370041684,0.42324587393680785,1.3233260778440674,2.8339622641509434
Kepler-640 b,7.08,2.56,22.24813967,0.15418,1.01,0.94,5653.0,0.15,7.08,0.850033257689769,0.4082399653118496,1.3472937022908338,2.765625
Kepler-722 b,7.41,2.63,4.093573252,0.0514,1.03,1.05,5863.0,0.02,7.41,0.8698182079793282,0.41995574848975786,0.6121025662303414,2.817490494296578
Kepler-634 b,4.23,1.89,5.16950177,0.05765,1.03,1.24,6075.0,-0.18,4.23,0.6263403673750424,0.2764618041732441,0.7134486883615386,2.2380952380952386
Kepler-701 b,8.45,2.84,10.35533177,0.0895,0.88,0.84,5343.0,0.0,8.45,0.9268567089496923,0.45331834004703764,1.0151640176256167,2.975352112676056
Kepler-709 b,8.85,2.92,16.08524954,0.1173,0.8,0.77,5071.0,-0.08,8.85,0.9469432706978255,0.4653828514484183,1.2064278027576887,3.030821917808219
Kepler-1625 b,30.6,6.06,287.378949,0.87762,0.96,0.94,5677.0,0.01,30.6,1.4857214264815801,0.7824726241662862,2.4584549521490207,5.04950495049505
Kepler-1501 b,3.05,1.56,14.5564533,0.11592,1.2,1.3,6229.0,0.04,3.05,0.48429983934678583,0.1931245983544616,1.1630555714142894,1.9551282051282048
Kepler-1500 b,1.87,1.2,15.0330105,0.1236,1.0,1.0,5845.0,-0.05,1.87,0.27184160653649897,0.07918124604762482,1.1770459608008252,1.5583333333333336
Kepler-1522 b,3.64,1.73,1.847889171,0.0288,0.96,0.93,5706.0,-0.07,3.64,0.561101383649056,0.2380461031287954,0.26667592041953103,2.1040462427745665
Kepler-702 b,61.8,9.17,10.526294063,0.088,0.9,0.86,5419.0,0.0,61.8,1.7909884750888159,0.9623693356700211,1.022275498319902,6.739367502726281
Kepler-641 b,4.08,1.85,9.48961571,0.0895,1.02,1.13,5713.0,0.15,4.08,0.6106601630898799,0.26717172840301384,0.9772486256616781,2.2054054054054055
Kepler-1626 b,4.74,2.02,4.13962966,0.0537,1.51,1.85,6826.0,0.04,4.74,0.6757783416740851,0.3053513694466238,0.6169614899584339,2.3465346534653464
Kepler-609 b,11.2,3.35,6.521210666,0.0682,1.09,1.14,5971.0,0.06,11.2,1.0492180226701815,0.5250448070368452,0.8143282302033975,3.343283582089552
Kepler-724 b,10.8,3.29,3.314946338,0.0433,0.9,0.86,5437.0,-0.02,10.8,1.0334237554869496,0.5171958979499743,0.5204765024846479,3.2826747720364744
Kepler-1504 b,5.18,2.13,82.304003,0.3704,0.85,0.81,5393.0,-0.17,5.18,0.714329759745233,0.3283796034387377,1.9154209584022253,2.431924882629108
Kepler-1505 b,0.749,0.93,30.8609366,0.18298,0.93,0.86,5686.0,-0.18,0.749,-0.12551818230053352,-0.03151705144606486,1.4894091023505673,0.8053763440860214
Kepler-1524 b,12.3,3.54,70.9674603,0.3392,1.17,1.25,6179.0,0.04,12.3,1.089905111439398,0.5490032620257879,1.8510592634868623,3.4745762711864407
Kepler-495 b,23.8,5.23,3.413036221,0.0427,0.86,0.83,5346.0,-0.07,23.8,1.376576957056512,0.7185016888672743,0.5331408972727666,4.550669216061185
Kepler-710 b,4.19,1.88,4.347285527,0.0524,0.94,0.91,5611.0,-0.04,4.19,0.6222140229662954,0.2741578492636798,0.6382181653181046,2.2287234042553195
Kepler-540 b,7.8,2.71,172.7049784,0.58822,1.02,1.08,5946.0,-0.1,7.8,0.8920946026904804,0.4329692908744057,2.2373048567364577,2.878228782287823
Kepler-1644 b,4.19,1.88,21.0907758,0.142,0.89,0.86,5499.0,-0.1,4.19,0.6222140229662954,0.2741578492636798,1.3240925550577545,2.2287234042553195
Kepler-1507 b,0.52,0.84,16.0506213,0.11946,0.89,0.85,5410.0,-0.03,0.52,-0.28399665636520083,-0.07572071393811836,1.2054918480766665,0.6190476190476191
Kepler-1506 b,2.3,1.32,14.0329154,0.1168,0.95,0.93,5676.0,-0.05,2.3,0.36172783601759284,0.12057393120584989,1.1471479069941566,1.7424242424242422
Kepler-1086 c,8.96,2.94,161.5163345,0.503,0.7,0.66,4350.0,0.06,8.96,0.9523080096621253,0.46834733041215726,2.2082164500385617,3.047619047619048
Kepler-604 b,7.22,2.59,25.85501786,0.1735,1.02,1.03,5890.0,-0.02,7.22,0.8585371975696391,0.4132997640812518,1.4125448421079636,2.787644787644788
Kepler-1627 b,13.2,3.69,7.20283653,0.0643,0.87,0.84,5445.0,-0.1,13.2,1.1205739312058498,0.5670263661590603,0.8575035584772916,3.5772357723577235
Kepler-1510 b,11.2,3.36,84.703921,0.4089,1.19,1.28,6200.0,0.04,11.2,1.0492180226701815,0.526339277389844,1.927903514572141,3.333333333333333
Kepler-1511 b,3.46,1.68,23.2382792,0.1753,1.17,1.29,6064.0,0.14,3.46,0.5390760987927766,0.22530928172586284,1.3662039653011717,2.0595238095238098
Kepler-1526 b,6.48,2.43,3.908632005,0.0418,0.73,0.69,4601.0,-0.01,6.48,0.8115750058705934,0.38560627359831223,0.5920247838318331,2.6666666666666665
Kepler-643 b,321.0083,10.16,16.33889626,0.13485,1.0,2.52,4908.0,0.13,321.0083,2.50651626168088,1.0068937079479006,1.213222715330927,31.595305118110236
Kepler-642 b,8.75,2.9,4.41745855,0.05631,1.4,1.66,6570.0,0.06,8.75,0.9420080530223133,0.4623979978989561,0.645172483115818,3.0172413793103448
Kepler-711 b,11.5,3.41,23.58914398,0.1429,0.84,0.8,5222.0,-0.04,11.5,1.0606978403536116,0.5327543789924978,1.3727121811777636,3.3724340175953076
Kepler-726 b,10.7,3.26,21.80451088,0.1406,0.88,0.85,5452.0,-0.09,10.7,1.0293837776852097,0.5132176000679389,1.3385463490007543,3.2822085889570554
Kepler-401 d,5.77,2.27,184.256405,0.66886,1.17,1.29,6184.0,0.02,5.77,0.7611758131557314,0.35602585719312274,2.265422593452712,2.541850220264317
Kepler-1512 b,1.76,1.18,20.35972599,0.13693,0.73,0.67,4372.0,0.2,1.76,0.24551266781414982,0.07188200730612536,1.308771928781039,1.4915254237288136
Kepler-1528 b,2.73,1.46,1.791110205,0.0296,1.03,1.03,5857.0,0.03,2.73,0.436162647040756,0.1643528557844371,0.2531223083230227,1.86986301369863
Kepler-1529 b,5.06,2.1,5.33905686,0.0525,0.81,0.77,5048.0,-0.03,5.06,0.7041505168397991,0.3222192947339193,0.7274645460410419,2.4095238095238094
Kepler-1388 d,8.55,2.86,20.9568158,0.126,0.63,0.61,4098.0,0.02,8.55,0.9319661147281727,0.456366033129043,1.3213252961770472,2.98951048951049
Kepler-622 b,5.18,2.13,14.28226676,0.0978,0.64,0.61,4201.0,-0.09,5.18,0.714329759745233,0.3283796034387377,1.1547971404397763,2.431924882629108
Kepler-1530 b,3.33,1.64,2.5904434,0.03553,0.92,0.88,5477.0,0.03,3.33,0.5224442335063199,0.21484384804769785,0.4133741075915954,2.030487804878049
Kepler-1530 c,3.36,1.65,5.3227406,0.05744,0.92,0.88,5477.0,0.03,3.36,0.526339277389844,0.21748394421390627,0.7261353016539372,2.0363636363636366
Kepler-1632 b,6.66,2.47,448.303558,0.6762,1.12,1.19,6137.0,0.0,6.66,0.8234742291703011,0.39269695325966575,2.651572185695225,2.6963562753036436
Kepler-1631 b,2.39,1.35,4.09513932,0.0511,0.97,0.95,5679.0,0.04,2.39,0.3783979009481377,0.13033376849500614,0.6122686814024145,1.7703703703703704
Kepler-1534 b,4.23,1.89,5.71668872,0.0599,0.9,0.86,5442.0,-0.01,4.23,0.6263403673750424,0.2764618041732441,0.757144545044987,2.2380952380952386
Kepler-1531 b,1.41,1.11,1.138543376,0.02204,1.16,1.27,6260.0,-0.03,1.41,0.14921911265537988,0.045322978786657475,0.05634958093148671,1.2702702702702702
Kepler-1093 c,4.5,1.96,89.722292,0.41037,1.13,1.2,6166.0,-0.01,4.5,0.6532125137753437,0.292256071356476,1.952900359318402,2.295918367346939
Kepler-714 b,67.6,9.67,8.098887986,0.0832,1.09,1.12,5995.0,0.04,67.6,1.829946695941636,0.9854264740830017,0.908425392372784,6.990692864529472
Kepler-1633 b,3.12,1.58,186.404271,0.3875,1.2,1.32,6256.0,0.02,3.12,0.4941545940184428,0.19865708695442263,2.270455858932566,1.9746835443037976
Kepler-713 b,6.71,2.48,7.411141,0.0748,0.98,0.99,5785.0,-0.03,6.71,0.8267225201689921,0.3944516808262163,0.8698850759761755,2.7056451612903225
Kepler-1480 b,3.43,1.67,22.12679948,0.1525,0.85,0.81,5156.0,0.07,3.43,0.5352941200427705,0.22271647114758325,1.3449186001587985,2.0538922155688626
Kepler-1479 b,4.01,1.83,14.53261362,0.11341,0.99,0.98,5796.0,-0.02,4.01,0.6031443726201823,0.26245108973042947,1.1623437270762935,2.191256830601093
Kepler-1481 b,2.04,1.23,5.94220998,0.059,0.8,0.75,4908.0,0.04,2.04,0.3096301674258988,0.08990511143939793,0.7739479944121158,1.6585365853658538
Kepler-990 c,2.96,1.53,0.538354308,0.01232,1.05,1.08,5948.0,0.01,2.96,0.4712917110589386,0.1846914308175988,-0.268931807301072,1.934640522875817
Kepler-969 c,0.937,0.99,1.682934604,0.0265,0.92,0.82,5214.0,0.22,0.937,-0.02826040911222171,-0.004364805402450088,0.22606724035268583,0.9464646464646466
Kepler-489 b,46.1,7.72,17.276296119,0.12109,0.82,0.76,5014.0,0.0,46.1,1.6637009253896482,0.8876173003357362,1.2374506393292433,5.971502590673576
Kepler-1532 b,2.39,1.35,1.093663559,0.0206,0.91,0.88,5559.0,-0.1,2.39,0.3783979009481377,0.13033376849500614,0.03888374161176548,1.7703703703703704
Kepler-605 b,2.67,1.44,3.383538066,0.04244,0.91,0.88,5462.0,0.02,2.67,0.42651126136457523,0.15836249209524964,0.5293710668135038,1.8541666666666667
Kepler-1635 b,12.9,3.64,469.63111,1.12664,0.89,0.85,5347.0,0.06,12.9,1.110589710299249,0.561101383649056,2.6717568583711966,3.543956043956044
Kepler-1483 b,2.92,1.52,9.5085156,0.0958,1.25,1.4,6337.0,0.04,2.92,0.4653828514484183,0.18184358794477254,0.9781127233468094,1.9210526315789473
Kepler-545 b,7.7,2.69,13.24934059,0.11248,1.04,1.07,5882.0,0.03,7.7,0.8864907251724818,0.42975228000240795,1.1221942642916487,2.862453531598513
Kepler-636 b,18.1,4.45,16.080661147,0.1185,0.85,0.8,5203.0,-0.02,18.1,1.2576785748691846,0.6483600109809317,1.20630390054372,4.067415730337078
Kepler-1016 c,13.1,3.68,105.6551369,0.43519,0.99,1.0,5821.0,-0.03,13.1,1.1172712956557642,0.5658478186735176,2.02389061708251,3.559782608695652
Kepler-1535 b,7.04,2.55,138.9442,0.5329,1.08,1.11,6021.0,0.0,7.04,0.8475726591421122,0.4065401804339551,2.1428404225738573,2.7607843137254906
Kepler-600 b,8.75,2.9,23.67517607,0.1536,0.84,0.81,5279.0,-0.09,8.75,0.9420080530223133,0.4623979978989561,1.3742932174934774,3.0172413793103448
Kepler-717 b,6.44,2.42,4.40840023,0.052,0.88,0.85,5485.0,-0.12,6.44,0.8088858673598122,0.38381536598043126,0.6442810163768435,2.6611570247933884
Kepler-1485 b,2.76,1.47,19.9157725,0.14732,1.11,1.12,6087.0,0.02,2.76,0.4409090820652177,0.1673173347481761,1.2991971566394258,1.8775510204081631
Kepler-1484 b,5.1,2.11,30.4549136,0.1939,0.94,0.92,5730.0,-0.17,5.1,0.7075701760979364,0.3242824552976926,1.4836573717541546,2.4170616113744074
Kepler-1486 b,5.99,2.32,54.6495759,0.2846,1.08,1.12,5965.0,0.06,5.99,0.7774268223893114,0.3654879848908996,1.7375867960203155,2.5818965517241383
Kepler-342 e,0.615,0.88,1.644224613,0.02909,1.26,1.34,6366.0,0.12,0.615,-0.21112488422458328,-0.05551732784983137,0.21596114503083552,0.6988636363636364
Kepler-582 b,13.1,3.68,18.49235668,0.1254,0.93,0.91,5564.0,0.01,13.1,1.1172712956557642,0.5658478186735176,1.2669922615052776,3.559782608695652
Kepler-1129 c,7.9,2.73,76.5369586,0.35367,1.0,1.0,5831.0,-0.04,7.9,0.8976270912904415,0.436162647040756,1.8838712003828506,2.8937728937728937
Kepler-1538 b,8.35,2.82,175.138819,0.6095,1.03,1.03,5837.0,0.02,8.35,0.921686475483602,0.45024910831936105,2.243382416837272,2.9609929078014185
Kepler-644 b,10.1,3.15,3.173917103,0.04641,1.49,1.81,6747.0,0.08,10.1,1.0043213737826426,0.4983105537896005,0.5015955795770486,3.2063492063492065
Kepler-1487 b,5.18,2.13,7.31946363,0.0898,1.38,1.63,6541.0,0.04,5.18,0.714329759745233,0.3283796034387377,0.8644792571422635,2.431924882629108
Kepler-581 b,7.41,2.63,40.6069821,0.2259,1.0,1.0,5772.0,0.03,7.41,0.8698182079793282,0.41995574848975786,1.6086007140401581,2.817490494296578
Kepler-1516 b,3.71,1.75,7.25931979,0.0718,1.04,1.07,5904.0,0.03,3.71,0.5693739096150459,0.24303804868629444,0.8608959285114755,2.12
Kepler-1047 c,0.937,0.99,3.18897601,0.04413,1.08,1.13,5754.0,0.29,0.937,-0.02826040911222171,-0.004364805402450088,0.5036512521486319,0.9464646464646466
Kepler-1409 b,1.12,1.04,0.764864926,0.01553,0.83,0.79,5160.0,-0.03,1.12,0.04921802267018165,0.01703333929878037,-0.11641525382983979,1.076923076923077
Kepler-585 b,8.4,2.83,2.752359753,0.03841,0.96,0.93,5593.0,0.03,8.4,0.9242792860618817,0.45178643552429026,0.4397051986519714,2.9681978798586575
Kepler-1488 b,4.12,1.86,39.8189932,0.24153,1.05,1.31,5820.0,0.06,4.12,0.6148972160331346,0.26951294421791633,1.6000902749477417,2.21505376344086
Kepler-697 b,16.0,4.13,3.709870645,0.0471,0.92,0.88,5513.0,-0.01,16.0,1.2041199826559248,0.615950051656401,0.5693587669891431,3.87409200968523
Kepler-1425 b,0.779,0.94,14.4541302,0.11435,0.97,0.95,5718.0,-0.03,0.779,-0.10846254232743553,-0.026872146400301365,1.1599919624400241,0.8287234042553192
Kepler-1350 c,3.64,1.73,1.766789062,0.0222,0.55,0.53,3827.0,-0.06,3.64,0.561101383649056,0.2380461031287954,0.24718470192450875,2.1040462427745665
Kepler-719 b,54.5,8.52,5.007317779,0.0556,0.99,0.98,5777.0,-0.02,54.5,1.7363965022766426,0.9304395947667001,0.699605153868816,6.396713615023475
Kepler-1491 b,2.89,1.51,16.5861762,0.127,1.0,0.99,5728.0,0.06,2.89,0.4608978427565479,0.17897694729316943,1.2197462747133256,1.913907284768212
Kepler-1492 b,2.83,1.49,16.75255007,0.1262,0.77,0.72,4712.0,0.06,2.83,0.45178643552429026,0.17318626841227402,1.2240809246286783,1.8993288590604027
Kepler-698 b,13.1,3.68,16.32976218,0.1255,0.94,0.91,5612.0,-0.03,13.1,1.1172712956557642,0.5658478186735176,1.2129798598949184,3.559782608695652
Kepler-1454 b,4.19,1.88,47.0319479,0.2447,0.9,0.86,5448.0,-0.02,4.19,0.6222140229662954,0.2741578492636798,1.672392966088258,2.2287234042553195
Kepler-460 c,26.1,5.52,220.1303357,0.75318,1.17,1.26,6146.0,0.06,26.1,1.416640507338281,0.7419390777291989,2.342679895889509,4.728260869565218
Kepler-720 b,53.4,8.41,4.708326542,0.0539,0.95,0.92,5618.0,0.0,53.4,1.7275412570285564,0.9247959957979122,0.6728665753419266,6.349583828775267
Kepler-547 b,15.1,4.0,6.010384289,0.058,0.78,0.73,4828.0,0.01,15.1,1.1789769472931695,0.6020599913279624,0.7789022405978527,3.775
Kepler-1494 b,9.64,3.07,91.080482,0.3982,0.96,0.94,5659.0,0.01,9.64,0.9840770339028309,0.48713837547718647,1.959425320245547,3.140065146579805
Kepler-1520 b,28.1,5.77,0.653553572,0.0129,0.76,0.71,4677.0,0.04,28.1,1.4487063199050798,0.7611758131557314,-0.18471880736362564,4.870017331022531
Kepler-1065 c,3.19,1.6,2.37030743,0.0344,0.94,0.93,5635.0,-0.01,3.19,0.5037906830571811,0.2041199826559248,0.374804677863989,1.99375
Kepler-707 b,2.33,1.33,2.237492751,0.0325,0.8,0.76,5099.0,-0.12,2.33,0.367355921026019,0.12385164096708581,0.349761636968598,1.7518796992481203
Kepler-602 b,5.02,2.09,15.28469497,0.1224,1.08,1.13,6062.0,-0.02,5.02,0.7007037171450193,0.32014628611105395,1.1842567761227778,2.401913875598086
Kepler-606 b,11.0,3.31,24.31575992,0.17,1.13,1.22,6161.0,0.01,11.0,1.0413926851582251,0.5198279937757188,1.3858878467565743,3.323262839879154
Kepler-721 b,7.46,2.64,5.392025388,0.0583,0.82,0.78,5075.0,-0.01,7.46,0.8727388274726688,0.42160392686983106,0.7317519283793312,2.8257575757575757
Kepler-937 c,7.61,2.67,153.343364,0.5545,1.15,1.22,6095.0,0.08,7.61,0.8813846567705729,0.42651126136457523,2.1856649864447486,2.850187265917603
Kepler-638 b,4.01,1.83,6.07972888,0.06695,0.88,0.93,5382.0,0.04,4.01,0.6031443726201823,0.26245108973042947,0.7838842127356822,2.191256830601093
Kepler-1073 c,3.33,1.64,4.02582254,0.0483,1.0,1.0,5792.0,0.0,3.33,0.5224442335063199,0.21484384804769785,0.6048546270858273,2.030487804878049
HATS-30 b,224.38798,13.170575,3.1743516,0.04354,1.093,1.061,5943.0,0.06,224.38798,2.350999588950041,1.1196047357724066,0.5016550287461454,17.03706785770553
K2-84 c,4.78,2.03,27.86,0.1768,0.95,0.93,5652.0,0.278,4.78,0.6794278966121189,0.3074960379132129,1.4449811120879448,2.3546798029556655
K2-88 b,2.04,1.23,4.6122,0.0345,0.258,0.256,3537.0,,2.04,0.3096301674258988,0.08990511143939793,0.6639081314529109,1.6585365853658538
Kepler-615 b,3.68,1.74,10.35584657,0.085,0.73,0.69,4655.0,-0.07,3.68,0.5658478186735176,0.24054924828259971,1.0151856073966725,2.1149425287356323
Kepler-506 b,7.9,2.73,6.8834055,0.07437,1.19,1.19,6236.0,0.09,7.9,0.8976270912904415,0.436162647040756,0.8378033545058056,2.8937728937728937
Kepler-668 b,7.75,2.7,8.35390639,0.0768,0.87,0.82,5352.0,-0.06,7.75,0.8893017025063102,0.43136376415898736,0.9218896044538537,2.8703703703703702
Kepler-669 b,20.8,4.83,4.125546869,0.0529,1.15,1.2,6038.0,0.14,20.8,1.3180633349627615,0.6839471307515121,0.6154815253579613,4.306418219461698
HATS-15 b,689.6911,12.385945,1.74748753,0.02712,0.871,0.922,5311.0,0.0,689.6911,2.838654621746767,1.092929147185781,0.24241408532100242,55.68336529832807
HATS-16 b,1039.3041,14.5717,2.686502,0.03744,0.97,1.238,5738.0,-0.1,1039.3041,3.0167426405585234,1.1635102214714883,0.4291871682207896,71.32346260216723
K2-89 b,0.17,0.615,1.096026,0.01462,0.347,0.318,3691.0,,0.17,-0.769551078621726,-0.21112488422458328,0.03982085663247234,0.2764227642276423
K2-91 b,1.37,1.1,1.419549,0.0164,0.292,0.284,3622.0,,1.37,0.1367205671564068,0.04139268515822508,0.15215038809986828,1.2454545454545454
Kepler-737 b,4.5,1.96,28.59915399,0.1422,0.51,0.48,3813.0,-0.24,4.5,0.6532125137753437,0.292256071356476,1.4563531861741834,2.295918367346939
Kepler-671 b,7.7,2.69,4.280958588,0.0503,0.97,0.95,5624.0,0.08,7.7,0.8864907251724818,0.42975228000240795,0.6315410266920357,2.862453531598513
K2-5 c,5.73,2.26,10.93241,0.0818,0.61,0.57,3930.0,-0.33,5.73,0.75815462196739,0.35410843914740087,1.0387159107446093,2.535398230088496
K2-5 b,4.31,1.91,5.73594,0.0532,0.61,0.57,3930.0,-0.33,4.31,0.6344772701607315,0.28103336724772754,0.7586045998066754,2.256544502617801
Kepler-223 c,5.1,3.44,9.84564,0.09117,1.125,1.72,5803.0,0.1,5.1,0.7075701760979364,0.5365584425715301,0.9932439520063285,1.4825581395348837
WASP-98 b,293.03926,12.823096,2.96264036,0.03762,0.809,0.741,5473.0,-0.49,293.03926,2.4669258089518666,1.1079928936216568,0.4716789349268435,22.852457783986022
Kepler-223 b,7.4,2.99,7.38449,0.07525,1.125,1.72,5803.0,0.1,7.4,0.8692317197309762,0.4756711883244297,0.8683205067117384,2.4749163879598663
Kepler-672 b,6.8,2.5,38.3774623,0.2163,0.95,0.92,5627.0,-0.01,6.8,0.8325089127062363,0.3979400086720376,1.5840762537359752,2.7199999999999998
Kepler-571 b,7.46,2.64,4.798599388,0.0546,0.93,0.9,5527.0,0.01,7.46,0.8727388274726688,0.42160392686983106,0.6811144942868059,2.8257575757575757
K2-16 b,4.74,2.02,7.6188,0.0667,0.68,0.66,4742.0,-0.33,4.74,0.6757783416740851,0.3053513694466238,0.8818865731219769,2.3465346534653464
K2-16 c,6.99,2.54,19.07863,0.1229,0.68,0.66,4742.0,-0.33,6.99,0.8444771757456814,0.40483371661993806,1.2805471856300255,2.751968503937008
K2-8 c,6.39,2.41,5.06416,0.0532,0.78,0.74,4870.0,-0.02,6.39,0.8055008581584001,0.3820170425748684,0.7045074185771077,2.6514522821576763
Kepler-223 d,8.0,5.24,14.78869,0.11956,1.125,1.72,5803.0,0.1,8.0,0.9030899869919435,0.7193312869837266,1.1699297053715636,1.5267175572519083
Kepler-653 b,4.46,1.95,14.70748976,0.11945,1.02,1.19,5665.0,0.23,4.46,0.6493348587121419,0.290034611362518,1.1675385546847064,2.287179487179487
Kepler-742 b,10.6,3.24,8.360868238,0.0744,0.76,0.71,4642.0,0.07,10.6,1.0253058652647702,0.5105450102066121,0.9222513792803024,3.271604938271605
Kepler-673 b,34.8,6.54,3.728731093,0.0455,0.88,0.84,5355.0,0.0,34.8,1.541579243946581,0.8155777483242672,0.5715610642309069,5.321100917431192
Kepler-154 d,14.1,3.84,20.54981883,0.14354,0.98,0.98,5769.0,-0.04,14.1,1.14921911265538,0.5843312243675308,1.3128079974296978,3.671875
HD 87646 b,3941.092,12.4,13.481,0.117,1.12,1.55,5770.0,-0.17,3941.092,3.5956165730604726,1.0934216851622351,1.1297221086958777,317.83
Kepler-80 e,4.13,1.6,4.64489,0.0491,0.73,0.678,4540.0,0.04,4.13,0.615950051656401,0.2041199826559248,0.6669754335161673,2.58125
Kepler-654 b,4.94,2.07,13.72465129,0.11664,1.04,1.11,5865.0,0.04,4.94,0.693726948923647,0.3159703454569177,1.13750131889607,2.386473429951691
Kepler-148 d,56.3,8.68,51.84688575,0.2607,0.86,0.81,5172.0,0.07,56.3,1.7505083948513462,0.9385197251764918,1.71472267505082,6.486175115207373
Kepler-676 b,9.48,3.04,11.59822172,0.0798,0.51,0.49,3701.0,-0.02,9.48,0.9768083373380663,0.48287358360875376,1.0643914067791678,3.118421052631579
WASP-85 A b,402.05495,13.89916,2.6556777,0.039,1.09,0.935,6112.0,0.118,402.05495,2.604285413410074,1.1429885543268865,0.42417536677846274,28.926564626927096
Kepler-80 f,4459.73,1.21,0.9867873,0.0175,0.73,0.678,4540.0,0.04,4459.73,3.649308566546314,0.08278537031645007,-0.0057764485371988574,3685.7272727272725
Kepler-656 b,9.91,3.12,1.260259094,0.02231,0.86,0.82,5281.0,-0.04,9.91,0.9960736544852753,0.4941545940184428,0.10045983998026853,3.176282051282051
Kepler-655 b,7.8,2.71,46.4063358,0.25697,1.15,1.24,6170.0,0.0,7.8,0.8920946026904804,0.4329692908744057,1.666577278294825,2.878228782287823
Kepler-678 b,23.1,5.14,7.27503724,0.0732,0.94,0.91,5520.0,0.07,23.1,1.3636119798921444,0.7109631189952758,0.8618352207624276,4.4941634241245145
Kepler-572 b,7.18,2.58,17.20523483,0.1192,0.83,0.79,5212.0,-0.1,7.18,0.8561244442423003,0.41161970596323016,1.2356606045755014,2.782945736434108
WASP-114 b,562.24127,15.008851,1.5487743,0.02851,1.289,1.43,5940.0,0.14,562.24127,2.7499227208079606,1.1763474461766603,0.18998813344263138,37.46064705419489
WASP-113 b,150.96925,15.793481,4.54216874538,0.05885,1.318,1.608,5890.0,0.1,150.96925,2.1788884975231038,1.1984778622740078,0.6572632645878248,9.558959801198988
HD 59686 A b,2199.3836,12.7,299.36,1.086,1.9,13.2,4658.0,0.15,2199.3836,3.342300982354995,1.1038037209559568,2.476193770155935,173.17981102362208
Kepler-679 b,9.32,3.01,12.39358604,0.0983,0.87,0.84,5403.0,-0.09,9.32,0.9694159123539814,0.47856649559384334,1.0931969861217015,3.0963455149501664
Kepler-680 b,6.44,2.42,3.689926291,0.0469,1.08,1.11,5890.0,0.13,6.44,0.8088858673598122,0.38381536598043126,0.5670176908930197,2.6611570247933884
K2-47 b,4.23,1.89,31.6372,0.1779,0.75,0.76,5054.0,-0.224,4.23,0.6263403673750424,0.2764618041732441,1.5001980399849657,2.2380952380952386
K2-48 b,5.65,2.24,20.5065,0.1344,0.77,0.73,4899.0,-0.19,5.65,0.7520484478194386,0.35024801833416286,1.3118915423577924,2.5223214285714284
Kepler-617 b,2.3,1.32,1.682696148,0.0219,0.51,0.48,3712.0,-0.07,2.3,0.36172783601759284,0.12057393120584989,0.22600570055062144,1.7424242424242422
Kepler-588 b,7.41,2.63,4.221625357,0.052,1.01,1.0,5835.0,0.0,7.41,0.8698182079793282,0.41995574848975786,0.6254796897468825,2.817490494296578
Kepler-573 b,8.2,2.79,22.18329658,0.14527,0.99,1.02,5746.0,0.02,8.2,0.9138138523837167,0.44560420327359757,1.3460260855515989,2.9390681003584227
Kepler-681 b,9.69,3.08,26.39435646,0.1635,0.8,0.76,5021.0,-0.04,9.69,0.9863237770507653,0.4885507165004443,1.4215110776164608,3.146103896103896
K2-49 b,4.38,1.93,2.77065,0.0309,0.51,0.45,4175.0,,4.38,0.6414741105040995,0.28555730900777376,0.44258166736682536,2.2694300518134716
K2-58 b,7.65,2.68,7.05254,0.0692,0.89,0.86,5413.0,0.11,7.65,0.8836614351536176,0.42813479402878885,0.8483455580291072,2.8544776119402986
Kepler-1600 b,9.96,3.13,386.370548,0.98141,0.86,0.82,5214.0,0.07,9.96,0.9982593384236987,0.49554433754644844,2.587004013891037,3.1821086261980835
Kepler-727 b,6.94,2.53,5.154484417,0.0546,0.89,0.86,5441.0,-0.01,6.94,0.8413594704548549,0.40312052117581787,0.7121852310065082,2.7430830039525693
Kepler-589 b,5.77,2.27,16.54964934,0.1196,0.88,0.83,5296.0,0.01,5.77,0.7611758131557314,0.35602585719312274,1.218788796219508,2.541850220264317
Kepler-660 b,7.13,2.57,9.27358194,0.0759,0.75,0.71,4779.0,-0.07,7.13,0.8530895298518656,0.4099331233312945,0.96724751368147,2.77431906614786
K2-58 c,3.26,1.62,2.53726,0.035,0.89,0.86,5413.0,0.11,3.26,0.5132176000679389,0.20951501454263097,0.40436497285029277,2.0123456790123453
K2-58 d,3.57,1.71,22.8827,0.1517,0.89,0.86,5413.0,0.11,3.57,0.5526682161121932,0.23299611039215382,1.359507266883197,2.087719298245614
Kepler-560 b,3.61,1.72,18.47764449,0.0899,0.34,0.33,3556.0,-0.39,3.61,0.557507201905658,0.2355284469075489,1.2666466070249536,2.0988372093023258
Kepler-550 b,17.9,4.42,8.600104109,0.0747,0.87,0.83,5322.0,-0.02,17.9,1.252853030979893,0.6454222693490919,0.9345037086494451,4.049773755656108
Kepler-496 b,5.99,2.32,8.30864937,0.0747,0.86,0.82,5293.0,-0.03,5.99,0.7774268223893114,0.3654879848908996,0.9195304318672439,2.5818965517241383
KELT-10 b,215.80657,15.681391,4.1662739,0.0525,1.112,1.209,5948.0,0.09,215.80657,2.334064662178739,1.1953845836564791,0.619747818023725,13.761953260396352
Kepler-712 c,21.0,4.85,226.89047,0.66479,0.84,0.78,5148.0,-0.03,21.0,1.3222192947339193,0.6857417386022636,2.3558162547508146,4.3298969072164954
K2-59 c,5.9,2.3,11.2954,0.0905,0.774,0.731,5055.0,,5.9,0.7708520116421442,0.36172783601759284,1.0529016150453878,2.565217391304348
K2-59 b,6.39,2.41,20.6921,0.1354,0.774,0.731,5055.0,,6.39,0.8055008581584001,0.3820170425748684,1.3158045685840993,2.6514522821576763
Kepler-650 b,9.06,2.96,3.032145588,0.0421,1.08,1.35,5849.0,0.13,9.06,0.9571281976768131,0.4712917110589386,0.48175005004282073,3.060810810810811
Kepler-728 b,11.1,3.34,5.743477265,0.0625,0.95,0.93,5660.0,-0.03,11.1,1.0453229787866574,0.5237464668115644,0.7591749062940125,3.3233532934131738
Kepler-663 b,7.27,2.6,4.99678284,0.0559,0.86,0.82,5264.0,0.03,7.27,0.8615344108590378,0.414973347970818,0.6986904754303704,2.796153846153846
Kepler-1629 b,0.381,0.77,3.87595807,0.0485,1.01,1.01,5776.0,0.05,0.381,-0.4190750243243807,-0.11350927482751812,0.5883790702192532,0.4948051948051948
K2-64 b,4.94,2.07,6.53044,0.0619,0.741,0.726,5312.0,,4.94,0.693726948923647,0.3159703454569177,0.814942443623373,2.386473429951691
K2-63 b,10.5,3.22,20.257,0.1627,1.4,1.63,6771.0,,10.5,1.021189299069938,0.5078558716958309,1.306575128096449,3.260869565217391
Kepler-729 b,12.5,3.58,3.166353714,0.0432,0.94,0.91,5633.0,-0.05,12.5,1.0969100130080565,0.5538830266438743,0.5005594283588745,3.4916201117318435
Kepler-618 b,7.27,2.6,3.595769645,0.0449,1.05,1.08,5860.0,0.08,7.27,0.8615344108590378,0.414973347970818,0.5557918618404482,2.796153846153846
WASP-129 b,317.83,10.42437,5.748145,0.0628,1.0,0.9,5900.0,0.15,317.83,2.5021948878982374,1.0180498177185866,0.7595277149085362,30.489132676603
WASP-133 b,368.6828,13.56289,2.176423,0.0345,1.16,1.44,5700.0,0.29,368.6828,2.5666528771251556,1.1323522394811014,0.3377433067947491,27.18320357976803
K2-69 b,5.99,2.32,7.06599,0.0591,0.551,0.491,4127.0,,5.99,0.7774268223893114,0.3654879848908996,0.8491730184727452,2.5818965517241383
K2-68 b,3.12,1.58,8.05428,0.0708,0.73,0.675,4746.0,-0.21,3.12,0.4941545940184428,0.19865708695442263,0.9060267234016843,1.9746835443037976
Kepler-590 b,15.2,4.02,5.85296257,0.0647,1.1,1.15,6000.0,0.07,15.2,1.1818435879447726,0.60422605308447,0.7673757467872652,3.781094527363184
Kepler-664 b,7.56,2.66,2.525593315,0.0374,1.01,1.02,5754.0,0.07,7.56,0.8785217955012065,0.424881636631067,0.4023634193504051,2.8421052631578942
K2-75 b,7.61,2.67,7.8142,0.081,1.16,1.56,5995.0,0.3,7.61,0.8813846567705729,0.42651126136457523,0.8928845225510154,2.850187265917603
K2-71 b,5.27,2.15,6.98541,0.0559,0.477,0.426,4006.0,,5.27,0.7218106152125465,0.33243845991560533,0.8441919015757484,2.4511627906976745
Kepler-591 b,11.4,3.39,81.1694299,0.3554,0.97,0.94,5677.0,0.01,11.4,1.0569048513364727,0.5301996982030822,1.9093924956756971,3.3628318584070795
HATS-25 b,194.82979,14.12334,4.2986432,0.05163,0.994,1.107,5715.0,0.02,194.82979,2.2896553624166525,1.1499374142822143,0.6333313988965189,13.794880672702066
HATS-26 b,206.5895,19.61575,3.3023881,0.04735,1.299,2.04,6071.0,-0.02,206.5895,2.3151082445410927,1.2926049178509458,0.5188281106542046,10.53181754457515
K2-80 b,4.7,2.01,19.0918,0.135,0.9,0.87,5441.0,0.07,4.7,0.6720978579357175,0.30319605742048883,1.2808468761786327,2.338308457711443
K2-75 c,8.1,2.77,18.311,0.1429,1.16,1.56,5995.0,0.3,8.1,0.9084850188786497,0.4424797690644486,1.2627120626317263,2.9241877256317688
Kepler-736 b,8.91,2.93,3.60147201,0.0428,0.86,0.81,5217.0,0.03,8.91,0.9498777040368748,0.4668676203541095,0.5564800438663432,3.040955631399317
Kepler-735 b,9.01,2.95,11.51516988,0.0965,0.85,0.8,5107.0,0.07,9.01,0.9547247909790629,0.46982201597816303,1.0612703493694962,3.054237288135593
Kepler-569 b,10.1,3.16,34.18890521,0.19784,0.95,0.93,5616.0,0.01,10.1,1.0043213737826426,0.49968708261840383,1.5338851941318294,3.1962025316455693
Kepler-592 b,6.3,2.39,2.820192408,0.0397,1.04,1.04,5913.0,-0.03,6.3,0.7993405494535817,0.3783979009481377,0.4502787391286179,2.6359832635983262
HATS-27 b,168.4499,16.8135,4.637038,0.0611,1.415,1.74,6438.0,0.09,168.4499,2.2264707574990266,1.2256581282203327,0.6662406549043641,10.018728997531746
K2-83 c,2.8,1.483,9.99767,0.07131,0.484,0.424,3910.0,,2.8,0.4471580313422192,0.17114115102838207,0.9998987975951784,1.8880647336480105
K2-84 b,6.39,2.41,6.4215,0.0665,0.95,0.93,5652.0,0.278,6.39,0.8055008581584001,0.3820170425748684,0.8076364868899907,2.6514522821576763
Kepler-562 b,23.7,5.21,18.009314436,0.1333,0.93,0.9,5575.0,-0.04,23.7,1.3747483460101038,0.7168377232995244,1.2554971807635023,4.5489443378119
Kepler-651 b,6.21,2.37,21.38521506,0.14078,0.92,0.87,5522.0,-0.04,6.21,0.7930916001765802,0.37474834601010387,1.330113622088815,2.620253164556962
Kepler-593 b,8.6,2.87,21.21708973,0.1508,1.08,1.1,5967.0,0.04,8.6,0.9344984512435677,0.4578818967339923,1.326685813077051,2.9965156794425085
Kepler-570 b,6.57,2.45,4.301662003,0.0497,0.93,0.9,5496.0,0.06,6.57,0.8175653695597808,0.3891660843645325,0.6336362833181183,2.6816326530612242
Kepler-1650 b,0.84,0.96,1.53818001,0.0167,0.326,0.334,3410.0,-0.11,0.84,-0.07572071393811836,-0.017728766960431602,0.18700716301745568,0.875
K2-72 c,1.65,1.16,15.189034,0.078,0.271365,0.330989,3360.47,,1.65,0.21748394421390627,0.06445798922691845,1.1815301542571293,1.4224137931034484
WASP-53 b,677.61356,12.038466,3.3098443,0.04101,0.839,0.798,4953.0,0.22,677.61356,2.830982088252772,1.0805711505281883,0.5198075643976909,56.287367510113
K2-60 b,135.39558,7.655747,3.00265,0.045,0.97,1.12,5500.0,0.01,135.39558,2.1316044870009563,0.883987572846184,0.4775047121765561,17.685482553172147
Kepler-1651 b,4.04,1.84,9.87863917,0.0692,0.522,0.503,3713.0,-0.16,4.04,0.6063813651106049,0.2648178230095365,0.9946971225568032,2.1956521739130435
BD+03 2562 b,2034.112,12.7,481.9,1.3,1.14,32.35,4095.0,-0.71,2034.112,3.3083748618821245,1.1038037209559568,2.6829569263012085,160.16629921259843
K2-72 e,2.21,1.29,24.158868,0.106,0.271365,0.330989,3360.47,,2.21,0.3443922736851107,0.11058971029924898,1.3830765809064136,1.7131782945736433
K2-72 d,1.01,1.01,7.760178,0.05,0.271365,0.330989,3360.47,,1.01,0.004321373782642578,0.004321373782642578,0.8898716830534439,1.0
K2-81 b,4.54,1.97,6.102325,0.059,0.745273,0.634663,4674.13,,4.54,0.6570558528571039,0.2944662261615929,0.7854953337468923,2.3045685279187818
WASP-81 b,231.69807,16.017661,2.7164762,0.03908,1.08,1.283,5870.0,-0.36,231.69807,2.364922416216212,1.2045990979556216,0.43400590438024994,14.465162547765244
HD 177565 b,15.1,4.0,44.505,0.246,1.0,0.971489,5627.0,0.0812,15.1,1.1789769472931695,0.6020599913279624,1.6484088053725232,3.775
GJ 1148 b,96.7,11.9,41.38,0.166,0.344045,0.358519,3287.0,0.1596,96.7,1.9854264740830017,1.0755469613925308,1.6167904863297158,8.126050420168067
HD 17674 b,276.5121,13.9,623.8,1.42,0.98,1.18,5904.0,-0.16,276.5121,2.4417141405168556,1.1430148002540952,2.795045370421125,19.89295683453237
HATS-22 b,870.8542,10.682177,4.7228124,0.05025,0.759,0.689,4803.0,0.0,870.8542,2.9399454507186253,1.0286597698029778,0.6742006948329067,81.52403765636912
TYC 4282-00605-1 b,3426.2074,12.4,101.54,0.422,0.97,16.21,4300.0,-0.07,3426.2074,3.534813648748957,1.0934216851622351,2.0066371590685863,276.30704838709676
K2-132 b,155.7367,14.5717,9.1751,0.0916,1.08,3.85,4840.0,-0.01,155.7367,2.192390967926751,1.1635102214714883,0.9626108063531754,10.687613662098451
WASP-153 b,123.9537,17.37395,3.332609,0.048,1.336,1.73,5914.0,0.34,123.9537,2.0932594949247365,1.239898567334943,0.5227843628343958,7.134457046325101
HATS-23 b,467.2101,20.84874,2.1605156,0.03397,1.121,1.199,5780.0,0.28,467.2101,2.6695122226464134,1.3190798133825676,0.3345574064812958,22.409512517303206
HD 219134 b,4.74,1.602,3.092926,0.03876,0.81,0.778,4699.0,0.11,4.74,0.6757783416740851,0.20466251174821887,0.49036952938691153,2.958801498127341
HD 40956 b,858.141,13.2,578.6,1.4,2.0,8.56,4869.0,0.14,858.141,2.9335586520572248,1.1205739312058498,2.762378429311964,65.01068181818182
Ross 128 b,1.4,1.11,9.8658,0.0496,0.168,0.1967,3192.0,-0.02,1.4,0.146128035678238,0.045322978786657475,0.9941323071755063,1.261261261261261
HD 34445 c,53.5,8.42,214.67,0.7181,1.07,1.38,5836.0,0.14,53.5,1.7283537820212285,0.9253120914996495,2.3317713562909272,6.353919239904988
HD 219134 d,16.17,1.61,46.859,0.237,0.81,0.778,4699.0,0.11,16.17,1.2087100199064011,0.20682587603184974,1.6707930162473732,10.043478260869566
HD 219134 f,7.3,1.31,22.717,0.1463,0.81,0.778,4699.0,0.11,7.3,0.8633228601204559,0.11727129565576427,1.3563509780305694,5.572519083969465
HD 113996 b,2002.329,12.7,610.2,1.6,1.49,25.11,4181.0,0.13,2002.329,3.301535437351819,1.1038037209559568,2.785472203306388,157.66370078740158
HD 34445 d,30.7,6.07,117.87,0.4817,1.07,1.38,5836.0,0.14,30.7,1.4871383754771865,0.7831886910752576,2.0714032835314686,5.057660626029653
HD 34445 g,120.6,13.6,5700.0,6.36,1.07,1.38,5836.0,0.14,120.6,2.0813473078041325,1.1335389083702174,3.7558748556724915,8.867647058823529
Kepler-20 g,19.96,4.71,34.94,0.2055,0.948,0.9639,5495.0,0.07,19.96,1.3001605369513523,0.6730209071288962,1.543322900646912,4.237791932059448
GJ 3293 c,21.09,4.87,122.6196,0.36175,0.42,0.404,3466.0,0.02,21.09,1.3240765797394864,0.6875289612146344,2.088559895072278,4.330595482546201
GJ 3293 b,23.54,5.19,30.5987,0.14339,0.42,0.404,3466.0,0.02,23.54,1.371806458507416,0.7151673578484579,1.4857029756704825,4.535645472061656
Wolf 1061 b,1.91,1.21,4.8869,0.0375,0.294,0.307,3342.0,-0.09,1.91,0.28103336724772754,0.08278537031645007,0.6890334522075184,1.578512396694215
Kepler-1652 b,3.19,1.6,38.09722,0.1654,0.404,0.382,3638.0,-0.3,3.19,0.5037906830571811,0.2041199826559248,1.580893285840735,1.99375
Wolf 1061 c,3.41,1.66,17.8719,0.089,0.294,0.307,3342.0,-0.09,3.41,0.5327543789924978,0.22010808804005508,1.2521707257374195,2.0542168674698797
HATS-50 b,123.9537,12.66617,3.8297015,0.05046,1.168,1.117,5990.0,,123.9537,2.0932594949247365,1.102645312648071,0.5831649248942394,9.7862021431893
tau Cet f,3.93,1.81,636.13,1.334,0.783,0.83,5310.0,-0.52,3.93,0.5943925503754267,0.2576785748691845,2.80354587746182,2.1712707182320443
WASP-91 b,425.8922,11.54527,2.798581,0.037,0.84,0.86,4920.0,0.19,425.8922,2.629299686263045,1.0624040938698236,0.4469378813138399,36.88889042872103
HD 9174 b,352.7913,13.7,1179.0,2.2,1.03,1.67,5577.0,0.39,352.7913,2.5475178666848945,1.1367205671564067,3.071513805095089,25.751189781021896
HD 68402 b,2510.8444153,12.6,1103.0,2.18,1.12,1.02,5950.0,0.29,2510.8444153,3.399819802450034,1.100370545117563,3.0425755124401905,199.2733662936508
GJ 3138 b,1.78,1.18,1.22003,0.0197,0.681,0.5,3717.0,-0.3,1.78,0.250420002308894,0.07188200730612536,0.08637050991595242,1.5084745762711866
WASP-105 b,572.094,10.76064,7.87288,0.075,0.89,0.9,5070.0,0.28,572.094,2.7574673930015434,1.0318381022042198,0.896133631889752,53.16542510482648
HD 147873 c,731.009,13.3,491.54,1.36,1.38,2.29,5972.0,0.03,731.009,2.86392272391583,1.1238516409670858,2.6915588651435893,54.96308270676692
HD 128356 b,282.8687,13.9,298.2,0.87,0.65,0.85,4875.0,0.17,282.8687,2.45158489454315,1.1430148002540952,2.474507639116976,20.35026618705036
GJ 3138 d,10.5,3.23,257.8,0.698,0.681,0.5,3717.0,-0.3,10.5,1.021189299069938,0.5092025223311029,2.4112829130173843,3.2507739938080498
TYC 3318-01333-1 b,1086.9786,13.1,562.0,1.414,1.19,5.9,4776.0,-0.06,1086.9786,3.0362209939543723,1.1172712956557642,2.749736315569061,82.97546564885496
GJ 625 b,2.82,1.49,14.628,0.078361,0.3,0.31,3499.0,-0.38,2.82,0.45024910831936105,0.17318626841227402,1.1651849516660067,1.8926174496644295
GJ 3323 c,2.31,1.32,40.54,0.1264,0.164,0.119,3159.0,-0.27,2.31,0.36361197989214433,0.12057393120584989,1.60788374435699,1.75
BD+48 740 b,540.311,13.5,733.0,1.7,1.09,10.33,4534.0,-0.13,540.311,2.732643809276511,1.130333768495006,2.8651039746411278,40.02303703703704
K2-21 b,4.04,1.84,9.325038,0.076,0.676023,0.646783,4222.06,-0.11,4.04,0.6063813651106049,0.2648178230095365,0.9696506102562412,2.1956521739130435
K2-4 b,5.06,2.1,10.003417,0.078,0.635026,0.569359,4014.73,-0.12,5.06,0.7041505168397991,0.3222192947339193,1.0001483730763696,2.4095238095238094
K2-21 c,6.76,2.49,15.50192,0.107,0.676023,0.646783,4222.06,-0.11,6.76,0.829946695941636,0.3961993470957364,1.190385491316414,2.7148594377510036
WASP-141 b,854.9627,13.56289,3.310651,0.0469,1.25,1.37,5900.0,0.29,854.9627,2.9319471679006455,1.1323522394811014,0.5199134009988544,63.036911749634484
K2-31 b,563.83042,11.88154,1.25785,0.022,0.91,0.78,5280.0,0.08,563.83042,2.751148503393945,1.0748727344294216,0.0996288541009923,47.454321577842606
GJ 3293 e,3.28,1.63,13.2543,0.08208,0.42,0.404,3466.0,0.02,3.28,0.5158738437116791,0.21218760440395779,1.1223567962588568,2.0122699386503067
GJ 3293 d,7.6,2.67,48.1345,0.19394,0.42,0.404,3466.0,0.02,7.6,0.8808135922807914,0.42651126136457523,1.6824564649146887,2.846441947565543
K2-149 b,3.33,1.64,11.332,0.083,0.595,0.568,3745.0,0.11,3.33,0.5224442335063199,0.21484384804769785,1.0543065658483997,2.030487804878049
KELT-21 b,1242.7153,17.777474,3.6127647,0.05224,1.458,1.638,7598.0,-0.405,1242.7153,3.094371645294104,1.2498700521462365,0.5578396768131566,69.90393010840573
K2-125 b,5.39,2.18,21.750264,0.121,0.494727,0.402049,3654.47,,5.39,0.7315887651867387,0.33845649360460484,1.3374645326951342,2.472477064220183
V830 Tau b,222.481,14.0,4.927,0.057,1.0,2.0,4250.0,-0.08,222.481,2.3472929279124943,1.146128035678238,0.6925825622749091,15.891499999999999
HATS-31 b,279.6904,18.38276,3.37796,0.0478,1.275,1.87,6050.0,0.0,279.6904,2.446677560048406,1.2644107172123493,0.5286545025819024,15.214820843007253
Kepler-150 f,12.9,3.64,637.2093,1.24,0.97,0.905339,5528.0,0.12,12.9,1.110589710299249,0.561101383649056,2.804282105655785,3.543956043956044
Qatar-3 b,1369.8473,12.285064,2.5079204,0.03783,1.145,1.272,6007.0,-0.041,1369.8473,3.136672158058969,1.0893774233130018,0.39931374811188164,111.50510082812754
K2-128 b,2.6,1.42,5.675819,0.056,0.711248,0.777569,4469.51,-0.26,2.6,0.414973347970818,0.15228834438305647,0.7540285374981581,1.830985915492958
HATS-34 b,299.07803,16.02887,2.1061607,0.03166,0.955,0.98,5380.0,0.25,299.07803,2.4757845113254944,1.2049029066297132,0.3234915047700014,18.65870956592698
KELT-18 b,375.0394,17.59813,2.8717518,0.0455,1.524,1.908,6670.0,0.09,375.0394,2.574076895204363,1.2454665215738852,0.45814690195313273,21.311321146053587
K2-35 c,4.38,1.93,5.608352,0.055,0.701968,0.619575,4402.71,0.04,4.38,0.6414741105040995,0.28555730900777376,0.7488352636711819,2.2694300518134716
HATS-35 b,388.38826,16.409976,1.8209993,0.03199,1.317,1.433,6300.0,0.21,388.38826,2.5892660938047727,1.2151079458870244,0.26030977885027656,23.667814017522023
K2-116 b,0.257,0.69,4.655411,0.048,0.694512,0.6694,4348.35,0.01,0.257,-0.5900668766687055,-0.16115090926274472,0.667958028422124,0.37246376811594206
XO-6 b,1398.452,23.20263,3.7650007,0.0815,1.47,1.93,6720.0,-0.07,1398.452,3.145647564384425,1.3655372146215692,0.5757650612820339,60.27127097229926
HD 6434 b,155.7367,14.2,21.998,0.14,1.1,1.12,5769.0,-0.55,155.7367,2.192390967926751,1.1522883443830565,1.3423831977109555,10.967373239436622
HD 68988 b,626.1251,13.4,6.27711,0.07,1.28,1.19,5932.0,0.35,626.1251,2.7966611140598303,1.1271047983648077,0.7977597392886628,46.72575373134328
HD 220074 b,5288.6912,12.2,672.09998,1.6,2.2,54.92,3787.0,-0.25,5288.6912,3.7233482098529422,1.0863598306747482,2.8274338824772713,433.4992786885246
WASP-58 b,308.2951,16.02887,5.01718,0.0562,1.06,1.22,5800.0,-0.45,308.2951,2.488966622164482,1.2049029066297132,0.7004596823720668,19.233738872422073
HATS-39 b,200.2329,17.59813,4.5776348,0.06007,1.379,1.621,6572.0,0.0,200.2329,2.301535437351819,1.2454665215738852,0.6606411420582082,11.37807823899471
HD 137388 b,63.566,9.32,330.0,0.89,0.68,0.88,5181.0,0.19,63.566,1.8032248835622184,0.9694159123539814,2.5185139398778875,6.82038626609442
HD 13931 b,889.9195396,13.2,4218.0,5.15,1.3,1.25,5867.0,0.05,889.9195396,2.949350742501812,1.1205739312058498,3.6251065754034677,67.41814693939395
HD 75289 b,155.7367,14.2,3.50927,0.05,1.29,1.23,6117.0,0.26,155.7367,2.192390967926751,1.1522883443830565,0.545216783718136,10.967373239436622
WASP-72 b,731.009,14.45961,2.21673,0.03711,2.78,2.18,6250.0,-0.06,731.009,2.86392272391583,1.1601565794639004,0.34571279881995115,50.555236275390556
HATS-40 b,505.3497,17.71022,3.2642736,0.04997,1.561,2.26,6460.0,0.01,505.3497,2.7035920122186887,1.248223956119074,0.5137865526524261,28.534354739805604
HATS-41 b,3082.951,14.90797,4.193649,0.0583,1.496,1.71,6424.0,0.47,3082.951,3.488966622164482,1.1734185101317371,0.6225920780744083,206.7988465230343
HD 142022 A b,1433.40611557,12.9,1928.0,2.93,0.9,1.04,5421.0,0.19,1433.40611557,3.1563692530375533,1.110589710299249,3.285107029566812,111.11675314496125
HD 145377 b,1913.3366,12.8,103.95,0.45,1.2,1.05,6014.0,0.11,1913.3366,3.281791379156062,1.1072099696478683,2.016824493667488,149.47942187499999
HD 76700 b,66.7443,9.6,3.97097,0.05,0.99,1.37,5644.0,0.31,66.7443,1.8244141826321565,0.9822712330395684,0.5988966060556552,6.95253125
HD 82886 b,740.5439,13.3,705.0,1.58,2.53,5.26,4953.0,-0.31,740.5439,2.8695508089242563,1.1238516409670858,2.848189116991399,55.67999248120301
HD 24040 b,1589.142035,12.9,3668.0,4.92,1.11,1.3,5802.0,0.19,1589.142035,3.2011627154956113,1.110589710299249,3.5644293269979834,123.1893050387597
HD 222155 b,581.62598481,13.4,3999.0,5.14,1.21,1.85,5701.0,-0.18,581.62598481,2.7646438008900223,1.1271047983648077,3.6019514041335214,43.40492423955224
HD 158996 b,4449.62,12.3,820.2,2.1,1.8,50.3,4069.0,-0.2,4449.62,3.648322923576475,1.089905111439398,2.913919764951466,361.75772357723577
KPS-1 b,346.4347,11.54527,1.706291,0.0269,0.892,0.907,5165.0,0.22,346.4347,2.5396213858388608,1.0624040938698236,0.23205310005359472,30.006634751720835
HD 154672 b,1706.7471,12.8,163.94,0.6,1.18,1.32,5743.0,0.25,1706.7471,3.232169173597793,1.1072099696478683,2.214684930750601,133.33961718749998
KELT-6 b,165.2716,14.5717,7.8457,0.07939,1.42,1.73,6102.0,-0.28,165.2716,2.2181982315330364,1.1635102214714883,0.8946316977731895,11.341957355696316
HAT-P-49 b,699.226,17.82231,2.69155,0.04378,2.22,2.06,6820.0,0.07,699.226,2.8446175687204436,1.250963993485103,0.43000245196608544,39.23318582159102
K2-155 c,7.27,2.6,13.85,0.0946,0.65,0.58,4258.0,-0.3,7.27,0.8615344108590378,0.414973347970818,1.1414497734004674,2.796153846153846
HD 158038 b,486.2799,13.5,521.0,1.5,1.3,4.5,4860.0,0.19,486.2799,2.6868863187158363,1.130333768495006,2.7168377232995247,36.02073333333333
HR 810 b,1970.5361234,12.7,302.79999,0.92,1.34,1.13,6167.0,0.16,1970.5361234,3.2945844006578464,1.1038037209559568,2.4811558564854166,155.16032467716536
BD-13 2130 b,3108.3774,12.5,714.29999,1.66,2.12,19.17,4545.0,-0.08,3108.3774,3.492533742685839,1.0969100130080565,2.853880644044541,248.670192
HD 285507 b,311.4734,13.8,6.0881,0.06,0.82,0.69,4503.0,0.13,311.4734,2.493420963590732,1.1398790864012365,0.7844817773189411,22.57053623188406
WASP-117 b,95.349,11.88154,10.02165,0.09459,1.29,1.22,6040.0,-0.11,95.349,1.9793161426178998,1.0748727344294216,1.0009392312020133,8.02496982714362
K2-155 d,4.27,1.9,40.718,0.1937,0.65,0.58,4258.0,-0.3,4.27,0.6304278750250238,0.2787536009528289,1.609786438034614,2.2473684210526312
HD 16175 b,1875.1876013,12.8,990.0,2.12,1.63,1.72,5981.0,0.3,1875.1876013,3.2730447228017368,1.1072099696478683,2.99563519459755,146.4990313515625
HD 16141 b,82.6358,10.9,75.523,0.36,1.11,1.48,5757.0,0.13,82.6358,1.9171682358690554,1.0374264979406236,1.8780792331116247,7.581266055045871
WASP-11 b,251.0857,12.44199,3.72247,0.0435,1.42,0.89,4800.0,0.0,251.0857,2.399821979188679,1.094889847951309,0.5708312063874219,20.18050970945966
WASP-13 b,114.4188,13.67498,4.35301,0.05362,0.72,1.37,5950.0,0.0,114.4188,2.0584973886655247,1.1359266998393998,0.6387896648463096,8.367017721415316
WASP-95 b,457.6752,13.78707,2.18467,0.03416,1.46,1.23,5830.0,0.14,457.6752,2.660557379993487,1.1394719806040494,0.33938584496653373,33.19597274837946
WASP-97 b,432.2488,12.77826,2.07276,0.03303,1.18,1.08,5640.0,0.23,432.2488,2.635733796268455,1.106471720501124,0.31654901906938615,33.82689035909428
11 UMi b,4684.8142,12.3,516.21997,1.53,2.78,29.79,4213.0,-0.02,4684.8142,3.67069237142127,1.089905111439398,2.7128348012404855,380.8792032520325
HD 1690 b,2793.7257,12.5,533.0,1.36,1.86,21.66,4374.0,-0.27,2793.7257,3.446183762972009,1.0969100130080565,2.7267272090265724,223.498056
WASP-14 b,2809.6172,15.46842,2.24375,0.037,1.62,1.4,6475.0,0.0,2809.6172,3.4486471529113105,1.189445955565888,0.35097446592239434,181.63569388470188
WASP-101 b,162.0933,16.02887,3.58572,0.05057,1.41,1.31,6380.0,0.2,162.0933,2.2097650639961737,1.2049029066297132,0.5545763735689898,10.112584355603357
BD-10 3166 b,187.5197,14.1,3.48777,0.04,1.47,0.91,5393.0,0.38,187.5197,2.2730468995403816,1.14921911265538,0.5425478377787923,13.2992695035461
GJ 86 b,1404.8086,12.9,15.76491,0.11,0.93,0.77,5182.0,-0.22,1404.8086,3.1476171572473293,1.110589710299249,1.1976914957553513,108.89989147286822
WASP-22 b,212.9461,13.78707,3.53269,0.047,1.46,1.24,6000.0,-0.05,212.9461,2.328269690599064,1.1394719806040494,0.5481055289728336,15.445348431537665
HD 95127 b,3378.5329,12.4,482.0,1.28,3.7,41.01,4218.0,-0.18,3378.5329,3.528728152421534,1.0934216851622351,2.6830470382388496,272.4623306451613
WASP-82 b,371.8611,18.15858,2.70579,0.0447,1.48,2.1,6480.0,0.12,371.8611,2.570380749644399,1.2590818837072824,0.4322940873908514,20.47853411445168
HD 204941 b,73.1009,10.1,1733.0,2.55,0.58,0.78,5026.0,-0.19,73.1009,1.8639227239158302,1.0043213737826426,3.238798562713917,7.237712871287129
WASP-29 b,73.1009,8.63093,3.92273,0.0457,0.77,0.79,4800.0,0.11,73.1009,1.8639227239158302,0.9360575943371333,0.5935884168357595,8.469643479903093
WASP-26 b,270.1555,13.56289,2.7566,0.04,0.86,1.22,6034.0,0.16,270.1555,2.4316138136125303,1.1323522394811014,0.44037375181635624,19.91872676103692
HAT-P-22 b,785.0401,12.89035,3.21222,0.0414,1.13,1.11,5302.0,0.24,785.0401,2.894891841157903,1.1102647095182632,0.5068052817853751,60.90137971428239
HAT-P-24 b,238.3725,14.5717,3.35524,0.04651,1.37,1.38,6373.0,-0.16,238.3725,2.3772561512899375,1.1635102214714883,0.5257235906593365,16.358592339946608
HD 212301 b,162.0933,14.2,2.24571,0.03,1.55,1.16,6239.0,0.18,162.0933,2.2097650639961737,1.1522883443830565,0.3513536728820782,11.415021126760564
WASP-38 b,1093.3352,13.78707,6.87188,0.07522,1.76,1.52,6180.0,-0.02,1093.3352,3.0387533304697674,1.1394719806040494,0.8370755670349355,79.30149045446204
HAT-P-29 b,279.6904,13.11453,5.72319,0.0667,1.45,1.3,6087.0,0.21,279.6904,2.446677560048406,1.117752730910813,0.7576381639726653,21.326757420967432
HD 213240 b,1655.88600047,12.8,882.70001,1.89,1.57,1.51,5979.0,0.15,1655.88600047,3.219030434459117,1.1072099696478683,2.9458131315074074,129.36609378671875
WASP-41 b,270.1555,12.3299,3.0524,0.04022,0.81,0.83,5545.0,0.06,270.1555,2.4316138136125303,1.0909595543228765,0.4846414448824136,21.91059943714061
WASP-48 b,254.264,16.8135,2.14363,0.03444,0.88,1.58,5920.0,-0.12,254.264,2.4052848748901807,1.2256581282203327,0.33114982634474444,15.122609807595087
HAT-P-5 b,311.4734,13.56289,2.78849,0.04073,1.04,1.12,5960.0,0.24,311.4734,2.493420963590732,1.1323522394811014,0.44536909137640307,22.965120265666098
HAT-P-6 b,419.5356,16.58932,3.85298,0.05239,1.79,1.62,6570.0,-0.13,419.5356,2.622768819104087,1.2198285845596089,0.5857967546885313,25.289499509322862
HD 218566 b,63.566,9.32,225.7,0.69,0.76,0.85,4730.0,0.28,63.566,1.8032248835622184,0.9694159123539814,2.353531559077762,6.82038626609442
HD 240237 b,5050.3187,12.2,745.70001,1.92,8.76,71.23,3926.0,-0.25,5050.3187,3.703318785105617,1.0863598306747482,2.8725641489146354,413.96054918032786
XO-1 b,263.7989,12.77826,3.94153,0.0488,0.88,0.88,5750.0,0.02,263.7989,2.421272980274311,1.106471720501124,0.5956648364386401,20.64435220444724
XO-4 b,451.3186,14.01125,4.12508,0.05524,1.1,1.45,6397.0,-0.04,451.3186,2.6544832322812937,1.1464768821727078,0.6154323754851316,32.211158890177536
HD 101930 b,79.4575,10.6,70.46,0.3,0.57,0.86,5108.0,0.15,79.4575,1.900134896570275,1.0253058652647702,1.8479426388452236,7.495990566037736
HD 2638 b,133.4886,14.3,3.4442,0.04,0.77,0.94,5186.0,0.13,133.4886,2.1254441782961377,1.1553360374650619,0.5370883624025355,9.334867132867132
HD 30562 b,467.20775829,13.6,1157.0,2.34,1.12,1.61,5882.0,0.2,467.20775829,2.6695100459077685,1.1335389083702174,3.0633333589517497,34.35351163897059
KELT-2 A b,540.311,15.13215,4.11379,0.05497,1.54,1.93,6327.0,0.0,540.311,2.732643809276511,1.1799006376596575,0.6142421181392138,35.70616204571063
Pr0201 b,171.6282,14.2,4.4264,0.06,1.24,1.15,6174.0,0.19,171.6282,2.2345886477212056,1.1522883443830565,0.646050657206096,12.08649295774648
HD 102195 b,130.3103,14.2,4.11377,0.05,0.76,0.82,5301.0,0.04,130.3103,2.114978744617973,1.1522883443830565,0.6142400067259545,9.176781690140846
HD 102117 b,54.0311,8.47,20.8133,0.15,1.06,1.23,5655.0,0.28,54.0311,1.7326438092765113,0.927883410330707,1.3183409441312721,6.379114521841794
HD 330075 b,152.5584,14.3,3.38773,0.04,0.47,0.84,5000.0,0.05,152.5584,2.1834361252738246,1.1553360374650619,0.5299087900344824,10.668419580419581
HD 34445 b,260.6206,13.9,1049.0,2.07,1.14,1.38,5879.0,0.18,260.6206,2.416008740281954,1.1430148002540952,3.020775488193558,18.749683453237413
HD 77338 b,15.9,4.12,5.7361,0.06,1.37,0.97,5341.0,0.32,15.9,1.2013971243204515,0.6148972160331346,0.7586167139759268,3.8592233009708736
HAT-P-40 b,152.5584,17.03768,4.45724,0.0608,1.03,1.94,6080.0,0.22,152.5584,2.1834361252738246,1.231410457109424,0.6490660192935932,8.95417685976025
HD 103197 b,28.6047,5.83,47.84,0.25,0.8,0.88,5250.0,0.22,28.6047,1.4564373973375622,0.7656685547590141,1.6797911709803544,4.906466552315609
HD 108874 b,451.3186,13.6,394.48123,1.04,1.1,1.05,5600.0,0.26,451.3186,2.6544832322812937,1.1335389083702174,2.5960263436636715,33.18519117647059
HD 40979 b,1484.2661,12.9,264.14999,0.85,1.45,1.21,6165.0,0.2,1484.2661,3.1715117684643497,1.110589710299249,2.421850598581751,115.05938759689923
HD 4203 b,708.7609,13.3,431.88,1.17,1.25,1.42,5596.0,0.4,708.7609,2.850499750946398,1.1238516409670858,2.635363092700536,53.2902932330827
WASP-49 b,117.5971,12.44199,2.78174,0.0379,0.92,0.97,5600.0,-0.23,117.5971,2.0703966119652324,1.094889847951309,0.4443165354899246,9.451631129746929
HD 121504 b,479.9233,13.6,63.33,0.33,1.62,1.07,6027.0,0.15,479.9233,2.6811718351914067,1.1335389083702174,1.8016094880273188,35.28847794117647
HD 47186 b,22.2481,5.02,4.0845,0.05,0.96,1.08,5657.0,0.24,22.2481,1.347292927912494,0.7007037171450193,0.6111389003956459,4.431892430278885
WASP-66 b,746.9005,15.6926,4.08605,0.0546,1.33,1.76,6600.0,-0.31,746.9005,2.8732627501699737,1.1956949048428895,0.6113036766848859,47.59571390336846
WASP-67 b,136.6669,12.89035,4.61442,0.05179,0.91,0.88,5200.0,-0.07,136.6669,2.1356633434778236,1.1102647095182632,0.6641171210435587,10.602264484672643
K2-197 b,7.08,2.56,8.357881,0.0806,1.0,0.93,5667.0,0.08,7.08,0.850033257689769,0.4082399653118496,0.9220961833413157,2.765625
HD 185269 b,321.0083,13.8,6.83776,0.077,1.3,2.0,5923.0,0.11,321.0083,2.50651626168088,1.1398790864012365,0.8349138533332224,23.261471014492752
HD 181342 b,807.2882,13.2,564.1,1.592,1.69,4.71,4945.0,0.26,807.2882,2.9070286045181755,1.1205739312058498,2.7513560997253936,61.15819696969697
K2-240 b,4.66,2.0,6.034,0.0513,0.58,0.54,3810.0,-0.1,4.66,0.6683859166900001,0.3010299956639812,0.7806053058389696,2.33
CoRoT-20 c,5403.11,12.2,1675.0,2.9,1.14,1.02,5880.0,0.14,5403.11,3.732643809276511,1.0863598306747482,3.224014811372864,442.877868852459
HD 89345 b,34.9613,7.39794,11.8143,0.1066,1.157,1.747,5576.0,0.421,34.9613,1.5435875730564623,0.8691108047065201,1.0724079946824485,4.725815564873465
WASP-158 b,886.7457,11.99363,3.656333,0.0517,1.38,1.39,6350.0,0.24,886.7457,2.947799091171835,1.078950646849861,0.5630457421702862,73.93472201493627
HD 200964 b,508.21017,13.5,606.3,1.565,1.39,4.92,4982.0,-0.15,508.21017,2.706043351644472,1.130333768495006,2.7826875682349663,37.64519777777778
K2-238 b,273.3338,14.5717,3.20466,0.046,1.19,1.59,5630.0,0.34,273.3338,2.436693339141805,1.1635102214714883,0.505781959609405,18.757852549805445
WASP-162 b,1652.716,11.209,9.62468,0.0871,0.95,1.11,5300.0,0.28,1652.716,3.2181982315330364,1.0495668691646514,0.9833862990590337,147.4454456240521
WASP-168 b,133.4886,16.8135,4.153658,0.0519,1.08,1.12,6000.0,-0.01,133.4886,2.1254441782961377,1.2256581282203327,0.6184307351390533,7.93937014898742
HD 28678 b,490.09386,13.5,380.2,1.18,1.53,6.48,4972.0,-0.11,490.09386,2.6902792616131754,1.130333768495006,2.5800121125294244,36.30324888888889
HD 30856 b,491.68301,13.5,847.0,1.85,1.17,4.4,4895.0,-0.06,491.68301,2.691685201597605,1.130333768495006,2.9278834103307068,36.420963703703706
K2-244 b,3.71,1.75,21.06884,0.1418,0.86,0.92,5677.0,-0.29,3.71,0.5693739096150459,0.24303804868629444,1.3236406250496162,2.12
K2-266 b,11.26782377,3.3,0.658524,0.01306,0.686,0.703,4285.0,-0.12,11.26782377,1.051840045953507,0.5185139398778874,-0.18142839249015746,3.414492051515152
K2-266 c,0.29013072,0.705,7.814,0.0679,0.686,0.703,4285.0,-0.12,0.29013072,-0.5374062842268544,-0.15181088300860132,0.8928734068887656,0.4115329361702128
WASP-173 A b,1172.7927,13.4508,1.38665318,0.0248,1.05,1.11,5800.0,0.16,1172.7927,3.0692212540572976,1.1287481152122762,0.1419678519551119,87.19129717191542
HD 5319 b,494.54348,13.5,637.1,1.57,1.27,4.06,4871.0,0.15,494.54348,2.694204480551907,1.130333768495006,2.8042076050820413,36.63285037037037
K2-159 b,5.73,2.26,12.42205,0.1013,0.9,0.83,5425.0,-0.07,5.73,0.75815462196739,0.35410843914740087,1.094193272991998,2.535398230088496
K2-266 e,14.3,2.73,19.482,0.1249,0.686,0.703,4285.0,-0.12,14.3,1.1553360374650619,0.436162647040756,1.2896335390096452,5.238095238095238
K2-266 d,8.9,2.93,14.697,0.1035,0.686,0.703,4285.0,-0.12,8.9,0.9493900066449128,0.4668676203541095,1.167228694175993,3.037542662116041
WASP-147 b,87.40325,12.498035,4.60273,0.0549,1.044,1.429,5702.0,0.092,87.40325,1.9415275817285,1.096841736548831,0.6630154995628169,6.993359356090777
WASP-160 B b,88.35674,12.21781,3.7684952,0.0452,0.87,0.868,5298.0,0.27,88.35674,1.9462396838163136,1.0869933671052752,0.5761679664394814,7.231798497439394
HD 95089 c,1096.5135,13.1,1785.0,3.33,1.54,5.08,4918.0,0.05,1096.5135,3.0400139829715114,1.1172712956557642,3.251638220448212,83.70332061068703
K2-166 b,5.43,2.19,8.52695,0.0858,1.16,1.61,5960.0,0.09,5.43,0.7347998295888469,0.34044411484011833,0.930793716391561,2.4794520547945207
HATS-36 b,1022.14128,12.92,4.175186,0.0523,1.1,1.1,5950.0,0.15,1022.14128,3.009510927974651,1.1112625136590653,0.6206758275978973,79.11310216718266
WASP-165 b,209.13214,14.12334,3.465509,0.04823,1.248,1.75,5599.0,0.33,209.13214,2.3204207815121927,1.1499374142822143,0.5397670310565108,14.807555436603522
HD 96063 b,403.6441,13.7,362.5,1.11,1.37,4.75,5020.0,-0.3,403.6441,2.605998608854194,1.1367205671564067,2.5593080109070123,29.46307299270073
K2-228 b,1.92,1.21,2.69828,0.0338,0.71,0.65,4715.0,-0.25,1.92,0.28330122870354957,0.08278537031645007,0.4310870143297264,1.5867768595041323
K2-283 b,12.2,3.52,1.921036,0.0291,0.89,0.82,5060.0,0.28,12.2,1.0863598306747482,0.5465426634781311,0.28353550356801965,3.465909090909091
K2-151 b,2.83,1.49,3.835476,0.0373,0.47,0.45,3695.0,-0.19,2.83,0.45178643552429026,0.17318626841227402,0.5838192695484028,1.8993288590604027
K2-281 b,50.9,8.18,8.687721,0.0773,0.82,0.76,4812.0,0.22,50.9,1.7067177823367587,0.912753303671323,0.9389058654093614,6.222493887530562
K2-216 b,8.0,1.75,2.1748,0.028,0.7,0.72,4503.0,0.0,8.0,0.9030899869919435,0.24303804868629444,0.33741932432967314,4.571428571428571
HD 5319 c,334.67499,13.8,872.2,1.93,1.27,4.06,4871.0,0.15,334.67499,2.524623259083724,1.1398790864012365,2.9406160823374075,24.251810869565215
K2-230 b,4.5,1.96,2.86041,0.0409,1.11,1.39,5945.0,0.1,4.5,0.6532125137753437,0.292256071356476,0.45642828766600285,2.295918367346939
K2-188 b,2.39,1.35,1.742169,0.0289,1.06,1.19,5977.0,-0.01,2.39,0.3783979009481377,0.13033376849500614,0.2410902816747612,1.7703703703703704
GJ 96 b,19.66,4.67,73.94,0.291,0.6,0.580612,3785.0,0.14,19.66,1.2935835134961169,0.6693168805661122,1.868879446237088,4.209850107066381
HD 94834 b,400.4658,13.7,1576.0,2.74,1.11,4.2,4798.0,0.12,400.4658,2.6025654330158003,1.1367205671564067,3.1975562131535367,29.231080291970805
K2-153 b,4.66,2.0,7.51574,0.0614,0.55,0.53,3845.0,-0.09,4.66,0.6683859166900001,0.3010299956639812,0.8759717476767059,2.33
HATS-11 b,263.7989,18.03,3.619188,0.0507,1.33,1.54,6563.0,0.03,263.7989,2.421272980274311,1.255995726722402,0.5586111432745328,14.631109262340543
K2-241 b,7.04,2.55,26.8199,0.1567,0.71,0.75,5262.0,-0.44,7.04,0.8475726591421122,0.4065401804339551,1.428457154219191,2.7607843137254906
K2-117 c,4.9,2.06,5.444017,0.0492,0.54,0.51,3778.0,-0.05,4.9,0.6901960800285137,0.31386722036915343,0.7359194727022494,2.3786407766990294
K2-284 b,8.15,2.78,4.795069,0.04771,0.63,0.607,4140.0,0.0,8.15,0.9111576087399766,0.4440447959180762,0.6807948609547837,2.9316546762589932
HD 12648 b,622.9468,13.4,133.60001,0.54,0.67,11.02,4835.0,-0.57,622.9468,2.7944509592547133,1.1271047983648077,2.1258064906465974,46.48856716417911
K2-243 b,5.35,2.17,11.54182,0.1087,1.29,1.39,6570.0,-0.03,5.35,0.7283537820212285,0.3364597338485295,1.062274297002941,2.4654377880184333
K2-117 b,4.78,2.03,1.2916,0.0189,0.54,0.51,3778.0,-0.05,4.78,0.6794278966121189,0.3074960379132129,0.11112803634512405,2.3546798029556655
K2-312 c,1681.31227303,12.8,871.32,1.882,1.15,1.199,5959.0,0.255,1681.31227303,3.225648383194778,1.1072099696478683,2.9401776828048205,131.35252133046873
K2-245 b,17.4,4.34,11.89307,0.0959,0.83,1.25,5793.0,-0.45,17.4,1.2405492482825997,0.6374897295125107,1.0752939750528363,4.009216589861751
K2-270 c,9.01,2.95,4.400028,0.0497,0.85,0.77,4877.0,0.26,9.01,0.9547247909790629,0.46982201597816303,0.6434554401695515,3.054237288135593
HATS-59 b,256.17098,12.621334,5.416081,0.06112,1.038,1.036,5670.0,0.18,256.17098,2.408529929703328,1.1011052596799789,0.7336851508007922,20.296664362103087
KELT-15 b,416.3573,19.50366,3.32944,0.04613,2.06,1.78,6003.0,0.05,416.3573,2.6194661835540014,1.290116117447251,0.5223711928571244,21.347649620635305
K2-247 b,5.14,2.12,2.25021,0.0304,0.74,0.69,4667.0,-0.08,5.14,0.7109631189952758,0.32633586092875144,0.35222305037153073,2.424528301886792
EPIC 211945201 b,11.0,5.76,19.49221,0.1493,1.17,1.39,6069.0,0.1,11.0,1.0413926851582251,0.7604224834232121,1.2898610816211138,1.9097222222222223
CoRoT-21 b,718.2958,14.5717,2.72474,0.0417,1.29,1.95,6200.0,0.0,718.2958,2.856303327045638,1.1635102214714883,0.4353250673640437,49.293891584372446
70 Vir b,2380.45,12.6,116.688,0.481,1.09,1.89,5495.0,-0.09,2380.45,3.3766590637974456,1.100370545117563,2.067026196218923,188.92460317460316
K2-39 b,28.6047,6.27704,4.60543,0.05708,0.66,2.97,4881.0,0.32,28.6047,1.4564373973375622,0.7977548961708519,0.6632701856531421,4.5570364375565555
K2-248 b,7.13,2.57,7.17256,0.0699,0.88,0.92,5528.0,-0.1,7.13,0.8530895298518656,0.4099331233312945,0.8556741898995522,2.77431906614786
K2-276 b,13.7,3.77,18.718269,0.1291,0.82,0.85,5139.0,0.07,13.7,1.1367205671564067,0.5763413502057929,1.272265684225412,3.6339522546419096
HD 102956 b,305.1168,13.8,6.4947,0.0807,1.66,4.55,4985.0,0.19,305.1168,2.484466120937806,1.1398790864012365,0.8125590951544459,22.10991304347826
HD 108863 b,767.24162,13.3,437.7,1.32,1.59,5.74,4878.0,0.2,767.24162,2.884932153659568,1.1238516409670858,2.641176546613114,57.68733984962406
HATS-46 b,54.98459,10.121727,4.7423729,0.05367,0.917,0.853,5495.0,-0.06,54.98459,1.7402409910270327,1.0052546194781573,0.6759957002210412,5.432332842014016
HATS-7 b,38.1396,6.310667,3.185315,0.04012,0.849,0.815,4985.0,0.25,38.1396,1.581376133945862,0.8000752640159976,0.5031523867490062,6.043671770353277
K2-252 b,3.68,1.74,13.81513,0.1041,0.79,0.82,5152.0,-0.09,3.68,0.5658478186735176,0.24054924828259971,1.1403549759710978,2.1149425287356323
K2-188 c,8.4,2.83,7.810253,0.0785,1.06,1.19,5977.0,-0.01,8.4,0.9242792860618817,0.45178643552429026,0.8926651023439163,2.9681978798586575
HD 131496 b,572.094,13.4,896.0,2.01,1.34,4.44,4846.0,0.25,572.094,2.7574673930015434,1.1271047983648077,2.9523080096621253,42.693582089552244
HD 1502 b,874.0325,13.2,428.5,1.262,1.46,4.67,4947.0,0.09,874.0325,2.9415275817285,1.1205739312058498,2.631950826259217,66.21458333333334
NGTS-3 A b,756.4354,16.58932,1.6753728,0.023,1.017,0.93,5600.0,0.12,756.4354,2.8787718449547492,1.2198285845596089,0.224111460309079,45.5977339637791
K2-254 b,3.29,1.63,4.09639,0.0448,0.71,0.67,4629.0,-0.14,3.29,0.5171958979499743,0.21218760440395779,0.6124012972805074,2.0184049079754605
K2-192 b,2.92,1.52,4.162817,0.049,0.9,0.81,5222.0,0.15,2.92,0.4653828514484183,0.18184358794477254,0.61938731945342,1.9210526315789473
K2-239 c,0.972,1.0,7.775,0.0576,0.4,0.36,3420.0,-0.1,0.972,-0.012333735073725434,0.0,0.8907003976988751,0.972
K2-258 b,9.27,3.0,19.0921,0.149,1.21,1.31,6351.0,0.01,9.27,0.9670797341444971,0.47712125471966244,1.2808537004341212,3.09
HD 70642 b,1239.5307873,13.0,2124.54,3.318,1.078,0.984,5732.0,0.22,1239.5307873,3.0932573181860916,1.1139433523068367,3.327264912227482,95.3485221
HATS-69 b,183.38791,10.592505,2.2252577,0.03211,0.892,0.8785,5137.0,0.377,183.38791,2.2633707010539688,1.0249986776739144,0.34738031248878,17.312987815441204
HD 117618 b,55.30242,8.59,25.8,0.18,1.077,1.2,5990.0,0.0283,55.30242,1.742744136180837,0.9339931638312423,1.4116197059632303,6.438
NGTS-4 b,20.6,3.18,1.3373508,0.019,0.75,0.84,5143.0,-0.28,20.6,1.3138672203691535,0.5024271199844327,0.12624534183266634,6.477987421383648
K2-295 b,106.47305,10.054473,4.024867,0.0451,0.74,0.7,4444.0,0.14,106.47305,2.0272396949350826,1.0023593122087435,0.6047515338665137,10.589620162091041
K2-133 c,3.2,1.603,4.86784,0.04341,0.461,0.455,3655.0,,3.2,0.505149978319906,0.20493352235414483,0.6873362950594508,1.9962570180910795
K2-133 d,4.67,2.003,11.02454,0.07487,0.461,0.455,3655.0,,4.67,0.6693168805661122,0.30168094929357625,1.0423604775385662,2.331502745881178
HAT-P-25 b,180.84527,12.722215,3.65281514,0.0466,1.012,0.919,5519.0,0.294,180.84527,2.2573071542933083,1.104562730693793,0.5626276941912842,14.214920122007056
HD 89744 b,2653.8805,12.6,256.78,0.917,1.86,2.13257,6291.0,0.2238,2653.8805,3.4238813633818395,1.100370545117563,2.40956119452185,210.62543650793654
HD 65216 c,645.1949,13.4,5370.0,5.75,0.874,0.88,5612.0,-0.1685,645.1949,2.8096909258114504,1.1271047983648077,3.7299742856995555,48.148873134328355
K2-133 e,3.64,1.73,26.5841,0.1346,0.461,0.455,3655.0,,3.64,0.561101383649056,0.2380461031287954,1.4246219619362621,2.1040462427745665
K2-290 c,246.00042,11.276254,48.36685,0.305,1.194,1.511,6302.0,-0.06,246.00042,2.39093584858113,1.05216484988456,1.684547803903548,21.815792726910903
HAT-P-34 b,1058.3739,13.417173,5.452654,0.06774,1.392,1.53,6442.0,0.22,1058.3739,3.024639121404557,1.1276610195710621,0.7366079402582087,78.88203424074506
HAT-P-36 b,587.413406,14.313893,1.32734683,0.0241,1.03,1.041,5620.0,0.25,587.413406,2.7689438538064395,1.1557577664280667,0.12298441696725079,41.03799057321443
K2-53 b,7.27,2.6,12.20772,0.098,0.851,0.807,5263.0,-0.037,7.27,0.8615344108590378,0.414973347970818,1.0866345596139608,2.796153846153846
TOI-172 b,1722.6386,10.816685,9.47725,0.0914,1.128,1.777,5645.0,0.148,1722.6386,3.236194174436624,1.034094182508444,0.9766823370127437,159.2575359271348
HAT-P-9 b,238.05467,15.614137,3.92281072,0.05287,1.281,1.338,6350.0,0.12,238.05467,2.3766767055977036,1.1935179855886149,0.5935973534411081,15.246098455521429
HATS-24 b,718.2958,15.636555,1.3484978,0.0238,1.07,1.12,6125.0,-0.229,718.2958,2.856303327045638,1.1941410767742677,0.12985024226192482,45.936959899415186
K2-90 b,7.27,2.6,13.733314,0.096,0.629,0.619,4484.0,-0.225,7.27,0.8615344108590378,0.414973347970818,1.1377753499276062,2.796153846153846
GJ 685 b,9.0,2.95,24.16,0.1344,0.55,0.54,3816.0,-0.15,9.0,0.9542425094393249,0.46982201597816303,1.3830969299490943,3.0508474576271185
Kepler-9 c,29.9,8.08,38.9853,0.227,1.022,0.958,5774.0,0.05,29.9,1.4756711883244296,0.9074113607745862,1.5909008805560083,3.7004950495049505
K2-124 b,8.75,2.9,6.413651,0.049,0.39,0.388,3570.0,0.023,8.75,0.9420080530223133,0.4623979978989561,0.8071053240211821,3.0172413793103448
HD 92788 b,1195.0408,13.0,325.803,0.97,1.15,1.14,5744.0,0.27,1195.0408,3.0773827328258982,1.1139433523068367,2.5129550789824573,91.92621538461539
Kepler-25 c,15.2,5.217,12.7207,0.1117,1.165,1.316,6354.0,0.11,15.2,1.1818435879447726,0.7174208367223749,1.1045110105083613,2.9135518497220625
WASP-33 b,665.21819,17.855937,1.21987,0.0239,1.495,1.444,7430.0,0.1,665.21819,2.822964116236924,1.251782644965783,0.0863135509281217,37.25473437770306
HD 134060 c,29.29,5.91,1291.5646,2.3928,1.095,1.164285,5966.0,0.14,29.29,1.4667193716815987,0.7715874808812554,3.111116133096945,4.956006768189509
WASP-177 b,161.45764,17.71022,3.071722,0.03957,0.876,0.885,5017.0,0.25,161.45764,2.2080586001821567,1.248223956119074,0.4873819081924198,9.116636608692609
WASP-181 b,95.03117,13.271456,4.5195064,0.05427,1.04,0.965,5839.0,0.09,95.03117,1.977866076222667,1.1229185715515524,0.6550910057268736,7.160568516370773
Kepler-25 b,8.7,2.748,6.238297,0.0695,1.165,1.316,6354.0,0.11,8.7,0.9395192526186185,0.4390167283875129,0.7950660473032398,3.1659388646288202
WASP-161 b,791.3967,12.811887,5.4060425,0.0673,1.39,1.712,6400.0,0.16,791.3967,2.8983942349939738,1.1076130995599331,0.7328794556140806,61.77050265897599
WASP-163 b,594.3421,13.473218,1.6096884,0.0266,0.97,1.015,5500.0,-0.34,594.3421,2.7740364944347364,1.129471336831372,0.20674181438104924,44.112854108053476
HD 20781 b,1.93,1.21,5.3135,0.0529,0.7,0.833609,5256.0,-0.11,1.93,0.28555730900777376,0.08278537031645007,0.7253806849147929,1.5950413223140496
HD 20003 b,11.66,3.43,11.8482,0.0974,0.875,0.921637,5494.0,0.04,11.66,1.0666985504229953,0.5352941200427705,1.0736523765532668,3.399416909620991
Kepler-47 c,3.17,4.65,303.227,0.9638,0.957,0.936,5636.0,-0.25,3.17,0.5010592622177514,0.667452952889954,2.481767869219065,0.6817204301075268
Gl 49 b,5.63,2.24,13.8508,0.0905,0.515,0.511,3805.0,0.13,5.63,0.7505083948513462,0.35024801833416286,1.141474858277844,2.5133928571428568
HD 21693 b,8.23,2.8,22.6786,0.1455,0.8,0.914378,5430.0,0.0,8.23,0.9153998352122699,0.4471580313422192,1.3556162410920662,2.9392857142857145
HD 20781 c,5.33,2.17,13.8905,0.1004,0.7,0.833609,5256.0,-0.11,5.33,0.7267272090265723,0.3364597338485295,1.142717878806925,2.456221198156682
Kepler-47 d,19.02,7.04,187.366,0.6992,0.957,0.936,5636.0,-0.25,19.02,1.279210512601395,0.8475726591421122,2.272690785313519,2.7017045454545454
LSPM J2116+0234 b,13.3,3.71,14.4399,0.0876,0.43,0.431,3475.0,-0.05,13.3,1.1238516409670858,0.5693739096150459,1.1595641856436916,3.5849056603773586
K2-285 e,10.7,1.95,14.76289,0.18041,0.83,0.787,4975.0,0.0,10.7,1.0293837776852097,0.290034611362518,1.1691713837874094,5.487179487179487
K2-285 d,6.5,2.48,10.45582,0.1178,0.83,0.787,4975.0,0.0,6.5,0.8129133566428556,0.3944516808262163,1.0193580981302897,2.620967741935484
HD 31527 b,10.47,3.22,16.5535,0.1254,0.96,1.073694,5898.0,-0.17,10.47,1.0199466816788423,0.5078558716958309,1.2188898331559066,3.251552795031056
HD 31527 d,11.82,3.46,271.6737,0.8098,0.96,1.073694,5898.0,-0.17,11.82,1.0726174765452365,0.5390760987927766,2.434047597572399,3.416184971098266
HD 21749 c,3.7,0.892,7.78993,0.0695,0.73,0.695,4640.0,0.003,3.7,0.568201724066995,-0.04963514562387693,0.8915335551372214,4.147982062780269
HD 114729 b,262.20975,13.9,1121.79,2.067,0.936,1.473,5844.0,-0.33,262.20975,2.4186488364481624,1.1430148002540952,3.0499115642488444,18.864010791366905
K2-286 b,5.06,2.1,27.359,0.1768,0.64,0.62,3926.0,0.0,5.06,0.7041505168397991,0.3222192947339193,1.4371002194216618,2.4095238095238094
Qatar-9 b,378.2177,11.309881,1.540731,0.0234,0.719,0.696,4309.0,0.252,378.2177,2.577741849290768,1.053458035401562,0.18772682079925074,33.4413509744267
NGTS-5 b,72.78307,12.733424,3.3569866,0.0382,0.661,0.739,4987.0,0.12,72.78307,1.8620303702381253,1.1049452005396514,0.5259496076889799,5.715907206105758
HD 126525 b,75.32571,10.3,960.41,1.837,0.897,0.979,5638.0,-0.1,75.32571,1.8769432339083412,1.0128372247051722,2.982456673378127,7.31317572815534
HD 117207 b,669.34662514,13.4,2621.75,3.787,1.053,1.074,5732.0,0.19,669.34662514,2.8256510780077626,1.1271047983648077,3.4185912766763793,49.951240682089555
HD 143361 b,1382.55357045,12.9,1039.15,1.988,0.968,0.916,5507.0,0.14,1382.55357045,3.14068196811423,1.110589710299249,3.0166782419463205,107.17469538372093
K2-288 B b,4.27,1.9,31.393463,0.164,0.33,0.32,3341.0,-0.21,4.27,0.6304278750250238,0.2787536009528289,1.4968392251883214,2.2473684210526312
HATS-60 b,210.40346,12.923977,3.560829,0.04708,1.097,1.46,5688.0,0.335,210.40346,2.323052877337937,1.1113961764593505,0.5515511182573601,16.280086230422725
HD 20781 e,14.03,3.83,85.5073,0.3374,0.7,0.833609,5256.0,-0.11,14.03,1.14705767102836,0.5831987739686227,1.93200319325897,3.6631853785900783
HD 45184 c,8.81,2.91,13.1354,0.11,1.03,1.075139,5869.0,0.04,8.81,0.9449759084120479,0.4638929889859073,1.1184433024854468,3.027491408934708
HD 152079 b,845.74563,13.2,2918.92,4.187,1.147,1.128,5907.0,0.29,845.74563,2.9272397624496262,1.1205739312058498,3.465222192269733,64.07163863636364
HATS-62 b,56.89157,11.825495,3.2768837,0.04163,0.896,0.933,5416.0,0.133,56.89157,1.7550479188781305,1.072819328798363,0.5154610280944498,4.810925039501518
HATS-63 b,305.1168,13.529263,3.0566527,0.04026,0.931,1.07,5627.0,0.081,305.1168,2.484466120937806,1.1312741392620007,0.4852460965468292,22.552359282246194
HATS-70 b,4100.007,15.513256,1.8882378,0.03632,1.78,1.881,7930.0,0.041,4100.007,3.612784598197486,1.1907029592853904,0.2760566873796403,264.2905525442241
K2-264 b,5.61,2.231,5.840002,0.05023,0.496,0.473,3660.0,-0.013,5.61,0.7489628612561614,0.3484995702838377,0.766412995843361,2.5145674585387723
HD 103949 b,11.2,3.35,120.878,0.439,0.77,0.753113,4792.0,-0.07,11.2,1.0492180226701815,0.5250448070368452,2.0823472657241737,3.343283582089552
HIP 35173 b,12.7,3.61,41.516,0.217,0.79,0.773404,4881.0,,12.7,1.1038037209559568,0.557507201905658,1.6182155032794168,3.5180055401662047
HD 23127 b,485.32641,13.5,1211.17,2.37,1.208,1.49,5843.0,0.29,485.32641,2.6860339249546583,1.130333768495006,3.083205105059057,35.95010444444444
HD 25171 b,290.81445,13.9,1802.29,2.971,1.076,1.23,6125.0,-0.12,290.81445,2.4636159819646855,1.1430148002540952,3.255824673028448,20.921902877697843
HATS-65 b,260.93843,16.824709,3.105161,0.04497,1.257,1.31,6277.0,0.199,260.93843,2.416538045017678,1.2259475614079218,0.49208412290192965,15.509238822496128
HATS-66 b,1694.0339,15.815899,3.1414391,0.04714,1.411,1.841,6626.0,-0.017,1694.0339,3.2289220969248094,1.1990938829189992,0.4971286448922215,107.1095547587905
HD 1397 b,131.89945,11.500434,11.53533,0.1097,1.324,2.336,5521.0,0.29,131.89945,2.12024298461033,1.0607142299404488,1.0620300232289386,11.469084558026244
HD 64114 b,17.8,4.41,45.791,0.246,0.95,0.882858,5676.0,,17.8,1.250420002308894,0.6444385894678385,1.6607801279072503,4.036281179138322
HD 206255 b,34.2,6.47,96.045,0.461,1.42,2.221489,5635.0,,34.2,1.534026106056135,0.8109042806687004,1.9824747608798488,5.285935085007728
HD 38801 b,3082.31534,12.5,685.25,1.623,1.207,2.029,5338.0,0.25,3082.31534,3.488877067677743,1.0969100130080565,2.835849044211536,246.58522720000002
HATS-67 b,460.8535,18.887165,1.6091788,0.03032,1.435,1.441,6594.0,0.332,460.8535,2.6635628901332122,1.2761667743720089,0.20660430235829358,24.400353361661214
HATS-68 b,410.0007,13.809488,3.5862202,0.05071,1.351,1.748,6147.0,0.21,410.0007,2.612784598197486,1.140177576993058,0.5546369524623276,29.689782850747253
Gl 378 b,13.02,3.66,3.822,0.039435,0.56,0.56,3879.0,0.06,13.02,1.1146109842321732,0.5634810853944107,0.5822906827189941,3.5573770491803276
WASP-190 b,317.83,12.89035,5.367753,0.0663,1.35,1.6,6400.0,-0.02,317.83,2.5021948878982374,1.1102647095182632,0.7297925233298902,24.656429034122425
Kepler-1610 c,5.02,2.09,44.9851885,0.2323,0.825,0.8,5295.0,-0.1,5.02,0.7007037171450193,0.32014628611105395,1.6530695446293313,2.401913875598086
XO-7 b,225.34147,15.389957,2.8641424,0.04421,1.405,1.48,6250.0,0.432,225.34147,2.352841123081304,1.1872374064014066,0.4569946065118036,14.642111735594842
HATS-55 b,292.72143,14.022459,4.2042001,0.05412,1.1955,1.126,6214.0,0.108,292.72143,2.466454518095086,1.1468241788580713,0.6236833782072339,20.875185300951852
Kepler-1996 c,8.3,2.81,92.7297248,0.3608,0.748,0.675,4580.0,0.08,8.3,0.919078092376074,0.4487063199050799,1.9672189709010655,2.9537366548042705
Kepler-1988 b,2.96,1.53,11.49500229,0.1038,1.127,1.788,6033.0,-0.1,2.96,0.4712917110589386,0.1846914308175988,1.060509062124155,1.934640522875817
TOI-813 b,36.4,6.71,83.8911,0.423,1.32,1.94,5907.0,0.1,36.4,1.561101383649056,0.8267225201689921,1.9237158890061474,5.424739195230998
GJ 433 b,6.043,2.33,7.3705,0.062,0.48,0.5,3461.0,-0.17,6.043,0.7812525942484564,0.367355921026019,0.8674969505287078,2.5935622317596567
HATS-58 A b,327.3649,12.273855,4.2180896,0.05798,1.461,1.433,7175.0,,327.3649,2.5150321126034094,1.0889809883407886,0.625115800716954,26.67172620175161
HR 5183 b,1052.01202717,13.1,27000.0,18.0,1.07,1.53,5794.0,0.1,1052.01202717,3.0220207049353114,1.1172712956557642,4.431363764158987,80.30626161603054
Kepler-1991 b,2.76,1.47,13.26079792,0.1065,0.914,1.053,5478.0,0.16,2.76,0.4409090820652177,0.1673173347481761,1.1225696569365624,1.8775510204081631
Kepler-1471 c,4.19,1.88,11.6044881,0.0981,0.934,1.166,5533.0,0.16,4.19,0.6222140229662954,0.2741578492636798,1.0646259875107105,2.2287234042553195
GJ 180 b,6.49,2.43,17.133,0.092,0.43,0.413049,3371.0,,6.49,0.8122446968003693,0.38560627359831223,1.233833414884434,2.670781893004115
WASP-169 b,178.30263,14.616536,5.6114118,0.0681,1.337,2.011,6110.0,0.06,178.30263,2.2511577491543986,1.1648444605605528,0.7490721410800756,12.198692631414174
Kepler-1998 b,0.156,0.6,3.03267135,0.0405,0.962,0.921,5640.0,0.06,0.156,-0.8068754016455384,-0.2218487496163564,0.48182534845274827,0.26
Kepler-164 e,16.7,4.24,94.886902,0.4025,0.966,1.097,5888.0,-0.1,16.7,1.2227164711475833,0.6273658565927327,1.9772062674145119,3.9386792452830184
Kepler-1994 b,0.087,0.51,4.61225043,0.053,0.932,0.961,5495.0,0.16,0.087,-1.0604807473813815,-0.2924298239020636,0.6639128800221377,0.17058823529411762
Kepler-1984 b,37.3,6.81,1.992812339,0.0238,0.45,0.42,3638.0,-0.14,37.3,1.5717088318086876,0.8331471119127851,0.2994664035805487,5.477239353891336
GJ 433 d,5.223,2.14,36.059,0.178,0.48,0.5,3461.0,-0.17,5.223,0.7179200258369937,0.33041377334919086,1.5570136785565483,2.4406542056074763
GJ 3082 b,8.2,2.79,11.949,0.079,0.47,0.465216,3910.0,,8.2,0.9138138523837167,0.44560420327359757,1.0773315611289904,2.9390681003584227
WASP-175 b,314.6517,13.540472,3.0652907,0.04403,1.212,1.204,6229.0,0.15,314.6517,2.497830082495787,1.1316338034497644,0.4864716675719555,23.2378679266129
Kepler-619 d,16.2,4.17,11.67894236,0.1021,1.041,0.964,6122.0,-0.18,16.2,1.209515014542631,0.6201360549737575,1.0674035150355032,3.884892086330935
Kepler-1126 c,2.7,1.45,199.66876,0.6193,0.794,0.921,5678.0,-0.4,2.7,0.43136376415898736,0.16136800223497488,2.300310120850032,1.8620689655172415
EPIC 249893012 b,8.75,1.95,3.5951,0.047,1.05,1.71,5430.0,0.2,8.75,0.9420080530223133,0.290034611362518,0.5557109750649865,4.487179487179487
Kepler-1661 b,17.0,3.87,175.06,0.633,0.841,0.762,5100.0,-0.12,17.0,1.2304489213782739,0.5877109650189114,2.2431869241314715,4.3927648578811365
Kepler-1987 c,2.33,1.33,3.64830183,0.0427,0.799,0.714,4769.0,0.12,2.33,0.367355921026019,0.12385164096708581,0.5620907610382215,1.7518796992481203
Kepler-1985 b,5.77,2.27,3.42064689,0.0426,0.877,0.966,5370.0,0.14,5.77,0.7611758131557314,0.35602585719312274,0.5341082447084448,2.541850220264317
Kepler-1987 b,2.04,1.23,2.345863002,0.0318,0.799,0.714,4769.0,0.12,2.04,0.3096301674258988,0.08990511143939793,0.3703026457962542,1.6585365853658538
Kepler-1801 c,8.8,2.91,116.583183,0.4572,0.936,0.981,5738.0,-0.06,8.8,0.9444826721501687,0.4638929889859073,2.066635908424367,3.0240549828178693
EPIC 249893012 c,14.67,3.67,15.624,0.13,1.05,1.71,5430.0,0.2,14.67,1.1664301138432827,0.5646660642520893,1.193792230279798,3.997275204359673
EPIC 249893012 d,10.18,3.94,35.747,0.22,1.05,1.71,5430.0,0.2,10.18,1.00774777800074,0.5954962218255742,1.553239600315695,2.583756345177665
WASP-180 A b,286.047,13.89916,3.409264,0.048,1.3,1.19,6600.0,0.1,286.047,2.456437397337562,1.1429885543268865,0.5326606325882166,20.580164556707025
WASP-2 b,295.89973,12.116929,2.152175,0.03144,0.895,0.866,5180.0,0.12,295.89973,2.4711445688795797,1.0833925631179617,0.33287758225656794,24.420356841242526
Kepler-949 c,9.11,2.97,20.99757968,0.1394,0.817,0.895,5211.0,0.08,9.11,0.9595183769729982,0.4727564493172124,1.3221692379625714,3.067340067340067
Kepler-311 d,4.86,2.05,232.040326,0.7326,0.974,1.156,5903.0,-0.1,4.86,0.6866362692622934,0.31175386105575426,2.3655634669485575,2.3707317073170735
WASP-44 b,276.5121,12.3299,2.423804,0.03453,0.935,0.906,5420.0,-0.003,276.5121,2.4417141405168556,1.0909595543228765,0.38449749785397297,22.42614295330862
WASP-45 b,306.38812,10.603714,3.126089,0.03963,0.85,0.855,5150.0,-0.03,306.38812,2.4862719218010683,1.0254580055664442,0.49500133825727827,28.894415673602666
Kepler-1834 c,1.98,1.22,0.766691517,0.015,0.765,0.788,4821.0,0.16,1.98,0.2966651902615311,0.08635983067474821,-0.1153793419354588,1.6229508196721312
HATS-47 b,117.27927,12.520453,3.9228038,0.04269,0.674,0.6564,4512.0,-0.113,117.27927,2.0692212540572976,1.0976200422802604,0.5935965873270435,9.367014915514638
GJ 15 A c,36.0,6.67,7600.0,5.4,0.38,0.38,3607.0,-0.34,36.0,1.5563025007672873,0.8241258339165489,3.8808135922807914,5.397301349325337
Kepler-763 c,2.6,1.42,4.09667624,0.0466,0.8,0.843,4999.0,0.18,2.6,0.414973347970818,0.15228834438305647,0.6124316430506767,1.830985915492958
Kepler-347 d,9.48,3.04,85.517344,0.3802,1.0,1.451,5592.0,0.16,9.48,0.9768083373380663,0.48287358360875376,1.9320542040803257,3.118421052631579
EPIC 248847494 b,4131.79,12.44199,3650.0,4.5,0.9,2.7,4898.0,-0.23,4131.79,3.616138240205074,1.094889847951309,3.5622928644564746,332.08433699110833
WASP-184 b,181.1631,14.90797,5.1817,0.0627,1.23,1.65,6000.0,0.12,181.1631,2.258069743570729,1.1734185101317371,0.7144722654394454,12.15209716681748
WASP-185 b,311.4734,14.01125,9.38755,0.0904,1.12,1.5,5900.0,-0.02,311.4734,2.493420963590732,1.1464768821727078,0.9725522631590974,22.23023641716478
Kepler-290 d,0.566,0.86,0.764017553,0.0154,0.84,0.755,5142.0,-0.06,0.566,-0.24718356881172862,-0.06550154875643228,-0.1168966635663644,0.6581395348837209
Kepler-549 d,16.4,4.2,24.61480613,0.1575,0.859,0.986,5312.0,0.16,16.4,1.2148438480476977,0.6232492903979004,1.3911964195520905,3.904761904761904
Kepler-865 c,0.64,0.89,6.20920207,0.061,0.782,0.885,5440.0,-0.24,0.64,-0.1938200260161128,-0.05060999335508721,0.7930357935966617,0.7191011235955056
TOI-150.01,797.7533,14.067295,5.857487,0.07037,1.351,1.526,6255.0,0.28,797.7533,2.9018686093792754,1.1482105949817083,0.767711333404804,56.70978677848158
GJ 682 c,8.7,2.89,57.32,0.176,0.27,0.298255,3028.0,,8.7,0.9395192526186185,0.4608978427565479,1.758306181725307,3.0103806228373697
Kepler-2000 c,3.09,1.57,20.6180348,0.1228,0.581,0.576,3757.0,0.48,3.09,0.4899584794248346,0.19589965240923377,1.3142472683098214,1.968152866242038
Kepler-448 c,6992.26,12.0,2500.0,4.2,1.5,1.4,6635.0,0.0815,6992.26,3.8446175687204436,1.0791812460476249,3.3979400086720375,582.6883333333334
7 CMa b,587.9855,13.4,735.1,1.758,1.34,4.87,4826.0,0.21,587.9855,2.769366616301251,1.1271047983648077,2.8663464227496016,43.87951492537314
Kepler-1983 b,6.04,2.33,7.32851947,0.0689,0.812,0.874,5135.0,0.12,6.04,0.7810369386211319,0.367355921026019,0.865016245998028,2.592274678111588
NGTS-8 b,295.5819,12.21781,2.4997,0.035,0.89,0.98,5241.0,0.24,295.5819,2.4706778364521726,1.0869933671052752,0.39788789020703874,24.19270720366416
7 CMa c,276.5121,13.9,996.0,2.153,1.34,4.87,4826.0,0.21,276.5121,2.4417141405168556,1.1430148002540952,2.998259338423699,19.89295683453237
Kepler-1990 c,0.904,0.98,4.06844957,0.0504,1.028,1.071,5751.0,0.21,0.904,-0.04383156952463668,-0.00877392430750515,0.6094289371175584,0.9224489795918368
HD 220197 b,63.566,9.32,1728.0,2.729,0.91,0.98,5683.0,-0.55,63.566,1.8032248835622184,0.9694159123539814,3.2375437381428744,6.82038626609442
Kepler-763 d,3.43,1.67,6.50327035,0.0634,0.8,0.843,4999.0,0.18,3.43,0.5352941200427705,0.22271647114758325,0.8131318086092624,2.0538922155688626
Kepler-1162 c,3.93,1.81,59.284064,0.2832,0.861,0.859,5225.0,0.14,3.93,0.5943925503754267,0.2576785748691845,1.7729379674455883,2.1712707182320443
HD 213885 b,8.83,1.745,1.008035,0.02012,1.068,1.1011,5978.0,-0.04,8.83,0.9459607035775686,0.24179543129519873,0.003475611517223264,5.060171919770774
Kepler-896 c,10.1,3.15,29.5422566,0.1792,0.877,0.803,5510.0,-0.16,10.1,1.0043213737826426,0.4983105537896005,1.470443666043531,3.2063492063492065
Kepler-1982 b,0.381,0.77,3.82315697,0.0511,1.213,1.122,6202.0,0.21,0.381,-0.4190750243243807,-0.11350927482751812,0.5824221295140135,0.4948051948051948
HD 213885 c,19.95,4.71,4.78503,0.056798,1.068,1.1011,5978.0,-0.04,19.95,1.299942900022767,0.6730209071288962,0.6798846649537431,4.235668789808917
HAT-P-69 b,1137.8314,18.786284,4.7869491,0.06555,1.648,1.926,7394.0,-0.069,1137.8314,3.0560779145421115,1.273840883458909,0.6800588096196855,60.5671350438437
Kepler-2000 b,7.9,2.73,6.383159135,0.0562,0.581,0.576,3757.0,0.48,7.9,0.8976270912904415,0.436162647040756,0.8050356717196189,2.8937728937728937
TOI-763 c,9.32,2.63,12.2737,0.1011,0.917,0.897,5450.0,0.01,9.32,0.9694159123539814,0.41995574848975786,1.0889755038316637,3.543726235741445
TOI-905 b,211.99261,13.125739,3.739494,0.04666,0.968,0.918,5570.0,0.14,211.99261,2.326320721814786,1.1181237642370145,0.5728128407366222,16.150908531702484
TOI-564 b,464.98529,11.43318,1.651144,0.02734,0.998,1.088,5640.0,0.143,464.98529,2.667439214023548,1.058167040926569,0.21778495071782508,40.669812772999286
Kepler-29 b,5.0,2.55,10.33974,0.08482,0.761,0.732,5378.0,-0.44,5.0,0.6989700043360189,0.4065401804339551,1.0145096182564763,1.9607843137254903
Kepler-1674 b,10.4,3.2057749,62.5611,0.3017,0.96,0.877273,5473.91,0.0562,10.4,1.0170333392987803,0.5059330242190014,1.7963043762367372,3.2441454326690247
Kepler-1675 b,9.93,3.12483349,63.0382,0.32185,1.06,1.12865,5853.19,0.2537,9.93,0.9969492484953811,0.49482688046383133,1.7996038037640476,3.177769321718323
HD 108236 b,3.24,1.615,3.795963,0.04527,0.869,0.877,5660.0,-0.28,3.24,0.5105450102066121,0.2081725266671217,0.579321970621919,2.0061919504643964
HD 164922 c,13.0,3.66,75.74,0.341,0.926,0.946,5390.0,0.18,13.0,1.1139433523068367,0.5634810853944107,1.8793253007848074,3.551912568306011
HD 108236 e,9.71,3.083,19.590025,0.1367,0.869,0.877,5660.0,-0.28,9.71,0.9872192299080049,0.4889735247265083,1.2920349902241963,3.1495296788842038
WASP-150 b,2688.8418,11.99363,5.644207,0.0694,1.394,1.651,6218.0,0.156,2688.8418,3.429565250937261,1.078950646849861,0.7516029330251206,224.18915707754869
NGTS-13 b,1538.2972,12.800678,4.119027,0.0549,1.3,1.788,5819.0,0.25,1538.2972,3.1870402495426498,1.1072329730744808,0.6147946387426715,120.17310333093295
Kepler-1685 b,7.16,2.57673985,20.4905,0.1485,0.96,0.835451,5484.0,0.21,7.16,0.8549130223078556,0.4110705739980746,1.311552555989851,2.7787050369093333
Kepler-1686 b,2.62,1.42553017,9.30987,0.08827,1.02,1.19951,5714.96,0.0775,2.62,0.41830129131974547,0.15397641317537378,0.968943616676635,1.8379126974211988
NGTS-14 A b,29.24036,4.976796,3.5357173,0.0403,0.898,0.842,5187.0,0.1,29.24036,1.4659827152437925,0.6969498392792712,0.5484775335021858,5.875338269842685
HD 13808 b,11.2,3.35,14.1815,0.10519,0.771,0.781,5035.0,-0.21,11.2,1.0492180226701815,0.5250448070368452,1.1517221693004767,3.343283582089552
Kepler-1687 b,3.38,1.65623882,5.77954,0.0532,0.65,0.726119,4132.0,-0.14,3.38,0.5289167002776547,0.2191229597012935,0.7618932738164391,2.0407684925535072
Kepler-1689 b,0.799,0.94678642,8.483,0.0784,1.023,0.996208,5731.43,-0.1455,0.799,-0.09745322068600859,-0.02374797989521541,0.9285494670016639,0.8439073302297683
Kepler-462 b,53.9,3.0,84.6866,0.4172,1.59,1.57,7500.0,0.05,53.9,1.7315887651867388,0.47712125471966244,1.9278146971495032,17.966666666666665
HD 4760 b,4417.837,12.3,434.0,1.14,1.05,42.4,4076.0,-0.91,4417.837,3.6452096881523324,1.089905111439398,2.637489729512511,359.1737398373984
HD 110113 c,10.5,2.11384817,6.744,0.068,0.997,0.968,5732.0,0.14,10.5,1.021189299069938,0.3250737903038544,0.828917561616686,4.9672441706160955
HD 96992 b,362.3262,13.7,514.0,1.24,0.96,7.43,4725.0,-0.45,362.3262,2.5590997392347097,1.1367205671564067,2.710963118995276,26.447167883211677
Kepler-1691 b,4.02,1.83470985,3.8482,0.0495,1.11,1.13152,6000.0,0.16,4.02,0.60422605308447,0.2635673925622982,0.5852576352574622,2.1910821484933978
Kepler-1692 b,1.42,1.11177184,5.95966,0.0646,0.87,0.866139,5146.0,0.36,1.42,0.15228834438305647,0.04601566962384707,0.7752214838449698,1.2772404812843612
EPIC 201170410.02,1.15,1.047,6.7987,0.0349,0.287,0.282,3648.0,-0.048,1.15,0.06069784035361165,0.019946681678842306,0.8324258778825849,1.0983763132760267
Kepler-160 c,13.6,3.76,13.699429,0.1192,1.003,1.118,5471.0,0.2,13.6,1.1335389083702174,0.5751878449276611,1.1367024658923839,3.617021276595745
Kepler-1694 b,1.76,1.17986031,3.89526,0.0449,0.82,0.756284,4954.0,0.14,1.76,0.24551266781414982,0.07183059189311061,0.5905364511733445,1.4917020134358108
Kepler-716 c,2.52,1.39281536,3.96999,0.04548,0.83,0.742183,5012.0,-0.06,2.52,0.4014005407815441,0.14389354754527364,0.5987894128209769,1.8092850440707375
EPIC 201757695.02,0.688,0.90819,2.0478,0.0296,0.727,0.655,4520.0,-0.003,0.688,-0.16241156176448873,-0.04182328438696673,0.3112875386622825,0.7575507327761811
HD 110082 b,10.3,3.2,10.18271,0.113,1.21,1.19,6200.0,0.08,10.3,1.0128372247051722,0.505149978319906,1.0078633753895851,3.21875
Kepler-1664 b,9.45,3.03320653,14.3868,0.1137,0.944,1.072,5735.81,0.3698,9.45,0.9754318085092629,0.48190198228086883,1.157964206244588,3.1155148541764475
Kepler-1001 c,3.11,1.57799279,9.18186,0.08296,0.93,0.836475,5376.0,0.04,3.11,0.4927603890268375,0.19810501454490462,0.9629306665947813,1.970858181170777
TOI-954 b,55.30242,9.550068,3.6849729,0.04963,1.201,1.892,5710.0,0.215,55.30242,1.742744136180837,0.9800064639313515,0.5664342983216004,5.79078808653509
K2-329 b,82.6358,8.675766,12.4551225,0.1016,0.901,0.822,5282.0,0.098,82.6358,1.9171682358690554,0.938307829847544,1.0953480033147098,9.524899588117062
HATS-49 b,112.19399,8.574885,4.1480467,0.04515,0.7133,0.6977,4405.0,0.208,112.19399,2.0499695932860598,0.9332283043182691,0.6178436371668916,13.084022701179082
Wendelstein-1 b,188.15536,11.5609626,2.663416,0.0282,0.65,0.61,4251.0,,188.15536,2.274516594621157,1.0629939962353474,0.4254390043640447,16.27506000235655
BD-11 4672 c,15.37,4.04,74.2,0.3,0.651,0.639,4550.0,-0.35,15.37,1.186673867499745,0.6063813651106049,1.8704039052790271,3.804455445544554
BD-11 4672 b,206.5895,14.1,1634.0,2.36,0.651,0.639,4550.0,-0.35,206.5895,2.3151082445410927,1.14921911265538,3.2132520521963968,14.651737588652482
HIP 65 A b,1021.18779,22.75427,0.9809734,0.01782,0.781,0.7242,4590.0,0.18,1021.18779,3.0091056134497554,1.3570629070778644,-0.00834276875648569,44.87895195055697
TOI-481 b,486.2799,11.09691,10.33111,0.097,1.14,1.66,5735.0,0.26,486.2799,2.6868863187158363,1.0452020637622013,1.0141469856993648,43.82119887428122
TIC 237913194 b,617.22586,12.520453,15.168865,0.1207,1.026,1.088,5788.0,0.14,617.22586,2.7904441134702234,1.0976200422802604,1.1809530862133713,49.297406411732865
TOI-157 b,375.0394,14.414774,2.0845435,0.03138,0.948,1.167,5404.0,0.24,375.0394,2.574076895204363,1.1588078377528548,0.3190109623612586,26.01770933071861
TOI-169 b,251.40353,12.172974,2.2554477,0.03524,1.147,1.288,5880.0,0.24,251.40353,2.400371371395914,1.0853966944174795,0.35323276099934825,20.65259730284481
Kepler-1700 b,8.76,2.90129941,234.239,0.76094,1.12,1.0937,6031.0,0.07,8.76,0.9425041061680807,0.4625925496923679,2.3696592053166134,3.019336773656187
Kepler-1666 b,8.66,2.88273782,25.8476,0.1761,1.23,1.14586,6293.0,-0.2,8.66,0.9375178920173467,0.45980514585510185,1.4124202242135135,3.0040886617985953
Gl 686 b,6.624,2.46,15.53,0.091,0.426,0.427,3656.0,-0.23,6.624,0.8211203237768238,0.39093510710337914,1.1911714557285584,2.692682926829268
HD 180617 b,12.214,3.53,105.911,0.343,0.484,0.481,3534.0,-0.04,12.214,1.0868579156598468,0.5477747053878226,2.02494106861748,3.4600566572237965
HATS-37 A b,31.46517,6.792654,4.3315366,0.04913,0.843,0.877,5326.0,0.051,31.46517,1.4978300824957873,0.8320394933309376,0.6366419883900817,4.632235058638347
GJ 687 b,17.2,4.32,38.142,0.163,0.4,0.4183,3413.0,0.0631,17.2,1.235528446907549,0.6354837468149122,1.5814034618141006,3.981481481481481
GJ 2056 b,16.2,4.17,69.971,0.283,0.62,0.709495,4069.95,,16.2,1.209515014542631,0.6201360549737575,1.8449180807347574,3.884892086330935
TOI-237 b,2.67,1.44,5.436098,0.0341,0.179,0.211,3212.0,-0.3443,2.67,0.42651126136457523,0.15836249209524964,0.7352872774341853,1.8541666666666667
HD 216520 c,9.44,3.03,154.43,0.528,0.82,0.76,5103.0,-0.16,9.44,0.9749719942980689,0.48144262850230496,2.188731671445743,3.1155115511551155
CoRoT-30 b,921.707,11.309881,9.06005,0.0844,0.98,0.91,5650.0,0.02,921.707,2.9645928857971935,1.053458035401562,0.9571305944388634,81.4957292654096
CoRoT-31 b,266.9772,16.36514,4.62941,0.0586,1.25,2.15,5700.0,0.0,266.9772,2.426474173960119,1.2139197249490885,0.6655256454301307,16.313774278741274
HIP 38594 b,8.1,2.77,60.722,0.256,0.61,0.626646,4086.3,,8.1,0.9084850188786497,0.4424797690644486,1.7833460674766746,2.9241877256317688
WASP-186 b,1341.2426,12.44199,5.026799,0.06,1.22,1.47,6361.0,-0.08,1341.2426,3.1275073388599113,1.094889847951309,0.7012915200130209,107.79968477711363
Kepler-29 c,4.5,2.34,13.28613,0.10027,0.761,0.732,5378.0,-0.44,4.5,0.6532125137753437,0.3692158574101428,1.123398497541511,1.9230769230769231
Kepler-783 c,6.04,2.33153725,7.05395,0.06903,0.94,0.872088,5411.49,-0.03,6.04,0.7810369386211319,0.3676423583880746,0.8484323769644373,2.5905655163776604
Kepler-1667 b,9.19,2.98385261,83.5781,0.35905,1.09,1.08751,5941.54,-0.2603,9.19,0.9633155113861113,0.4747773669760357,1.9220924940043669,3.0799108405022726
HIP 4845 b,14.4,3.89,34.15,0.176,0.62,0.603999,4010.0,,14.4,1.1583624920952498,0.5899496013257077,1.5333907080175513,3.7017994858611827
HIP 48714 b,22.9,5.11,17.818,0.112,0.58,0.595456,4015.5,,22.9,1.359835482339888,0.7084209001347127,1.2508589545992947,4.481409001956947
TOI-251 b,317.83,2.74,4.93777,0.05741,1.036,0.881,5875.0,-0.106,317.83,2.5021948878982374,0.437750562820388,0.6935308567467492,115.99635036496349
HAT-P-68 b,230.10892,12.016048,2.29840551,0.02996,0.6785,0.6701,4508.0,-0.059,230.10892,2.361933454095384,1.0797616545214026,0.361426654125436,19.150133221837997
Kepler-177 b,5.84,3.5,36.8601,0.21101,0.921,1.324,5732.0,-0.11,5.84,0.7664128471123994,0.5440680443502757,1.5665565091084832,1.6685714285714286
Kepler-36 b,3.83,1.498,13.86825,0.11419,1.034,1.634,5979.0,-0.18,3.83,0.5831987739686227,0.17551181336344768,1.1420216619893961,2.5567423230974633
KOI-1783.01,71.0,8.86,134.4628,0.52661,1.076,1.143,5922.0,0.11,71.0,1.8512583487190752,0.9474337218870508,2.1286021505888537,8.013544018058692
Kepler-1668 b,17.4,4.34764405,15.434,0.124,0.98,1.01738,5542.0,0.07,17.4,1.2405492482825997,0.6382539803432281,1.188478495913935,4.002167564752684
Kepler-598 c,9.4,3.02420941,86.4945,0.36672,0.9,0.900316,5245.0,0.03,9.4,0.9731278535996987,0.4806118603935337,1.9369884924868668,3.10825036418361
Kepler-1514 c,1.74,1.1758241,10.514181,0.0997,1.196,1.289,6145.0,0.119,1.74,0.24054924828259971,0.0703423573582093,1.0217754490591056,1.4798131795393545
KOI-1783.02,15.0,5.44,284.215,0.86695,1.076,1.143,5922.0,0.11,15.0,1.1760912590556813,0.7355988996981799,2.453646994933182,2.7573529411764706
HD 156668 c,31.49679513,6.17,811.3,1.57,0.785167,0.774528,4903.69,0.0493,31.49679513,1.4982663655938504,0.7902851640332417,2.909181475977853,5.10482903241491
HD 211403 b,1760.76937478,12.8,223.8,0.768,1.2,1.206,6273.0,0.18,1760.76937478,3.2457024758880224,1.1072099696478683,2.3498600821923312,137.56010740468747
HD 24040 c,63.88350981,9.35,515.4,1.3,1.10394,1.387296,5776.49,0.1971,63.88350981,1.8053887686004761,0.9708116108725178,2.712144414214886,6.83246094224599
HD 3765 b,54.98431441,8.56,1211.0,2.108,0.851785,0.83061,5049.8,0.1716,54.98431441,1.7402388142804894,0.9324737646771533,3.0831441431430524,6.423401216121495
HD 213472 b,1112.3994245,13.1,17000.0,13.0,1.048132,1.433902,5729.54,0.1249,1112.3994245,3.046260755509868,1.1172712956557642,4.230448921378274,84.91598660305343
CD Cet b,3.95,1.82,2.2907,0.0185,0.161,0.175,3130.0,0.13,3.95,0.5965970956264602,0.2600713879850748,0.3599682158259049,2.17032967032967
G 264-012 b,2.5,1.39,2.30538,0.02279,0.297,0.305,3326.0,0.1,2.5,0.3979400086720376,0.14301480025409505,0.36274252117951544,1.7985611510791368
K2-282 b,6.8,2.5,4.169783,0.0499,0.94,1.0,5499.0,-0.23,6.8,0.8325089127062363,0.3979400086720376,0.620113454409068,2.7199999999999998
K2-156 b,1.37,1.1,0.813143,0.0149,0.66,0.62,4460.0,-0.33,1.37,0.1367205671564068,0.04139268515822508,-0.08983307230291601,1.2454545454545454
TOI-257 b,43.86032017,7.16253867,18.38818,0.1528,1.407,1.867,6095.0,0.175,43.86032017,1.6420717976004362,0.8550669797045605,1.2645387463630298,6.123571849420815
HAT-P-58 b,118.2321674,14.93036229,4.0138379,0.04994,1.031,1.53,6078.0,-0.224,118.2321674,2.072735651026797,1.174070346146919,0.6035598293978439,7.918908135215786
HAT-P-59 b,489.45574678,12.58768533,4.1419771,0.05064,1.008,1.1038,5678.0,0.217,489.45574678,2.6897134319960556,1.0999458777784619,0.6172076934538296,38.88369735565991
TOI-269 b,8.8,2.77,3.6977104,0.0345,0.3917,0.398,3514.0,-0.29,8.8,0.9444826721501687,0.4424797690644486,0.5679328947606962,3.176895306859206
K2-187 b,1.87,1.2,0.77401,0.0164,0.966999,0.83,5438.0,0.0,1.87,0.27184160653649897,0.07918124604762482,-0.11125342831353627,1.5583333333333336
K2-32 b,15.0,5.299,8.992,0.0795,0.83,0.86,5271.0,-0.06,15.0,1.1760912590556813,0.7241939195143297,0.953856298224986,2.830722777882619
K2-32 e,2.1,1.212,4.34934,0.04899,0.83,0.86,5271.0,-0.06,2.1,0.3222192947339193,0.0835026198302674,0.6384233589994807,1.7326732673267329
HAT-P-64 b,184.34047606,19.08889413,4.007232,0.05387,1.298,1.735,6457.0,-0.113,184.34047606,2.26562070472253,1.2807807692972717,0.6028444867808619,9.656948946575774
Kepler-129 c,43.0,2.52,82.2,0.39,1.178,1.653,5770.0,0.29,43.0,1.6334684555795864,0.4014005407815441,1.9148718175400503,17.063492063492063
K2-223 c,2.86,1.5,4.562546,0.0549,1.06,1.0,5859.0,0.19,2.86,0.456366033129043,0.17609125905568124,0.659207256082714,1.9066666666666665
K2-32 c,8.1,3.134,20.66093,0.13843,0.83,0.86,5271.0,-0.06,8.1,0.9084850188786497,0.4960989921325713,1.3151498663016026,2.5845564773452456
K2-32 d,6.7,3.484,31.71701,0.18422,0.83,0.86,5271.0,-0.06,6.7,0.8260748027008264,0.5420781463356256,1.5012922391214034,1.9230769230769231
K2-137 b,158.915,0.64,0.179719,0.0058,0.463,0.29,3697.0,-0.059,158.915,2.201164892234256,-0.1938200260161128,-0.7454060065918665,248.30468749999997
NGTS-15 b,238.68913366,12.32987877,3.27623,0.0441,0.995,0.954,5600.0,0.15,238.68913366,2.3778326481692194,1.0909588065406732,0.5153743827784188,19.35859533678124
TOI-1333 b,753.2571,15.647764,4.720219,0.0626,1.464,1.925,6274.0,0.119,753.2571,2.8769432339083414,1.1944522874517938,0.673962148694495,48.13832187141882
HD 238090 b,6.89,2.52,13.671,0.0932,0.578,0.57,3933.0,-0.03,6.89,0.8382192219076258,0.4014005407815441,1.1358002833021112,2.734126984126984
NGTS-18 b,129.99181846,13.56286665,3.05125,0.0448,1.003,1.392,5610.0,0.15,129.99181846,2.1139160191569117,1.1323514917949609,0.484477792425245,9.584391103631472
HD 136352 b,4.72,1.664,11.57797,0.0964,0.87,1.058,5664.0,-0.24,4.72,0.6739419986340878,0.2211533219547051,1.0636324199197347,2.8365384615384617
GJ 414 A b,7.6,2.63,50.8,0.2324,0.65,0.68,4120.0,0.24,7.6,0.8808135922807914,0.41995574848975786,1.7058637122839193,2.8897338403041823
BD+55 362 b,228.83645304,14.0,265.59,0.78,0.909,0.896193,5012.0,0.18,228.83645304,2.359525207590861,1.146128035678238,2.424211718939284,16.345460931428573
HD 136352 d,8.82,2.562,107.245,0.425,0.87,1.058,5664.0,-0.24,8.82,0.9454685851318197,0.4085791254086675,2.0303770535558,3.4426229508196724
K2-138 c,6.31,2.299,3.56004,0.04461,0.935,0.863,5356.3,0.14,6.31,0.8000293592441343,0.36153897126927903,0.551454877658741,2.7446715963462376
KOI-1831 d,2.23,1.13,34.169,0.19924,0.901,0.835,5233.0,0.18,2.23,0.34830486304816066,0.05307844348341968,1.5336322687947552,1.9734513274336285
K2-138 d,7.92,2.39,5.40479,0.05893,0.935,0.863,5356.3,0.14,7.92,0.8987251815894935,0.3783979009481377,0.7327788243553839,3.313807531380753
K2-138 e,12.97,3.39,8.26146,0.0782,0.935,0.863,5356.3,0.14,12.97,1.1129399760840801,0.5301996982030822,0.9170568044526489,3.825958702064897
K2-138 f,1.63,2.904,12.75758,0.10447,0.935,0.863,5356.3,0.14,1.63,0.21218760440395779,0.4629966120280561,1.1057683003787246,0.5612947658402203
K2-100 b,21.8,3.88,1.6739035,0.0301,1.15,1.24,5945.0,0.22,21.8,1.3384564936046048,0.5888317255942073,0.22373041744128377,5.618556701030928
TOI-2202 c,117.27868218,13.4,24.6744,0.15544,0.823,0.794,5144.0,0.04,117.27868218,2.069219077307544,1.1271047983648077,1.3922466008611354,8.75214046119403
GJ 740 b,2.96,1.53,2.37756,0.029,0.58,0.56,3913.0,0.08,2.96,0.4712917110589386,0.1846914308175988,0.37613148558426385,1.934640522875817
HD 60292 b,2065.895,12.7,495.4,1.5,1.7,27.0,4348.0,-0.17,2065.895,3.3151082445410927,1.1038037209559568,2.694956002249818,162.66889763779528
TOI-1749 b,57.0,1.39,2.38839,0.0291,0.58,0.55,3985.0,-0.26,57.0,1.7558748556724915,0.14301480025409505,0.3781052441569073,41.00719424460432
TOI-1749 d,15.0,2.52,9.0497,0.0707,0.58,0.55,3985.0,-0.26,15.0,1.1760912590556813,0.4014005407815441,0.9566341824644194,5.9523809523809526
HD 221420 b,7278.2705203,12.0,10090.0,10.15,1.351,1.947,5847.0,0.33,7278.2705203,3.8620281934994805,1.0791812460476249,4.003891166236911,606.5225433583333
TOI-1201 b,6.28,2.415,2.4919863,0.0287,0.512,0.508,3476.0,0.05,6.28,0.7979596437371962,0.38291713508753095,0.3965456504065714,2.600414078674948
HD 136925 b,266.97586188,13.9,4540.0,5.13,0.875104,1.193078,5773.19,-0.2172,266.97586188,2.426471997221474,1.1430148002540952,3.6570558528571038,19.2068965381295
HD 109286 b,950.30693693,13.2,520.1,1.259,0.98,1.089,5694.0,0.05,950.30693693,2.977863899484022,1.1205739312058498,2.716086853774832,71.99294976742425
Kepler-1771 b,15.5,4.05537256,88.64399719,0.3815,0.941,0.934,5661.0,0.0,15.5,1.1903316981702914,0.6080307582561203,1.9476493313015486,3.8220902693093133
Kepler-1786 b,10.1,3.16305828,78.5460968,0.35722,1.058,1.397,5808.0,0.14,10.1,1.0043213737826426,0.5001071939546816,1.8951246084677882,3.1931122053179495
Kepler-1834 b,2.73,1.4593834,4.603010178,0.04911,0.765,0.788,4821.0,0.16,2.73,0.436162647040756,0.16416940198969165,0.6630419351903787,1.8706530442925415
TOI-559 b,1910.14872607,12.22899794,6.9839095,0.0723,1.026,1.233,5925.0,-0.069,1910.14872607,3.281067183162332,1.08739087183939,0.8440986029905737,156.1983030369208
Kepler-418 c,23.7,5.22108654,12.21829987,0.10632,0.957,1.081,5822.0,-0.06,23.7,1.3747483460101038,0.7177608917422199,1.0870107796835464,4.539285035486119
Kepler-1801 b,7.8,2.70926154,10.44089985,0.0915,0.936,0.981,5738.0,-0.06,7.8,0.8920946026904804,0.4328509319051166,1.0187379299927273,2.879013297475887
Kepler-1838 b,3.4,1.66049425,12.14680004,0.11082,1.187,1.963,5877.0,0.04,3.4,0.5314789170422551,0.22023737605148044,1.0844618822134082,2.0475831217121048
Kepler-1839 b,4.46,1.9493759,5.056759834,0.0583,1.03,0.939,5926.0,-0.04,4.46,0.6493348587121419,0.28989559260904507,0.7038723277188839,2.2879117362638985
TOI-530 b,127.1313628,9.30345398,6.387597,0.052,0.53,0.54,3659.0,0.376,127.1313628,2.104252702487555,0.9686442137118411,0.8053375082496002,13.664963901933548
Kepler-1749 b,3.23,1.61301783,14.53409958,0.0956,0.551,0.553,3957.0,-0.16,3.23,0.5092025223311029,0.2076391680261684,1.162388131424625,2.0024577161679606
Kepler-1841 b,2.82,1.48912557,25.88599968,0.1606,0.823,0.899,5190.0,0.12,2.82,0.45024910831936105,0.17293132102869224,1.4130649414687084,1.8937288142866286
Kepler-1842 b,6.14,2.35388681,14.02639961,0.116,1.057,1.131,5970.0,0.06,6.14,0.7881683711411677,0.37178557534076384,1.1469462077230166,2.6084516782691005
HAT-P-43 b,210.395,13.63,3.3326414,0.0444,1.03,1.08,5693.0,0.2,210.395,2.323035414672711,1.1344958558346736,0.5227885850737325,15.436170212765957
Kepler-1742 b,5.38,2.1782413,49.47819901,0.2587,0.939,0.849,5776.0,-0.18,5.38,0.7307822756663892,0.338105988116631,1.6944138830699778,2.4698824689440975
Kepler-1743 b,3.18,1.59887007,7.649710178,0.084,1.266,1.613,5855.0,0.4,3.18,0.5024271199844327,0.20381317283020026,0.883644981496145,1.98890457684282
Kepler-1741 b,2.16,1.273,2.757590055,0.0296,0.454,0.424,3683.0,-0.22,2.16,0.3344537511509309,0.10482840365365537,0.44052970415880816,1.6967792615868031
Kepler-1810 b,14.6,3.91815325,101.1330032,0.4137,0.921,1.016,5492.0,0.16,14.6,1.1643528557844371,0.5930814184702913,2.0048929040449686,3.7262452661850323
Kepler-1812 b,6.01,2.3249424,7.165219784,0.0765,1.162,1.103,6174.0,0.1,6.01,0.7788744720027395,0.3664121977971424,0.8552295163683217,2.585010278104094
Kepler-1845 b,6.52,2.43836702,11.60649967,0.0885,0.686,0.701,4703.0,-0.14,6.52,0.8142475957319202,0.38709907567292695,1.0647012633896868,2.673920679914708
Kepler-1716 b,6.46,2.4247685,35.58100128,0.18836,0.753,0.684,4894.0,-0.24,6.46,0.8102325179950841,0.3846702815066133,1.551218165340381,2.664171858055728
K2-95 b,11.0,3.31,10.1346454,0.0525,0.41,0.4,3566.0,0.1,11.0,1.0413926851582251,0.5198279937757188,1.0058085578127067,3.323262839879154
Kepler-1746 b,59.1,8.93504475,321.2120056,0.94082,1.09,1.286,6018.0,0.06,59.1,1.7715874808812553,0.9510967319540745,2.506791769073618,6.614404477381045
Kepler-1745 b,4.38,1.92872921,3.016190052,0.0408,0.995,1.4,5611.0,0.16,4.38,0.6414741105040995,0.28527125778491,0.47945870322373707,2.2709253208230304
Kepler-1814 b,6.21,2.36961357,2.935359955,0.03765,0.79,0.823,4922.0,0.2,6.21,0.7930916001765802,0.3746775282463621,0.46766136516963064,2.620680468165955
Kepler-1813 b,2.58,1.413,2.818160057,0.0364,0.812,0.787,5167.0,-0.04,2.58,0.41161970596323016,0.1501421618485586,0.44996565516719644,1.8259023354564756
Kepler-1815 b,7.99,2.7489262,12.19139957,0.0984,0.856,0.967,5516.0,-0.06,7.99,0.9025467793139914,0.4391630805626413,1.0860535653917687,2.9065894893795257
Kepler-1856 b,3.66,1.73447868,1.302000046,0.0215,0.782,0.816,4948.0,0.14,3.66,0.5634810853944107,0.23916896591618175,0.11461099957591035,2.1101441269949768
K2-101 b,4.66,2.0,14.6762429,0.1124,0.82,0.76,4927.0,0.07,4.66,0.6683859166900001,0.3010299956639812,1.1666148909591276,2.33
Kepler-1669 c,4.27,1.90120972,1.609320045,0.0228,0.609,0.603,4224.0,-0.2,4.27,0.6304278750250238,0.27903002597385346,0.20664242070295671,2.2459384438661503
Kepler-1165 c,11.2,3.36093385,29.96870041,0.1969,1.13,1.076,6249.0,-0.04,11.2,1.0492180226701815,0.5264599647566852,1.476667910212804,3.3324071522562098
Kepler-1816 b,4.53,1.9679397,91.50099945,0.35647,0.786,0.706,5051.0,-0.24,4.53,0.6560982020128319,0.2940117870026044,1.9614258378178075,2.3018997990639654
Kepler-1847 b,7.97,2.74516914,11.12969971,0.0989,1.041,0.964,6122.0,-0.18,7.97,0.9014583213961124,0.43856910809600413,1.0464834468100626,2.9032819449514866
K2-355 b,5.69,2.25,5.7385647,0.0632,0.96,0.92,5790.0,-0.12,5.69,0.7551122663950712,0.3521825181113625,0.7588032824995383,2.528888888888889
K2-356 b,5.86,2.29,21.0267366,0.1599,0.9,0.86,5568.0,-0.11,5.86,0.7678976160180907,0.359835482339888,1.3227718743701575,2.558951965065502
Kepler-1757 b,8.99,2.94660251,19.65640068,0.1335,0.828,0.74,5288.0,-0.24,8.99,0.9537596917332288,0.4693215544598227,1.2935039963077712,3.0509714050301273
Kepler-1758 b,7.13,2.57059831,9.977210045,0.0919,1.035,1.616,5557.0,0.16,7.13,0.8530895298518656,0.4100342176852865,0.9990091152898074,2.77367333988483
Kepler-1819 b,14.5,3.90351256,16.48690033,0.1337,1.173,1.071,6090.0,0.21,14.5,1.1613680022349748,0.591455581095331,1.2171390124599129,3.7146031368219807
Kepler-1817 b,5.79,2.27349126,44.29919815,0.2348,0.878,0.915,5316.0,0.16,5.79,0.7626785637274363,0.3566932889827071,1.6463958652257333,2.546743900832062
K2-357 b,13.4,3.72,16.3488637,0.145,0.98,1.0,5794.0,-0.02,13.4,1.1271047983648077,0.5705429398818975,1.2134875731449934,3.6021505376344085
K2-358 b,7.65,2.68,11.2510285,0.0863,0.93,0.91,5650.0,-0.07,7.65,0.8836614351536176,0.42813479402878885,1.0511922247992047,2.8544776119402986
Kepler-1731 b,8.92,2.93295657,21.76129913,0.1399,0.781,0.72,4859.0,0.0,8.92,0.9503648543761231,0.46730563217625815,1.3376848187903276,3.041299721666182
Kepler-1762 b,8.05,2.76022913,29.53910065,0.204,1.298,1.238,6572.0,0.07,8.05,0.9057958803678685,0.4409451348783717,1.4703972686100506,2.9164245505951896
Kepler-1820 b,9.9,3.11883067,31.03249931,0.1964,1.047,0.931,5841.0,0.07,9.9,0.9956351945975499,0.49399179634069446,1.491816754405651,3.174266591395294
Kepler-1821 b,7.24,2.59248115,16.45809937,0.1244,0.946,0.884,5475.0,0.14,7.24,0.859738566197147,0.4137156073057282,1.2163796801605138,2.7926914724143708
Kepler-1788 b,6.25,2.37850461,2.800120115,0.0343,0.686,0.704,4786.0,-0.2,6.25,0.7958800173440752,0.376303997503081,0.44717666140037177,2.6277014447325375
Kepler-1859 b,3.13,1.58313575,2.729599953,0.0394,1.09,1.235,5887.0,0.16,3.13,0.49554433754644844,0.1995181561435957,0.4360990020094686,1.9770888251370735
Kepler-1860 b,1.55,1.13863767,12.73719978,0.10625,0.874,0.868,5420.0,0.0,1.55,0.1903316981702915,0.056385547649172064,1.105073960670935,1.3612758833106233
K2-184 b,2.76,1.47,16.9780102,0.1685,0.84,0.75,5245.0,-0.1,2.76,0.4409090820652177,0.1673173347481761,1.2298867901601565,1.8775510204081631
Kepler-1712 b,5.83,2.28372556,13.81499958,0.0903,0.515,0.509,3732.0,0.02,5.83,0.7656685547590141,0.3586439126478705,1.1403508760492231,2.5528461484662803
Kepler-1763 b,1.59,1.14651332,1.480280042,0.0257,1.026,1.259,5897.0,0.02,1.59,0.2013971243204515,0.05937910465592309,0.17034388376682652,1.386813369076253
Kepler-1764 b,18.8,4.55527871,70.46829987,0.3512,1.162,1.131,6461.0,-0.14,18.8,1.2741578492636798,0.6585149539790619,1.8479937937622843,4.127080074975259
Kepler-1790 b,10.0,3.1446145,31.58889961,0.20989,1.02,1.367,5866.0,0.0,10.0,1.0,0.4975674126479202,1.4995344976484701,3.1800400335239822
Kepler-1791 b,9.91,3.12103321,7.720860004,0.0761,0.985,1.177,5887.0,-0.06,9.91,0.9960736544852753,0.49429838989026337,0.8876656778214338,3.175230551295544
K2-273 b,9.53,3.05,11.7195663,0.0729,0.89,0.85,5161.0,0.2,9.53,0.9790929006383263,0.48429983934678583,1.0689115402655267,3.124590163934426
K2-104 b,3.86,1.79,1.9741954,0.0242,0.51,0.48,3712.0,0.18,3.86,0.5865873046717549,0.2528530309798932,0.29539013563958216,2.1564245810055866
Kepler-1792 b,6.89,2.51990972,4.1957798,0.0488,0.878,1.005,5229.0,0.32,6.89,0.8382192219076258,0.40138498173068454,0.6228126877783582,2.7342249388204274
Kepler-1090 c,10.9,3.29265785,42.42720032,0.22622,0.869,1.013,5330.0,0.18,10.9,1.0374264979406236,0.5175466042080713,1.6276443745502347,3.310395582097909
Kepler-1760 b,5.86,2.28995546,38.3260994,0.2084,0.821,0.903,5229.0,0.08,5.86,0.7678976160180907,0.3598270353248925,1.5834946216217871,2.559001737090555
Kepler-1777 b,5.19,2.13189678,12.18420029,0.10301,0.984,1.068,5771.0,0.06,5.19,0.7151673578484579,0.328766173637077,1.085797029537345,2.434451821818503
K2-275 c,5.52,2.21,8.4388385,0.0881,0.77,0.69,4841.0,-0.06,5.52,0.7419390777291989,0.3443922736851107,0.9262826755648055,2.497737556561086
K2-275 b,6.08,2.34,3.2809626,0.0277,0.77,0.69,4841.0,-0.06,6.08,0.7839035792727349,0.3692158574101428,0.5160012798507846,2.5982905982905984
Kepler-1775 b,12.9,3.64762153,85.65399933,0.39565,1.149,1.647,5818.0,0.24,12.9,1.110589710299249,0.5620097704569567,1.9327476457183488,3.5365511180103164
Kepler-1797 b,9.58,3.05774442,23.3593998,0.1637,1.069,1.009,6244.0,-0.2,9.58,0.9813655090785445,0.4854011823116288,1.3684616797547122,3.133028364744755
Kepler-1798 b,5.94,2.30911251,16.85589981,0.1082,0.593,0.587,3967.0,0.06,5.94,0.7737864449811935,0.3634450941479011,1.2267519411991505,2.5724168806309056
TIC 172900988 b,942.0,11.25,200.452,0.90281,1.2384,1.3842,6050.0,0.34,942.0,2.9740509027928774,1.0511525224473812,2.302010393760053,83.73333333333333
HD 93385 d,8.7,2.89,45.85,0.2565,1.04,1.18484,5977.0,0.02,8.7,0.9395192526186185,0.4608978427565479,1.6613393400060399,3.0103806228373697
Kepler-487 d,8.12,2.77513568,2.418390036,0.03445,0.874,0.887,5422.0,0.02,8.12,0.9095560292411753,0.4432842212009723,0.3835263448383299,2.9259830640064415
Kepler-1822 b,7.5,2.64755943,22.13339996,0.1416,0.782,0.702,5165.0,-0.32,7.5,0.8750612633917001,0.42284571753547207,1.3450481319774272,2.832797600316757
Kepler-1823 b,5.0,2.0861268,21.10339928,0.15332,1.068,1.126,6000.0,0.06,5.0,0.6989700043360189,0.31934070239668166,1.32435241594422,2.39678623562096
HD 96700 c,3.5,1.69,19.88,0.141,0.89,1.16,5845.0,-0.18,3.5,0.5440680443502757,0.22788670461367352,1.2984163800612945,2.0710059171597632
HD 96700 d,12.7,3.61,103.5,0.424,0.89,1.16,5845.0,-0.18,12.7,1.1038037209559568,0.557507201905658,2.0149403497929366,3.5180055401662047
TOI-2257 b,5.45,2.194,35.189346,0.145,0.328,0.313,3430.0,-0.27,5.45,0.7363965022766424,0.3412366232386923,1.5464111954731425,2.4840474020054697
Kepler-1769 b,18.2,4.465,89.1934967,0.40598,1.061,1.295,6071.0,-0.06,18.2,1.2600713879850747,0.6498214632245652,1.950333190135468,4.076147816349384
Kepler-1778 b,9.36,3.01665969,10.08740044,0.0956,1.143,1.095,6310.0,-0.06,9.36,0.9712758487381052,0.4795263200884119,1.0037792613785042,3.1027696067367807
Kepler-1824 b,6.26,2.38127597,95.61100006,0.4267,1.135,1.081,6002.0,0.2,6.26,0.7965743332104297,0.37680972942544483,1.980507860796346,2.6288427208208045
HD 189567 b,8.5,2.85,14.288,0.111,0.83,1.04,5726.0,-0.24,8.5,0.9294189257142927,0.4548448600085102,1.1549714415444712,2.982456140350877
HD 189567 c,7.0,2.54,33.688,0.197,0.83,1.04,5726.0,-0.24,7.0,0.8450980400142568,0.40483371661993806,1.5274752284122086,2.7559055118110236
HD 137496 c,2434.56559762,12.6,479.9,1.2163,1.04,1.59,5799.0,-0.03,2434.56559762,3.3864214807921966,1.100370545117563,2.681150749932421,193.2194918746032
Kepler-1782 b,5.6,2.22927435,5.756229877,0.05825,0.794,0.734,4931.0,0.0,5.6,0.7481880270062004,0.34816351906757564,0.760138129308892,2.5120281853151005
Kepler-1784 b,8.24,2.79936489,13.59049988,0.1072,0.887,0.974,5442.0,0.1,8.24,0.9159272116971158,0.44705951132253735,1.1332354310616344,2.9435248078716882
Kepler-1828 b,5.13,2.11598626,10.2737999,0.0924,0.996,0.899,5806.0,-0.04,5.13,0.7101173651118162,0.3255128433132639,1.0117311028354559,2.4244013758388014
Kepler-1829 b,6.71,2.47887001,5.186719894,0.0559,0.873,0.777,5230.0,0.0,6.71,0.8267225201689921,0.3942537533027642,0.714892794788482,2.70687852647828
Kepler-1776 b,7.33,2.61157023,35.01190186,0.2093,1.041,1.153,5872.0,0.1,7.33,0.865103974641128,0.416901709319615,1.5442157024493948,2.80674052560325
Kepler-1709 b,9.93,3.12424875,65.70459747,0.32704,1.003,1.043,5918.0,-0.04,9.93,0.9969492484953811,0.4947456047352248,1.8175957589965428,3.1783640787245253
Kepler-1833 b,2.24,1.30027362,6.892129898,0.07545,1.286,1.446,6164.0,0.38,2.24,0.35024801833416286,0.11403475165470768,0.8383534541290062,1.722714331465096
TOI-3362 b,1598.3590588,12.80065596,18.09547,0.153,1.445,1.83,6532.0,0.017,1598.3590588,3.2036743467797044,1.1072322253126339,1.2575698676738756,124.86540250707588
Kepler-1738 b,8.37,2.82472883,7.674630165,0.0781,1.079,1.001,6063.0,-0.02,8.37,0.92272545799326,0.4509767624962572,0.8850574563095277,2.9631162861038236
Kepler-1739 b,6.48,2.43056832,7.343709946,0.0697,0.865,0.762,5757.0,-0.5,6.48,0.8115750058705934,0.3857078330147551,0.8659155152330399,2.6660431417126347
Kepler-1924 b,7.53,2.65446572,15.33170033,0.1216,1.018,1.285,5726.0,0.16,7.53,0.8767949762007006,0.423977121196871,1.1855903220420538,2.8367290424078258
Kepler-1925 b,9.28,3.00177922,46.71640015,0.2588,1.057,1.092,5856.0,0.16,9.28,0.967547976218862,0.477378746847381,1.6694693697373737,3.0914998472139463
HATS-76 b,835.570882,12.09449018,1.9416423,0.02658,0.662,0.6259,4016.0,0.322,835.570882,2.921983297264396,1.0825875662341284,0.288169224828037,69.08690400044627
Kepler-1130 d,0.202,0.64472273,4.272250175,0.05068,0.944,0.842,5450.0,0.1,0.202,-0.6946486305533762,-0.19062701826483774,0.6306566762397857,0.31331298029464544
Kepler-1802 c,6.0,2.322,33.13610077,0.1748,0.649,0.637,4245.0,0.0,6.0,0.7781512503836436,0.36586221540255504,1.520301402281765,2.5839793281653747
Kepler-1942 b,5.13,2.1170287,4.626049995,0.0516,0.852,0.797,5834.0,-0.5,5.13,0.7101173651118162,0.32572674567512433,0.66521032200038,2.423207583345469
Kepler-1943 b,3.02,1.54869189,4.850180149,0.05975,1.055,0.973,6032.0,-0.06,3.02,0.48000694295715063,0.1899650240970781,0.685757869790639,1.9500328112391678
Kepler-1927 b,11.5,3.40627075,73.75039673,0.38733,1.408,2.481,6056.0,0.14,11.5,1.0606978403536116,0.5322791652230814,1.8677643608832364,3.37612622249714
Kepler-1722 b,8.58,2.86719266,9.178569794,0.0819,0.876,0.788,5506.0,-0.2,8.58,0.9334872878487055,0.4574568761915815,0.9627750146474736,2.9924741785576416
HD 69123 b,982.08977763,13.1,1193.3,2.482,1.68,7.72,4842.0,0.05,982.08977763,2.992151190584427,1.1172712956557642,3.076749640624,74.96868531526718
Kepler-1266 c,3.46,1.68023962,4.86631012,0.0506,0.791,0.831,4996.0,0.14,3.46,0.5390760987927766,0.2253712211442964,0.6871997821766097,2.0592300995735355
Kepler-394 d,2.86,1.50066814,5.613580227,0.05904,1.141,1.101,6398.0,-0.14,2.86,0.456366033129043,0.17628466232881645,0.7492399337858449,1.9058177646125012
Kepler-1944 b,8.05,2.75971163,9.842579842,0.0918,1.064,0.972,5585.0,0.48,8.05,0.9057958803678685,0.4408637037888673,0.9931089464289304,2.916971437338183
Kepler-1945 b,2.21,1.289,6.080039978,0.0597,0.767,0.804,4991.0,0.04,2.21,0.3443922736851107,0.110252917353403,0.7839064348924252,1.7145073700543056
Kepler-1946 b,6.75,2.48812698,3.035190105,0.0394,0.887,0.873,5505.0,-0.04,6.75,0.829303772831025,0.39587254053087884,0.4821858977067831,2.7128840506363545
Kepler-1929 b,9.65,3.07250761,59.36249924,0.30883,1.006,1.471,5786.0,-0.02,9.65,0.9845273133437926,0.48749296722225555,1.7735121770299347,3.1407570704112917
Kepler-913 c,14.2,3.8580709,5.939119816,0.0699,1.294,1.797,6068.0,0.16,14.2,1.1522883443830565,0.5863702044369058,0.773722086836671,3.6805959164721416
Kepler-324 e,235.014,2.03862444,13.97939968,0.10972,0.844,0.826,5191.0,0.08,235.014,2.3710937343638374,0.3093372264361286,1.1454885218201578,115.28067425700047
Kepler-1727 b,10.2,3.17321625,9.029299736,0.0796,0.824,0.82,5349.0,-0.12,10.2,1.0086001717619175,0.5014996696363448,0.9556540700716721,3.2144043129742577
Kepler-1931 b,7.53,2.65323514,38.5760994,0.23329,1.174,1.221,6167.0,0.12,7.53,0.8767949762007006,0.42377574055119666,1.5863183120922721,2.8380447275396783
Kepler-1530 d,10.8,3.27870115,9.20761013,0.08276,1.015,1.303,5678.0,0.2,10.8,1.0334237554869496,0.5157018330094704,0.9641469220493787,3.2939873156783444
Kepler-1932 b,2.91,1.51482218,0.524177015,0.0123,0.911,0.815,5278.0,0.14,2.91,0.4638929889859073,0.1803616554275896,-0.2805220266506217,1.9210175546809067
YZ Cet b,0.7,0.913,2.02087,0.01634,0.142,0.157,3151.0,-0.18,0.7,-0.1549019599857432,-0.039529222465701036,0.30553837680152207,0.7667031763417305
YZ Cet c,1.14,1.05,3.05989,0.02156,0.142,0.157,3151.0,-0.18,1.14,0.05690485133647256,0.021189299069938092,0.48570581430782706,1.0857142857142856
Kepler-281 d,654.0,5.93747806,148.2720032,0.5456,0.984,0.884,5717.0,0.0,654.0,2.815577748324267,0.7736020178432745,2.1710591550499627,110.14777543447461
Kepler-495 c,1.98,1.21936414,5.896609783,0.0614,0.888,1.087,5392.0,0.18,1.98,0.2966651902615311,0.08613341880700834,0.7706023886397437,1.6237971374162274
Kepler-501 c,3.47,1.68119739,3.622760057,0.0467,1.032,1.216,5794.0,0.14,3.47,0.5403294747908738,0.2256187071069673,0.5590395707522615,2.0640051076929167
Kepler-196 d,7.56,2.66065673,122.0800018,0.4545,0.805,0.77,5132.0,-0.06,7.56,0.8785217955012065,0.42498884678613696,2.0866445270142298,2.841403746209681
Kepler-1950 b,2.95,1.52696349,10.77690029,0.0871,0.759,0.852,5455.0,-0.34,2.95,0.46982201597816303,0.18382865311333413,1.0324938646977788,1.9319387918043804
Kepler-1899 b,3.02,1.55098292,4.095779896,0.0457,0.759,0.742,4791.0,0.07,3.02,0.48000694295715063,0.19060701522779305,0.6123366099499366,1.94715232582961
Kepler-1869 b,1.46,1.11955354,8.167360306,0.07976,0.987,0.902,5808.0,-0.06,1.46,0.1643528557844371,0.04904486751805335,0.9120817150663993,1.3040912719547113
Kepler-1312 c,1.07,1.02732734,1.116119981,0.02103,0.983,0.905,5721.0,0.02,1.07,0.029383777685209667,0.011708846036014546,0.04771088302935679,1.0415375492683763
Kepler-1952 b,2.07,1.23923346,27.21080017,0.1724,0.922,1.305,5973.0,-0.34,2.07,0.3159703454569177,0.09315313110459006,1.4347413129780688,1.6703874345032614
Kepler-1728 b,9.04,2.95501875,4.782999992,0.0535,0.891,0.807,5170.0,0.18,9.04,0.9561684304753633,0.47056024088417814,0.6797003801455673,3.0592022470246594
Kepler-1926 b,5.97,2.31495961,42.87770081,0.2197,0.768,0.832,5256.0,-0.16,5.97,0.7759743311293691,0.36454341811546354,1.6322314895508316,2.578878687218219
Kepler-1729 b,14.4,3.89404186,4.220970154,0.0418,0.544,0.517,3837.0,-0.06,14.4,1.1583624920952498,0.5904006157688355,0.6254122813183661,3.697957165771197
Kepler-1972 b,2.02,0.802,7.54425,0.08006,1.12,1.384,5818.0,0.23,2.02,0.3053513694466238,-0.09582563171583647,0.8776160715401825,2.5187032418952615
Kepler-1321 d,7.41,2.62843782,5.720920086,0.0501,0.513,0.503,3640.0,0.21,7.41,0.8698182079793282,0.41969770752895447,0.7574658812647719,2.819165035450601
Kepler-1600 c,4.43,1.94206512,7.298049927,0.06961,0.818,0.834,5119.0,0.1,4.43,0.6464037262230695,0.28826378828182253,0.8632068301092584,2.281076959973412
Kepler-1954 b,3.9,1.80235934,5.883430004,0.0625,0.942,0.849,5840.0,-0.24,3.9,0.5910646070264992,0.255841381438359,0.7696305909575235,2.163830437941415
Kepler-1730 b,18.4,4.48524519,13.81019974,0.1131,1.009,1.142,5942.0,-0.04,18.4,1.2648178230095364,0.651786189131153,1.1401999599220418,4.1023398321731435
Kepler-1721 b,9.9,3.11856756,4.592380047,0.0519,0.89,0.796,5351.0,-0.04,9.9,0.9956351945975499,0.49395515695453124,0.6620378213509887,3.174534400659257
Kepler-1887 b,8.88,2.92454357,19.94750023,0.1421,0.961,0.864,5749.0,-0.1,8.88,0.948412965778601,0.46605809588898844,1.2998884787526528,3.036371244761452
Kepler-1958 b,4.86,2.05124311,9.328619957,0.0856,0.961,0.864,5749.0,-0.1,4.86,0.6866362692622934,0.3120171352950286,0.9698174005107019,2.369294978399708
Kepler-1726 b,6.84,2.50861954,18.39629936,0.12794,0.876,0.804,5316.0,0.0,6.84,0.8350561017201162,0.399434800729692,1.2647304681632676,2.7265991876950775
Kepler-1723 b,8.65,2.88046569,39.75289917,0.2249,0.96,1.01,6072.0,-0.3,8.65,0.9370161074648142,0.45946270659520766,1.5993688071464331,3.0029866455378613
Kepler-1705 b,4.47,2.03,9.03502,0.08,1.139,1.259,6312.0,-0.2,4.47,0.6503075231319364,0.3074960379132129,0.9559291182561122,2.201970443349754
Kepler-1890 b,0.587,0.86867375,4.820590019,0.05712,1.024,1.396,6046.0,-0.16,0.587,-0.23136189875238555,-0.06114330200767298,0.6831001972251218,0.6757427630338777
Kepler-1892 b,4.03,1.83707938,6.331230164,0.0633,0.851,0.759,5383.0,-0.22,4.03,0.6053050461411095,0.26412792252853423,0.801488102044322,2.193699436112554
Kepler-1959 b,1.57,1.14315727,6.38669014,0.0617,0.768,0.811,5071.0,-0.02,1.57,0.19589965240923377,0.05810598262158122,0.8052758462108179,1.373389332510653
Kepler-1960 b,2.26,1.30749704,2.297940016,0.0354,1.117,1.072,6371.0,-0.18,2.26,0.35410843914740087,0.11644071435528011,0.36133868794660695,1.728493396818703
Kepler-457 d,9.19,2.98467257,10.6906004,0.0996,1.148,1.242,6474.0,-0.16,9.19,0.9633155113861113,0.4748966943123146,1.029002096516985,3.0790647163015272
Kepler-633 c,5.89,2.296,23.78319931,0.16246,0.997,1.265,5877.0,-0.04,5.89,0.7701152947871016,0.36097188372593586,1.3762702753970952,2.5653310104529616
Kepler-1861 b,5.5,2.20677414,40.0306015,0.24082,1.161,1.373,5855.0,0.26,5.5,0.7403626894942439,0.34375788605192215,1.6023921158649914,2.4923257438570494
Kepler-1863 b,5.74,2.26309256,44.99760056,0.23678,1.097,0.983,5871.0,0.21,5.74,0.7589118923979735,0.3547023168690825,1.653189356190132,2.536352291308845
Kepler-1895 b,5.14,2.11934728,6.070290089,0.0615,0.86,0.763,5076.0,0.1,5.14,0.7109631189952758,0.3262021268051965,0.7832094457773382,2.4252750120310624
Kepler-1911 b,1.01,1.011,5.990799904,0.0636,0.954,0.972,5721.0,0.0,1.01,0.004321373782642578,0.00475115559100102,0.7774848141589015,0.9990108803165184
Kepler-1865 b,3.11,1.57686072,2.524009943,0.0344,0.849,0.871,5420.0,-0.06,3.11,0.4927603890268375,0.1977933349225882,0.4020910614205626,1.9722731123646735
Kepler-1866 b,4.99,2.08215108,11.66009998,0.1016,1.03,1.083,5791.0,0.16,4.99,0.69810054562339,0.31851223854139293,1.0667022743146028,2.3965600037053987
Kepler-1897 b,8.32,2.81407954,24.22030067,0.1546,0.859,0.761,5165.0,0.02,8.32,0.9201233262907239,0.4493363686121937,1.3841795301576267,2.9565617750804587
Kepler-1896 b,9.8,3.09935997,44.87020111,0.2529,1.07,0.996,6122.0,-0.1,9.8,0.9912260756924949,0.49127201957770905,1.651958016062326,3.161943141441554
Kepler-1967 b,0.315,0.73022577,7.281690121,0.06686,0.996,1.806,4970.0,0.32,0.315,-0.5016894462103995,-0.1365428446657833,0.8622321931912678,0.43137343673861306
Kepler-1867 b,1.65,1.15985997,9.887359619,0.0872,0.911,0.816,5693.0,-0.24,1.65,0.21748394421390627,0.06440555997932494,0.9950803304246745,1.422585521250466
Kepler-1868 b,10.1,3.14950109,211.0339966,0.62348,0.743,0.686,4658.0,0.0,10.1,1.0043213737826426,0.498241762989401,2.324352423764377,3.2068571216147763
Kepler-1903 b,5.85,2.28642395,17.0678997,0.1321,1.053,0.996,6347.0,-0.34,5.85,0.7671558660821804,0.3591567606501687,1.2321800820508482,2.558580616687469
Kepler-1969 b,3.47,1.68161001,6.647520065,0.0717,1.111,1.007,6046.0,0.07,3.47,0.5403294747908738,0.2257252838856566,0.8226596568882422,2.063498658645592
Kepler-1968 b,2.86,1.50004034,7.281099796,0.0696,0.844,0.788,5008.0,0.18,2.86,0.456366033129043,0.17610293852489867,0.8621969836068912,1.9066153914234065
Kepler-1871 b,6.44,2.42172881,1.952700019,0.0308,1.02,0.946,5741.0,0.12,6.44,0.8088858673598122,0.38412550837156095,0.29063553048728175,2.659257293140102
Kepler-1872 b,6.28,2.38421141,3.825910091,0.0465,0.913,0.885,5223.0,0.32,6.28,0.7979596437371962,0.3773447620269565,0.5827347598780589,2.633994608724736
Kepler-1906 b,8.13,2.77615754,7.362689972,0.0738,0.987,0.894,5868.0,-0.12,8.13,0.9100905455940682,0.44344410760823,0.8670365135984757,2.9285081566372497
Kepler-1907 b,0.589,0.86973029,5.652450085,0.05444,0.752,0.8,5159.0,-0.16,0.589,-0.2298847052128984,-0.06061540453637362,0.7522367359170384,0.67722144068364
Kepler-1913 b,2.92,1.51852059,14.1960001,0.1209,1.169,1.076,6214.0,0.07,2.92,0.4653828514484183,0.1814206850015727,1.1521659937348288,1.9229242061182719
HD 79181 b,203.41018048,14.1,273.1,0.9,1.28,11.06,4862.0,-0.28,203.41018048,2.3083726851434796,1.14921911265538,2.4363217001397333,14.426253934751774
HD 10975 b,143.02278315,14.3,283.8,0.95,1.41,11.16,4840.0,-0.21,143.02278315,2.1554052249349365,1.1553360374650619,2.4530123911214554,10.001593227272727
HD 99283 b,308.29355479,13.8,310.4,1.08,1.76,11.21,4886.0,-0.16,308.29355479,2.4889644454258373,1.1398790864012365,2.4919217125861506,22.340112665942026
Kepler-1873 b,3.28,1.62573811,0.558842003,0.0128,0.903,0.792,5151.0,0.21,3.28,0.5158738437116791,0.2110505864349584,-0.25271095941974353,2.017545126010486
Kepler-1874 b,5.52,2.21110724,56.57320023,0.2633,0.758,0.775,4701.0,0.24,5.52,0.7419390777291989,0.34460980662701524,1.7526107465841216,2.496486782793945
Kepler-1909 b,1.33,1.09217411,2.391609907,0.0306,0.663,0.685,4935.0,-0.42,1.33,0.12385164096708581,0.03829187736579117,0.37869034377241445,1.2177545574670325
Kepler-1717 b,9.21,2.98929758,30.65279961,0.2014,1.158,1.64,6200.0,-0.06,9.21,0.964259630196849,0.47556915054246607,1.4864701460534218,3.0809913544974004
Kepler-1917 b,4.23,1.88971288,12.90240002,0.103,0.882,0.788,5530.0,-0.22,4.23,0.6263403673750424,0.27639582316577466,1.1106705024305743,2.2384352907622667
Kepler-1918 b,5.89,2.29763023,47.0564003,0.2524,0.967,0.924,5889.0,-0.16,5.89,0.7701152947871016,0.36128013662723946,1.672618701640673,2.5635108396010264
ups Leo b,162.09248757,14.2,385.2,1.18,1.48,11.22,4836.0,-0.2,162.09248757,2.209762887257529,1.1522883443830565,2.585686278452497,11.414963913380282
HD 219139 b,247.90615746,14.0,275.5,0.94,1.46,11.22,4831.0,-0.2,247.90615746,2.394287313850073,1.146128035678238,2.4401216031878037,17.707582675714285
Kepler-616 d,7.52,2.653,51.06740189,0.2749,1.061,0.977,6004.0,-0.02,7.52,0.8762178405916422,0.4237372499823292,1.7081437632101752,2.834526950621937
Kepler-534 c,2.02,1.227,7.378689766,0.0761,1.075,0.965,5936.0,0.07,2.02,0.3053513694466238,0.08884456272700428,0.8679792509945441,1.646291768541157
Kepler-1919 b,7.38,2.62390658,37.88660049,0.2107,0.868,0.818,5513.0,-0.16,7.38,0.8680563618230416,0.41894836861797563,1.578485638405917,2.812600134567291
Kepler-1488 c,3.37,1.65156749,6.158269882,0.06959,1.003,1.524,5710.0,0.0,3.37,0.5276299008713387,0.2178963254907691,0.7894587176452957,2.0404857932872003
gam Psc b,425.89006538,13.6,555.1,1.32,0.99,11.2,4742.0,-0.62,425.89006538,2.6292975095244002,1.1335389083702174,2.7443712273318606,31.31544598382353
HIP 34222 b,263.79757781,13.9,159.986,0.492,0.62,0.6186,4050.0,,263.79757781,2.4212708035356667,1.1430148002540952,2.204081980226128,18.97824300791367
Kepler-1881 b,9.17,2.98104391,159.3939972,0.53325,0.812,0.874,5135.0,0.12,9.17,0.9623693356700211,0.4743683731242955,2.2024719617777535,3.0761036324352564
Kepler-1879 b,4.92,2.06512018,10.61340046,0.0957,1.023,1.388,5865.0,0.0,4.92,0.6919651027673603,0.31494533056486573,1.0258545511407613,2.3824279321119217
Kepler-1934 b,0.702,0.91307734,1.419759989,0.02466,0.968,1.035,5925.0,-0.14,0.702,-0.15366288787019475,-0.03949243504764957,0.15221493293029423,0.7688286295660344
Kepler-1935 b,6.82,2.50271696,3.951400042,0.0463,0.845,0.899,5570.0,-0.18,6.82,0.8337843746564789,0.3984117366794375,0.596751000128995,2.725038471789475
Kepler-1921 b,8.72,2.89459458,20.03479958,0.15865,1.251,2.0,6120.0,0.02,8.72,0.9405164849325672,0.46158774457514057,1.3017850022847943,3.0125116865243355
Kepler-1883 b,10.6,3.25107395,103.427002,0.4438,1.086,1.024,6208.0,-0.12,10.6,1.0253058652647702,0.5120268482139588,2.014633936134026,3.260461054723163
Kepler-1938 b,4.0,1.82828927,13.06260014,0.0938,0.646,0.655,4522.0,-0.22,4.0,0.6020599913279624,0.26204491044915956,1.116029632839452,2.1878375953056928
TOI-1268 b,96.4,9.1,8.1577094,0.0711,0.96,0.92,5300.0,0.36,96.4,1.9840770339028309,0.9590413923210935,0.9115682304951336,10.593406593406595
K2-25 b,24.5,3.44,3.48456408,0.0287,0.2634,0.2932,3207.0,0.15,24.5,1.3891660843645324,0.5365584425715301,0.5421484554636109,7.122093023255814
TOI-2136 b,6.37,2.19,7.851928,0.057,0.34,0.34,3342.0,0.03,6.37,0.8041394323353505,0.34044411484011833,0.8949763085863918,2.908675799086758
iot Dra b,3756.73177074,12.4,510.8544,1.453,1.54,11.79,4504.0,0.03,3756.73177074,3.5748101877048293,1.0934216851622351,2.7082971383209102,302.96223957580645
CoRoT-35 b,349.6112477,18.83108758,3.22748,0.0429,1.01,1.65,6390.0,-0.5,349.6112477,2.5435853963178174,1.2748754032005616,0.5088635597172184,18.565642914396133
CoRoT-36 b,216.12331676,15.80466279,5.616531,0.066,1.32,1.52,6730.0,-0.1,216.12331676,2.3347016238658287,1.1987852341202647,0.7494681602806386,13.67465536162825
iot Dra c,4958.1231492,12.2,25000.0,19.4,1.54,11.79,4504.0,0.03,4958.1231492,3.695317309514054,1.0863598306747482,4.3979400086720375,406.4035368196721
HD 160691 d,10.49,3.23,9.6392,0.0952,1.13,1.33,5773.0,0.28,10.49,1.0207754881935578,0.5092025223311029,0.9840409913714268,3.2476780185758516
TOI-620 b,13.6,3.76,5.0988179,0.04825,0.577,0.55,3708.0,0.35,13.6,1.1335389083702174,0.5751878449276611,0.7074695017816792,3.617021276595745
HD 33142 b,400.46379282,13.7,330.0,1.074,1.52,4.17,5025.4,0.06,400.46379282,2.6025632562771555,1.1367205671564067,2.5185139398778875,29.230933782481753
TYC 2187-512-1 b,104.88337431,12.5,691.9,1.22,0.498,0.495,3734.0,0.08,104.88337431,2.02070665103748,1.0969100130080565,2.840043330603494,8.390669944799999
TOI-1246 b,8.1,3.01,4.30744,0.049,0.87,0.86,5151.0,0.17,8.1,0.9084850188786497,0.47856649559384334,0.6342192367061608,2.691029900332226
HIP 94235 b,379.0,3.0,7.713057,0.0787,1.094,1.08,5991.0,0.0,379.0,2.578639209968072,0.47712125471966244,0.8872265408392505,126.33333333333333
KOI-984 c,209.8,14.1,21.512,0.1467,0.928,0.818,5295.0,0.12,209.8,2.3218054838575393,1.14921911265538,1.3326807892152452,14.879432624113477
HD 73583 b,10.2,2.79,6.398042,0.0604,0.73,0.65,4511.0,0.0,10.2,1.0086001717619175,0.44560420327359757,0.8060470866871896,3.6559139784946235
HD 103891 b,918.52409623,13.2,1919.0,3.27,1.28,2.22,6072.0,-0.19,918.52409623,2.9630905539161403,1.1205739312058498,3.2830749747354715,69.58515880530304
HD 105779 b,203.41018048,14.1,2412.0,3.38,0.89,0.94,5792.0,-0.25,203.41018048,2.3083726851434796,1.14921911265538,3.3823773034681137,14.426253934751774
HD 33142 d,63.5656814,9.32,89.9,0.452,1.52,4.17,5025.4,0.06,63.5656814,1.8032227068235738,0.9694159123539814,1.9537596917332287,6.820352081545065
HD 19615 b,2701.5414595,12.6,402.0,1.1,1.1,32.3,4263.0,-0.31,2701.5414595,3.4316116368738854,1.100370545117563,2.60422605308447,214.40805234126987
HD 73583 c,9.7,2.39,18.87974,0.1242,0.73,0.65,4511.0,0.0,9.7,0.9867717342662449,0.3783979009481377,1.2759960091705884,4.05857740585774
GJ 411 b,2.69,1.45,12.9394,0.07879,0.3899,0.3685,3719.0,-0.3621,2.69,0.42975228000240795,0.16136800223497488,1.111914138563708,1.8551724137931034
TOI-1064 c,2.5,2.651,12.226574,0.09429,0.748,0.726,4734.0,0.05,2.5,0.3979400086720376,0.4234097277330934,1.0873047807209737,0.9430403621274991
K2-316 b,2.33,1.33,1.133,0.0147,0.408,0.379,3436.0,,2.33,0.367355921026019,0.12385164096708581,0.05422990986339725,1.7518796992481203
HD 95735 c,13.6,3.76,2946.0,2.94,0.3899,0.3685,3719.0,-0.3621,13.6,1.1335389083702174,0.5751878449276611,3.469232742506612,3.617021276595745
K2-316 c,4.01,1.83,5.26,0.0582,0.408,0.379,3436.0,,4.01,0.6031443726201823,0.26245108973042947,0.7209857441537391,2.191256830601093
Kepler-1656 c,126.4,14.0,1919.0,3.053,1.03,1.1,5569.0,0.19,126.4,2.1017470739463664,1.146128035678238,3.2830749747354715,9.028571428571428
TOI-206 b,2.24,1.3,0.7363104,0.0112,0.35,0.35,3383.0,,2.24,0.35024801833416286,0.11394335230683679,-0.1329390652971488,1.7230769230769232
K2-319 b,8.2,2.79,26.68,0.1516,0.954,0.898,5440.0,,8.2,0.9138138523837167,0.44560420327359757,1.4261858252445114,2.9390681003584227
TOI-1693 b,2.57,1.41,1.7666957,0.0226,0.49,0.46,3499.0,,2.57,0.4099331233312945,0.14921911265537988,0.24716175200160834,1.822695035460993
K2-323 b,5.06,2.1,24.93,0.1275,0.478,0.549,3710.0,,5.06,0.7041505168397991,0.3222192947339193,1.3967222785037734,2.4095238095238094
HD 81040 b,2301.07766668,12.6,1002.7,1.946,0.99,0.91,5755.0,-0.04,2301.07766668,3.3619312773567396,1.100370545117563,3.001171014941401,182.62521164126986
HD 171238 b,2796.8899816,12.5,1515.0,2.518,0.92,1.01,5467.0,0.2,2796.8899816,3.446675383309761,1.0969100130080565,3.180412632838324,223.75119852799997
HD 87883 b,2005.49724817,12.7,3006.0,3.77,0.8,0.798557,4980.0,0.11,2005.49724817,3.302222070403727,1.1038037209559568,3.4779889762508893,157.9131691472441
TOI-2411 b,3.46,1.68,0.7826942,0.0144,0.65,0.68,4099.0,,3.46,0.5390760987927766,0.22530928172586284,-0.10640788442124104,2.0595238095238098
TOI-2427 b,3.89,1.8,1.3060011,0.0202,0.64,0.65,4072.0,,3.89,0.5899496013257077,0.25527250510330607,0.11594354273057803,2.161111111111111
K2-325 b,5.48,2.2,6.93,0.0419,0.274,0.298,3287.0,,5.48,0.7387805584843692,0.3424226808222063,0.8407332346118067,2.4909090909090907
HD 106515 A b,6006.9568923,12.1,3626.0,4.48,0.89,0.91,5362.0,0.03,6006.9568923,3.778654515332837,1.08278537031645,3.5594277997594896,496.4427183719008
K2-326 b,5.82,2.28,1.256,0.0198,0.507,0.688,3924.0,,5.82,0.7649229846498885,0.35793484700045375,0.09898963940117732,2.5526315789473686
TOI-5153 b,1036.12060682,11.88151954,20.33003,0.158,1.24,1.4,6300.0,0.12,1036.12060682,3.0154103112275314,1.074871986574114,1.3081380195049763,87.2043852077863
NGTS-20 b,947.12865286,11.99360935,54.18915,0.313,1.47,1.78,5980.0,0.15,947.12865286,2.976408975235848,1.0789498991038682,1.7339123388107889,78.96944324437247
HD 29021 b,1420.69297929,12.9,1365.0,2.294,0.86,0.85,5560.0,-0.3,1420.69297929,3.152500234291529,1.110589710299249,3.1351326513767748,110.13123870465117
K2-199 b,6.9,1.73,3.2253993,0.0382,0.711,0.682,4491.0,-0.01,6.9,0.8388490907372553,0.2380461031287954,0.5085834873594995,3.988439306358382
Ross 508 b,4.0,1.83,10.77,0.05366,0.1774,0.2113,3071.0,-0.2,4.0,0.6020599913279624,0.26245108973042947,1.0322157032979815,2.1857923497267757
HD 136118 b,4164.18778851,12.3,1187.59765,2.327,1.18,1.67754,6097.0,-0.05,4164.18778851,3.6195303062550965,1.089905111439398,3.074669329549603,338.55185272439024
HD 140901 b,15.57359194,4.07,9.02378,0.085,0.99,0.95,5610.0,0.0859,15.57359194,1.1923887911044464,0.60959440922522,0.9553884986571415,3.826435366093366
HD 93351 c,4154.01727949,12.3,14010.2941,11.154,0.94,0.911435,5408.0,-0.23,4154.01727949,3.618468298740137,1.089905111439398,4.146447251964327,337.7249820723577
GJ 2030 b,4.76742611,2.03,2.38129,0.034,0.96,2.24104,5485.0,-0.4,4.76742611,0.6782839706707549,0.3074960379132129,0.3768122881938144,2.3484857684729064
TOI-2570 b,260.61929374,13.64132951,2.9887615,0.04145,1.063,1.095,5771.0,0.191,260.61929374,2.4160065635433092,1.1348566995520235,0.47549126018261273,19.10512414123189
HD 113337 b,1035.80277841,13.1,317.58639,1.022,1.41,1.5,6774.0,0.07,1035.80277841,3.015277071623479,1.1172712956557642,2.5018618826891017,79.06891438244274
HIP 97233 b,6098.17364511,12.1,1062.26506,2.491,1.81,5.34,5020.0,0.29,6098.17364511,3.785199786713419,1.08278537031645,3.0262328969077363,503.9812929842975
HD 144899 b,20.34101805,4.77,40.43914,0.242,1.16,1.64802,6126.0,,20.34101805,1.308372685186181,0.6785183790401139,1.6068019110825178,4.264364371069182
HD 142 A d,82.63538582,10.9,108.45299,0.474,1.21,1.47,6245.0,0.09,82.63538582,1.9171660591304105,1.0374264979406236,2.0352415298181756,7.581228056880733
GJ 2030 c,4069.15709482,12.3,25533.11353,16.761,0.96,2.24104,5485.0,-0.4,4069.15709482,3.6095044566501597,1.089905111439398,4.407103776279039,330.82578006666665
GJ 3222 b,11.44182265,3.4,10.66669,0.091,0.89,0.931389,5257.46,0.16,11.44182265,1.0584952118509663,0.5314789170422551,1.0280296736183836,3.3652419558823534
GJ 680 b,7977.4930157,12.0,17281.66514,10.138,0.456,0.45933,3563.0,,7977.4930157,3.901866432640631,1.0791812460476249,4.237585585728124,664.7910846416667
TOI-3540 A b,375.03752026,23.53885947,3.119999,0.04289,1.081,1.228,5810.0,0.176,375.03752026,2.574074718465718,1.3717854161163674,0.49415445482147113,15.932697195375203
TOI-3331 A b,721.47048389,12.97999965,2.0180231,0.03144,1.016,0.952,5609.0,0.148,721.47048389,2.8582185683527155,1.1132746807537903,0.3049261332314731,55.58324370910133
TOI-3693 b,324.18497514,12.59889431,9.088516,0.0813,0.867,0.791,5321.0,0.071,324.18497514,2.51079288292151,1.100332432725797,0.9584929761124349,25.731224277569165
HD 145934 b,658.5404593,13.4,2751.53433,4.89,2.058,6.930587,4823.75,0.0951,658.5404593,2.81858246223015,1.1271047983648077,3.4395749357321486,49.144810395522384
HD 151450 b,38.45723725,6.94,21.89288,0.16,1.14,1.17184,6091.98,,38.45723725,1.5849780815099215,0.8413594704548549,1.3403028965992356,5.541388652737751
HD 149806 b,4003.68444298,12.3,16521.52778,12.404,0.93,0.89,5352.05,0.2206,4003.68444298,3.602459840517303,1.089905111439398,4.218050204954382,325.5028002422764
HD 151450 c,1636.18063924,12.8,18144.76236,14.131,1.14,1.17184,6091.98,,1636.18063924,3.2138312493930035,1.1072099696478683,4.2587512846657285,127.82661244062498
HD 115404 A b,30.82935548,6.09,10.49488,0.088,0.83,0.727007,5019.17,-0.1568,30.82935548,1.4889644454399245,0.7846172926328754,1.020977477159889,5.062291540229885
TOI-2196 b,26.0,3.51,1.1947268,0.02234,1.032,1.043,5634.0,0.14,26.0,1.414973347970818,0.5453071164658241,0.07726860585547461,7.407407407407407
HD 191806 b,2966.61035094,12.5,1603.38923,2.749,1.07,1.40223,6010.0,0.3,2966.61035094,3.4722605077090223,1.0969100130080565,3.2050389621057755,237.3288280752
HD 153557 c,17.48056238,4.36,15.27018,0.111,0.79,0.745171,4837.0,,17.48056238,1.2425554005296142,0.6394864892685861,1.1838441564111037,4.009303298165137
HD 153557 d,8725.66108578,11.9,40654.64809,21.449,0.79,0.745171,4837.0,,8725.66108578,3.9407983405057143,1.0755469613925308,4.6091102061278075,733.2488307378152
HD 12235 c,3135.69506346,12.5,36336.70679,22.21,1.1,1.80185,5986.0,0.31,3135.69506346,3.496333822285438,1.0969100130080565,4.560345564476154,250.85560507679997
HD 56414 b,13.3,3.71,29.04992,0.229,1.89,1.751,8500.0,0.0,13.3,1.1238516409670858,0.5693739096150459,1.4631449407330142,3.5849056603773586
GJ 896 A b,718.29219982,13.3,284.39,0.63965,0.43599,0.394682,3345.0,,718.29219982,2.8563011503069933,1.1238516409670858,2.45391432123785,54.00693231729323
GJ 676 A c,4288.14086724,12.3,13921.42302,9.726,0.626,0.69,3734.0,0.23,4288.14086724,3.6322690436763514,1.089905111439398,4.143683630256347,348.6293388
HD 219828 c,5102.41724598,12.2,4789.87297,5.657,1.04,1.56,5891.0,0.19,5102.41724598,3.7077759698005166,1.0863598306747482,3.680323995844714,418.2309218016394
HD 72892 b,1737.88572948,12.8,39.44603,0.228,1.01,1.22,5688.0,0.25,1737.88572948,3.240021217056377,1.1072099696478683,1.596003300679717,135.772322615625
HD 155918 b,7.62788177,2.67,1.87567,0.03,1.03,1.01906,5771.84,-0.6616,7.62788177,0.8824039529850689,0.42651126136457523,0.27315643223830394,2.8568845580524345
HD 111232 b,2531.50326176,12.6,1169.13202,2.148,0.96,0.9,5512.0,-0.36,2531.50326176,3.403378491297601,1.100370545117563,3.067863555062759,200.91295728253968
HD 10697 b,1825.2885414,12.8,1075.3799,2.051,0.99,1.863076,5641.0,0.17,1825.2885414,3.2613315274405212,1.1072099696478683,3.031561914788798,142.600667296875
HD 125612 b,945.22168242,13.2,557.69994,1.349,1.05,1.07,5900.0,0.23,945.22168242,2.9755336753464467,1.1205739312058498,2.746400597768107,71.60770321363637
HIP 67537 b,4309.11754211,12.3,2523.64713,4.807,2.316,8.69,4985.0,0.15,4309.11754211,3.634388340733419,1.089905111439398,3.4020286294122646,350.33475952113815
HD 156098 c,1661.6069118,12.8,7841.5839,8.415,1.29,2.75716,6419.19,0.12,1661.6069118,3.220528290069145,1.1072099696478683,3.8944037934948734,129.813039984375
HD 156098 b,15.89142035,4.12,21.85849,0.167,1.29,2.75716,6419.19,0.12,15.89142035,1.2011627154956115,0.6148972160331346,1.3396201572789088,3.8571408616504854
HD 168863 b,2154.87659946,12.7,14773.93272,10.961,0.8,0.777826,4905.0,0.16,2154.87659946,3.333422405026656,1.1038037209559568,4.169496116926793,169.67532279212597
HIP 19976 b,21.61233168,4.94,50.65905,0.234,0.67,0.772319,4316.0,,21.61233168,1.334701623946208,0.693726948923647,1.7046570412850404,4.374965927125506
HD 203387 c,2378.9456264,12.6,2481.07227,5.067,2.817,10.5852,5174.32,0.05,2378.9456264,3.3763845158395767,1.100370545117563,3.3946394148183927,188.80520844444445
HIP 35965 b,2589.98368864,12.6,26125.56497,15.898,0.78,0.697551,4836.0,,2589.98368864,3.4132970289631257,1.100370545117563,4.417065690916255,205.5542610031746
HD 125612 c,15.57359194,4.07,4.15466,0.051,1.05,1.07,5900.0,0.23,15.57359194,1.1923887911044464,0.60959440922522,0.6185354887300875,3.826435366093366
HD 125612 d,2281.37230545,12.7,2822.72698,3.982,1.05,1.07,5900.0,0.23,2281.37230545,3.358196165157575,1.1038037209559568,3.4506688743164253,179.6356146023622
HD 156279 c,3098.82696825,12.5,4818.25358,5.486,0.94,0.95,5453.0,0.14,3098.82696825,3.4911973268581296,1.0969100130080565,3.6828896527600197,247.90615746
HD 27894 d,2063.65984665,12.7,5019.54244,5.362,0.81,0.891767,4875.0,0.3,2063.65984665,3.314638114032138,1.1038037209559568,3.7006641305235246,162.49290131102362
HD 181234 b,2980.91262925,12.5,7593.40512,7.427,0.94,1.059423,5386.0,0.32,2980.91262925,3.4743492470186492,1.0969100130080565,3.880436570783626,238.47301034
HD 18143 b,10.80616584,3.28,10.2851,0.088,0.85,0.87,5078.0,0.28,10.80616584,1.0336716282822267,0.5158738437116791,1.012208518610914,3.2945627560975614
HIP 948 b,6547.2651842,12.1,24955.45756,15.037,0.71,0.688488,4497.0,,6547.2651842,3.816059931528746,1.08278537031645,4.397165537093802,541.096296214876
HD 139357 b,6315.5682755,12.1,1124.79139,2.949,2.69,11.47,4700.0,-0.13,6315.5682755,3.800412434512889,1.08278537031645,3.0510719832715876,521.9477913636364
HD 25015 b,2884.92845034,12.5,6134.427,6.248,0.86,0.83,5160.0,0.04,2884.92845034,3.4601350466051475,1.0969100130080565,3.787774002701165,230.7942760272
HD 188641 b,9333.03117155,11.9,14583.81038,12.027,1.07,1.94492,5897.32,-0.08,9333.03117155,3.970022716338336,1.0755469613925308,4.1638710089481386,784.2883337436974
HD 168443 b,2424.3950886,12.6,58.11187,0.292,0.98,1.711479,5491.0,0.04,2424.3950886,3.384603395534277,1.100370545117563,1.7642648509613015,192.4123086190476
HD 156279 b,2997.75753482,12.5,133.40355,0.502,0.94,0.95,5453.0,0.14,2997.75753482,3.476796503246046,1.0969100130080565,2.1251673867386778,239.8206027856
HD 168443 c,5500.33841154,12.2,1753.1096,2.842,0.98,1.711479,5491.0,0.04,5500.33841154,3.7403894105384485,1.0863598306747482,3.243809067940521,450.84741078196726
GJ 229 A c,8.58136699,2.87,121.93268,0.384,0.509,0.46,3564.0,,8.58136699,0.9335564753691888,0.4578818967339923,2.0861201194129033,2.9900233414634143
HD 81817 b,7668.5638041,12.0,1021.20159,3.233,4.3,83.8,4140.0,-0.17,7668.5638041,3.884714035349499,1.0791812460476249,3.0091114823246223,639.046983675
HD 204313 e,4868.17771002,12.2,7325.64666,7.457,1.03,1.1,5767.0,0.18,4868.17771002,3.6873664235170187,1.0863598306747482,3.86484596738436,399.0309598377049
HD 169830 c,2437.42605328,12.6,1818.82339,3.075,1.17,1.935709,6300.0,0.21,2437.42605328,3.38693144892869,1.100370545117563,3.259790530579593,193.44651216507935
HIP 56640 b,2151.69831539,12.7,2675.57603,4.55,1.75,4.93,4769.0,-0.03,2151.69831539,3.3327813798447368,1.1038037209559568,3.4274172965325906,169.425064203937
HD 213519 b,9.2170238,2.99,11.12214,0.099,1.05,1.08287,5840.0,0.01,9.2170238,0.9645907089171925,0.4756711883244297,1.046188357459529,3.0826166555183945
HD 217786 c,7.31005336,2.61,2.52221,0.038,1.14,1.27,5966.0,-0.135,7.31005336,0.8639205471177749,0.41664050733828095,0.4017812432379935,2.800786727969349
TOI-3629 b,82.63538582,8.29464572,3.936551,0.043,0.63,0.6,3870.0,0.4,82.63538582,1.9171660591304105,0.9187978412181411,0.5951158823181376,9.962497327733969
HD 183263 c,2958.98246917,12.5,4667.97841,5.585,1.06,1.23,5948.0,0.2776,2958.98246917,3.4711423921409352,1.0969100130080565,3.6691288387101904,236.71859753360002
HD 66428 c,560.64930995,13.5,10478.84437,9.408,1.01,1.13,5716.0,0.23,560.64930995,2.7486912919569426,1.130333768495006,4.02031339033802,41.529578514814816
HD 80869 b,1609.80088146,12.8,1752.92067,2.905,1.06,1.062,5837.0,0.17,1609.80088146,3.206772160857241,1.1072099696478683,3.243762262151508,125.7656938640625
HD 25912 b,38.13940884,6.9,41.83156,0.242,1.08,0.995896,5920.58,0.12,38.13940884,1.5813739572072174,0.8388490907372553,1.6215040607737647,5.527450556521739
HD 217958 b,166.54208527,14.2,2560.19774,3.758,1.08,1.32619,5930.64,0.2865,166.54208527,2.221523998148535,1.1522883443830565,3.40827350987214,11.728315864084507
HD 25912 c,5252.75008249,12.2,26308.65619,17.848,1.08,0.995896,5920.58,0.12,5252.75008249,3.720386738252659,1.0863598306747482,4.420098665486978,430.55328545000003
HD 109988 b,6935.33366915,12.1,17132.15854,12.518,0.88,0.869694,5185.97,0.14,6935.33366915,3.841067360461162,1.08278537031645,4.233812084679037,573.1680718305785
HD 28192 b,99.7981198,12.2,14.23283,0.118,1.08,1.07094,5919.87,,99.7981198,1.999122359241511,1.0863598306747482,1.153291262079057,8.18017375409836
HD 43197 c,2500.67390628,12.6,9295.9735,8.54,0.96,1.0,5508.0,0.4,2500.67390628,3.3980570624075863,1.100370545117563,3.9682948770062194,198.46618303809527
HD 38529 b,206.58846455,14.1,14.3099,0.115,0.98,2.857838,5697.0,0.51,206.58846455,2.315106067802448,1.14921911265538,1.1556365988471324,14.651664152482269
HD 38529 c,3299.05886466,12.5,2127.60566,3.226,0.98,2.857838,5697.0,0.51,3299.05886466,3.5183900646720314,1.0969100130080565,3.3278911369895363,263.9247091728
HD 110537 b,8612.83200129,11.9,24469.67342,16.714,1.02,1.16626,5718.0,0.09,8612.83200129,3.9351459761115257,1.0755469613925308,4.388628173158967,723.7673950663866
HD 56957 b,1880.90851263,12.8,5859.08992,6.426,1.03,1.77793,5743.0,,1880.90851263,3.2743676719851305,1.1072099696478683,3.7678301632166216,146.94597754921872
HD 62364 c,7923.46218651,12.0,74839.94555,36.984,1.19,1.401,6255.0,-0.11,7923.46218651,3.898914989663366,1.0791812460476249,4.8741334628559905,660.2885155425
TOI-712 c,7.76,2.701,51.69906,0.2447,0.732,0.674,4622.0,-0.02,7.76,0.8898617212581884,0.43152458418745093,1.7134826467588502,2.873009996297667
TOI-712 d,6.68,2.474,84.8396,0.3405,0.732,0.674,4622.0,-0.02,6.68,0.8247764624755457,0.39339969529310187,1.928598612246666,2.7000808407437344
HD 43197 b,175.75910907,14.2,308.92072,0.882,0.96,1.0,5508.0,0.4,175.75910907,2.24491784246182,1.1522883443830565,2.4898470383755225,12.377402047183098
HD 4113 b,541.26177712,13.5,526.5239,1.28,1.008,1.077514,5688.0,0.2,541.26177712,2.7334073591213914,1.130333768495006,2.7214180894864386,40.09346497185185
HD 111232 c,5740.93451564,12.2,26472.44623,17.25,0.96,0.9,5512.0,-0.36,5740.93451564,3.758982593086327,1.0863598306747482,4.4227940748526615,470.56840292131153
HD 62549 b,2707.58019923,12.6,14306.88519,11.842,1.08,1.23227,5930.46,,2707.58019923,3.4325813294034333,1.100370545117563,4.155545092037885,214.88731739920635
TOI-1452 b,4.82,1.672,11.06201,0.061,0.249,0.275,3185.0,-0.07,4.82,0.6830470382388496,0.22323627310299757,1.0438340467332965,2.882775119617225
HD 73267 b,1321.53051631,13.0,1257.99159,2.229,0.93,0.909,5387.0,0.03,1321.53051631,3.1210771961563575,1.1139433523068367,3.0996777377477227,101.65619356230769
HD 11505 b,2510.52658689,12.6,32669.22247,20.247,1.03,1.19568,5757.15,-0.2203,2510.52658689,3.3997648249848043,1.100370545117563,4.5141387983564645,199.24814181666667
HD 80913 b,7505.2000029,12.0,10839.83341,9.95,1.11,1.6542,6013.24,-0.68,7505.2000029,3.87536227006343,1.0791812460476249,4.035022607878228,625.433333575
HD 81817 c,7185.78245386,12.0,622.97802,2.325,4.3,83.8,4140.0,-0.17,7185.78245386,3.85647406500914,1.0791812460476249,2.7944727240891725,598.8152044883333
TOI-2207 b,203.41018048,11.1529358,8.001968,0.0854,1.296,1.564,6101.0,0.181,203.41018048,2.3083726851434796,1.0473892022644633,0.903196810295764,18.238263370977176
HD 86264 b,3117.26101586,12.5,1488.79123,2.763,1.26,1.88,6210.0,0.202,3117.26101586,3.49377316833449,1.0969100130080565,3.172833801838304,249.3808812688
HD 7449 b,2597.92939882,12.6,1270.55195,2.438,1.196,0.97,6024.0,-0.105,2597.92939882,3.4146273445355018,1.100370545117563,3.103992427070042,206.18487292222224
HD 8673 b,4210.59073594,12.3,1644.69097,2.97,1.28,1.50225,6389.05,0.1474,4210.59073594,3.62434303060081,1.089905111439398,3.2160843079810197,342.32445007642275
HD 127506 b,27.333243,5.67,65.78395,0.287,0.73,0.735766,4595.32,-0.08,27.333243,1.4366911623713825,0.7535830588929066,1.8181199471597091,4.820677777777778
HD 135872 b,1744.56012602,12.8,2422.32597,4.172,1.646,3.93038,4992.0,0.09,1744.56012602,3.2416859419404607,1.1072099696478683,3.3842325853167674,136.2937598453125
HD 86065 b,2877.30056857,12.5,25775.78859,15.947,0.81,0.780347,4927.56,-0.0202,2877.30056857,3.4589852315299368,1.0969100130080565,4.41121196105726,230.1840454856
HD 88072 b,2511.79790052,12.6,18538.79293,13.895,1.04,1.032,5785.33,0.0426,2511.79790052,3.3999846930986446,1.100370545117563,4.268081453599948,199.34903972380954
HD 93351 b,3.49611248,1.69,2.45946,0.035,0.94,0.911435,5408.0,-0.23,3.49611248,0.543585396690484,0.22788670461367352,0.39083976370342477,2.0687056094674556
TOI-2421 b,105.83685953,10.36830715,4.3474032,0.0543,1.131,1.75,5607.0,0.19,105.83685953,2.024636944661809,1.0157078542261975,0.6382299207095111,10.207728031089434
HD 142 c,3464.64746471,12.4,10159.64279,9.811,1.21,1.47,6245.0,0.09,3464.64746471,3.539659050803469,1.0934216851622351,4.006878438552321,279.40705360564516
TOI-2583 A b,79.45710175,14.4595851,4.5207265,0.0571,1.215,1.477,5936.0,0.158,79.45710175,1.9001327198316302,1.1601558315915919,0.6552082333926758,5.4951162983231105
TOI-2796 b,139.84449908,17.26183028,4.8084983,0.0569,1.063,1.069,5764.0,0.239,139.84449908,2.14564538764578,1.2370868422692298,0.6820094668413598,8.10137145433688
TOI-2096 b,2.08,1.243,3.1190633,0.025,0.231,0.235,3300.0,-0.03,2.08,0.31806333496276157,0.0944711286416448,0.494024188659595,1.6733708769106999
GJ 338 B b,10.6,3.25,24.422,0.142,0.64,0.58,4014.0,-0.03,10.6,1.0253058652647702,0.5118833609788743,1.387781226906038,3.2615384615384615
TOI-2842 b,117.59651059,12.84549188,3.5514058,0.0475,1.135,1.265,5910.0,0.233,117.59651059,2.0703944352265875,1.1087507389394393,0.5504002996267532,9.154691131220424
TOI-4603 b,4096.80816623,11.67975789,7.24599,0.0888,1.765,2.738,6264.0,0.342,4096.80816623,3.6124456285129956,1.067433840368264,0.8600977303405528,350.76139461226455
MASCARA-1 b,1175.971,17.90074218,2.14877381,0.040352,1.9,2.082,7490.0,0.15,1175.971,3.0703966119652324,1.2528710375718797,0.3321907020252186,65.69398006937833
K2-38 b,7.3,1.54,4.01593,0.04994,1.03,1.06,5731.0,0.26,7.3,0.8633228601204559,0.18752072083646307,0.6037861341970521,4.74025974025974
TOI-3364 b,530.77343969,12.22899794,5.8768918,0.0675,1.186,1.419,5706.0,0.387,530.77343969,2.724909182307176,1.08739087183939,0.7691476949520176,43.40285625152375
K2-414 b,1.98,1.219,4.3696,0.0487,0.814,0.732,4343.0,-0.102,1.98,0.2966651902615311,0.08600370561838196,0.6404416827956582,1.6242821985233797
TOI-3688 A b,311.47183886,13.08088048,3.246075,0.0456,1.199,1.302,5950.0,0.262,311.47183886,2.4934187868520876,1.1166369775307405,0.5113585499048322,23.811228864618446
TOI-942 c,37.0,4.67,10.156272,0.08598,0.822,0.894,4969.0,-0.221,37.0,1.568201724066995,0.6693168805661122,1.0067343234066117,7.922912205567452
TOI-733 b,5.72,1.992,4.884765,0.0618,0.956,0.949,5585.0,-0.04,5.72,0.7573960287930241,0.29928933408767994,0.6888436751872015,2.8714859437751
Kepler-20 c,11.1,2.894,10.8540774,0.0936,0.929,0.9164,5495.0,0.07,11.1,1.0453229787866574,0.46149852678301867,1.0355929141914073,3.8355217691776087
HIP 21152 b,7627.881768,12.0,22000.0,17.0,1.4,1.59186,6655.0,0.13,7627.881768,3.8824039528711984,1.0791812460476249,4.342422680822207,635.656814
TOI-3976 A b,55.61997123,12.27383387,6.607662,0.0743,1.254,1.501,5975.0,0.182,55.61997123,1.7452307598849282,1.0889802406824285,0.8200478195288492,4.531589055148259
TOI-4087 b,232.01473711,13.04725353,3.1774835,0.04469,1.178,1.112,6060.0,0.237,232.01473711,2.3655155712800484,1.1155191015365438,0.5020833040324796,17.782649549694156
TOI-942 b,826.358,3.89,4.32421,0.04866,0.822,0.894,4969.0,-0.221,826.358,2.917168235869055,0.5899496013257077,0.6359067767767885,212.4313624678663
TOI-4791 b,734.18362017,12.44196858,4.28088,0.0555,1.242,1.409,6058.0,0.207,734.18362017,2.865804691051737,1.0948891002738224,0.6315330540271942,59.00863801811659
EPIC 229004835 b,10.4,2.332,16.141132,0.1237,0.97,0.999,5868.0,-0.12,10.4,1.0170333392987803,0.36772854608697647,1.2079339891291785,4.459691252144083
HD 23472 b,8.32,2.0,17.667087,0.1162,0.67,0.71,4684.0,-0.2,8.32,0.9201233262907239,0.3010299956639812,1.2471649476891806,4.16
HD 191939 c,8.0,3.195,28.579743,0.1752,0.81,0.94,5348.0,-0.15,8.0,0.9030899869919435,0.504470862494419,1.45605831913012,2.503912363067293
TIC 279401253 b,1951.46641898,11.2089807,76.8,0.369,1.13,1.06,5951.0,0.2,1951.46641898,3.2903610823007603,1.049566121382448,1.885361220031512,174.09847257387108
HD 23472 c,3.41,1.87,29.79749,0.1646,0.67,0.71,4684.0,-0.2,3.41,0.5327543789924978,0.27184160653649897,1.474179682698408,1.8235294117647058
HD 23472 f,0.77,1.137,12.1621839,0.0906,0.67,0.71,4684.0,-0.2,0.77,-0.11350927482751812,0.05576046468773478,1.085011565936659,0.6772207563764292
TIC 279401253 c,2548.98382414,12.6,155.3,0.591,1.13,1.06,5951.0,0.2,2548.98382414,3.406367079443756,1.100370545117563,2.1911714557285586,202.3003035031746
TOI-1811 b,308.9292116,11.14172682,3.7130765,0.04389,0.817,0.769,4766.0,0.306,308.9292116,2.489858976080244,1.0469525059434737,0.5697338970272937,27.727229054427664
HD 23472 d,0.55,0.75,3.97664,0.04298,0.67,0.71,4684.0,-0.2,0.55,-0.2596373105057561,-0.12493873660829995,0.5995162766560403,0.7333333333333334
HD 23472 e,0.72,0.818,7.90754,0.068,0.67,0.71,4684.0,-0.2,0.72,-0.14266750356873156,-0.08724669632867703,0.8980413974559665,0.880195599022005
HATS-54 b,239.32479047,11.37711541,2.5441765,0.037,1.05,1.23,5621.0,0.37,239.32479047,2.3789876873584785,1.0560321636125936,0.40554723681801463,21.035630020914063
HD 45364 c,174.48779544,14.2,345.43,0.902,0.82,0.89,5466.0,-0.17,174.48779544,2.2417650556022175,1.1522883443830565,2.538360052596451,12.28787291830986
TOI-2152 A b,899.45439181,14.35870428,3.3773512,0.05064,1.516,1.612,6630.0,0.282,899.45439181,2.9539791466838827,1.1571152512269465,0.5285762238843056,62.64175194852609
NGTS-23 b,194.82881349,14.20177855,4.0764326,0.0504,1.01,1.24,6057.0,-0.26,194.82881349,2.2896531856757787,1.1523427363606884,0.6102802660663864,13.718620720923717
NGTS-24 b,165.27077164,13.60770257,3.4678796,0.0479,1.26,1.64,5820.0,0.27,165.27077164,2.2181960547943915,1.13378480812807,0.5400640109600802,12.145383894880352
NGTS-25 b,203.09235207,11.46678726,2.823093,0.0388,0.91,0.86,5321.0,0.12,203.09235207,2.3076935693115774,1.0594417552423174,0.4507251851683661,17.711356063825676
TOI-2497 b,1531.93292174,11.14172682,10.655669,0.1166,1.859,2.36,7360.0,0.094,1531.93292174,3.185239749398442,1.0469525059434737,1.0275807214258708,137.4951070412261
TOI-5542 b,419.53349724,11.30986153,75.12375,0.332,0.89,1.058,5700.0,-0.21,419.53349724,2.6227666423654425,1.0534572877614372,1.8757772587529749,37.094485739473065
TOI-2338 b,1900.61387386,11.2089807,22.65398,0.158,0.99,1.05,5581.0,0.22,1900.61387386,3.2788938951480033,1.049566121382448,1.3551445127591228,169.56170455891677
PZ Tel b,8581.366989,11.9,44000.0,27.0,1.36,1.25646,5169.0,,8581.366989,3.93355647531858,1.0755469613925308,4.643452676486188,721.1232763865546
TOI-2364 b,71.51139158,8.60849718,4.0197517,0.04871,0.954,0.886,5306.0,0.344,71.51139158,1.8543752293013205,0.934927341535039,0.6041992275495742,8.307070338146987
TOI-969 c,3591.4609991,12.4,1700.0,2.52,0.734,0.671,4435.0,0.175,3591.4609991,3.5552711546430125,1.0934216851622351,3.230448921378274,289.6339515403226
K2-3 d,2.2,1.458,44.55603,0.2014,0.549,0.546,3844.0,-0.157,2.2,0.3424226808222063,0.1637575239819558,1.6489064876884993,1.5089163237311387
K2-3 c,2.68,1.582,24.646729,0.1357,0.549,0.546,3844.0,-0.157,2.68,0.42813479402878885,0.19920647916165776,1.3917592898804958,1.6940581542351454
HD 111998 b,1525.5763536,12.9,810.0,1.91,1.4,1.45,6557.0,0.07,1525.5763536,3.1834339485351797,1.110589710299249,2.90848501887865,118.2617328372093
HIP 70849 b,1430.2278315,12.9,3649.0,3.99,0.65,0.633112,4105.0,,1430.2278315,3.1554052249349365,1.110589710299249,3.5621738633646483,110.87037453488372
HD 114783 c,603.8739733,13.4,4352.0,5.0,0.9,0.840622,5135.0,0.21,603.8739733,2.7809463121124214,1.1271047983648077,3.6386888866901237,45.065221888059696
Kepler-409 b,6.0,1.199,68.9583216,0.3192,0.913,0.897,5421.0,0.05,6.0,0.7781512503836436,0.0788191830988487,1.83858668250446,5.004170141784821
Kepler-20 f,1.4,0.952,19.578328,0.1387,0.929,0.9164,5495.0,0.07,1.4,0.146128035678238,-0.021363051615525673,1.2917756000626628,1.4705882352941175
TOI-411 c,9.72,2.328,9.573083,0.1017,1.098,1.117,6169.0,-0.08,9.72,0.9876662649262746,0.36698297597785084,0.9810518243248237,4.175257731958763
HD 140901 c,572.0911326,13.4,14386.0,11.8,1.06,0.95,5610.0,0.0859,572.0911326,2.7574652162628985,1.1271047983648077,4.157940055964767,42.693368104477614
Kepler-102 c,1.7,0.567,7.071392,0.06702,0.803,0.724,4909.0,0.11,1.7,0.2304489213782739,-0.24641694110709347,0.8495049128652743,2.998236331569665
K2-416 b,1652.7077164,2.66,13.102,0.088,0.548,0.554,3746.0,,1652.7077164,3.218196054794392,0.424881636631067,1.117337595095921,621.3186903759398
TOI-411 b,13.71,1.362,4.040295,0.05727,1.098,1.117,6169.0,-0.08,13.71,1.1370374547895128,0.13417710757676637,0.6064130760499256,10.066079295154186
HIP 54597 b,762.7881768,13.3,3274.0,4.0,0.8,0.66,4799.0,-0.22,762.7881768,2.8824039528711984,1.1238516409670858,3.5150786750759226,57.352494496240595
HD 75302 b,1716.2733978,12.8,4356.0,5.3,1.06,0.940904,5697.46,0.0857,1716.2733978,3.234586470982561,1.1072099696478683,3.6390878710837375,134.083859203125
Kepler-68 c,1.3,0.979,9.605027,0.09008,1.057,1.2564,5847.0,0.11,1.3,0.11394335230683679,-0.009217308196862183,0.9824985900133846,1.3278855975485189
HD 15906 b,5.65,2.24,10.924709,0.09,0.79,0.762,4757.0,0.02,5.65,0.7520484478194386,0.35024801833416286,1.038409877552995,2.5223214285714284
HD 108202 b,953.485221,13.1,2990.0,3.7,0.74,0.66355,4556.03,0.3048,953.485221,2.979313965879255,1.1172712956557642,3.4756711883244296,72.7851313740458
Kepler-323 b,3.9,1.381,1.678328,0.02778,1.015,1.12,6004.0,-0.14,3.9,0.5910646070264992,0.1401936785786313,0.2248768400860119,2.8240405503258508
HD 15906 c,8.91,2.93,21.583298,0.141,0.79,0.762,4757.0,0.02,8.91,0.9498777040368748,0.4668676203541095,1.3341178070644724,3.040955631399317
TOI-622 b,96.30200732,9.2362001,6.402513,0.0708,1.313,1.415,6400.0,0.09,96.30200732,1.9836353396573878,0.9654933332300308,0.806350468955779,10.426583040356608
TOI-4201 b,788.21444936,13.67495645,3.5819194,0.04,0.61,0.63,3794.0,0.52,788.21444936,2.896644391985809,1.1359259519301628,0.5541158091710059,57.63926578062338
HD 99492 b,25.5,5.44,17.0503,0.12,0.85,0.822539,4929.0,0.3,25.5,1.4065401804339552,0.7355988996981799,1.2317320248064259,4.6875
Kepler-454 b,5.4,2.37,10.5737534,0.09528,1.03,1.066,5687.0,0.32,5.4,0.7323937598229685,0.37474834601010387,1.0242291776155197,2.278481012658228
Kepler-109 b,4.9,2.49,6.4816307,0.0701,1.094,1.387,5950.0,-0.02,4.9,0.6901960800285137,0.3961993470957364,0.8116842828638619,1.9678714859437751
GJ 1252 b,1.32,1.193,0.5182331,0.00915,0.381,0.391,3458.0,0.1,1.32,0.12057393120584989,0.0766404436703419,-0.28547485169703957,1.1064543168482817
TOI-4600 b,959.84178914,6.8,82.6869,0.349,0.89,0.81,5170.0,0.16,959.84178914,2.982199654116743,0.8325089127062363,1.9174367101769634,141.15320428529412
TOI-858 B b,349.6112477,14.06727078,3.2797178,0.04435,1.081,1.308,5842.0,0.153,349.6112477,2.5435853963178174,1.148209847245814,0.515836476889933,24.852812828274853
K2-36 b,4.3,1.43,1.422614,0.02288,0.79,0.718,4916.0,-0.047,4.3,0.6334684555795865,0.1553360374650618,0.15308707829183965,3.006993006993007
K2-36 c,7.9,3.2,5.340888,0.05528,0.79,0.718,4916.0,-0.047,7.9,0.8976270912904415,0.505149978319906,0.7276134707809745,2.46875
Kepler-538 b,12.9,2.215,81.73778,0.3554,0.892,0.8717,5534.0,-0.09,12.9,1.110589710299249,0.3453737305590883,1.9124228380875559,5.823927765237021
TOI-1235 b,6.69,1.69,3.444714,0.03845,0.63,0.619,3997.0,0.33,6.69,0.8254261177678232,0.22788670461367352,0.5371531701107207,3.958579881656805
TOI-1052 b,16.9,2.87,9.139703,0.09103,1.204,1.264,6146.0,0.14,16.9,1.2278867046136734,0.4578818967339923,0.9609320833096704,5.888501742160278
K2-110 b,15.9,2.592,13.86375,0.10207,0.738,0.713,5010.0,-0.34,15.9,1.2013971243204515,0.41363499719855573,1.1418807183008257,6.1342592592592595
TOI-1052 c,34.3,6.48,35.806,0.2263,1.204,1.264,6146.0,0.14,34.3,1.5352941200427705,0.8115750058705934,1.553955807329781,5.293209876543209
TOI-519 b,147.15455244,11.54525012,1.2652328,0.0159,0.335,0.35,3322.0,0.27,147.15455244,2.1677737021745944,1.0624033460500035,0.10217044207577688,12.745895577011543
TOI-244 b,2.68,1.52,7.397225,0.0559,0.428,0.426,3433.0,-0.39,2.68,0.42813479402878885,0.18184358794477254,0.8690688287562954,1.7631578947368423
TOI-2084 b,6.66,2.47,6.0784247,0.05006,0.453,0.475,3551.0,-0.13,6.66,0.8234742291703011,0.39269695325966575,0.7837910409928095,2.6963562753036436
TOI-4184 b,6.48,2.43,4.9019804,0.0336,0.2109,0.2347,3238.0,-0.27,6.48,0.8115750058705934,0.38560627359831223,0.6903715704434229,2.6666666666666665
TOI-470 b,17.4,4.34,12.19148,0.119,0.87,0.831,5190.0,0.1,17.4,1.2405492482825997,0.6374897295125107,1.08605643054189,4.009216589861751
TOI-1470 b,7.32,2.18,2.527093,0.0285,0.471,0.469,3709.0,0.0,7.32,0.8645110810583919,0.33845649360460484,0.4026212247626608,3.3577981651376145
Kepler-21 b,7.5,1.639,2.7858212,0.0434,1.408,1.902,6305.0,-0.03,7.5,0.8750612633917001,0.21457895357049908,0.44495323902791506,4.575960951799878
Kepler-78 b,1.68,1.201,0.35500745,0.00901,0.779,0.7475,5058.0,-0.18,1.68,0.22530928172586284,0.07954300740290607,-0.4497625329732418,1.3988343047460448
HD 6860 b,8981.83078182,11.9,663.87,2.03,2.49,86.4,3802.0,-0.03,8981.83078182,3.9533648686721325,1.0755469613925308,2.8220830435093447,754.7756959512604
TOI-1470 c,7.24,2.47,18.08816,0.106,0.471,0.469,3709.0,0.0,7.24,0.859738566197147,0.39269695325966575,1.2573943909344825,2.9311740890688256
K2-12 b,5.2,2.44,8.28246,0.0792,0.965,1.117,5672.0,0.0,5.2,0.7160033436347992,0.3873898263387294,0.9181593471412328,2.1311475409836067
GJ 649 b,81.99972901,10.8,600.1,1.112,0.51,0.5,3734.0,-0.15,81.99972901,1.9138124171440078,1.0334237554869496,2.7782236267660965,7.5925675009259255
HD 36384 b,2097.6674862,12.7,490.0,1.3,1.14,38.4,3940.0,-0.16,2097.6674862,3.3217366467014613,1.1038037209559568,2.690196080028514,165.17066820472442
GJ 849 b,283.82076745,13.9,1925.31,2.32,0.45,0.45,3467.0,0.09,283.82076745,2.453044170046609,1.1430148002540952,3.2845006665458762,20.418760248201437
GJ 849 c,314.65012293,13.8,5990.0,4.95,0.45,0.45,3467.0,0.09,314.65012293,2.4978279057571426,1.1398790864012365,3.7774268223893115,22.800733545652175
Kepler-68 b,8.03,2.357,5.39875259,0.06135,1.057,1.2564,5847.0,0.11,8.03,0.9047155452786809,0.37235958252432383,0.7322934254042354,3.406873143826898
Kepler-107 d,7.7,0.86,7.95839,0.08377,1.238,1.447,5854.0,0.321,7.7,0.8864907251724818,-0.06550154875643228,0.9008252178837267,8.953488372093023
HD 62364 b,5965.63919939,12.1,5138.0,6.15,1.157,1.401,6255.0,-0.11,5965.63919939,3.775656983780939,1.08278537031645,3.7107940999303275,493.028033007438
BD-210397 b,214.0,14.0,1891.0,2.63,0.679,0.747,4051.0,0.12,214.0,2.330413773349191,1.146128035678238,3.27669152884504,15.285714285714286
WASP-79 b,270.15414595,17.14974047,3.662392,0.0519,1.39,1.51,6600.0,0.03,270.15414595,2.4316116368738854,1.2342575521747232,0.5637648266739447,15.752666719509836
Kepler-454 d,734.18362017,13.3,4073.0,5.1,1.03,1.066,5687.0,0.32,734.18362017,2.865804691051737,1.1238516409670858,3.609914410085998,55.20177595263158
HD 74698 b,23.0,5.12,15.017,0.121,1.039,1.333,5783.0,0.07,23.0,1.3617278360175928,0.7092699609758307,1.1765831807654934,4.4921875
HD 74698 c,126.0,14.0,3449.0,4.5,1.039,1.333,5783.0,0.07,126.0,2.100370545117563,1.146128035678238,3.5376931943673906,9.0
GJ 9404 b,11.9,3.48,13.4586,0.0943,0.62,0.626041,3811.0,,11.9,1.0755469613925308,0.541579243946581,1.1289998857499857,3.4195402298850577
GJ 832 b,314.65012293,13.8,3853.0,3.7,0.45,0.441557,3472.0,-0.3,314.65012293,2.4978279057571426,1.1398790864012365,3.5857990090130007,22.800733545652175
Kepler-323 c,6.8,1.57,3.5538229,0.0458,1.015,1.12,6004.0,-0.14,6.8,0.8325089127062363,0.19589965240923377,0.5506957815252324,4.3312101910828025
TOI-1680 b,2.75,1.466,4.8026345,0.03144,0.1798,0.2106,3225.0,0.04,2.75,0.43933269383026263,0.16613397030510912,0.6814795363218359,1.8758526603001364
HD 100777 b,390.92894061,13.7,383.0,1.06,1.08,1.04,5533.0,-0.27,390.92894061,2.5920978225989906,1.1367205671564067,2.583198773968623,28.53495916861314
HD 215497 c,111.23994245,13.0,566.0,1.31,0.92,0.85,5113.0,0.23,111.23994245,2.046260755509868,1.1139433523068367,2.7528164311882715,8.55691865
Kepler-107 c,10.0,1.597,4.901452,0.06064,1.238,1.447,5854.0,0.321,10.0,1.0,0.20330491613848292,0.6903247539417944,6.261740763932373
K2-3 b,5.11,2.078,10.0546535,0.0747,0.549,0.546,3844.0,-0.157,5.11,0.7084209001347127,0.31764554322115857,1.002367108684039,2.459095283926853
Kepler-107 b,3.8,1.536,3.1800218,0.04544,1.238,1.447,5854.0,0.321,3.8,0.5797835966168101,0.1863912156954932,0.5024300972131288,2.473958333333333
HD 167677 b,905.81095995,13.2,1820.0,2.877,0.96,0.95271,5474.0,-0.29,905.81095995,2.9570375711681027,1.1205739312058498,3.2600713879850747,68.62204242045455
HD 165131 b,5943.3912109,12.1,2342.6,3.54,1.06,1.06419,5870.0,0.06,5943.3912109,3.7740343176960915,1.08278537031645,3.369698138949881,491.1893562727273
HIP 39017 b,7500.7504052,12.0,31000.0,22.1,1.52,1.51987,7201.0,-0.26,7500.7504052,3.8751047141296993,1.0791812460476249,4.491361693834273,625.0625337666667
omi UMa b,1160.39151396,13.0,1569.81,3.691,2.72,13.84,5075.0,-0.16,1160.39151396,3.064604544110443,1.1139433523068367,3.195847091297789,89.26088568923078
omi CrB b,355.96781584,13.7,187.01,0.699,1.3,11.87,4769.0,-0.27,355.96781584,2.551410733829774,1.1367205671564067,2.2718648302193953,25.983052251094893
TOI-544 b,2.89,2.018,1.548352,0.0225,0.631,0.623,4169.0,-0.17,2.89,0.4608978427565479,0.3049211619008917,0.18986969942149093,1.4321110009910805
Teegarden's Star d,0.82,0.954,26.13,0.0791,0.097,0.12,3034.0,-0.11,0.82,-0.08618614761628333,-0.020451625295904902,1.4171394097273255,0.859538784067086
TOI-782 b,19.1,2.734,8.0240015,0.0578,0.397,0.413,3370.0,0.34,19.1,1.2810333672477277,0.4367985102318035,0.9043910011990095,6.986100950987565
HD 4732 c,1069.49258955,13.1,3184.2,4.725,1.39,5.03,4898.0,-0.01,1069.49258955,3.029177779717558,1.1172712956557642,3.5030003380130292,81.6406556908397
HD 4732 b,631.2072163,13.4,371.74,1.129,1.39,5.03,4898.0,-0.01,631.2072163,2.800171955317579,1.1271047983648077,2.5702392946029167,47.10501614179105
ome Ser b,233.92170755,14.0,278.59,0.838,1.01,10.99,4724.0,-0.12,233.92170755,2.3690705254933784,1.146128035678238,2.4449655233486656,16.708693396428572
TOI-2010 b,408.7273314,11.81426566,141.834025,0.5516,1.112,1.079,5929.0,0.168,408.7273314,2.6114336797456708,1.0724067323398483,2.151780427583089,34.596084357899905
TOI-1273 b,70.55790635,11.09689089,4.631296,0.0549,1.06,1.06,5690.0,0.07,70.55790635,1.8485456855856106,1.0452013158625881,0.665702538942179,6.358349113226255
TOI-904 b,6.46,2.426,10.8772,0.056,0.557,0.527,3770.2,0.022,6.46,0.8102325179950841,0.3848907965305542,1.0365171140156604,2.662819455894476
HD 2952 b,284.77425267,13.9,312.08,1.117,1.91,10.9,4853.0,0.0,284.77425267,2.4545007208186678,1.1430148002540952,2.494265937303735,20.487356307194243
TOI-2416 b,953.485221,9.86390302,8.275479,0.0831,1.118,1.236,5808.0,0.32,953.485221,2.979313965879255,0.9940487937087314,0.9177931409415595,96.66409118852022
TOI-2373 b,2955.8041851,10.42435205,13.33668,0.112,1.041,1.102,5651.0,0.3,2955.8041851,3.4706756597135278,1.0180490698947218,1.125047730845053,283.54800096184397
TOI-904 c,5.34,2.167,83.9997,0.312,0.557,0.527,3770.2,0.022,5.34,0.7275412570285564,0.33585891131981793,1.924277735007391,2.4642362713428705
TOI-4860 b,86.7,8.7,1.5227591,0.01808,0.34,0.358,3260.0,0.27,86.7,1.9380190974762104,0.9395192526186185,0.1826312035226472,9.965517241379311
TOI-4633 c,123.0,3.2,271.9445,0.847,1.1,1.05,5800.0,0.2379,123.0,2.089905111439398,0.505149978319906,2.434480279757901,38.4375
gam Lib b,357.87478628,13.7,414.88,1.319,1.78,12.38,4879.0,-0.27,357.87478628,2.553731101672493,1.1367205671564067,2.6179224994252763,26.12224717372263
HD 47366 b,661.71874337,13.4,360.08,1.207,1.81,7.3,4866.0,-0.02,661.71874337,2.8206734363314845,1.1271047983648077,2.5563989999304226,49.3819957738806
HD 47366 c,483.73483545,13.5,677.53,1.84,1.81,7.3,4866.0,-0.02,483.73483545,2.6846073635905556,1.130333768495006,2.830928529872649,35.83221003333333
Kepler-100 e,24.14271827,5.27,60.888588,0.312391586,1.097,1.5,5884.0,0.1,24.14271827,1.3827861664738366,0.7218106152125465,1.7845359029275938,4.581160962049336
NGTS-27 b,188.47224535,15.64773706,3.3704181,0.0446,1.07,1.77,5700.0,0.0,188.47224535,2.2752474045215507,1.194451539747303,0.5276837783965671,12.044696599087663
HD 134606 d,44.8,7.59,966.5,1.941,1.046,1.158,5576.0,0.343,44.8,1.651278013998144,0.8802417758954804,2.985201858364572,5.902503293807642
HATS-2 b,435.42491759,12.57647635,1.35413379,0.02317,0.904,0.876,5227.0,0.15,435.42491759,2.638913278315999,1.0995589784614392,0.13166157527102723,34.6221712244543
gam Cep b,2097.6674862,12.7,913.0,2.13,1.27,4.74,4775.0,0.18,2097.6674862,3.3217366467014613,1.1038037209559568,2.960470777534299,165.17066820472442
TOI-5398 c,11.8,3.52,4.77271,0.057,1.146,1.051,6000.0,0.09,11.8,1.0718820073061255,0.5465426634781311,0.678765046512477,3.3522727272727275
HD 134606 f,5.63,2.24,26.915,0.1784,1.046,1.158,5576.0,0.343,5.63,0.7505083948513462,0.35024801833416286,1.4299943841517067,2.5133928571428568
HD 134606 e,2.34,1.33,4.3203,0.0527,1.046,1.158,5576.0,0.343,2.34,0.3692158574101428,0.12385164096708581,0.6355139051067823,1.7593984962406013
TOI-238 c,6.7,2.18,8.465651,0.0749,0.79,0.733,5059.0,-0.114,6.7,0.8260748027008264,0.33845649360460484,0.9276603605355364,3.073394495412844
HIP 66074 b,1589.142035,12.9,310.9,0.799,0.705,0.69,4300.0,0.12,1589.142035,3.2011627154956113,1.110589710299249,2.492620722043192,123.1893050387597
HAT-P-19 b,88.03846874,11.29865255,4.00878322,0.04599,0.807,0.773,4962.0,0.166,88.03846874,1.944672480228974,1.0530266536610806,0.6030125718645694,7.79194407035731
Kepler-849 b,298.75870258,8.08167508,394.62508,1.137,1.259,1.822,5950.0,0.145,298.75870258,2.4753205647592913,0.9075013858493077,2.596184682942225,36.96742316693088
TOI-1853 b,73.2,3.46,1.2436258,0.0213,0.837,0.808,4985.0,0.11,73.2,1.8645110810583918,0.5390760987927766,0.09468972324684262,21.15606936416185
TOI-5126 b,20.2,4.74,5.4588385,0.06519,1.24,1.241,6150.0,0.18,20.2,1.3053513694466237,0.6757783416740851,0.737100245872852,4.261603375527426
Kepler-1513 b,48.30991786,8.594,160.8842,0.56971,0.943,0.95,5491.0,0.17,48.30991786,1.6840362990684061,0.9341953493478844,2.2065133953125473,5.621354184314638
HAT-P-51 b,97.57332095,13.50682174,4.21802091,0.05042,0.961,0.995,5453.0,0.302,97.57332095,1.98933108664123,1.1305531681807972,0.625108728337348,7.2240030133099244
Kepler-553 c,2129.4503269,11.57887706,328.24017,0.898,0.889,0.902,5191.0,0.152,2129.4503269,3.328267513860419,1.0636664427857956,2.5161917288858695,183.9081903940692
Kepler-111 c,222.4798849,7.0840758,224.77833,0.751,1.118,1.145,5914.0,0.237,222.4798849,2.3472907511738494,0.8502831995176994,2.3517544402820105,31.405633025552888
14 And b,1131.15130051,13.1,186.76,0.775,1.78,11.55,4888.0,-0.21,1131.15130051,3.0535206991622865,1.1172712956557642,2.271283865258768,86.34742751984733
18 Del b,2926.24614325,12.5,982.85,2.476,2.1,8.8,4980.0,-0.06,2926.24614325,3.466310854311226,1.0969100130080565,2.9924872419998882,234.09969146
GJ 724 b,10.75,3.27,5.101284,0.04685,0.5271,0.52226,3799.0,-0.02,10.75,1.0314084642516241,0.5145477526602861,0.7076795023587695,3.287461773700306
Kepler-553 b,116.00736855,4.74139884,4.030467,0.04766,0.889,0.902,5191.0,0.152,116.00736855,2.064485575597349,0.675906489114716,0.605355369657917,24.466907860887737
6 Lyn b,597.83523357,13.4,919.86,2.028,1.32,4.94,4941.0,-0.17,597.83523357,2.7765815067121506,1.1271047983648077,2.9637217340258637,44.61456966940298
4 UMa b,2511.48007211,12.6,270.27,0.877,1.234,18.11,4415.0,-0.25,2511.48007211,3.3999297365043284,1.100370545117563,2.4317978416383057,199.3238152468254
TOI-4641 b,1229.99593509,8.18255591,22.09341,0.173,1.41,1.72,6560.0,-0.09,1229.99593509,3.089903676178504,0.9128889814498283,1.3442627520819144,150.31928270564057
CI Tau c,1144.1822652,13.0,25.2,0.17,0.9,1.880857,3807.0,,1144.1822652,3.05849521192688,1.1139433523068367,1.4014005407815442,88.0140204
TOI-1994 b,7024.0077947,13.67495645,4.0337142,0.0613,1.86,2.3,7700.0,-0.01,7024.0077947,3.846584984844703,1.1359259519301628,0.6057051239808622,513.6402313515229
TOI-4515 b,637.0,12.17,15.266446,0.118,0.949,0.86,5433.0,0.05,637.0,2.8041394323353503,1.085290578230065,1.1837379458819175,52.341824157765
HD 145457 b,888.01256916,13.2,176.13,0.762,1.9,9.9,4757.0,-0.14,888.01256916,2.948419112938734,1.1205739312058498,2.245833335097326,67.27367948181819
HD 167042 b,444.00628458,13.6,417.67,1.22,1.39,4.63,4919.0,-0.01,444.00628458,2.6473891172747526,1.1335389083702174,2.620833282298022,32.647520925
LHS 1678 c,1.4,0.941,3.694284,0.0327,0.345,0.329,3490.0,,1.4,0.146128035678238,-0.026410376572743116,0.5675302790013097,1.487778958554729
HD 173416 b,585.12209729,13.4,322.03,1.158,2.0,13.5,4683.0,-0.22,585.12209729,2.767246499665834,1.1271047983648077,2.5078963320298726,43.66582815597015
HD 32518 b,905.49313154,13.2,157.35,0.594,1.13,10.22,4580.0,-0.15,905.49313154,2.9568851603976305,1.1205739312058498,2.196866747249239,68.59796451060606
HS Psc b,464.02947422,13.6,3.986,0.0435,0.69,0.65,4203.0,-0.05,464.02947422,2.6665455669440297,1.1335389083702174,0.6005372943644688,34.11981428088235
HD 81688 b,525.68818518,13.5,183.93,0.648,1.07,11.13,4797.0,-0.32,525.68818518,2.720728216377773,1.130333768495006,2.2646525708468968,38.93986556888889
kap CrB b,689.6911,13.3,1253.68,2.5,1.33,4.68,4840.0,0.09,689.6911,2.838654621746767,1.1238516409670858,3.0981866976037997,51.85647368421052
TOI-4559 b,2.59,1.415,3.965991,0.0359,0.392,0.374,3558.0,-0.09,2.59,0.4132997640812518,0.15075643986030904,0.5983517243284942,1.8303886925795052
11 Com b,4914.89848585,12.2,323.21,1.178,2.09,13.76,4874.0,-0.26,4914.89848585,3.6915145521802657,1.0863598306747482,2.50948478922394,402.86053162704917
nu Oph b,7057.73298,12.0,529.93,1.765,2.61,12.24,4887.0,0.1,7057.73298,3.848665223376993,1.0791812460476249,2.724218506164001,588.144415
TOI-4377 b,304.1617855,15.10970598,4.378081,0.0579,1.36,3.52,4974.0,0.205,304.1617855,2.483104648937864,1.1792560134782752,0.6412837922998925,20.130225293768426
HD 76920 b,994.80291391,13.1,415.891,1.091,1.0,8.33,4664.0,-0.19,994.80291391,2.9977370487060413,1.1172712956557642,2.618979522210019,75.93915373358779
75 Cet b,787.89662095,13.3,696.62,1.912,1.92,10.38,4809.0,0.1,787.89662095,2.8964692379257606,1.1238516409670858,2.842995938920596,59.24034743984963
LHS 3154 b,13.15,3.69,3.71778,0.02262,0.1118,0.1405,2861.0,,13.15,1.1189257528257768,0.5670263661590603,0.5702836867772194,3.5636856368563685
TOI-1269 b,6.4,2.40144286,4.2529913,0.0496,0.9027,0.8521,5499.0,-0.049,6.4,0.8061799739838872,0.3804722574826116,0.6286944943138688,2.6650644521269187
Kepler-23 d,4.44,2.206,15.27,0.12012,1.078,1.548,5828.0,-0.112,4.44,0.6473829701146199,0.3436055081041718,1.1838390370564211,2.012692656391659
TOI-3919 b,1233.17421916,12.31866979,7.433234,0.0795,1.208,1.319,6100.0,0.175,1233.17421916,3.0910244367538,1.090563813830617,0.871177804713236,100.1061186136397
TOI-1288 b,44.1,4.96846551,2.6998279,0.0374,0.9552,0.9583,5388.0,0.257,44.1,1.6444385894678386,0.6962222793893572,0.43133608102473003,8.875979899878585
GJ 238 b,0.126,0.566,1.7446999,0.02123,0.4193,0.4314,3485.0,0.15,0.126,-0.8996294548824371,-0.24718356881172862,0.24172073617637752,0.22261484098939932
Kepler-49 c,8.38,2.444,10.91,0.07821,0.607,0.618,4095.6,0.03,8.38,0.9232440186302765,0.38810120157051664,1.0378247505883418,3.428805237315876
TOI-5301 b,1182.32167404,13.09208946,5.858858,0.073,1.483,2.19,6240.0,0.03,1182.32167404,3.0727356510414903,1.1170089642384422,0.7678129722243177,90.30809617153349
TOI-5232 b,743.71847238,12.778238,4.0966692,0.05593,1.389,1.785,6500.0,-0.104,743.71847238,2.8714085685697355,1.1064709727868949,0.6124308967296104,58.201958077475155
TOI-1410.01,12.5,3.10083009,1.21687,0.0207,0.7941,0.7558,4635.0,0.328,12.5,1.0969100130080565,0.4914779697210182,0.08524418439415661,4.031178631912721
TOI-1386 b,45.8,6.2163865,25.8401,0.173,1.0363,1.0235,5735.0,0.149,45.8,1.6608654780038692,0.7935380086241018,1.4122941900259935,7.367624262101463
Kepler-128 c,3.38,1.521,22.8,0.16517,1.184,1.659,6072.0,-0.03,3.38,0.5289167002776547,0.1821292140529984,1.3579348470004537,2.2222222222222223
TOI-1451 b,15.2,2.61143902,16.537944,0.127,1.0022,1.0162,5801.0,0.019,15.2,1.1818435879447726,0.41687988903316525,1.2184815170088,5.820545639239165
TIC 4672985 b,4049.13390518,11.5004142,69.048,0.33,1.01,1.15,5757.0,0.14,4049.13390518,3.607362139158924,1.0607134822262196,1.8391511036019321,352.085919234109
TOI-5218 b,657.0,9.86,4.291452,0.0469,0.739,0.708,4230.0,0.41,657.0,2.8175653695597807,0.9938769149412112,0.6326042592932605,66.63286004056795
Kepler-305 d,6.2,2.76,16.74,0.12091,0.827,0.792,5090.0,0.09,6.2,0.7923916894982539,0.4409090820652177,1.2237554536572413,2.246376811594203
TOI-1601 b,387.0,14.19902343,5.33175,0.069,1.5055,2.195,5982.0,0.343,387.0,2.5877109650189114,1.1522584758234278,0.7268697776199375,27.255395549410682
TOI-1444 b,3.58,1.41792246,0.4702743,0.0116,0.9513,0.9105,5460.0,0.146,3.58,0.5538830266438743,0.15165248182385677,-0.32764875434589996,2.5248207155135973
TOI-1736 b,12.3,3.18175535,7.073076,0.073,1.0373,1.4286,5636.0,0.148,12.3,1.089905111439398,0.5026667830321968,0.8496083245893463,3.8657906240339948
TOI-5634 A b,588.0,10.42,2.2035373,0.0272,0.556,0.54,3896.0,-0.27,588.0,2.7693773260761385,1.0178677189635057,0.3431204063535709,56.4299424184261
TOI-1683.01,7.45,2.6382,3.0575356,0.036507593,0.694661,0.7,4402.0,,7.45,0.8721562727482929,0.4213077160033499,0.4853715223865069,2.8238950799787736
TOI-1298 b,99.0,9.65807033,4.537143,0.057,1.2187,1.4536,5752.0,0.397,99.0,1.99563519459755,0.9848903636051954,0.6567824674150612,10.250494831507403
TOI-1751 b,19.5,2.9507845,37.46852,0.215,0.9382,1.3137,5970.0,-0.373,19.5,1.290034611362518,0.46993749351273845,1.5736665388763593,6.608412101934248
K2-419 A b,196.0,10.55,20.35847252,0.1208,0.562,0.541,3711.0,-0.11,196.0,2.292256071356476,1.0232524596337116,1.3087451901175262,18.5781990521327
HIP 97166 b,19.1,2.4801338,10.288914,0.091,0.9342,0.8418,5216.0,0.248,19.1,1.2810333672477277,0.39447511108194555,1.0123695371824921,7.701197411204187
TOI-1776 b,1.4,1.21612741,2.799868,0.0378,0.9196,0.9356,5785.0,-0.193,1.4,0.146128035678238,0.08497907704303043,0.4471375569768871,1.1511951695916467
BD-14 3065 b,3932.0,21.59,4.2889731,0.0656,1.41,2.35,6935.0,-0.34,3932.0,3.594613509160098,1.3342526423342307,0.6323533223971056,182.12135247799907
HIP 97166 c,8.0,2.75,16.432,0.124,0.9342,0.8418,5216.0,0.248,8.0,0.9030899869919435,0.43933269383026263,1.215690426253203,2.909090909090909
TOI-1794 b,8.7,3.29701268,8.765528,0.082,0.9698,1.3162,5631.0,0.035,8.7,0.9395192526186185,0.5181206174020069,0.9427780813630742,2.6387523629420797
TOI-663 c,3.65,2.26,4.6955507,0.0437,0.514,0.512,3681.0,0.07,3.65,0.5622928644564748,0.35410843914740087,0.6716865341837688,1.6150442477876108
TOI-1246 c,9.1,2.45109846,5.904137,0.061,0.8889,0.8649,5213.0,0.168,9.1,0.9590413923210935,0.3893607571010517,0.7711564263308581,3.7126211568016734
TOI-1842 b,89.4,12.3485023,9.5739181,0.1,1.4643,2.032,6039.0,0.332,89.4,1.9513375187959177,1.091614286965017,0.9810897079934121,7.23974436964716
TOI-1824 b,16.0,2.7438269,22.808533,0.151,0.8801,0.8123,5165.0,0.124,16.0,1.2041199826559248,0.43835670953249245,1.3580973532076726,5.8312716447236514
SPECULOOS-3 b,0.894,0.977,0.71912603,0.00733,0.1009,0.123,2800.0,0.07,0.894,-0.04866248120408232,-0.010105436281226938,-0.1431949909285566,0.9150460593654043
TOI-3071 b,68.2,7.16,1.266938,0.0249,1.29,1.31,6177.0,0.35,68.2,1.833784374656479,0.8549130223078556,0.10275536238406414,9.525139664804469
TOI-1246 e,14.5,3.5141875,37.92548,0.212,0.8889,0.8649,5213.0,0.168,14.5,1.1613680022349748,0.5458249296245458,1.5789310860977166,4.126131573799065
TOI-2019 b,34.4,5.33275337,15.3444,0.128,1.1832,1.7457,5626.0,0.409,34.4,1.5365584425715302,0.726951498829163,1.1859499112244307,6.450701469436228
TIC 139270665 c,1554.18091023,12.9,1010.0,2.0,1.035,1.016,5844.0,0.156,1554.18091023,3.191501570283213,1.110589710299249,3.0043213737826426,120.47914032790698
HD 48948 b,4.88,2.06,7.34013,0.0652,0.686,0.679,4593.0,-0.21,4.88,0.6884198220027106,0.31386722036915343,0.8657037517120763,2.3689320388349513
HD 93963 A c,18.4,3.11976057,3.6451389,0.04726,1.0844,1.0311,5908.0,0.11,18.4,1.2648178230095364,0.49412126481400087,0.5617140819967072,5.897888503668087
HD 93963 A b,2.8,1.46954368,1.0376109,0.02061,1.0844,1.0311,5908.0,0.11,2.8,0.4471580313422192,0.1671824993579607,0.01603452532061557,1.9053533679243886
TOI-815 c,23.5,2.62,34.976145,0.193,0.776,0.77,4869.0,-0.09,23.5,1.3710678622717363,0.41830129131974547,1.5437719407204706,8.969465648854962
HD 48948 c,7.27,2.6,38.06,0.1951,0.686,0.679,4593.0,-0.21,7.27,0.8615344108590378,0.414973347970818,1.5804687839510017,2.796153846153846
HD 48948 d,10.59,3.24,151.92,0.4894,0.686,0.679,4593.0,-0.21,10.59,1.024895960107485,0.5105450102066121,2.181614951728961,3.268518518518518
HIP 8152 c,10.7,2.52442508,19.60562,0.139,0.9373,0.9603,5618.0,0.007,10.7,1.0293837776852097,0.4021624862117777,1.2923805808020614,4.238588851288072
HIP 8152 b,8.9,2.53625843,10.751014,0.093,0.9373,0.9603,5618.0,0.007,8.9,0.9493900066449128,0.40419350354910005,1.0314494273992205,3.5091061284318728
TOI-1669 b,191.0,14.1,500.0,1.27,0.9867,1.0561,5497.0,0.274,191.0,2.2810333672477277,1.14921911265538,2.6989700043360187,13.546099290780143
TOI-329 b,40.4,4.94057819,5.70439,0.0638,1.0678,1.5326,5614.0,0.205,40.4,1.606381365110605,0.6937777768654838,0.7562092098763945,8.177180574081754
TOI-480 b,20.8,2.85372018,6.866196,0.077,1.2793,1.4877,6174.0,0.164,20.8,1.3180633349627615,0.4554113863540554,0.836716196483194,7.2887314410763295
TOI-1410 c,27.0,5.63,47.56,0.239,0.7941,0.7558,4635.0,0.328,27.0,1.4313637641589874,0.7505083948513462,1.677241845946654,4.7957371225577266
TOI-757 b,10.5,2.5,17.46819,0.122,0.8,0.78,5278.0,-0.27,10.5,1.021189299069938,0.3979400086720376,1.242247907058714,4.2
TOI-1855 b,360.09958513,18.49481816,1.36414864,0.02398,0.987,1.041,5359.0,0.399,360.09958513,2.5564226210217837,1.2670500657137642,0.13486169437818007,19.47029605886106
TOI-3261 b,30.3,3.82,0.8831331,0.01714,0.861,0.849,5068.0,0.138,30.3,1.481442628502305,0.5820633629117087,-0.053973837487710404,7.9319371727748695
TOI-669 b,10.0,2.58606487,3.945152,0.048,0.9245,0.9882,5597.0,0.001,10.0,1.0,0.4126394147167225,0.5960637404958963,3.866879023804225
HD 25463 b,8.7,2.54535814,7.0491423,0.076,1.251,1.4182,6353.0,-0.018,8.7,0.9395192526186185,0.4057488975894273,0.8481362776952682,3.417986594216561
HD 73344 b,10.48,2.884,15.611,0.131,1.2,1.22,6252.6,0.143,10.48,1.0203612826477078,0.4599952560473914,1.1934307237268453,3.633841886269071
TOI-2368 b,206.58846455,10.83908434,5.1750073,0.05649,0.897,0.846,5360.0,0.1,206.58846455,2.315106067802448,1.0349925955896588,0.713910966756488,19.05958640690861
TOI-2107 b,263.79757781,13.57407563,2.4545467,0.03515,0.961,0.932,5627.0,0.07,263.79757781,2.4212708035356667,1.1327102645990874,0.38997129936494346,19.433925742021227
TOI-1248 b,27.4,6.8084859,4.3601561,0.051,0.9042,0.8686,5205.0,0.223,27.4,1.437750562820388,0.8330505423994652,0.6395020379280033,4.024389622368168
TOI-837 b,120.45696625,9.16894621,8.3249113,0.0888,1.142,1.052,5995.0,0.01,120.45696625,2.080831921116849,0.9623194249306201,0.9203796148959833,13.137492956237988
Kepler-24 c,9.99,2.514,12.33,0.10612,1.06,1.099,6028.0,-0.0708,9.99,0.9995654882259823,0.40036527334993893,1.0909630765957317,3.973747016706444
Kepler-57 b,25.06,3.135,5.72,0.05988,0.859,0.826,5187.9,0.1166,25.06,1.3989810666581313,0.49623754516673524,0.7573960287930241,7.993620414673046
TOI-3894 b,260.61929374,15.27784069,4.33454,0.05354,1.138,1.502,6000.0,0.021,260.61929374,2.4160065635433092,1.1840619771005734,0.6369430150620986,17.05864716278829
TOI-3321 b,176.07693748,15.55806521,3.6525145,0.047,1.041,1.549,5850.0,-0.103,176.07693748,2.2457024758929554,1.1919555874566212,0.5625919487014714,11.317405802286132
TOI-1744.01,7.65,2.68,22.341702927,0.164086,1.18,1.14,6179.0,,7.65,0.8836614351536176,0.42813479402878885,1.3491162727909012,2.8544776119402986
K2-360 c,15.23,4.02,9.79692,0.0883,0.958,0.98,5679.0,0.01,15.23,1.1826999033360426,0.60422605308447,0.9910895616877149,3.788557213930349
WASP-132 b,136.0305582,10.09929161,7.1335164,0.0674,0.789,0.758,4686.0,0.15,136.0305582,2.133636480185535,1.0042909123314094,0.8533036640252737,13.469316804884299
TOI-469.01,9.1,3.41,13.6308205,0.111,0.901,0.98,5289.0,0.24,9.1,0.9590413923210935,0.5327543789924978,1.134521998747174,2.6686217008797652
K2-260 b,546.66486004,18.41635529,2.62669762,0.04392,1.637,1.755,6860.0,0.334,546.66486004,2.7377211580671417,1.2652036848151516,0.41941008058054896,29.68366169264972
K2-237 b,434.15360396,16.06246934,2.18053332,0.03552,1.256,1.236,6180.0,0.337,434.15360396,2.637643410503106,1.2058123116959754,0.3385627273688011,27.029069738289692
TOI-1772.01,8.78,2.905,8.054246874,0.078375,0.99,0.995,5583.0,0.1282,8.78,0.9434945159061026,0.4631461367263495,0.9060249372124045,3.0223752151462993
WASP-132 c,6.26,1.841,1.01153624,0.01833,0.789,0.758,4686.0,0.15,6.26,0.7965743332104297,0.2650537885040147,0.004981446721342207,3.400325909831613
BD-17 63 b,1639.99458012,12.8,655.57,1.34,0.741,0.74,4714.0,-0.03,1639.99458012,3.214842412786804,1.1072099696478683,2.816619071297846,128.124576571875
K2-261 b,68.96876432,9.26982704,11.6334681,0.1086,1.107,1.663,5490.0,0.372,68.96876432,1.838652445014419,0.9670716309865302,1.0657092033066236,7.440134969335956
K2-321 b,4.86,2.05124347,2.2979749,0.02839,0.578,0.595,3750.0,0.148,4.86,0.6866362692622934,0.3120172115151505,0.3613452807269276,2.3692945625806185
TOI-1777.01,5.67,2.246,14.650111974,0.119466,1.06,0.98,5859.0,,5.67,0.7535830588929066,0.351409751925439,1.1658409441102289,2.5244879786286734
HD 20794 d,4.8,2.04,89.68,0.3625,0.79,0.93,5368.0,-0.42,4.8,0.6812412373755872,0.3096301674258988,1.9526955995869169,2.3529411764705883
HD 175167 b,4703.8604236,12.3,1175.0,2.4,1.09,1.75,5635.0,0.28,4703.8604236,3.67245442655455,1.089905111439398,3.070037866607755,382.42767671544715
Kepler-289 d,5.33,3.03,66.0282,0.33,1.08,1.0,5990.0,0.05,5.33,0.7267272090265723,0.48144262850230496,1.8197294580980485,1.7590759075907592
Kepler-289 c,157.18,11.23,125.8723,0.50155,1.08,1.0,5990.0,0.05,157.18,2.196397284437343,1.0503797562614579,2.099930167909819,13.996438112199465
K2-167 b,6.5,2.36509493,9.978541,0.0932,1.084,1.499,6310.0,-0.456,6.5,0.8129133566428556,0.37384857710248215,0.9990670460999999,2.7483040606746383
K2-265 b,7.3418362,1.70824866,2.36902,0.03359,0.901,0.92,5420.0,0.033,7.3418362,0.8658046909511762,0.2325510887216184,0.3745687271866627,4.297873238197067
Kepler-289 b,3.7,2.49,34.5383,0.21183,1.08,1.0,5990.0,0.05,3.7,0.568201724066995,0.3961993470957364,1.5383009574703288,1.4859437751004017
KELT-24 b,1458.83238813,12.71098411,5.55149296,0.0665,1.268,1.338,6426.0,0.138,1458.83238813,3.164005396696854,1.1041791758095019,0.7444097934104361,114.76942898404741
TOI-3568 b,26.4,5.3,4.417965,0.0485,0.78,0.719,4969.0,-0.01,26.4,1.421603926869831,0.724275869600789,0.6452222709815283,4.981132075471698
K2-57 b,5.94,2.30905002,9.0073,0.0752,0.699,0.671,4413.0,0.08,5.94,0.7737864449811935,0.3634333409616503,0.954594627734857,2.5724864981487063
K2-54 b,7.33,2.6116925,9.7833,0.0761,0.615,0.643,3990.0,-0.02,7.33,0.865103974641128,0.4169220418929727,0.9904853711528234,2.8066091241599076
TOI-4638.01,8.92,2.933,10.283918787,0.093013,1.02,0.895,5700.0,,8.92,0.9503648543761231,0.4673120629805521,1.0121586383231154,3.041254688032731
TOI-5076 b,16.14568308,3.48935569,23.443162,0.1481,0.789,0.844,4780.0,0.082,16.14568308,1.2080564235618652,0.5427452418272397,1.3700161886829458,4.627124464918049
K2-77 b,603.877,2.4996027,8.2000844,0.0753,0.847,0.792,5160.0,0.13,603.877,2.7809484888510663,0.3978709851082159,0.9138183224161115,241.5891933546079
K2-180 b,11.41003981,2.46597575,8.865663,0.0756,0.735,0.719,5365.0,-0.578,11.41003981,1.0572871596884306,0.39198880150019577,0.9477112189527113,4.62698784041165
TOI-2458 c,10.22,3.18,16.553,0.129,1.05,1.31,6005.0,-0.1,10.22,1.0094508957986938,0.5024271199844327,1.2188767150527566,3.2138364779874213
K2-97 b,174.48779544,13.45077684,8.407115,0.0854,1.17,4.14,4673.0,0.328,174.48779544,2.2417650556022175,1.128747367430073,0.9246469881241723,12.972321042536903
K2-182 b,20.97667486,2.71257333,4.7369696,0.05174,0.823,0.789,5128.0,0.022,20.97667486,1.321736646660054,0.43338148745894195,0.6755005976064422,7.733127295769733
NGTS-33 b,1153.71711741,18.38272835,2.827972,0.048,1.6,1.47,7437.0,-0.11,1153.71711741,3.062099336195705,1.2644099694773963,0.45147510515820943,62.76092946833977
Kepler-105 b,10.8,2.53,5.4122034,0.06016,0.991,1.026,5933.0,-0.09,10.8,1.0334237554869496,0.40312052117581787,0.7333741097729057,4.2687747035573125
TOI-2537 b,415.40172795,11.25381662,94.1022,0.3715,0.771,0.771,4870.0,0.08,415.40172795,2.6184682987411825,1.0512998340833943,1.9735997768458697,36.91207542974874
K2-98 b,34.00763955,5.06645928,10.1367349,0.0986,1.246,1.518,6260.0,-0.044,34.00763955,1.5315764888575727,0.7047045565024206,1.005898088797743,6.712308867110839
K2-114 b,638.83509807,10.59248676,11.390931,0.0944,0.863,0.832,4899.0,0.42,638.83509807,2.8053887685800816,1.0249979298302108,1.0565592211501267,60.31020973114721
TOI-4994 b,88.99195396,8.54124329,21.491984,0.1515,1.005,1.055,5640.0,0.165,88.99195396,1.9493507425018117,0.9315210925491697,1.3322765085803387,10.41908665266459
Kepler-105 c,5.6,1.44,7.12592,0.07229,0.991,1.026,5933.0,-0.09,5.6,0.7481880270062004,0.15836249209524964,0.8528409423830043,3.888888888888889
TOI-2295 c,1783.01736327,12.8,966.5,2.018,1.168,1.459,5730.0,0.316,1783.01736327,3.251155572415754,1.1072099696478683,2.985201858364572,139.29823150546875
TOI-5110 b,921.7023803,11.98240037,30.158577,0.2157,1.469,2.333,6160.0,0.065,921.7023803,2.9645907090585486,1.0785438266528415,1.479410845963407,76.9213472959592
TOI-2537 c,2297.89938261,12.7,1920.0,2.78,0.771,0.771,4870.0,0.08,2297.89938261,3.3613310084541235,1.1038037209559568,3.2833012287035497,180.93695926062992
K2-115 b,321.00669107,11.80305668,20.2729914,0.1415,0.918,0.855,5870.0,-0.198,321.00669107,2.506514084942235,1.0719944926746403,1.3069178361453975,27.196911763877086
K2-277 b,7.4,2.18575124,6.326768,0.0664,0.974,0.973,5680.0,0.078,7.4,0.8692317197309762,0.33960073344039327,0.8011819093497565,3.385563674665924
TOI-406 c,2.08,1.32,3.307441,0.0322,0.408,0.41,3392.0,-0.02,2.08,0.31806333496276157,0.12057393120584989,0.5194921057384583,1.5757575757575757
TOI-5005 b,32.7,6.25,6.3085044,0.06614,0.97,0.93,5749.0,0.15,32.7,1.5145477526602862,0.7958800173440752,0.7999264103035014,5.232
HD 86728 b,9.43,3.03,31.1515,0.1916,0.967,1.237,5610.0,0.2,9.43,0.9745116927373284,0.48144262850230496,1.4934789635485934,3.1122112211221125
TOI-5688 A b,124.0,10.3,2.94815527,0.03379,0.6,0.57,3713.0,0.47,124.0,2.093421685162235,1.0128372247051722,0.46955035270412215,12.03883495145631
HD 222237 b,1649.52943233,12.8,14892.0,10.8,0.76,0.71,4751.0,-0.32,1649.52943233,3.2173600690080506,1.1072099696478683,4.172953027546354,128.86948690078123
HD 21520 b,17.7,2.697,25.1292,0.1726,1.09,1.044,5871.0,0.049,17.7,1.2479732663618066,0.4308809464528912,1.4001786628418458,6.562847608453837
TOI-2768 b,7.41,2.63,1.50801,0.027,0.63,0.657,4008.0,,7.41,0.8698182079793282,0.41995574848975786,0.17840422146108909,2.817490494296578
TOI-1174 b,32.0,2.562,8.953487683,0.07994,0.85,0.76,5030.0,-0.002,32.0,1.505149978319906,0.4085791254086675,0.9519922405040303,12.490241998438721
TOI-2981 b,638.0,13.4,3.601501,0.048,1.03,1.08,5940.0,-0.11,638.0,2.8048206787211623,1.1271047983648077,0.5564835396998032,47.61194029850746
TOI-1180 b,10.0,3.072,9.686760378,0.080799,0.75,0.73,4738.0,0.067,10.0,1.0,0.4874212113594744,0.9861785566998176,3.2552083333333335
TOI-5713 b,3.78,1.77,10.441989,0.06008,0.2653,0.2992,3225.0,-0.03,3.78,0.5774917998372253,0.24797326636180664,1.0187832313721286,2.135593220338983
TOI-6002 b,3.36,1.65,10.904821,0.05722,0.2101,0.2432,3229.0,-0.18,3.36,0.526339277389844,0.21748394421390627,1.0376185411343166,2.0363636363636366
HD 135694 b,6.1,2.857,15.923475568,0.124695,1.02,1.08,5712.0,-0.121,6.1,0.785329835010767,0.455910240382743,1.202037865867961,2.1351067553377665
TOI-1295 b,451.31633794,15.69257298,3.1968838,0.047,1.38,1.7,6280.0,0.26,451.31633794,2.6544810555426492,1.195694157060686,0.5047268508678924,28.75986866622812
TOI-6130 b,333.71982735,14.3474953,2.392679,0.036,1.31,1.51,6110.0,0.28,333.71982735,2.523382010229531,1.1567760911513953,0.3788844379031389,23.25979694518527
TOI-1437 b,9.6,2.24,18.840942,0.14,1.1,1.17,6008.0,-0.4924,9.6,0.9822712330395684,0.35024801833416286,1.2751026126381038,4.285714285714286
HD 183579 b,20.4,3.49,17.471291,0.1322,0.996,0.96,5784.0,-0.038,20.4,1.3096301674258988,0.5428254269591799,1.2423249973390142,5.845272206303724
K2-203 b,2.14,1.26549392,9.6952,0.0824,0.793,0.765,5026.0,-0.021,2.14,0.33041377334919086,0.10226006295393872,0.9865567724658308,1.6910393374311907
TOI-6651 b,61.0,5.09,5.056973,0.0633,1.323,1.721,5940.0,0.225,61.0,1.7853298350107671,0.7067177823367587,0.7038906348699748,11.984282907662083
TOI-1630.01,6.42,2.417,12.055734733,0.101151,0.95,0.83,5504.0,,6.42,0.8075350280688532,0.38327665040765035,1.0811936834620366,2.6561853537443114
TOI-1467 b,9.0,1.92,5.97114713,0.050748,0.489,0.491,3834.0,-0.062,9.0,0.9542425094393249,0.28330122870354957,0.7760577723976383,4.6875
TOI-1659.01,5.71,2.255,5.877556328,0.065757,1.1,1.006,5977.0,,5.71,0.756636108245848,0.35314654621397934,0.769196799910521,2.532150776053215
HD 101581 c,0.937,0.99,6.20401,0.0573,0.653,0.63,4675.0,-0.343,0.937,-0.02826040911222171,-0.004364805402450088,0.7926724891643461,0.9464646464646466
K2-208 b,3.45,1.67462172,4.19097,0.04878,0.881,0.872,5500.0,-0.064,3.45,0.5378190950732742,0.22391671974876698,0.6223145520576361,2.0601667581380707
TOI-1716.01,10.0,3.143,8.082376554,0.080496,1.07,1.24,5879.0,0.096,10.0,1.0,0.49734438101758,0.9075390801470603,3.181673560292714
TOI-6038 A b,78.5,6.41,5.8267311,0.069,1.291,1.648,6110.0,0.124,78.5,1.8948696567452525,0.8068580295188175,0.7654249761335952,12.246489859594384
HIP 116454 b,9.7,2.469,9.1004157,0.0792,0.8,0.758,5048.0,0.0,9.7,0.9867717342662449,0.39252108993193224,0.9590612310125975,3.9287160793843663
TOI-2420 b,294.62693329,15.02003414,5.842641,0.0684,1.158,2.369,5707.0,,294.62693329,2.4692724453055637,1.1766709198050844,0.7666092019856247,19.61559677853036
K2-225 b,12.7,3.60929179,15.8723,0.1409,1.482,1.7,5520.0,0.486,12.7,1.1038037209559568,0.5574219936317822,1.2006398634235915,3.518695838110667
TOI-1739 b,4.45,1.946,8.303341406,0.073872,0.78,0.781,4814.0,0.07,4.45,0.6483600109809317,0.2891428359323331,0.9192528950464165,2.2867420349434737
HD 73344 d,810.46243785,13.2,5823.0,6.7,1.19,1.22,6148.0,0.16,810.46243785,2.908732891593548,1.1205739312058498,3.7651467901080253,61.398669534090914
TOI-2485 b,766.60211768,12.1393261,11.23479,0.1093,1.163,1.72,6016.4,0.097,766.60211768,2.88457001462544,1.0841945780757425,1.0505649590254136,63.15030269102006
K2-7 b,15.3,4.03523305,28.6781,0.1867,1.056,1.533,5700.0,0.049,15.3,1.1846914308175989,0.6058686219344842,1.45755037479041,3.7916025692741586
HD 118203 c,3747.19691853,12.4,5103.0,6.28,1.27,2.04,5742.0,0.287,3747.19691853,3.5737065162546817,1.0934216851622351,3.7078255683322316,302.1932998814516
TOI-4734 b,61.65871096,10.9175472,6.235633,0.074,1.391,1.857,6070.0,0.288,61.65871096,1.7899944411039057,1.0381250781894606,0.7948805467404854,5.647670656280744
TOI-2969 b,368.68095212,12.32987877,1.8237146,0.0261,0.71,0.7,4738.0,0.08,368.68095212,2.566650700386511,1.0909588065406732,0.2609568749226894,29.90142555310785
TOI-5300 b,190.6970442,9.86390302,2.262196,0.0295,0.67,0.65,4610.0,-0.17,190.6970442,2.2803439615432364,0.9940487937087314,0.3545302301344457,19.332818237704043
TOI-4794 b,308.29355479,14.35870428,3.5658116,0.0492,1.25,1.451,6390.0,-0.102,308.29355479,2.4889644454258373,1.1571152512269465,0.5521583934546289,21.470847841014244
TOI-2443 b,4.8,2.363,15.66858,0.105,0.642,0.631,4375.0,-0.29,4.8,0.6812412373755872,0.373463721632369,1.1950296393461728,2.031316123571731
TOI-5340 b,270.15414595,15.07607904,4.9394392,0.0628,1.35,1.842,5990.0,0.208,270.15414595,2.4316116368738854,1.1782884056776646,0.6936776440307715,17.91939039542207
Kepler-10 c,11.29,2.355,45.294301,0.241,0.91,1.065,5708.0,-0.15,11.29,1.052693941924968,0.371990911464915,1.656043561837273,4.794055201698513
TOI-2407 b,16.8,4.26,2.702969,0.033,0.548,0.567,3530.0,0.21,16.8,1.2253092817258628,0.6294095991027189,0.431841064860345,3.9436619718309864
TOI-5386 A b,155.10026262,14.70618268,3.62156552,0.04856,1.165,1.245,6094.0,0.182,155.10026262,2.1906125331735034,1.1674999564693398,0.5588963467000797,10.546602472913113
TOI-2015 c,8.91,2.93,5.582796,0.041232,0.3041,0.3273,3297.0,-0.31,8.91,0.9498777040368748,0.4668676203541095,0.746851758659497,3.040955631399317
TOI-2015 b,9.2,3.309,3.348237,0.029322,0.3041,0.3273,3297.0,-0.31,9.2,0.9637878273455552,0.519696767159853,0.5248161913013089,2.7802961619824718
GJ 3998 b,2.5,1.39,2.65033,0.03,0.52,0.5,3726.0,-0.13,2.5,0.3979400086720376,0.14301480025409505,0.4232999525240706,1.7985611510791368
TOI-1117 b,8.9,2.46,2.22816,0.033,0.97,1.05,5635.0,0.136,8.9,0.9493900066449128,0.39093510710337914,0.3479463734954861,3.617886178861789
GJ 3998 c,6.82,2.5,13.727,0.09,0.52,0.5,3726.0,-0.13,6.82,0.8337843746564789,0.3979400086720376,1.1375756336820408,2.728
TOI-640 b,181.16219199,19.2794468,5.003777,0.06608,1.536,2.082,6460.0,0.072,181.16219199,2.258067566832084,1.2850945681998918,0.6992979465394669,9.39664887013252
K2-157 d,23.3,5.16,66.5,0.309,0.89,0.86,5334.0,0.02,23.3,1.3673559210260189,0.7126497016272114,1.8228216453031045,4.515503875968992
TOI-1117 c,8.78,2.91,4.579,0.0534,0.97,1.05,5635.0,0.136,8.78,0.9434945159061026,0.4638929889859073,0.6607706435276973,3.017182130584192
TOI-1117 d,10.71,3.27,8.665,0.0817,0.97,1.05,5635.0,0.136,10.71,1.0297894708318556,0.5145477526602861,0.9377685670499357,3.2752293577981653
Proxima Cen d,0.26,0.692,5.12338,0.02881,0.1221,0.141,2900.0,,0.26,-0.585026652029182,-0.15989390554324223,0.7095565685998979,0.3757225433526012
Proxima Cen b,1.055,1.02,11.18465,0.04848,0.1221,0.141,2900.0,,1.055,0.023252459633711444,0.00860017176191757,1.0486223983166942,1.034313725490196
TIC 88785435 b,22.3,5.03,10.508843,0.08432,0.724,0.911,3998.0,-0.08,22.3,1.3483048630481607,0.7015679850559274,1.0215549038136433,4.433399602385686
TOI-1238 c,8.32,2.11,3.294736,0.037,0.59,0.58,4089.0,0.31,8.32,0.9201233262907239,0.3242824552976926,0.517820621255802,3.9431279620853084
TOI-1238 b,3.76,1.21,0.764597,0.0139,0.59,0.58,4089.0,0.31,3.76,0.5751878449276611,0.08278537031645007,-0.11656741032693281,3.1074380165289255
KOI-1843.03,8.0,0.61,0.1768913,0.005,0.46,0.45,3584.0,0.0,8.0,0.9030899869919435,-0.21467016498923297,-0.7522935263605208,13.114754098360656
TOI-1803 b,10.32,2.99,6.293287,0.06,0.756,0.715,4687.0,0.014,10.32,1.0136796972911926,0.4756711883244297,0.7988775378295061,3.451505016722408
TOI-5882 b,6995.40323807,11.46678726,7.148972,0.0804,1.334,2.26,5920.0,0.18,6995.40323807,3.8448127537129406,1.0594417552423174,0.8542435960912539,610.0578199852292
TOI-4465 b,1872.00931723,14.01122587,101.94054,0.416,0.93,1.014,5545.0,-0.06,1872.00931723,3.2723080059466945,1.1464761342355236,2.008346929805947,133.60781808808284
TOI-1478 b,279.68899816,11.99360935,10.1802117,0.0818,0.947,1.048,5597.0,0.078,279.68899816,2.446675383309761,1.0789498991038682,1.0077568093549494,23.319835588942205
HIP 67851 b,365.50266805,13.7,89.23,0.42,1.28,5.45,4840.0,0.01,365.50266805,2.5628905515132043,1.1367205671564067,1.9505108929859967,26.679026864963507
HIP 67851 c,2204.77565936,12.7,3128.41,4.55,1.28,5.45,4840.0,0.01,2204.77565936,3.343364405659322,1.1038037209559568,3.4953236654456807,173.60438262677167
TOI-2346 b,394.10722468,16.11851425,3.3312029,0.0473,1.271,1.38,6480.0,-0.03,394.10722468,2.5956143963218277,1.207325007520921,0.5226010859084469,24.450592565006417
HD 94890 b,676.97450691,13.3,824.61,2.07,1.74,10.71,4867.0,-0.02,676.97450691,2.83057231459833,1.1238516409670858,2.9162485971625087,50.900338865413524
HD 87816 b,2142.16346318,12.7,484.17,1.618,2.41,9.0,4989.0,0.14,2142.16346318,3.3308526076949123,1.1038037209559568,2.684997876311635,168.67428843937006
TOI-2886 b,444.9597698,18.6405349,1.60200105,0.02871,1.229,1.241,6240.0,0.284,444.9597698,2.6483207468378307,1.2704583705064438,0.20466279639806687,23.870547287781964
TOI-2876 b,54.03082919,9.6397234,6.2996431,0.0654,0.939,0.873,5271.0,0.353,54.03082919,1.7326416325378664,0.9840645725359106,0.7993159456295841,5.605018624289572
TOI-2986 b,96.61983573,9.292245,3.2783662,0.04489,1.122,1.458,5906.0,0.095,96.61983573,1.985066294777336,0.9681206519187004,0.515657463498201,10.39790015545221
WASP-116 b,203.41018048,13.67495645,6.6132,0.065,1.25,1.426,6250.0,0.0,203.41018048,2.3083726851434796,1.1359259519301628,0.8204116570730956,14.87464923370926
HD 102888 b,1808.44363583,12.8,252.06,1.05,2.42,8.6,4990.0,0.07,1808.44363583,3.257304977554664,1.1072099696478683,2.401503931921636,141.28465904921873
HD 94890 c,2831.85110637,12.5,2492.19,4.33,1.74,10.71,4867.0,-0.02,2831.85110637,3.4520704151964674,1.0969100130080565,3.396581149065001,226.54808850959998
TOI-3135 b,327.36325921,13.65253849,3.7065585,0.04756,1.044,0.985,5890.0,0.071,327.36325921,2.515029935864765,1.1352134095965973,0.5689708589098581,23.978197127939396
WASP-188 b,458.6263913,14.81827249,5.748916,0.072,1.5,1.83,6850.0,0.0,458.6263913,2.66145904225214,1.1707975766668866,0.7595859630201275,30.950057883569126
WASP-154 b,198.96058278,10.76062147,3.811678,0.044,0.8,0.823,4774.0,0.2,198.96058278,2.2987670443656567,1.0318373543412973,0.5811162055209127,18.489692564197224
TIC 434398831 b,12.1,3.51,3.685504,0.04641,0.992,0.909,5638.0,-0.081,12.1,1.08278537031645,0.5453071164658241,0.5664968868902553,3.4472934472934473
TOI-3464 b,397.28550875,13.7646283,3.6515568,0.0515,1.363,1.56,6370.0,0.045,397.28550875,2.599102724167649,1.1387644882002177,0.5624780604847169,28.862785110586678
HR 858 c,3.8,1.979,5.973865,0.0687,1.204,1.258,6354.0,0.025,3.8,0.5797835966168101,0.2964457942063963,0.7762554040033752,1.9201616978271854
WASP-197 b,403.32424848,14.44837612,5.167228,0.065,1.36,2.112,6050.0,0.0,403.32424848,2.605654333251067,1.1598190386667169,0.7132576248816922,27.914849747142377
WASP-102 b,197.68926915,14.90794433,2.709813,0.041,1.08,1.375,5990.0,-0.2,197.68926915,2.295983095841624,1.173417762320402,0.4329393219185956,13.260665908993236
TOI-3486 b,99.16246298,10.5700688,2.21778105,0.03138,0.837,0.788,4930.0,0.283,99.16246298,1.996347305160517,1.0240778141156677,0.34591866829173973,9.38143969129132
TOI-2328 b,50.85254512,9.97599282,17.10197,0.127,0.95,0.9,5525.0,0.09,50.85254512,1.7063126938155173,0.998956127896759,1.2330461402664736,5.097492153166967
TOI-3837 b,187.51876013,10.87271128,11.88865,0.099,0.89,1.2,5905.0,-0.26,187.51876013,2.2730447228017368,1.0363378556886365,1.0751325416803037,17.24673407588176
Gl 410 b,8.4,2.83,6.02,0.0531,0.55,0.543,3842.0,0.05,8.4,0.9242792860618817,0.45178643552429026,0.7795964912578245,2.9681978798586575
HD 219666 b,17.6,4.898,6.034468,0.06356,1.02,1.059,5540.0,0.04,17.6,1.24551266781415,0.6900187807886953,0.7806389886258209,3.5933033891384243
TOI-3682 b,69.28659273,12.80065596,3.3462406,0.048,1.32,1.735,5703.0,0.416,69.28659273,1.8406492047892697,1.1072322253126339,0.5245571642102707,5.412737671140409
TOI-6628 b,235.19302118,10.98480109,18.18424,0.134,0.97,1.01,5463.0,0.36,235.19302118,2.3714244308905688,1.0407921972330867,1.2596951546784092,21.410767409717383
Kepler-289 e,17.4,2.94,330.0716,0.9342,1.061,0.985,5990.0,-0.0098,17.4,1.2405492482825997,0.46834733041215726,2.5186081583991093,5.918367346938775
TOI-4214 b,165.27077164,10.68215861,3.4913885,0.05018,1.382,1.434,6370.0,0.294,165.27077164,2.2181960547943915,1.028659022138677,0.5429981770922153,15.471664265056255
GJ 581 c,6.81,2.5,12.9211,0.0718,0.295,0.302,3500.0,-0.08,6.81,0.8331471119127851,0.3979400086720376,1.1112994876215037,2.7239999999999998
G 192-15 c,14.3,3.87,1219.0,1.137,0.132,0.170718,2999.0,,14.3,1.1553360374650619,0.5877109650189114,3.0860037056183818,3.695090439276486
TOI-2449 b,222.0,11.24,106.14468,0.45,1.079,1.065,6021.0,-0.03,222.0,2.346352974450639,1.0507663112330423,2.0258982320908743,19.750889679715304
GJ 3512 c,143.97626837,14.3,2354.0,1.731,0.123,0.139,3141.0,-0.07,143.97626837,2.158290913169408,1.1553360374650619,3.371806458507416,10.068270515384615
HD 28471 b,3.72,1.75,3.1649,0.042,0.98,1.08,5766.0,-0.04,3.72,0.5705429398818975,0.24303804868629444,0.5003599923520171,2.125714285714286
HD 28471 c,5.72,2.26,6.1245,0.065,0.98,1.08,5766.0,-0.04,5.72,0.7573960287930241,0.35410843914740087,0.7870706389786783,2.5309734513274336
NGTS-32 b,181.16219199,15.91675259,3.31211,0.044,1.07,1.85,5680.0,-0.03,181.16219199,2.258067566832084,1.2018544656563632,0.520104751905024,11.381856378405892
HD 143811 AB b,1938.7532827,15.69257298,117000.0,63.0,1.32,1.68398,6791.0,,1938.7532827,3.2875225461703597,1.195694157060686,5.068185861746161,123.54591469295178
AF Lep b,1147.36054927,13.0,8905.0,8.996,1.218,1.25,6140.0,0.19,1147.36054927,3.0596999130652507,1.1139433523068367,3.9496339237992624,88.25850379
TOI-238 b,3.37,1.559,1.273099,0.0212,0.781,0.756,5059.0,-0.114,3.37,0.5276299008713387,0.19284611518884168,0.10486217700946762,2.161642078255292
HD 152843 b,9.82,3.05,11.62071,0.1049,1.15,1.43,6310.0,-0.16,9.82,0.9921114877869497,0.48429983934678583,1.0652326633092373,3.2196721311475414
HD 28471 d,4.91,2.06,11.681,0.1,0.98,1.08,5766.0,-0.04,4.91,0.6910814921229684,0.31386722036915343,1.0674800239314826,2.383495145631068
HD 152843 c,9.67,5.94,19.502104,0.1482,1.15,1.43,6310.0,-0.16,9.67,0.9854264740830017,0.7737864449811935,1.2900814680957244,1.6279461279461278
TOI-6054.02,9.3,2.82,12.563636,0.1079,1.107,1.662,6047.0,-0.07,9.3,0.9684829485539351,0.45024910831936105,1.099115345309926,3.2978723404255326
K2-233 d,10.3,2.363,24.3681,0.1516,0.79,0.71,4796.0,-0.082,10.3,1.0128372247051722,0.373463721632369,1.3868216682210825,4.358865848497673
K2-233 c,4.6,1.272,7.06024,0.0664,0.79,0.71,4796.0,-0.082,4.6,0.6627578316815741,0.10448711131239508,0.8488194643526636,3.6163522012578615
WASP-4 b,381.3940884,15.12091496,1.338230994,0.02261,0.899,0.912,5436.0,-0.05,381.3940884,2.5813739572072176,1.17957807093085,0.12653108410513314,25.22295042389419
Kepler-391 b,1100.0,2.5,7.4175,0.083,1.27,2.879,5038.0,0.04,1100.0,3.041392685158225,0.3979400086720376,0.8702575549888795,440.0
GJ 251 b,3.85,1.79,14.237,0.0808,0.35,0.36,3342.0,0.07,3.85,0.5854607295085007,0.2528530309798932,1.153418485037711,2.1508379888268156
TOI-1438 b,9.4,3.04,5.13967,0.0553,0.876,0.82,5230.0,0.03,9.4,0.9731278535996987,0.48287358360875376,0.7109352353805143,3.0921052631578947
GJ 536 c,5.89,2.3,32.761,0.1617,0.528,0.529,3641.0,-0.08,5.89,0.7701152947871016,0.36172783601759284,1.515357149738369,2.5608695652173914
TOI-1438 c,10.6,2.75,9.428089,0.083,0.876,0.82,5230.0,0.03,10.6,1.0253058652647702,0.43933269383026263,0.9744236735581042,3.8545454545454545
Kepler-391 c,450.0,2.88,20.501,0.164,1.27,2.879,5038.0,0.04,450.0,2.6532125137753435,0.45939248775923086,1.3117750456357398,156.25
TOI-756 b,9.83,2.81,1.2392495,0.018,0.505,0.505,3657.0,0.196,9.83,0.9925535178321356,0.4487063199050799,0.09315875235242775,3.498220640569395
TOI-756 c,1287.20504835,13.0,149.4,0.439,0.505,0.505,3657.0,0.196,1287.20504835,3.1096477343742612,1.1139433523068367,2.17435059747938,99.01577295
HD 224018 d,4.2,2.4,138.0731,0.53,1.013,1.147,5784.0,0.05,4.2,0.6232492903979004,0.38021124171160603,2.1401090756857344,1.7500000000000002
TOI-2141 c,6.14,2.35,5.4624,0.0585,0.896,0.95,5635.0,-0.14,6.14,0.7881683711411677,0.37106786227173627,0.7373834994346395,2.612765957446808
TOI-6448 b,54.0,8.47398941,14.844261,0.131,1.03,0.897,5910.0,,54.0,1.7323937598229686,0.9280879169246549,1.1715585817494532,6.372441289137745
K2-214 b,6.85,2.51,8.59656,0.0834,1.03,1.236,5875.0,0.04,6.85,0.8356905714924255,0.3996737214810381,0.9343246986979802,2.7290836653386457
TOI-1203.01,7.39,2.918,25.502672,0.1632,0.886,1.179,5737.0,-0.39,7.39,0.8686444383948257,0.46508528755743284,1.4065856852991399,2.5325565455791637
TOI-2093 c,15.8,2.3,53.81149,0.257,0.745,0.729,4426.0,-0.08,15.8,1.1986570869544226,0.36172783601759284,1.730875017503084,6.8695652173913055
K2-10 b,25.2,3.773,19.30553,0.137,0.88,0.956,5533.0,-0.07,25.2,1.4014005407815442,0.5766868052009956,1.2856817289290312,6.679035250463821
TOI-1203 b,3.51,1.52,4.1572888,0.04869,0.886,1.179,5737.0,-0.39,3.51,0.5453071164658241,0.18184358794477254,0.6188101952759442,2.3092105263157894
HIP 18606 b,244.72787339,14.0,674.94,1.61,1.21,4.83,4860.0,-0.01,244.72787339,2.3886834363320744,1.146128035678238,2.829265167161245,17.480562385000002
HIP 111909 c,257.44100967,13.9,893.63,1.97,1.28,4.53,4891.0,-0.01,257.44100967,2.4106777300382425,1.1430148002540952,2.9511577400267104,18.520935947482016
TIC 257060897 b,201.50321004,17.26183028,3.66003639,0.04922,1.187,1.863,5993.0,0.054,201.50321004,2.3042819690456358,1.2370868422692298,0.5634854033992277,11.673339777501276
BD+37 3172 b,3368.9811142,12.4,1887.76,4.65,3.75,50.24,4500.0,-0.03,3368.9811142,3.527498576424363,1.0934216851622351,3.2759467795271724,271.69202533870964
TOI-654.01,8.71,2.378,1.527561,0.01944,0.419,0.43,3521.0,0.12,8.71,0.9400181550076633,0.3762118502826728,0.18399856191586061,3.6627417998317915
K2-37 b,2.51,1.39,4.4434,0.05105,0.84,0.809,5352.0,-0.08,2.51,0.3996737214810381,0.14301480025409505,0.6477154106915548,1.8057553956834531
K2-37 d,12.5,2.31,14.09229,0.1102,0.84,0.809,5352.0,-0.08,12.5,1.0969100130080565,0.36361197989214433,1.148981571785947,5.411255411255411
K2-55 b,44.0,4.43,2.849271,0.03486,0.688,0.715,4300.0,0.376,44.0,1.6434526764861874,0.6464037262230695,0.45473375784157194,9.932279909706548
TOI-5261 b,3651.84839643,11.60129502,4.1509768,0.05134,1.037,1.021,5790.0,0.254,3651.84839643,3.562512739847878,1.0645064710069272,0.6181503060934949,314.77937507273214
TOI-4773 b,1687.66884117,15.22179579,1.7452851,0.03216,1.452,1.55,6740.0,0.11,1687.66884117,3.2272872322410615,1.1824658913098123,0.24186638100476027,110.87186193095026
BD+42 2315 b,174.80562385,14.2,123.05,0.54,1.38,17.85,4500.0,-0.2,174.80562385,2.2425554006538366,1.1522883443830565,2.0900816180388215,12.310255200704225
Ross 176 b,4.57,1.84,5.0066338,0.0464,0.577,0.569,4041.0,-0.19,4.57,0.6599162000698503,0.2648178230095365,0.6995458269780166,2.483695652173913
K2-62 c,4.62,1.99,16.19697,0.1148,0.67,0.696,4455.0,-0.1,4.62,0.6646419755561255,0.29885307640970665,1.2094337777921569,2.321608040201005
K2-61 b,4.35,1.92,2.57336,0.0392,0.97,0.995,5748.0,0.03,4.35,0.6384892569546373,0.28330122870354957,0.4105005460537078,2.265625
TOI-6420 b,2606.1929374,11.93756445,6.961508,0.0753,1.165,1.312,6020.0,0.24,2606.1929374,3.4160065635433092,1.0769157293209168,0.8427033265559234,218.31864852465782
TOI-5350 b,2094.48920213,12.41955062,7.581367,0.0796,1.167,1.263,6220.0,0.044,2094.48920213,3.3210781257536026,1.094105881928721,0.87974752054368,168.6445239618501
TOI-5817 b,10.3,3.08,15.61031,0.1223,0.97,1.427,5770.0,-0.24,10.3,1.0128372247051722,0.4885507165004443,1.1934115276589954,3.344155844155844
K2-73 b,9.2,2.58,7.49556,0.07619,1.02,1.058,5867.0,0.04,9.2,0.9637878273455552,0.41161970596323016,0.8748040849260743,3.5658914728682167
TOI-5799 b,3.65,1.733,4.164507,0.0348,0.325,0.321,3452.0,0.01,3.65,0.5622928644564748,0.23879856271391703,0.6195635964145405,2.1061742642815924
K2-105 b,15.4,3.4,8.26726,0.0796,0.94,0.905,5373.0,0.22,15.4,1.187520720836463,0.5314789170422551,0.9173615961241669,4.529411764705882
TOI-5799 c,3.75,1.76,14.010449,0.0782,0.325,0.321,3452.0,0.01,3.75,0.5740312677277188,0.24551266781414982,1.1464520535654132,2.1306818181818183
TOI-6223 b,22.6,5.07,3.855219,0.04018,0.582,0.576,3895.0,-0.12,22.6,1.354108439147401,0.705007959333336,0.5860490536684433,4.457593688362919
KOI-351 g,15.0,7.718,210.73514,0.71704,1.242,1.185,6031.13,0.083,15.0,1.1760912590556813,0.8875047742353779,2.323736960077163,1.9435086810054418
HD 63433 c,15.539,2.692,20.5438281,0.146,0.956,0.934,5553.0,-0.07,15.539,1.1914230666878078,0.43007505555193926,1.3126813724550668,5.772288261515602
HD 17156 b,1036.12060682,12.26262489,21.2164294,0.1632,1.285,1.517,6046.0,0.208,1036.12060682,3.0154103112275314,1.0885834435286077,1.3266722965136764,84.49419403385174
K2-189 c,5.95,2.31,6.67932,0.068,0.85,0.879,5442.0,-0.1,5.95,0.7745169657285496,0.36361197989214433,0.8247322506072845,2.5757575757575757
GJ 317 b,794.5,13.3,695.69,1.138,0.402,0.403,3496.0,-0.02,794.5,2.900093901543398,1.1238516409670858,2.8424157607587826,59.73684210526316
TOI-6303 b,2493.0,11.59,9.485236,0.0761,0.644,0.609,3977.0,0.44,2493.0,3.3967222785037734,1.064083435963596,0.9770481409413562,215.09922346850735
LHS 1903 d,5.96,2.5,12.566287,0.08604,0.538,0.539,3664.0,-0.11,5.96,0.7752462597402364,0.3979400086720376,1.099206974295482,2.384
LHS 1903 e,5.79,1.732,29.31773,0.15135,0.538,0.539,3664.0,-0.11,5.79,0.7626785637274363,0.23854788768132784,1.467130340913195,3.3429561200923787
WASP-120 b,1541.4755,15.58048317,3.61126721,0.0514,1.393,1.68443,6450.0,-0.05,1541.4755,3.187936626500501,1.1925809215529204,0.5576596245484039,98.93630917480718
WASP-140 b,775.5052,14.23540549,2.23598448,0.0323,0.9,0.87,5300.0,0.12,775.5052,2.8895847142369666,1.153369842368913,0.3494687847806866,54.477211804382534
PDS 70 b,1017.0509024,21.96960217,43500.0,20.8,0.982,1.26,4109.0,-0.11,1017.0509024,3.007342689479499,1.3418221926993883,4.638489256954637,46.29355117721733
HD 176986 d,6.76,2.49,61.376,0.28149,0.789,0.782,4931.0,0.03,6.76,0.829946695941636,0.3961993470957364,1.7879985811545507,2.7148594377510036
TOI-6692 b,197.05361234,11.67975789,131.125,0.512,1.047,1.385,5890.0,-0.008,197.05361234,2.2945844006578464,1.067433840368264,2.1176855012016143,16.871378173747402
TOI-4342 b,7.3,2.329,5.5382592,0.0519,0.587,0.598,3866.0,0.26,7.3,0.8633228601204559,0.36716948853468073,0.7433732776095293,3.13439244310863
HD 208487 b,146.20106722,14.3,129.36,0.53,1.15,1.16,6134.0,0.09,146.20106722,2.164950542841167,1.1553360374650619,2.1118000068983447,10.223850854545454
TOI-1135 b,58.79825529,9.91994792,8.0277327,0.0815,1.119,1.202,6320.0,-0.039,58.79825529,1.7693644395256756,0.9965093921021635,0.9045929033212191,5.92727459500614
HD 181433 d,858.1366989,13.2,6896.1,6.74,0.86,0.79,4918.0,0.4012,858.1366989,2.93355647531858,1.1205739312058498,3.838603550544804,65.01035597727274
DMPP-1 b,16.8,4.26,17.812,0.1423,1.21,1.26,6196.0,,16.8,1.2253092817258628,0.6294095991027189,1.2507126864591853,3.9436619718309864
HD 202206 b,6849.20217085,12.1,256.26,0.81,1.06,1.04,5764.23,0.23,6849.20217085,3.835639985656343,1.08278537031645,2.4086808218104676,566.0497661859504
TOI-4940 b,89.0,6.61,25.867811,0.165,1.012,1.163,5504.0,0.326,89.0,1.9493900066449128,0.8202014594856403,1.4127596791671102,13.46444780635401
TOI-5734 b,9.1,2.1,6.1841876,0.05921,0.724,0.639,4750.0,-0.13,9.1,0.9590413923210935,0.3222192947339193,0.7912826556206539,4.333333333333333
GJ 480 b,8.8,2.91,9.5536,0.068,0.45,0.449,3509.0,0.26,8.8,0.9444826721501687,0.4638929889859073,0.9801670538377046,3.0240549828178693
DMPP-1 d,4.72,2.02,3.1417,0.04467,1.21,1.26,6196.0,,4.72,0.6739419986340878,0.3053513694466238,0.4971647120327354,2.3366336633663365
DMPP-2 b,171.48,14.2,5.203,0.06638,1.41,1.78,6500.0,,171.48,2.234213474838595,1.1522883443830565,0.7162538258960366,12.076056338028168
K2-19 d,6.2,1.044,2.50827,0.03478,0.892,0.824,5350.0,0.03,6.2,0.7923916894982539,0.01870049866624337,0.39937428383282203,5.938697318007663
NGTS-35 b,152.0,10.9,25.241192,0.16,0.789,0.753,4717.0,0.085,152.0,2.1818435879447726,1.0374264979406236,1.4021098603501752,13.944954128440367
TOI-2267 c,1.55,1.14,3.4950412,0.0263,0.171,0.2075,3030.0,0.164,1.55,0.1903316981702915,0.05690485133647256,0.5434522996316836,1.3596491228070178
TOI-2267 b,0.972,1.0,2.28909,0.0205,0.171,0.2075,3030.0,0.164,0.972,-0.012333735073725434,0.0,0.35966286813761866,0.972
HD 39194 c,7.49,2.65,14.0309,0.1083,0.86,0.783742,5205.0,-0.61,7.49,0.8744818176994665,0.42324587393680785,1.1470855293674616,2.8264150943396227
DMPP-3 A b,2.67,1.44,5.59,0.05958,0.9,0.91,5138.0,0.18,2.67,0.42651126136457523,0.15836249209524964,0.7474118078864233,1.8541666666666667
TOI-5007 b,211.03806225,11.07447293,2.543371,0.0307,0.632,0.656,3793.0,0.43,211.03806225,2.324360790531726,1.044323065907331,0.40540971507179174,19.056262413926003
TOI-7166 b,4.7,2.01,12.92063621,0.06191,0.19,0.222,3099.0,-0.2,4.7,0.6720978579357175,0.30319605742048883,1.1112838987743652,2.338308457711443
TOI-375 b,236.78216321,10.77183045,9.45469,0.099,1.441,2.9,5259.9,0.084,236.78216321,2.374348983898715,1.032289508942136,0.9756472937842834,21.98160881839725
TOI-5422 b,8899.195396,9.10169233,5.377219,0.0619,1.066,1.474,5820.0,-0.012,8899.195396,3.949350742501812,0.9591221506999688,0.7305577245103553,977.7517271889587
HD 28185 b,1859.29618095,12.8,385.92,1.034,0.974,1.048,5602.0,0.19,1859.29618095,3.269348577241773,1.1072099696478683,2.5864972861240383,145.25751413671875
XO-3 b,4217.58296089,14.79585452,3.19152309,0.04815,1.449,1.523,6970.0,-0.159,4217.58296089,3.6250636340240283,1.1701400524708883,0.5039979908066551,285.0516646530261
DMPP-6 c,13.47,3.74,36.441,0.2206,1.079,1.27,6182.09,0.32,13.47,1.1293675957229856,0.5728716022004802,1.5615902862077382,3.6016042780748663
TOI-7510 b,18.1,7.31,11.530869,0.1019,1.063,1.035,5720.0,0.25,18.1,1.2576785748691846,0.8639173769578604,1.0618620382299429,2.476060191518468
TOI-5788 c,6.4,2.272,16.213362,0.1197,0.87,0.87,5615.0,-0.32,6.4,0.8061799739838872,0.35640832703898123,1.209873079416982,2.8169014084507045
TOI-5788 b,3.72,1.528,6.340758,0.064,0.87,0.87,5615.0,-0.32,3.72,0.5705429398818975,0.18412335423967113,0.8021411783138827,2.4345549738219896
DMPP-9 b,14.43,3.89,12.733,0.1097,1.1,1.26,6092.0,,14.43,1.159266331093494,0.5899496013257077,1.1049307390777403,3.709511568123393
HD 72659 c,6165.8710958,12.1,35500.0,21.5,1.033,1.36,5929.0,-0.02,6165.8710958,3.7899944410898185,1.08278537031645,4.550228353055094,509.57612361983473
HD 95338 b,42.9,4.27174254,55.082694,0.262,0.848,0.868,5097.0,0.08,42.9,1.6324572921847242,0.6306050696696646,1.741015172701856,10.042740075809906
TOI-5938 b,14.0,3.82,2.260424,0.0308,0.744,0.712,4650.0,0.07,14.0,1.146128035678238,0.5820633629117087,0.35418990976204545,3.6649214659685865
TOI-7009 b,13.3,3.71,2.3206612,0.0287,0.583,0.564,4080.0,-0.11,13.3,1.1238516409670858,0.5693739096150459,0.3656117411838079,3.5849056603773586
HD 28109 b,6.2,2.69,22.891054,0.1357,1.227,1.425,6189.0,0.1,6.2,0.7923916894982539,0.42975228000240795,1.3596657898718119,2.304832713754647
TOI-5388.01,2.2,0.99,2.5946748,0.024335855,0.292,0.3,3440.0,-0.36,2.2,0.3424226808222063,-0.004364805402450088,0.4140829338932474,2.2222222222222223
HD 100508 b,381.3940884,13.7,5681.0,6.11,0.94,1.0179,5419.0,0.33,381.3940884,2.5813739572072176,1.1367205671564067,3.7544247892772584,27.838984554744528
HD 114386 c,117.59651059,13.4,444.0,1.05,0.8,0.76,4895.0,-0.1,117.59651059,2.0703944352265875,1.1271047983648077,2.6473829701146196,8.77585899925373
HD 28109 d,5.8,3.11,84.2899,0.411,1.227,1.425,6189.0,0.1,5.8,0.7634279935629372,0.4927603890268375,1.9257755385979998,1.864951768488746
TOI-6716 b,0.911,0.982,4.7185898,0.0319,0.223,0.231,3110.0,0.0,0.911,-0.040481623027001735,-0.00788851221305034,0.6738122245691237,0.9276985743380856
HD 154345 b,376.9444907,13.7,3280.0,4.158,0.89,0.85,5468.0,-0.105,376.9444907,2.576277400185532,1.1367205671564067,3.515873843711679,27.514196401459856
HD 217107 b,459.57987652,13.6,7.1270166,0.07359,1.045,1.2245,5622.0,0.37,459.57987652,2.6623610041162147,1.1335389083702174,0.8529077703417838,33.792637979411765
TOI-1472 b,18.05,4.058,6.36338574,0.064,0.87,0.84,5100.0,0.27,18.05,1.2564772062416767,0.6083120426973272,0.8036882503894197,4.44800394282898
TOI-1648 b,7.4,2.54,7.331602,0.0694,0.83,0.81,4850.0,0.2,7.4,0.8692317197309762,0.40483371661993806,0.8651988810180407,2.9133858267716537
HD 164604 b,4195.3349724,12.3,653.9,1.362,0.77,0.78,4663.0,0.12,4195.3349724,3.6227666423654425,1.089905111439398,2.8155113373627643,341.08414409756097
HD 164604 c,3019.3698665,12.5,5387.0,5.556,0.77,0.78,4663.0,0.12,3019.3698665,3.4799163164484406,1.0969100130080565,3.731346975545955,241.54958932000002
HIP 54515 b,5625.5628039,12.2,33000.0,24.8,1.9,1.64915,8100.0,,5625.5628039,3.7501659775213994,1.0863598306747482,4.518513939877887,461.111705237705
TOI-1518 b,581.62598481,21.05046575,1.90261131,0.03712,1.88,1.942,7299.0,-0.1,581.62598481,2.7646438008900223,1.323261709217637,0.2793500740653056,27.63007677442956
GJ 4274 b,2.97,1.53,1.6339,0.0153,0.18,0.19,3228.0,-0.19,2.97,0.4727564493172124,0.1846914308175988,0.21322547277340093,1.9411764705882353
LHS 1903 b,3.28,1.382,2.1555098,0.02656,0.538,0.539,3664.0,-0.11,3.28,0.5158738437116791,0.14050804303817957,0.3335500017091588,2.3733719247467437
LHS 1903 c,4.55,2.046,6.226185,0.05387,0.538,0.539,3664.0,-0.11,4.55,0.6580113966571124,0.3109056293761413,0.7942220208253744,2.2238514173998047
TOI-1080 b,10.7,1.2,3.9652482,0.0272,0.1667,0.2019,3065.0,-0.09,10.7,1.0293837776852097,0.07918124604762482,0.5982703766515508,8.916666666666666
TOI-2145 b,1805.26535176,12.24020692,10.261128,0.1117,1.71,2.75,6206.0,0.28,1805.26535176,3.2565410468706113,1.0877887595950502,1.0111951051469723,147.48650603367415
HD 202772 A b,323.54931833,18.2370116,3.3088775,0.05208,1.721,2.554,6442.0,0.232,323.54931833,2.5099404891657016,1.260953674345502,0.5196806891729036,17.741356173179163
TOI-4588 b,8.9,2.92922558,13.11881173651,0.1376,2.018,1.57458,7746.12,0.21,8.9,0.9493900066449128,0.4667528180376457,1.1178944997006568,3.0383457186660237
TOI-4127 b,743.71847238,12.07,56.3987,0.303,1.23,1.293,6096.0,0.14,743.71847238,2.8714085685697355,1.0817072700973491,1.7512690935341704,61.61710624523612
GJ 1137 c,5.12,2.11,9.6412,0.0835,0.836,0.837,5033.8,0.13,5.12,0.7092699609758307,0.3242824552976926,0.9841310920920469,2.4265402843601898
TIC 87422071 b,409.99864503,10.8615023,11.364929,0.106,1.239,1.489,6150.0,0.16,409.99864503,2.6127824214588413,1.0358898985011875,1.0555667269061693,37.74787627950877
TIC 147027702 b,346.43296363,10.92875618,44.40523,0.274,1.406,2.136,6410.0,-0.08,346.43296363,2.5396192091002163,1.0385707369816382,1.6474341238618255,31.69921241943198
TIC 245076932 b,162.09248757,10.87271128,21.61389,0.157,1.117,1.288,6130.0,0.02,162.09248757,2.209762887257529,1.0363378556886365,1.3347329368739185,14.908193862202877
K2-19 b,30.8,7.0,7.9193,0.07487,0.88,0.82,5322.0,0.06,30.8,1.4885507165004443,0.8450980400142568,0.8986867952798043,4.4
TOI-1752 b,3.51,1.693,0.9351861,0.01624,0.524,0.53,3762.0,-0.11,3.51,0.5453071164658241,0.22865695810893527,-0.02910195686991281,2.0732427643236857
TOI-5624 c,4.8,2.474,7.885385,0.07374,0.858,0.82,5327.0,-0.023,4.8,0.6812412373755872,0.39339969529310187,0.896822902394618,1.9401778496362165
TOI-1232 c,58.48042689,8.88,30.356,0.194,1.058,1.072,5823.0,0.18,58.48042689,1.7670105341839817,0.948412965778601,1.4822445441543959,6.585633658783783
TOI-198 b,3.17,1.36,10.215213,0.0675,0.417,0.418,3801.0,-0.66,3.17,0.5010592622177514,0.13353890837021754,1.0092474266473914,2.330882352941176
TOI-672 b,50.9,5.31,3.633581,0.0376,0.54,0.54,3810.0,-0.14,50.9,1.7067177823367587,0.725094521081469,0.5603348459551597,9.585687382297552
EPIC 220674823 b,7.54,1.606,0.57130782,0.0132,0.913,0.99,5578.0,-0.005,7.54,0.877371345869774,0.20574554094266218,-0.24312983132260327,4.694894146948942
EPIC 220674823 c,7.9,2.712,13.340603,0.1078,0.913,0.99,5578.0,-0.005,7.9,0.8976270912904415,0.43328968519502575,1.1251754602892239,2.9129793510324484
K2-111 c,11.1,3.34,15.6748,0.11565,0.84,1.25,5775.0,-0.46,11.1,1.0453229787866574,0.5237464668115644,1.1952020082299943,3.3233532934131738
rho CrB e,3.71,1.75,12.904,0.1061,1.0,1.3617,5817.0,-0.2,3.71,0.5693739096150459,0.24303804868629444,1.110724354380905,2.12
K2-79 b,5.9,4.15,10.995039,0.0987,1.06,1.269,5897.0,0.035,5.9,0.7708520116421442,0.6180480967120927,1.0411967741656365,1.4216867469879517
K2-111 b,5.35,1.837,5.3518963,0.0565,0.84,1.25,5775.0,-0.46,5.35,0.7283537820212285,0.26410915630580833,0.7285076898169248,2.9123571039738705
HD 5388 b,1017.0509024,13.1,772.5,1.757,1.21,1.91,6297.0,-0.27,1017.0509024,3.007342689479499,1.1172712956557642,2.887898488096872,77.63747346564887
Kepler-79 b,7.6,3.51,13.48451,0.11929,1.244,1.316,6389.0,0.06,7.6,0.8808135922807914,0.5453071164658241,1.1298351696867575,2.1652421652421654
Kepler-79 c,4.6,3.76,27.4026,0.19144,1.244,1.316,6389.0,0.06,4.6,0.6627578316815741,0.5751878449276611,1.4377917712905626,1.2234042553191489
HD 16760 b,6833.3107505,12.1,466.08,1.156,0.93,0.835,5518.0,0.067,6833.3107505,3.834631171075198,1.08278537031645,2.668460467283592,564.736425661157
TOI-3457 b,797.74930157,10.64,32.600268,0.2001,1.04,1.474,6300.0,0.28,797.74930157,2.9018664326406305,1.0269416279590293,1.5132211703269187,74.9764381174812
TOI-6884 b,8365.24367224,10.39072511,4.808264,0.0629,1.41,1.84,6330.0,0.094,8365.24367224,3.9224785961015103,1.0166458555729212,0.6819883047924381,805.0683261930697
TOI-4602.01,5.53,2.45,3.9812999,0.04747,0.9,1.08,5966.0,-0.26,5.53,0.7427251313046983,0.3891660843645325,0.6000248929846279,2.257142857142857
TOI-791 b,9.5,11.13051784,139.29931,0.602,1.28,1.474,6294.0,-0.14,9.5,0.9777236052888477,1.0465153700690193,2.1439489652112234,0.8535092559538991
eps Eri b,317.828407,13.8,2680.0,3.53,0.82,0.759106,5020.38,-0.13,317.828407,2.5021927111595925,1.1398790864012365,3.428134794028789,23.031043985507246
TOI-791 c,18.6,12.94637271,232.0157,0.863,1.28,1.474,6294.0,-0.14,18.6,1.2695129442179163,1.1121481056609297,2.365517373652394,1.4366958542475023
HD 190360 b,537.0,13.5,2887.5,3.965,0.996,1.14,5560.0,0.26,537.0,2.7299742856995555,1.130333768495006,3.4605219929002007,39.77777777777778
HD 190360 c,26.2,5.53,17.11625,0.1298,0.996,1.14,5560.0,0.26,26.2,1.4183012913197455,0.7427251313046983,1.2334086211647557,4.737793851717902
HD 190360 d,11.9,3.48,88.69,0.3886,0.996,1.14,5560.0,0.26,11.9,1.0755469613925308,0.541579243946581,1.9478746548976982,3.4195402298850577
TOI-3664 b,114.41822652,13.69737442,3.2974839,0.0431,0.98,1.11,5593.0,0.17,114.41822652,2.05849521192688,1.136637327434833,0.5181826837761806,8.353296260408424
TOI-4034 b,276.51071409,17.71018951,1.8020932,0.03289,1.19,1.83,5891.0,0.12,276.51071409,2.441711963778211,1.2482232084349598,0.2557772479077653,15.61308612388756
HD 126105 b,530.77343969,13.5,524.0,1.36,1.2,4.21,4875.0,0.0,530.77343969,2.724909182307176,1.130333768495006,2.7193312869837265,39.31655108814815
TIC 52059926 b,5380.0,10.71,175.532,0.553,0.73,0.72,4505.0,-0.08,5380.0,3.7307822756663893,1.0297894708318556,2.244356301181178,502.33426704014937
TOI-4427 b,87.72064033,13.09208946,4.6182621,0.05389,0.9,0.89,5347.0,0.002,87.72064033,1.9431017932149086,1.1170089642384422,0.6644785767737933,6.700278102896495
TOI-2049 b,486.27746271,16.64533634,5.303468,0.06919,1.57,3.2,6164.0,0.311,486.27746271,2.6868841419771914,1.221292575048725,0.7245599527548937,29.214036459055414
TOI-4458 b,552.06794296,12.40834163,3.9393792,0.0522,1.47,1.96,6151.0,0.17,552.06794296,2.741992529607478,1.0937137420896699,0.5954277874964017,44.491678213086075
TOI-159 b,1110.0,18.18,3.7628396,0.056,1.661,1.62,7287.0,0.3,1110.0,3.0453229787866576,1.2595938788859486,0.5755157058777688,61.056105610561055
COCONUTS-2 b,2383.7130525,12.57647635,402000000.0,7506.0,0.4,0.366,3552.0,0.0,2383.7130525,3.3772539745512926,1.0995589784614392,8.60422605308447,189.5374337105162
HD 30177 c,1484.25866069,12.9,11320.0,9.9,0.98,1.019,5680.0,0.43,1484.25866069,3.171509591725705,1.110589710299249,4.053846426852252,115.05881090620154
TOI-1710 b,19.1,5.06,24.28336,0.1652,1.02,0.93,5775.0,0.04,19.1,1.2810333672477277,0.7041505168397991,1.3853087783052136,3.7747035573122534
K2-370 b,11.1,2.67,2.1408093,0.0321,0.962,0.945,5662.0,0.08,11.1,1.0453229787866574,0.42651126136457523,0.33057798273286587,4.157303370786517
HIP 8923 b,3171.92750186,12.5,5160.0,5.9,1.01,1.32164,5980.0,0.42,3171.92750186,3.5013232524469635,1.0969100130080565,3.7126497016272113,253.7542001488
TOI-201 c,4990.0,10.4,2890.0,4.37,1.32,1.31,6423.0,0.24,4990.0,3.6981005456233897,1.0170333392987803,3.4608978427565478,479.80769230769226
XO-2 S d,1179.14338997,13.0,4696.0,5.46,0.98,1.02,5325.0,0.32,1179.14338997,3.0715666207746386,1.1139433523068367,3.671728088239558,90.70333769
TOI-237 c,1.9,1.206,1.74486147,0.016,0.1698,0.2056,3226.0,-0.3443,1.9,0.2787536009528289,0.08134730780413249,0.2417609526689685,1.5754560530679933
bet Pic b,2765.1071409,18.49485,8682.0,10.07,1.789,1.54416,8038.68,-0.21,2765.1071409,3.441711963778211,1.2670508133785576,3.938619781502681,149.50687033958104
bet Pic c,2765.1071409,12.5,1202.0,2.7,1.789,1.54416,8038.68,-0.21,2765.1071409,3.441711963778211,1.0969100130080565,3.079904467666721,221.208571272
bet Pic d,762.7881768,14.12331568,33200.0,26.0,1.789,1.54416,8038.68,-0.21,762.7881768,2.8824039528711984,1.1499366664385107,4.521138083704036,54.0091430428184
Kepler-484 b,5.82,2.28,10.045569313,0.09036,0.96,0.87,5668.0,-0.1,5.82,0.7649229846498885,0.35793484700045375,1.0019745545723766,2.5526315789473686
Kepler-758 c,3.5,1.69,4.75793986,0.05768,1.16,1.42,6228.0,-0.1,3.5,0.5440680443502757,0.22788670461367352,0.6774189482865335,2.0710059171597632
TOI-4311 b,4.5,1.376,0.9902738,0.01817,0.816,0.8441,5063.0,-0.065,4.5,0.6532125137753437,0.13861843389949247,-0.00424471107013823,3.2703488372093026
TOI-2147 b,116.0,10.5,26.20518,0.172,0.99,1.39,5983.0,-0.29,116.0,2.0644579892269186,1.021189299069938,1.4183871471616138,11.047619047619047
TOI-6019 b,149.0,12.3,14.547952,0.1212,1.13,2.02,5561.0,0.04,149.0,2.173186268412274,1.089905111439398,1.1628018594592813,12.113821138211382
Kepler-929 b,1.41,1.11,0.921032135,0.01982,1.01,1.02,5869.0,-0.04,1.41,0.14921911265537988,0.045322978786657475,-0.03572521691530269,1.2702702702702702
Kepler-1767 b,9.34,3.01299077,59.65829849,0.2873,0.887,0.831,5243.0,0.14,9.34,0.9703468762300933,0.4789978012570917,1.7756708627212892,3.0999099277028317
Kepler-223 e,4.8,4.6,19.72567,0.14481,1.125,1.72,5803.0,0.1,4.8,0.6812412373755872,0.6627578316815741,1.2950317633319608,1.0434782608695652
Kepler-1127 b,4.5,1.96,5.12330347,0.0556,0.97,0.95,5664.0,0.04,4.5,0.6532125137753437,0.292256071356476,0.7095500813190527,2.295918367346939
Kepler-1793 b,13.8,3.79037518,8.779999733,0.0787,0.85,0.764,5191.0,-0.06,13.8,1.1398790864012365,0.5786821995563142,0.9434945026991973,3.640800539433672
HD 141937 b,3591.4609991,12.4,662.37,1.54,1.09,1.03,5870.0,0.12,3591.4609991,3.5552711546430125,1.0934216851622351,2.82110065419726,289.6339515403226
Kepler-1367 b,0.721,0.92,1.574090272,0.0236,0.62,0.6,4106.0,-0.06,0.721,-0.14206473528057098,-0.036212172654444715,0.19702963495270392,0.783695652173913
Kepler-1900 b,3.27,1.62314676,2.986229897,0.042,1.104,1.041,6173.0,-0.04,3.27,0.5145477526602861,0.2103577891895231,0.47512323914090404,2.014605259724019
Kepler-1364 b,5.27,2.15,13.32196237,0.1284,1.49,1.79,6805.0,0.04,5.27,0.7218106152125465,0.33243845991560533,1.1245682025887853,2.4511627906976745
Kepler-482 b,6.17,2.36,56.35418576,0.25787,0.75,0.72,4871.0,-0.13,6.17,0.7902851640332417,0.37291200297010657,1.750926179210121,2.614406779661017
Kepler-1646 b,2.04,1.23,4.48558383,0.0295,0.24,0.26,3299.0,0.04,2.04,0.3096301674258988,0.08990511143939793,0.6518189775129389,1.6585365853658538
HD 6718 b,762.7881768,13.3,2476.0,3.53,0.96,1.02,5746.0,-0.06,762.7881768,2.8824039528711984,1.1238516409670858,3.39375064034808,57.352494496240595
Kepler-32 c,158.9,2.0,8.7522,0.09,0.58,0.53,3900.0,0.0,158.9,2.2011238972073794,0.3010299956639812,0.9421172333385271,79.45
Kepler-259 c,7.75,2.7,36.924931,0.217,0.867,0.898,5938.0,-0.09,7.75,0.8893017025063102,0.43136376415898736,1.5673196924376838,2.8703703703703702
Kepler-222 d,13.2,3.69,28.081912,0.18,0.933,0.869,5433.0,0.33,13.2,1.1205739312058498,0.5670263661590603,1.4484266740695986,3.5772357723577235
Kepler-165 c,5.6,2.23,15.31299,0.11,0.746,0.77,5211.0,-0.25,5.6,0.7481880270062004,0.34830486304816066,1.1850599989096746,2.5112107623318383
K2-263 b,15.4,2.513,50.819172,0.2573,0.88,0.85,5368.0,-0.08,15.4,1.187520720836463,0.40019248859257595,1.7060275847843926,6.128133704735377
Kepler-166 d,3.64,1.73,1.554003928,0.02449,0.88,0.83,5350.0,-0.03,3.64,0.561101383649056,0.2380461031287954,0.1914521122168703,2.1040462427745665
Kepler-52 b,135.0,2.1,7.8773565,0.0637,0.54,0.52,4075.0,0.0,135.0,2.130333768495006,0.3222192947339193,0.8963805004749429,64.28571428571428
K2-187 e,4.27,1.9,13.606629,0.1106,0.966999,0.83,5438.0,0.0,4.27,0.6304278750250238,0.2787536009528289,1.1337505434226534,2.2473684210526312
K2-187 c,2.54,1.4,2.871512,0.0392,0.966999,0.83,5438.0,0.0,2.54,0.40483371661993806,0.146128035678238,0.45811063553025977,1.8142857142857145
K2-189 b,2.55,1.403,2.58812,0.0361,0.85,0.879,5442.0,-0.1,2.55,0.4065401804339551,0.14705767102835993,0.412984408831913,1.817533856022808
K2-280 b,37.1,7.5,19.89526,0.1461,1.03,1.28,5500.0,0.33,37.1,1.5693739096150459,0.8750612633917001,1.2987496190706187,4.946666666666667
Kepler-229 b,5.48,2.2,6.252972,0.062,0.808,0.728,5120.0,0.06,5.48,0.7387805584843692,0.3424226808222063,0.7960864839704943,2.4909090909090907
K2-222 b,7.5,2.275,15.3889274,0.1186,0.94,1.072,5942.0,-0.315,7.5,0.8750612633917001,0.3569814009931312,1.1872083507934823,3.296703296703297
K2-220 b,6.21,2.37,13.68186,0.1104,0.91,1.026,5612.0,-0.05,6.21,0.7930916001765802,0.37474834601010387,1.136145142181314,2.620253164556962
Kepler-491 b,59.0,8.92,4.225384512,0.05191,1.04,1.03,5582.0,0.37,59.0,1.7708520116421442,0.9503648543761231,0.62586623608842,6.614349775784754
Kepler-197 b,1.04,1.02,5.599308,0.06,0.857,1.12,6004.0,-0.441,1.04,0.01703333929878037,0.00860017176191757,0.7481343573005615,1.0196078431372548
Kepler-216 b,6.12,2.35,7.693641,0.079,1.126,1.26,6091.0,-0.1489,6.12,0.7867514221455612,0.37106786227173627,0.886131917432648,2.604255319148936
K2-223 b,0.64,0.89,0.50557,0.0127,1.06,1.0,5859.0,0.19,0.64,-0.1938200260161128,-0.05060999335508721,-0.29621870454570354,0.7191011235955056
Kepler-1732 b,15.7,4.09903273,32.31240082,0.2015,1.043,1.494,5821.0,0.04,15.7,1.1958996524092338,0.61268138608953,1.5093692274123212,3.8301719049703706
14 Her b,2828.6728223,12.5,1766.41,2.839,0.97,0.93,5338.0,0.43,2828.6728223,3.4515827178045053,1.0969100130080565,3.2470915146839134,226.293825784
16 Cyg B b,565.7374,13.5,798.5,1.66,1.08,1.13,5750.0,0.06,565.7374,2.7526148902071315,1.130333768495006,2.9022749204745018,41.906474074074076
Kepler-261 b,5.39,2.18,10.381227,0.088,0.834,0.794,5098.0,0.1621,5.39,0.7315887651867387,0.33845649360460484,1.0162486876007293,2.472477064220183
CoRoT-4 b,228.83,13.34,9.20205,0.09,1.16,1.17,6190.0,0.05,228.83,2.3595129605946257,1.1251558295805302,0.9638845887054673,17.153673163418294
K2-224 c,6.39,2.41,10.09489,0.0886,0.91,0.84,5620.0,-0.19,6.39,0.8055008581584001,0.3820170425748684,1.0041015909712592,2.6514522821576763
24 Sex c,273.32,13.9,883.0,2.08,1.54,4.9,5098.0,-0.03,273.32,2.4366714120506496,1.1430148002540952,2.9459607035775686,19.663309352517985
CoRoT-7 b,4.07660518,1.68135,0.85359163,0.017016,0.82,0.83,5275.0,0.05,4.07660518,0.6102986519843032,0.22565812822033265,-0.06874985209182854,2.424602361197847
K2-226 b,2.98,1.53899305,3.27109,0.04095,0.856,0.889,5288.0,-0.05,2.98,0.4742162640762552,0.1872366585881619,0.5146924933654763,1.9363310315144049
CoRoT-7 c,8.4,2.83,3.698,0.046,0.899,0.864273,5256.0,0.06,8.4,0.9242792860618817,0.45178643552429026,0.5679669068231542,2.9681978798586575
eps Tau b,2285.18624633,12.7,585.82,1.878,2.57,12.35,4877.0,0.1,2285.18624633,3.358921601542475,1.1038037209559568,2.7677641944902835,179.935924907874
gam1 Leo b,2790.43,12.5,428.5,1.19,1.23,31.88,4330.0,-0.51,2790.43,3.4456711323910985,1.0969100130080565,2.631950826259217,223.2344
K2-229 b,2.55,1.0,0.584216,0.0131,0.87,0.79,5315.0,-0.09,2.55,0.4065401804339551,0.0,-0.2334265531198177,2.55
Kepler-752 b,8.3,2.81,18.82747265,0.1353,0.87,0.83,5373.0,-0.08,8.3,0.919078092376074,0.4487063199050799,1.2747920253896894,2.9537366548042705
CoRoT-9 b,266.9772,11.948794,95.272656,0.4021,0.96,0.96,5625.0,-0.01,266.9772,2.426474173960119,1.0773240738552048,1.9789682725973061,22.343443196024637
51 Peg b,193.87532827,14.1,4.2307966,0.052,1.07,1.19,5761.0,0.2058,193.87532827,2.2875225461703597,1.14921911265538,0.6264221466688044,13.750023281560285
61 Vir d,22.9,5.11,123.01,0.476,0.942,0.963,5577.0,-0.01,22.9,1.359835482339888,0.7084209001347127,2.0899404184986348,4.481409001956947
Kepler-260 b,4.7,2.01,8.187399,0.075,1.013,0.862,5250.0,0.29,4.7,0.6720978579357175,0.30319605742048883,0.9131459555631098,2.338308457711443
81 Cet b,1051.05854195,13.1,1005.57,2.104,1.23,11.21,4734.0,-0.11,1051.05854195,3.021626906073709,1.1172712956557642,3.0024123082053427,80.23347648473283
BD+14 4559 b,330.5432,13.8,268.94,0.78,0.49,0.86,4864.0,0.17,330.5432,2.5192282271970177,1.1398790864012365,2.429655400539932,23.95240579710145
K2-204 b,10.2,3.17214154,7.055908,0.0738,1.076,1.253,5783.0,0.21,10.2,1.0086001717619175,0.5013525571668653,0.8485529095170717,3.215493341447809
Kepler-1736 b,14.3,3.8765856,37.81029892,0.2188,0.976,0.973,6085.0,-0.28,14.3,1.1553360374650619,0.5884493781925907,1.577610110813828,3.6888131658952665
Kepler-8 b,187.5197,15.871944,3.5224991,0.0474,1.213,1.486,6213.0,-0.055,187.5197,2.2730468995403816,1.2006301225184017,0.5468508908189856,11.814538912183663
Kepler-745 b,5.31,2.16,9.93143556,0.0915,1.04,1.04,5849.0,0.06,5.31,0.725094521081469,0.3344537511509309,0.9970120290316262,2.458333333333333
K2-211 b,2.33,1.33162691,0.669561,0.01419,0.851,0.818,5117.0,0.134,2.33,0.367355921026019,0.12438256295385552,-0.17420985068096206,1.7497393470367764
Kepler-262 c,3.33,1.64,21.853722,0.152,0.816,0.881,5841.0,-0.3382,3.33,0.5224442335063199,0.21484384804769785,1.3395254141394892,2.030487804878049
Kepler-119 b,12.6,3.6,2.422082,0.035,0.918,0.839,5595.0,0.01,12.6,1.100370545117563,0.5563025007672873,0.3841888421698252,3.5
CoRoT-19 b,352.78,14.46,3.89713,0.0518,1.21,1.65,6090.0,-0.02,352.78,2.5475039558933252,1.160168292958512,0.590744893178108,24.396957123098197
Kepler-748 b,6.9,2.52,7.40742793,0.0745,1.07,1.1,5934.0,0.08,6.9,0.8388490907372553,0.4014005407815441,0.8696674347379039,2.738095238095238
HD 113538 b,114.41,13.2,663.2,1.24,0.585,0.53,4462.0,-0.24,114.41,2.0584639856022506,1.1205739312058498,2.821644517542217,8.667424242424243
Kepler-112 b,6.17,2.36,8.408878,0.076,0.782,0.841,5544.0,-0.5221,6.17,0.7902851640332417,0.37291200297010657,0.9247380515748292,2.614406779661017
HD 114386 b,464.02947422,13.6,937.70001,1.73,0.6,0.76,4836.0,-0.05,464.02947422,2.6665455669440297,1.1335389083702174,2.9720639206395085,34.11981428088235
HD 136418 b,680.1562,13.3,464.29999,1.29,1.48,3.78,4989.0,-0.11,680.1562,2.832608661247428,1.1238516409670858,2.666798674312427,51.13956390977443
GJ 676 A b,1840.86213334,12.8,1051.44521,1.735,0.626,0.69,3734.0,0.23,1840.86213334,3.265021264347739,1.1072099696478683,3.0217866468610257,143.8173541671875
HAT-P-31 b,721.4741,12.21781,5.00542,0.061,1.31,1.39,6065.0,0.15,721.4741,2.85822074509136,1.0869933671052752,0.6994405245784795,59.05101650786843
HD 11506 b,1551.00262616,12.9,1617.7,2.885,1.22,1.24,6123.0,0.3,1551.00262616,3.1906125331623034,1.110589710299249,3.2088979854933664,120.23276171782946
HD 11506 c,127.1313628,14.0,223.92,0.771,1.22,1.24,6123.0,0.3,127.1313628,2.104252702487555,1.146128035678238,2.350092885458106,9.080811628571428
GJ 581 e,2.48,1.38,3.1481,0.02799,0.295,0.302,3500.0,-0.08,2.48,0.3944516808262163,0.13987908640123647,0.4980485193536123,1.7971014492753625
HAT-P-35 b,335.62848,14.930388,3.646706,0.04978,1.236,1.435,6096.0,0.11,335.62848,2.5258588060960308,1.1740710939989336,0.5619007515988181,22.479555119398103
HD 116029 b,444.962,13.6,670.0,1.65,0.83,4.89,4819.0,0.09,444.962,2.648322923576475,1.1335389083702174,2.8260748027008264,32.71779411764706
HD 142245 b,975.7381,13.1,1299.0,2.78,3.5,4.63,4922.0,0.17,975.7381,2.989333263375424,1.1172712956557642,3.1136091510730277,74.48382442748093
GJ 876 b,723.2235,13.3,61.1166,0.208317,0.32,0.3,3293.74,0.2129,723.2235,2.859272529406619,1.1238516409670858,1.786159185843969,54.377706766917285
HD 118203 b,680.15279098,12.778238,6.1349779,0.0713,1.27,2.04,5742.0,0.287,680.15279098,2.8326064845087835,1.1064709727868949,0.7878130026090153,53.22743174606702
HD 142 b,2256.5816897,12.7,351.43394,1.039,1.21,1.47,6245.0,0.09,2256.5816897,3.353451059878668,1.1038037209559568,2.545843701504557,177.68359761417324
GJ 876 d,6.83,2.51,1.93778,0.02080665,0.32,0.3,3293.74,0.2129,6.83,0.8344207036815325,0.3996737214810381,0.2873044692010686,2.721115537848606
GJ 876 e,14.6,3.92,124.26,0.3343,0.32,0.3,3293.74,0.2129,14.6,1.1643528557844371,0.5932860670204573,2.094331349277096,3.7244897959183674
HD 100655 b,511.7063,13.5,157.57001,0.68,2.28,10.06,4891.0,0.07,511.7063,2.709020763930087,1.130333768495006,2.197473562576779,37.90417037037037
Kepler-744 b,3.26,1.62,12.06222443,0.09735,0.94,0.93,5594.0,0.0,3.26,0.5132176000679389,0.20951501454263097,1.0814274047023205,2.0123456790123453
HD 10180 f,23.9,5.24,122.744,0.4929,1.06,1.109,5911.0,0.08,23.9,1.3783979009481377,0.7193312869837266,2.089000272032658,4.5610687022900755
HD 126614 b,107.74382997,12.7,1257.25303,2.249,0.96,1.369794,5568.0,0.56,107.74382997,2.0323924093505825,1.1038037209559568,3.099422690950904,8.48376613937008
HD 12661 b,772.3269,13.3,262.70862,0.84,1.2,1.2,5645.0,0.36,772.3269,2.8878011614965495,1.1238516409670858,2.4194743230982723,58.06969172932331
HAT-P-15 b,616.5902,11.88154,10.8635,0.0965,1.0,1.07,5568.0,0.22,616.5902,2.7899966178284634,1.0748727344294216,1.035969768696547,51.89480488219541
HAT-P-16 b,1341.56043,14.68376472,2.77596727,0.0413,1.218,1.158,6140.0,0.17,1341.56043,3.1276102400526455,1.166837417126942,0.44341434127050106,91.36351988619987
Kepler-764 b,3.33,1.64,7.33683936,0.0724,0.92,0.89,5557.0,-0.06,3.33,0.5224442335063199,0.21484384804769785,0.8655090103069779,2.030487804878049
Kepler-123 b,55.3,2.94,17.232366,0.135,1.079,1.264,6089.0,-0.08,55.3,1.7427251313046983,0.46834733041215726,1.2363449100771868,18.80952380952381
HD 104985 b,1766.80811451,12.8,199.68,0.715,1.22,11.12,4738.0,-0.32,1766.80811451,3.247189385197415,1.1072099696478683,2.30033456800233,138.03188394609373
HD 104067 b,62.1,9.2,55.851,0.2674,0.82,0.78,4952.0,0.11,62.1,1.7930916001765802,0.9637878273455552,1.747030953469424,6.750000000000001
HD 13189 b,3480.2385,12.4,471.60001,1.25,2.24,38.41,4175.0,-0.37,3480.2385,3.5416090070743746,1.0934216851622351,2.6735738056320097,280.6643951612903
HD 106252 b,3178.28407,12.5,1535.0,2.655,1.05,1.05,5874.0,-0.06,3178.28407,3.5021927111595925,1.0969100130080565,3.1861083798132053,254.2627256
HD 132406 b,1887.90073758,12.8,908.0,1.98,0.973,1.34,5766.0,0.1293,1887.90073758,3.275979156140786,1.1072099696478683,2.958085848521085,147.4922451234375
HD 108874 c,314.64,13.8,1624.0,2.659,0.95,1.05,5551.0,0.19,314.64,2.4978139334016904,1.1398790864012365,3.2105860249051563,22.799999999999997
HD 10647 b,298.75,13.8,989.2,2.015,1.11,1.1,6218.0,0.0,298.75,2.475307913956194,1.1398790864012365,2.9952841076892596,21.64855072463768
HD 134060 b,10.1,3.16,3.2696,0.0444,1.095,1.164285,5966.0,0.14,10.1,1.0043213737826426,0.49968708261840383,0.514494624703537,3.1962025316455693
HAT-P-21 b,1547.8321,12.44199,4.12448,0.05037,1.24,1.21,5588.0,0.01,1547.8321,3.1897238491128714,1.094889847951309,0.6153692020093096,124.40390162666905
HD 37124 c,207.22516,14.1,885.5,1.71,0.85,0.949168,5698.64,-0.44,207.22516,2.3164424836301576,1.14921911265538,2.9471885655260937,14.696819858156028
HD 159868 b,704.94694,13.3,1184.1,2.32,1.19,2.13,5534.0,-0.08,704.94694,2.8481564297113784,1.1238516409670858,3.0733883811151776,53.00352932330827
HD 187085 b,265.70588,13.9,1019.74,2.1,1.189,1.27,6117.0,0.12,265.70588,2.4244011653372537,1.1430148002540952,3.0084894551353805,19.115530935251797
HD 216437 b,1334.8793094,13.0,1359.0,2.57,1.22,1.394,5909.0,0.2,1334.8793094,3.125442001557493,1.1139433523068367,3.1332194567324945,102.6830238
HD 187123 c,912.16752809,13.2,3810.0,4.89,1.04,1.15043,5790.0,0.09,912.16752809,2.960074607893585,1.1205739312058498,3.5809249756756194,69.1036006128788
HD 216770 b,181.1631,14.1,118.45,0.46,0.74,0.93,5399.0,0.27,181.1631,2.258069743570729,1.14921911265538,2.073535065058784,12.848446808510637
HD 18742 b,1080.622,13.1,766.0,1.82,1.36,5.13,4940.0,-0.04,1080.622,3.0336738049404923,1.1172712956557642,2.884228769632604,82.4902290076336
HD 21693 c,17.37,4.34,53.7357,0.2586,0.8,0.914378,5430.0,0.0,17.37,1.2397998184470986,0.6374897295125107,1.7302629106831429,4.002304147465438
HD 162020 b,3127.4472,12.5,8.4282,0.08,0.42,0.75,4723.0,-0.1,3127.4472,3.495189986329579,1.0969100130080565,0.925734832805284,250.195776
HD 190647 b,630.89255,13.4,1176.45,2.231,1.069,1.376,5656.0,0.23,630.89255,2.7999553989973713,1.1271047983648077,3.070573474065772,47.081533582089556
HD 190984 b,1137.82569706,13.0,4885.0,5.5,0.91,1.53,5988.0,-0.48,1137.82569706,3.056075737803467,1.1139433523068367,3.688864568054792,87.52505362000001
HD 192263 b,177.9848,14.2,24.3556,0.15,0.66,0.74,4976.0,0.03,177.9848,2.2503829149044376,1.1522883443830565,1.3865988328804622,12.534140845070423
HD 217786 b,4402.55909376,12.3,1301.36009,2.446,1.14,1.27,5966.0,-0.135,4402.55909376,3.643705194036621,1.089905111439398,3.1143974836960164,357.93163363902437
HD 217107 c,1388.91013859,12.9,5138.7,5.922,1.045,1.2245,5622.0,0.37,1388.91013859,3.1426741481300144,1.110589710299249,3.7108532640857086,107.66745260387597
HD 163607 c,699.54383,13.3,1272.0,2.39,1.12,1.76,5522.0,0.21,699.54383,2.844814930451585,1.1238516409670858,3.104487111312395,52.597280451127816
HD 192310 c,24.0,5.25,525.8,1.18,0.8,0.857922,5166.0,-0.04,24.0,1.380211241711606,0.7201593034059569,2.7208205817703437,4.571428571428571
HD 4208 b,257.4423,13.9,832.97,1.662,0.883,0.846,5717.0,-0.28,257.4423,2.410679906776887,1.1430148002540952,2.920629360267441,18.521028776978415
HD 164922 b,116.0,13.3,1207.0,2.16,0.926,0.946,5390.0,0.18,116.0,2.0644579892269186,1.1238516409670858,3.081707270097349,8.721804511278195
HD 197037 b,251.0,13.9,1035.7,2.07,1.11,1.105,6150.0,-0.2,251.0,2.399673721481038,1.1430148002540952,3.015233976246708,18.057553956834532
HD 4308 b,15.8915,4.12,15.56,0.12,0.93,1.02,5686.0,-0.35,15.8915,1.2011648922342562,0.6148972160331346,1.1920095926536702,3.8571601941747575
Kepler-272 c,97.8,1.79,6.057342,0.061,0.91,0.929,5297.0,0.04,97.8,1.9903388547876015,0.2528530309798932,0.782282094799134,54.63687150837988
HD 4313 b,612.45841,13.4,356.21,1.157,1.63,5.14,4943.0,0.14,612.45841,2.7870766025536904,1.1271047983648077,2.5517061073895997,45.705851492537306
HD 168746 b,85.8141,11.1,6.404,0.07,1.07,1.09,5570.0,-0.08,85.8141,1.9335586520572245,1.0453229787866574,0.8064513232472621,7.731
HD 148156 b,270.144,13.9,1027.0,2.45,1.22,1.21,6308.0,0.29,270.144,2.431595326138295,1.1430148002540952,3.0115704435972783,19.43482014388489
HD 17092 b,3219.6179,12.5,359.89999,1.31,6.73,13.58,4326.0,0.18,3219.6179,3.507804333258518,1.0969100130080565,2.5561818345858236,257.569432
HD 27894 b,196.73578393,14.1,18.01939,0.125,0.81,0.891767,4875.0,0.3,196.73578393,2.293883360173088,1.14921911265538,1.2557400849716793,13.952892477304964
HD 28254 b,1207.7479466,13.0,1333.0,2.45,1.1,1.48,5664.0,0.06,1207.7479466,3.0819763077764026,1.1139433523068367,3.1248301494138593,92.9036882
HD 148427 b,381.3940884,13.7,331.9,1.11,1.64,3.86,5025.0,0.154,381.3940884,2.5813739572072176,1.1367205671564067,2.521007252408604,27.838984554744528
HD 171028 b,832.7146,13.2,550.0,1.32,1.53,2.47,5671.0,-0.48,832.7146,2.9204961792179827,1.1205739312058498,2.7403626894942437,63.0844393939394
HD 204313 c,17.16273398,4.31,34.95875,0.211,1.03,1.1,5767.0,0.18,17.16273398,1.23458647103317,0.6344772701607315,1.5435558954209532,3.982072849187935
HD 30177 b,2622.08435775,12.6,2539.0,3.49,0.98,1.019,5680.0,0.43,2622.08435775,3.4186466597095175,1.100370545117563,3.4046627008737222,208.10193315476192
HD 290327 b,772.3269,13.3,2443.0,3.43,0.84,0.95,5505.0,-0.14,772.3269,2.8878011614965495,1.1238516409670858,3.3879234669734366,58.06969172932331
HD 152581 b,594.02427,13.4,686.5,1.66,1.3,5.14,5027.0,-0.46,594.02427,2.7738041892770693,1.1271047983648077,2.836640541572774,44.33016940298507
HD 177830 b,537.1327,13.5,410.10001,1.14,1.7,3.26,4901.0,0.42,537.1327,2.730081592511911,1.130333768495006,2.61288977987745,39.78760740740741
HD 20794 b,2.7,1.45,18.314,0.1257,0.79,0.93,5368.0,-0.42,2.7,0.43136376415898736,0.16136800223497488,1.2627832098507639,1.8620689655172415
HD 31253 b,197.0546,14.1,466.0,1.26,1.7,1.75,6130.0,0.17,197.0546,2.2945865773964913,1.14921911265538,2.66838591669,13.97550354609929
HD 178911 B b,2552.1749,12.6,71.484,0.34,1.24,1.08,5588.0,0.24,2552.1749,3.406910433176918,1.100370545117563,1.8542088461464694,202.5535634920635
HD 155358 b,314.6517,13.8,194.3,0.63,1.15,1.38,5905.0,-0.6,314.6517,2.497830082495787,1.1398790864012365,2.2884728005997825,22.800847826086954
HD 154857 b,778.6835,13.3,408.60001,1.29,1.96,2.3,5589.0,-0.22,778.6835,2.8913609722627696,1.1238516409670858,2.611298372925271,58.54763157894737
HD 155358 c,261.0,13.9,391.9,1.02,0.92,1.38,5900.0,-0.51,261.0,2.416640507338281,1.1430148002540952,2.5931752634781025,18.776978417266186
HD 210702 b,481.5100366,13.6,355.5,1.079,1.33,4.54,4912.0,-0.02,481.5100366,2.6826053439934068,1.1335389083702174,2.550839605065785,35.40514975
HD 3651 b,72.46524,10.1,62.25,0.295,0.799,0.871954,5221.0,0.1453,72.46524,1.8601297348986912,1.0043213737826426,1.794139355767774,7.174776237623762
HD 156668 b,4.15,1.87,4.6455,0.05,0.772,0.72,4850.0,0.05,4.15,0.6180480967120927,0.27184160653649897,0.667032464412468,2.2192513368983957
HD 156411 b,235.18,14.0,842.2,1.88,1.25,2.16,5900.0,-0.12,235.18,2.3714003860309845,1.146128035678238,2.925415237084246,16.798571428571428
HD 183263 b,1103.1824007,13.1,624.87404,1.46,1.06,1.23,5948.0,0.2776,1103.1824007,3.0426473248321857,1.1172712956557642,2.795792482550368,84.21239700000001
HD 63454 b,79.4575,12.31,2.81805,0.04,0.42,0.77,4812.0,0.1,79.4575,1.900134896570275,1.0902580529313164,0.4499486944267991,6.454711616571892
HD 89307 b,642.01338214,13.4,2166.0,3.27,1.27,1.1,5955.0,-0.13,642.01338214,2.8075440806062164,1.1271047983648077,3.3356584522893016,47.911446428358204
rho CrB b,347.995,13.7,39.849,0.2245,1.0,1.3617,5817.0,-0.2,347.995,2.5415730040385083,1.1367205671564067,1.6004174273649765,25.40109489051095
HD 66428 b,3478.94974302,12.4,2269.81726,3.395,1.01,1.13,5716.0,0.23,3478.94974302,3.541448154965829,1.0934216851622351,3.355990894123413,280.56046314677417
HD 93083 b,143.34061156,14.3,144.72,0.508,0.836,0.837,5033.8,0.13,143.34061156,2.1563692530466425,1.1553360374650619,2.160528553851757,10.02381899020979
HD 69830 b,10.2,3.17,8.667,0.0785,0.86,0.886947,5385.0,-0.05,10.2,1.0086001717619175,0.5010592622177514,0.9378687965638594,3.217665615141956
TrES-3 b,607.03,14.975,1.30618581,0.02282,0.928,0.829,5650.0,-0.19,607.03,2.783210154852034,1.175366831061349,0.11600496140898799,40.53622704507512
WASP-50 b,466.828704,13.069694,1.9551,0.0293,0.892,0.843,5400.0,-0.12,466.828704,2.6691575517554047,1.1162654195876467,0.2911689757152619,35.71841115790469
HD 69830 d,18.1,4.45,197.0,0.63,0.86,0.886947,5385.0,-0.05,18.1,1.2576785748691846,0.6483600109809317,2.294466226161593,4.067415730337078
HD 96127 b,1207.7479466,13.0,638.9,1.41,0.91,35.0,3943.0,-0.24,1207.7479466,3.0819763077764026,1.1139433523068367,2.80543288813214,92.9036882
HD 70573 b,1900.0,12.8,851.8,1.76,1.0,0.976919,5737.0,-0.18,1900.0,3.278753600952829,1.1072099696478683,2.93033763573773,148.4375
HD 97658 b,8.3,2.12,9.4897116,0.0805,0.85,0.728,5212.0,-0.23,8.3,0.919078092376074,0.32633586092875144,0.977253014067778,3.915094339622642
V0391 Peg b,1017.056,13.1,1170.0,1.7,0.5,0.23,29300.0,,1017.056,3.0073448662181432,1.1172712956557642,3.0681858617461617,77.63786259541985
WASP-8 b,807.2882,12.66617,8.15872,0.0801,1.34,1.03,5600.0,0.17,807.2882,2.9070286045181755,1.102645312648071,0.9116220287855823,63.73577806077133
WASP-10 b,1001.12,12.106,3.0927616,0.03781,0.75,0.698,4675.0,0.03,1001.12,3.000486137633446,1.0830006695765333,0.49034644447947406,82.69618371055675
XO-2 N b,199.91507,11.130537,2.61585906,0.03666,0.96,0.998,5290.0,0.37,199.91507,2.300845533343506,1.0465161176600326,0.41761434090865024,17.960954624201868
HD 74156 b,532.36258173,13.5,51.63564,0.28,1.1,1.510576,6068.0,0.131,532.36258173,2.7262075225365354,1.130333768495006,1.7129495642705765,39.434265313333334
HD 99706 b,390.9309,13.7,841.0,1.98,1.46,5.52,4862.0,0.14,390.9309,2.592099999337635,1.1367205671564067,2.924795995797912,28.535102189781025
HIP 12961 b,114.4188,13.2,57.435,0.25,0.69,0.65,3901.0,-0.14,114.4188,2.0584973886655247,1.1205739312058498,1.759176625403369,8.66809090909091
HD 45184 b,12.19,3.52,5.8854,0.0644,1.03,1.075139,5869.0,0.04,12.19,1.086003705618382,0.5465426634781311,0.769775984917649,3.4630681818181817
WASP-16 b,394.1092,13.67498,3.1186,0.0415,1.78,1.14,5700.0,0.01,394.1092,2.5956165730604726,1.1359266998393998,0.49395967455418127,28.819727707097194
HD 45364 b,60.16491745,9.03,225.79,0.6793,0.82,0.89,5466.0,-0.17,60.16491745,1.7793433251587596,0.9556877503135057,2.353704703572165,6.6627815559246955
HD 75898 b,810.46243785,13.2,422.82,1.2025,1.295,1.55,6122.0,0.29,810.46243785,2.908732891593548,1.1205739312058498,2.626155521880912,61.398669534090914
Kepler-746 b,1.41,1.11,3.48159251,0.0435,0.91,0.93,5418.0,0.09,1.41,0.14921911265537988,0.045322978786657475,0.541777939379112,1.2702702702702702
HD 79498 b,425.8922,13.6,1807.0,2.98,1.08,1.05,5748.0,0.18,425.8922,2.629299686263045,1.1335389083702174,3.256958152560932,31.315602941176472
HD 48265 b,2351.9302118,12.6,778.51,1.814,1.312,1.901,5733.0,0.3,2351.9302118,3.3714244308905688,1.100370545117563,2.891264195474372,186.66112792063493
HD 49674 b,31.783,6.2,4.94737,0.06,1.03,1.02,5602.0,0.32,31.783,1.5021948878982374,0.7923916894982539,0.6943743912514695,5.126290322580645
HIP 57274 c,130.0,14.2,32.03,0.178,0.73,0.68,4640.0,0.09,130.0,2.113943352306837,1.1522883443830565,1.5055569386638217,9.15492957746479
HD 52265 b,384.5743,13.7,119.27,0.52,1.204,1.32,6136.0,0.21,384.5743,2.5849802582146872,1.1367205671564067,2.076531219253812,28.07111678832117
HR 8799 e,3178.3,13.11453,20815.6,16.4,1.51,1.49338,7400.0,-0.5,3178.3,3.5021948878982374,1.117752730910813,4.318388933739905,242.34951614735718
HD 5891 b,2425.0429,12.6,177.11,0.64,1.93,10.64,4673.0,-0.37,2425.0429,3.3847194258531177,1.100370545117563,2.2482430830546196,192.46372222222223
HD 85390 b,31.46517,6.16,799.52,1.373,0.758,0.8,5186.0,-0.07,31.46517,1.4978300824957873,0.7895807121644255,2.9028293320985115,5.107982142857143
xi Aql b,616.90493799,13.4,136.97,0.625,1.74,10.86,4841.0,-0.11,616.90493799,2.7902182465500673,1.1271047983648077,2.1366254557609317,46.037681939552236
WASP-35 b,225.6593,14.5717,3.16158,0.04317,1.05,1.08,5990.0,-0.15,225.6593,2.3534532366173124,1.1635102214714883,0.499904175590634,15.486134081816123
TOI-1408 b,593.0,25.0,4.42587,0.05778,1.312,1.53,6117.0,0.25,593.0,2.7730546933642626,1.3979400086720377,0.6459986533526926,23.72
TOI-2524 b,203.41018048,11.2089807,7.18585,0.073,1.007,1.119,5831.0,0.06,203.41018048,2.3083726851434796,1.049566121382448,0.8564781473450847,18.14707205981718
HD 219415 b,317.83,13.8,2093.3,3.2,1.0,2.9,4820.0,-0.04,317.83,2.5021948878982374,1.1398790864012365,3.3208314734452453,23.031159420289853
WASP-99 b,772.3269,11.43318,5.75251,0.0717,1.21,1.64,6150.0,0.21,772.3269,2.8878011614965495,1.058167040926569,0.7598573823065297,67.55136366260305
HD 32963 b,657.90480249,13.4,2372.0,3.41,0.94,1.111044,5727.0,0.11,657.90480249,2.8181630566165103,1.1271047983648077,3.375114684692225,49.09737332014925
K2-133 b,2.36,1.34,3.07133,0.03194,0.461,0.455,3655.0,,2.36,0.37291200297010657,0.12710479836480765,0.4873264818547827,1.761194029850746
HATS-53 b,189.10885,15.02006,3.8537768,0.04753,0.964,1.101,5644.0,,189.10885,2.2767118536267867,1.176671667529459,0.5858865579231198,12.590419079550946
Kepler-286 b,2.07,1.24,1.796302,0.027,0.83,0.863,5580.0,-0.25,2.07,0.3159703454569177,0.09342168516223506,0.25437935343799867,1.6693548387096773
TOI-283 b,6.54,2.34,17.61745,0.123,0.8,0.85,5213.0,-0.09,6.54,0.8155777483242672,0.3692158574101428,1.2459430476019775,2.794871794871795
Kepler-69 b,5.65,2.24,13.722341,0.094,0.81,0.93,5638.0,-0.29,5.65,0.7520484478194386,0.35024801833416286,1.1374282073368607,2.5223214285714284
TOI-2525 b,26.69758619,8.67575106,23.2856,0.1511,0.849,0.785,5096.0,0.14,26.69758619,1.4264719972540085,0.9383070819752355,1.3670874328778106,3.0772651272914695
HD 169830 b,804.42369812,13.2,225.67372,0.765,1.17,1.935709,6300.0,0.21,804.42369812,2.9054848563194664,1.1205739312058498,2.353480987861532,60.941189251515155
HD 192699 b,666.17168,13.4,340.94,1.063,1.38,4.41,5041.0,-0.15,666.17168,2.8235861662099264,1.1271047983648077,2.532677956817581,49.71430447761194
Pr0211 b,597.5204,13.4,2.1461,0.03176,0.935,0.827,5300.0,0.18,597.5204,2.776352737161917,1.1271047983648077,0.33164995455274315,44.59107462686567
HATS-3 b,340.382,15.48,3.547851,0.0485,1.209,1.404,6351.0,-0.157,340.382,2.531966585762236,1.189770956346874,0.5499653723669596,21.988501291989664
HD 33844 c,556.2025,13.5,916.0,2.24,1.78,5.29,4861.0,0.27,556.2025,2.745232936584532,1.130333768495006,2.9618954736678504,41.200185185185184
HATS-29 b,207.54299,14.022459,4.6058749,0.05475,1.032,1.073,5670.0,0.16,207.54299,2.3171080691733112,1.1468241788580713,0.6633121379318357,14.800755701977806
K2-138 b,3.1,1.51,2.35309,0.03385,0.935,0.863,5356.3,0.14,3.1,0.4913616938342727,0.17897694729316943,0.37163853820699433,2.052980132450331
gam Lib c,1662.56039702,12.8,966.49,2.318,1.78,12.38,4879.0,-0.27,1662.56039702,3.220777431187812,1.1072099696478683,2.9851973648650514,129.88753101718748
TOI-406.01,6.57,2.08,13.175682,0.0809,0.408,0.41,3392.0,-0.02,6.57,0.8175653695597808,0.31806333496276157,1.119773104428862,3.1586538461538463
Kepler-282 d,61.0,2.46,24.806,0.15837,0.97,0.89,5656.0,-0.2,61.0,1.7853298350107671,0.39093510710337914,1.3945567393636564,24.796747967479675
TOI-663 b,4.45,2.27,2.598902,0.0295,0.514,0.512,3681.0,0.07,4.45,0.6483600109809317,0.35602585719312274,0.41478990333261556,1.9603524229074891
Kepler-283 b,5.18,2.13,11.008151,0.082,0.596,0.566,4351.0,-0.17,5.18,0.714329759745233,0.3283796034387377,1.0417143781967588,2.431924882629108
HD 195019 b,1264.9634,13.0,18.20132,0.14,1.21,1.48,5751.0,0.05,1264.9634,3.102077959971925,1.1139433523068367,1.2601028851239897,97.30487692307693
BD-06 1339 c,53.0,8.38,125.94,0.435,0.7,0.686355,4324.0,-0.14,53.0,1.724275869600789,0.9232440186302765,2.100163688966044,6.324582338902148
CoRoT-25 b,85.81,12.11,4.86069,0.0578,1.09,1.19,6040.0,-0.01,85.81,1.9335379019717047,1.0831441431430522,0.6866979239787829,7.085879438480595
HD 564 b,104.88,12.5,492.3,1.2,0.961,1.01,5902.0,-0.2,104.88,2.020692678682028,1.0969100130080565,2.6922298357727557,8.3904
HATS-45 b,222.481,14.414774,4.1876244,0.05511,1.272,1.315,6450.0,0.02,222.481,2.3472929279124943,1.1588078377528548,0.6219677216403818,15.434234348731378
Kepler-421 b,16.1,4.16,704.1984,1.219,0.794,0.757,5308.0,-0.25,16.1,1.2068258760318498,0.6190933306267428,2.8476950339804583,3.870192307692308
TOI-663 d,5.2,1.92,7.1027268,0.0576,0.514,0.512,3681.0,0.07,5.2,0.7160033436347992,0.28330122870354957,0.8514251102465595,2.7083333333333335
TOI-1443 b,30.0,2.30381001,23.540678,0.147,0.7663,0.7511,5224.0,-0.294,30.0,1.4771212547196624,0.36244666094440525,1.3718189668939242,13.021907132003477
HAT-P-41 b,378.2177,22.97845,2.69405,0.04258,2.56,2.05,6390.0,0.21,378.2177,2.577741849290768,1.3613207302204058,0.4304056517145791,16.459669821071483
HD 5608 b,371.22357938,13.7,768.7,1.79,1.29,5.43,4807.0,0.04,371.22357938,2.569635553940653,1.1367205671564067,2.8857568810692675,27.096611633576643
HD 13908 b,274.91,13.9,19.382,0.154,1.29,1.67,6255.0,0.01,274.91,2.4391905378275704,1.1430148002540952,1.287398589234254,19.77769784172662
HD 108341 b,715.11391575,13.3,1129.0,2.0,0.843,0.79,5122.0,0.04,715.11391575,2.854375229270955,1.1238516409670858,3.052693941924968,53.76796359022556
KELT-12 b,301.9385,19.95202,5.031623,0.06708,1.591,2.37,6279.0,0.19,301.9385,2.479918493187085,1.2999868714735454,0.7017080936547573,15.133229617853228
HD 34445 f,37.9,6.88,676.8,1.543,1.07,1.38,5836.0,0.14,37.9,1.5786392099680724,0.8375884382355113,2.8304603500309673,5.508720930232558
HD 34445 e,16.8,4.26,49.175,0.2687,1.07,1.38,5836.0,0.14,16.8,1.2253092817258628,0.6294095991027189,1.6917443685913742,3.9436619718309864
KELT-19 A b,1293.5681,21.40919,4.6117093,0.0637,1.62,1.83,7500.0,-0.12,1293.5681,3.1117892971234573,1.330600236412379,0.6638619236476216,60.4211602587487
KOI-1257 b,460.83,10.54,86.647661,0.382,0.99,1.13,5520.0,0.27,460.83,2.6635407438751377,1.0228406108765278,1.9377568436973254,43.722011385199245
HD 216435 b,400.4,13.7,1311.0,2.56,1.3,1.800029,5999.0,0.244,400.4,2.602494068807281,1.1367205671564067,3.117602691690084,29.226277372262775
HD 23079 b,845.42356262,13.2,735.74,1.6,1.16,1.08,5994.0,-0.129,845.42356262,2.9270743477906596,1.1205739312058498,2.8667243679862824,64.04723959242425
BD+49 828 b,508.5,13.5,2590.0,4.2,1.52,7.6,4943.0,-0.19,508.5,2.7062909572587635,1.130333768495006,3.413299764081252,37.666666666666664
HD 20794 e,4.77,2.03,147.02,0.509,0.813,0.93,5401.0,-0.4,4.77,0.6785183790401139,0.3074960379132129,2.167376418413583,2.3497536945812807
K2-239 b,1.37,1.1,5.24,0.0441,0.4,0.36,3420.0,-0.1,1.37,0.1367205671564068,0.04139268515822508,0.7193312869837266,1.2454545454545454
TOI-880.02,5.43,2.19,2.57571,0.0349,0.87,0.83,5050.0,0.23,5.43,0.7347998295888469,0.34044411484011833,0.4108969640877737,2.4794520547945207
TOI-1232 b,220.57291446,10.92875618,14.256,0.117,1.058,1.072,5823.0,0.18,220.57291446,2.3435521816183855,1.0385707369816382,1.1539976866927997,20.182801302096575
WASP-71 b,441.7837,13.22662,2.90367,0.046,0.76,1.82,6050.0,0.15,441.7837,2.6452096881523324,1.1214488764707768,0.46294725757810207,33.4011032296989
HD 159243 c,603.9,13.4,248.4,0.8,1.125,1.12,6123.0,0.05,603.9,2.780965029608317,1.1271047983648077,2.3951515915045425,45.06716417910447
HIP 91258 b,346.4347,13.7,5.0505,0.06,0.97,0.89,5519.0,0.23,346.4347,2.5396213858388608,1.1367205671564067,0.7033343754437699,25.287204379562045
HIP 109384 b,495.8148,13.5,499.48,1.134,0.78,0.831075,5180.0,-0.26,495.8148,2.695319486252699,1.130333768495006,2.6985181030454157,36.727022222222224
HD 27894 c,51.48846,8.24,36.07,0.198,0.8,0.891767,4875.0,0.3,51.48846,1.7117099024408682,0.9159272116971158,1.557146142318363,6.248599514563107
K2-239 d,1.37,1.1,10.115,0.0685,0.4,0.36,3420.0,-0.1,1.37,0.1367205671564068,0.04139268515822508,1.0049658871068234,1.2454545454545454
Kepler-778 b,3.46,1.68,3.75574426,0.0453,0.81,0.77,5102.0,-0.09,3.46,0.5390760987927766,0.22530928172586284,0.5746960121744401,2.0595238095238098
TOI-1244 b,6.6,2.467,6.400316483,0.060694,0.73,0.721,4599.0,0.034,6.6,0.8195439355418687,0.392169149489736,0.8062014495186096,2.6753141467369272
K2-157 b,1.14,0.935,0.3652575,0.00962,0.89,0.86,5334.0,0.02,1.14,0.05690485133647256,-0.0291883891274822,-0.4374008577340539,1.2192513368983955
HD 33564 b,2892.1,12.5,388.0,1.1,1.25,1.4367,6250.0,-0.12,2892.1,3.4612133054611354,1.0969100130080565,2.5888317255942073,231.368
WASP-55 b,186.2474465,14.72860064,4.465631,0.0558,1.071,1.09,6096.0,-0.03,186.2474465,2.2700903271730195,1.1681614866121073,0.6498828339874009,12.645291365575378
bet UMi b,1938.7,12.7,522.3,1.4,1.4,38.3,4126.0,-0.27,1938.7,3.2875106103037455,1.1038037209559568,2.7179200258369938,152.65354330708664
HD 216536 b,333.7215,13.8,148.60001,0.61,0.81,9.83,4639.0,-0.17,333.7215,2.5233841869681752,1.1398790864012365,2.1720188386502945,24.182717391304347
HIP 65407 b,136.03124,14.3,28.125,0.177,0.93,0.952252,5460.0,0.25,136.03124,2.133638656911409,1.1553360374650619,1.449092531119419,9.512674125874126
HD 12484 b,947.1334,13.2,58.83,0.297,1.01,1.001848,5920.0,0.05,947.1334,2.9764111519744927,1.1205739312058498,1.7695988483874465,71.75253030303031
NGTS-1 b,258.07796,14.90797,2.647298,0.0326,0.617,0.573,3916.0,0.0,258.07796,2.4117509171394125,1.1734185101317371,0.4228028315435461,17.31140859553648
K2-148 b,2.33,1.33,4.38395,0.0454,0.65,0.632,4079.0,-0.11,2.33,0.367355921026019,0.12385164096708581,0.6418655922719502,1.7518796992481203
K2-158 b,7.46,2.64,10.06049,0.0887,0.92,0.95,5503.0,0.07,7.46,0.8727388274726688,0.42160392686983106,1.0026191337133172,2.8257575757575757
HD 86081 b,470.3884,13.6,2.1378431,0.0346,1.21,1.46,5939.0,0.22,470.3884,2.672456603293195,1.1335389083702174,0.3299758284197025,34.58738235294118
HD 45652 b,137.62039,14.3,44.073,0.237,0.92,0.94,5294.0,0.26,137.62039,2.1386827842516025,1.1553360374650619,1.644172613457543,9.623803496503495
WASP-62 b,165.2716,14.79588,4.41195,0.0571,1.11,1.23,6230.0,0.04,165.2716,2.2181982315330364,1.1701408003705014,0.6446305819986291,11.170109516973644
K2-148 d,3.33,1.64,9.7579,0.0774,0.65,0.632,4079.0,-0.11,3.33,0.5224442335063199,0.21484384804769785,0.9893563631028794,2.030487804878049
GJ 1265 b,7.4,2.63,3.6511,0.026,0.178,0.192,3236.0,-0.04,7.4,0.8692317197309762,0.41995574848975786,0.5624237280068187,2.8136882129277567
HD 6061 b,10.0,2.42763557,5.2549,0.06,1.0269,1.0072,5934.0,-0.05,10.0,1.0,0.385183492198537,0.7205644558806424,4.119234420345884
Kepler-19 c,13.1,3.68,28.731,0.1765736996,0.936,0.859,5544.0,-0.08,13.1,1.1172712956557642,0.5658478186735176,1.4583507421396633,3.559782608695652
Kepler-25 d,71.9,10.0,122.4,0.4164221832,1.165,1.316,6354.0,0.11,71.9,1.8567288903828827,1.0,2.0877814178095426,7.19
HIP 8541 b,2451.7283316,12.6,1852.14387,3.729,2.009,6.84,4672.0,-0.19,2451.7283316,3.38947234568997,1.100370545117563,3.267674718587992,194.5816136190476
K2-113 b,410.0007,12.14,5.817685,0.0642,1.04,1.24,5660.0,0.27,410.0007,2.612784598197486,1.0842186867392387,0.7647502025649864,33.772710049423395
K2-152 b,5.86,2.29,32.6479,0.1716,0.63,0.61,4044.0,0.12,5.86,0.7678976160180907,0.359835482339888,1.5138552515301402,2.558951965065502
K2-243 c,4.7,2.01,24.94598,0.1817,1.29,1.39,6570.0,-0.03,4.7,0.6720978579357175,0.30319605742048883,1.3970005698198853,2.338308457711443
HD 13167 b,1052.0173,13.1,2613.0,4.1,1.35,2.39,5671.0,0.19,1052.0173,3.022022881673956,1.1172712956557642,3.4171394097273255,80.3066641221374
K2-162 b,2.67,1.44,9.45889,0.0795,0.75,0.69,4842.0,-0.17,2.67,0.42651126136457523,0.15836249209524964,0.9758401749684882,1.8541666666666667
KELT-3 b,616.5902,17.48604,2.70339,0.04123,1.96,1.7,6304.0,0.05,616.5902,2.7899966178284634,1.242691467519113,0.4319087029795491,35.26185459944047
KELT-14 b,408.09372,19.537287,1.7100566,0.03005,1.239,1.52,5720.0,0.32,408.09372,2.610759911631072,1.2908642562746446,0.2330104850476364,20.887942118063783
tau Cet h,1.83,1.19,49.41,0.243,0.783,0.83,5310.0,-0.52,1.83,0.26245108973042947,0.07554696139253074,1.6938148538894167,1.5378151260504203
K2-154 c,4.94,2.07,7.95486,0.0677,0.65,0.63,4097.0,0.21,4.94,0.693726948923647,0.3159703454569177,0.9006325407692134,2.386473429951691
K2-246 b,12.0,3.49,5.76918,0.0602,0.87,0.94,5610.0,-0.19,12.0,1.0791812460476249,0.5428254269591799,0.7611140892766066,3.438395415472779
TOI-969 b,9.1,2.765,1.8237305,0.02636,0.734,0.671,4435.0,0.175,9.1,0.9590413923210935,0.4416951356407171,0.2609606612893504,3.291139240506329
HD 220689 b,381.3940884,13.7,2266.4,3.396,1.016,1.068,5921.0,-0.07,381.3940884,2.5813739572072176,1.1367205671564067,3.355336561512381,27.838984554744528
GJ 163 b,10.6,3.25,8.63182,0.0607,0.4,0.409738,3500.0,0.1,10.6,1.0253058652647702,0.5118833609788743,0.9361023753933655,3.2615384615384615
WASP-104 b,404.263,12.745,1.7554137,0.02918,1.076,0.963,5475.0,0.32,404.263,2.6066639945338785,1.1053398398052863,0.24437948345385463,31.719340918007063
HAT-P-53 b,471.65972,14.773462,1.9616241,0.03159,1.093,1.209,5956.0,0.0,471.65972,2.6736287888412456,1.1694822794226425,0.29261578849937286,31.926147033105714
HD 111591 b,1398.452,12.9,1056.4,2.5,1.94,8.03,4884.0,0.07,1398.452,3.145647564384425,1.110589710299249,3.0238283925348863,108.40713178294574
K2-155 b,3.89,1.8,6.342,0.0562,0.65,0.58,4258.0,-0.3,3.89,0.5899496013257077,0.25527250510330607,0.8022262376910698,2.161111111111111
HD 180053 b,697.31902,13.3,213.72,0.843,1.75,4.06,5131.0,0.25,697.31902,2.8434315111369295,1.1238516409670858,2.3298451655108683,52.4300015037594
TOI-1669 c,13.0,2.2963977,2.6800535,0.0376,0.9867,1.0561,5497.0,0.274,13.0,1.1139433523068367,0.361047103220051,0.428143463626875,5.661040332865688
HD 14067 b,4862.7746271,12.2,2744.0,5.15,2.4,12.4,4815.0,-0.1,4862.7746271,3.6868841419771914,1.0863598306747482,3.438384107034714,398.5880841885246
K2-30 b,184.02357,11.646151,4.098503,0.04839,0.9,0.844,5425.0,-0.15,184.02357,2.2648734516256734,1.0661824167218288,0.6126252573152748,15.801235103340153
YZ Cet d,1.09,1.03,4.65626,0.02851,0.142,0.157,3151.0,-0.18,1.09,0.037426497940623665,0.012837224705172217,0.6680372228043477,1.058252427184466
Kepler-90 i,2.3,1.32,14.44912,0.1201380843,1.12,1.29,6015.0,0.098,2.3,0.36172783601759284,0.12057393120584989,1.1598413979035123,1.7424242424242422
HD 75784 c,1792.5612,12.8,7900.0,8.4,1.26,3.4,4867.0,0.25,1792.5612,3.2534739918815796,1.1072099696478683,3.8976270912904414,140.04384375
WASP-56 b,143.0235,10.53646,4.6171,0.05614,0.71,0.96,5600.0,0.12,143.0235,2.155407401673581,1.0226947227643501,0.6643692808708024,13.574151090593995
WASP-135 b,603.877,14.5717,1.4013794,0.0243,0.98,0.96,5675.0,0.02,603.877,2.7809484888510663,1.1635102214714883,0.14655572916149376,41.44176726119807
CoRoT-32 b,47.6745,6.38913,6.71837,0.071,1.08,0.79,5970.0,0.0,47.6745,1.6782861469539185,0.8054417248371428,0.8272639180131508,7.461814049800208
Kepler-504 b,3.15,1.59,9.549275422,0.0646,0.33,0.33,3519.0,-0.31,3.15,0.4983105537896005,0.2013971243204515,0.9799704195245392,1.981132075471698
TOI-1691 b,14.6,3.66,16.736888935,0.129365,1.03,1.0,5759.0,0.052,14.6,1.1643528557844371,0.5634810853944107,1.2236747341872298,3.9890710382513657
WASP-68 b,343.2564,14.79588,5.0843,0.06206,1.49,1.79,5910.0,0.22,343.2564,2.535618643385187,1.1701408003705014,0.7062311682589675,23.199458227560644
psi1 Dra B b,486.2799,13.5,3117.0,4.43,1.19,1.255735,6212.0,0.01,486.2799,2.6868863187158363,1.130333768495006,3.49373680227684,36.02073333333333
K2-118 b,6.99,2.54,50.92092,0.245,0.756446,0.734626,4726.29,0.129,6.99,0.8444771757456814,0.40483371661993806,1.7068962415510196,2.751968503937008
GJ 3942 b,7.14,2.57,6.905,0.0608,0.63,0.61,3867.0,-0.04,7.14,0.8536982117761743,0.4099331233312945,0.8391636829146502,2.7782101167315174
Kepler-1654 b,158.915,9.180171,1047.8356,2.026,1.011,1.179,5597.0,-0.088,158.915,2.201164892234256,0.9628507709250699,3.0202931494286984,17.310679724811227
TOI-1695 b,6.36,1.9,3.1342791,0.033548,0.513,0.515,3690.0,0.0,6.36,0.8034571156484139,0.2787536009528289,0.49613766673146703,3.3473684210526318
Kepler-750 b,9.64,3.07,9.42887179,0.08742,1.15,1.23,6160.0,0.03,9.64,0.9840770339028309,0.48713837547718647,0.9744597304159903,3.140065146579805
WASP-78 b,352.7913,21.63337,2.17518,0.03488,1.87,2.46,6100.0,-0.35,352.7913,2.5475178666848945,1.3351241781724252,0.33749520141579453,16.307736612464907
HD 66141 b,1906.9,12.8,480.5,1.2,1.1,21.4,4323.0,-0.323,1906.9,3.2803279187476755,1.1072099696478683,2.681693392004564,148.9765625
WASP-88 b,133.4886,16.36514,4.954,0.06431,0.94,1.8,6430.0,-0.08,133.4886,2.1254441782961377,1.2139197249490885,0.6949560022498181,8.156887139370637
Wolf 1061 d,7.7,2.69,217.21,0.47,0.294,0.307,3342.0,-0.09,7.7,0.8864907251724818,0.42975228000240795,2.3368798155984227,2.862453531598513
K2-130 b,2.1,1.25,2.49412,0.032,0.69563,0.744261,4356.47,-0.24,2.1,0.3222192947339193,0.09691001300805642,0.39691734492604086,1.6800000000000002
K2-129 b,1.12,1.04,8.239493,0.057,0.360031,0.36001,3459.09,,1.12,0.04921802267018165,0.01703333929878037,0.9159004891150079,1.076923076923077
HD 147379 b,21.6,4.94,86.58,0.3193,0.58,0.628304,4090.0,0.16,21.6,1.334453751150931,0.693726948923647,1.9374175814771377,4.37246963562753
HATS-42 b,597.5204,15.6926,2.292102,0.03689,1.273,1.48,6060.0,0.22,597.5204,2.776352737161917,1.1956949048428895,0.36023394010664994,38.07657112269477
WASP-144 b,139.8452,9.52765,2.2783152,0.0316,0.81,0.81,5200.0,0.18,139.8452,2.145647564384425,0.9789857948789441,0.3576138076057098,14.677827166195232
TOI-128.01,5.56,2.21898,4.9404681,0.05381019,0.851969,1.13,6086.0,,5.56,0.7450747915820575,0.3461533878882582,0.6937680994531712,2.505655751741791
HD 83443 c,476.7426105,13.6,8241.0,8.0,1.0,0.94,5442.0,0.34,476.7426105,2.678283970215274,1.1335389083702174,3.9159799141402245,35.054603713235295
TOI-1347 c,6.4,1.6,4.841962,0.0546,0.913,0.83,5464.0,0.04,6.4,0.8061799739838872,0.2041199826559248,0.6850213767506808,4.0
HD 108147 b,82.95,10.9,10.8985,0.102,1.22,1.20664,6255.73,0.1803,82.95,1.9188163903603794,1.0374264979406236,1.0373667285322805,7.610091743119266
HATS-51 b,244.09344,15.80469,3.3488702,0.04639,1.187,1.44,5758.0,,244.09344,2.387556107929749,1.1987859818200313,0.5248983148984226,15.444367463075832
K2-233 b,2.4,1.315,2.467583,0.03293,0.79,0.71,4796.0,-0.082,2.4,0.38021124171160603,0.11892575282577665,0.3922717695831168,1.8250950570342206
Kepler-814 b,5.14,2.12,6.1469851,0.0695,1.15,1.22,6162.0,0.01,5.14,0.7109631189952758,0.32633586092875144,0.7886621604129311,2.424528301886792
HD 18599 b,24.1,2.6,4.1374354,0.048,0.863,0.767,5145.0,0.0,24.1,1.3820170425748683,0.414973347970818,0.616731225963823,9.26923076923077
Kepler-127 c,7.56,2.66,29.393195,0.2,1.248,1.359,6106.0,0.2142,7.56,0.8785217955012065,0.424881636631067,1.4682467958532666,2.8421052631578942
HIP 55507 b,2585.53409095,12.6,5138.43727,5.062,0.65,0.723643,4171.0,,2585.53409095,3.41255026843331,1.100370545117563,3.7108310590326363,205.2011183293651
NGC 2682 Sand 1429 b,572.0911326,13.4,77.48,0.384,1.26,2.13,6000.0,-0.013,572.0911326,2.7574652162628985,1.1271047983648077,1.8891896120470733,42.693368104477614
Kepler-955 b,9.96,3.13,14.53244172,0.1083,0.89,0.84,5350.0,0.02,9.96,0.9982593384236987,0.49554433754644844,1.1623385899643517,3.1821086261980835
Kepler-962 b,4.54,1.97,12.05707239,0.09874,0.93,0.86,5478.0,0.01,4.54,0.6570558528571039,0.2944662261615929,1.0812418683997265,2.3045685279187818
TOI-5678 b,20.0,4.91,47.73022,0.249,0.905,0.938,5485.0,0.0,20.0,1.3010299956639813,0.6910814921229684,1.6787934361379981,4.0733197556008145
HD 155918 c,1878.04805696,12.8,17202.19446,13.183,1.03,1.01906,5771.84,-0.6616,1878.04805696,3.273706701138565,1.1072099696478683,4.2355838527841225,146.72250444999997
TOI-6034 b,254.0,11.92,2.576184,0.02949,0.514,0.489,3635.0,-0.09,254.0,2.404833716619938,1.0762762554042176,0.41097687861435483,21.308724832214764
HD 101581 b,0.827,0.956,4.46569,0.046,0.653,0.63,4675.0,-0.343,0.827,-0.08249449044745336,-0.019542107723899943,0.6498885718562857,0.8650627615062761
Kepler-922 b,2.6,1.42,0.938466832,0.01795,0.95,0.93,5671.0,-0.05,2.6,0.414973347970818,0.15228834438305647,-0.02758107193333627,1.830985915492958
Barnard c,0.335,0.743,4.1244,0.0274,0.162,0.185,3195.0,-0.56,0.335,-0.47495519296315475,-0.1290111862394247,0.6153607781848501,0.4508748317631225
Kepler-911 b,7.27,2.6,20.310501,0.15594,1.34,1.99,6112.0,0.03,7.27,0.8615344108590378,0.414973347970818,1.3077206362975622,2.796153846153846
HD 16905 b,3591.4609991,12.4,10256.0,8.8,0.85,0.77494,4866.12,0.2405,3591.4609991,3.5552711546430125,1.0934216851622351,4.010978012174742,289.6339515403226
HD 184010 b,98.52680617,12.1,286.6,0.94,1.35,4.86,4971.0,-0.17,98.52680617,1.9935544049938654,1.08278537031645,2.4572761860613257,8.142711253719009
TOI-6041 b,28.9,4.55,26.04945,0.1651,0.885,0.879,5445.0,0.104,28.9,1.4608978427565478,0.6580113966571124,1.4157985581734835,6.351648351648351
TOI-4600 c,2946.26933289,9.42,482.8191,1.152,0.89,0.81,5170.0,0.16,2946.26933289,3.4692724453040897,0.9740509027928773,2.6837844421637733,312.76744510509553
Barnard b,0.299,0.72,3.1542,0.0229,0.162,0.185,3195.0,-0.56,0.299,-0.5243288116755703,-0.14266750356873156,0.4988892274020688,0.4152777777777778
Barnard e,0.193,0.637,6.7392,0.0381,0.162,0.185,3195.0,-0.56,0.193,-0.7144426909922262,-0.19586056766464957,0.8286083451693738,0.3029827315541601
HD 224018 c,10.4,2.42,36.57669,0.217,1.013,1.147,5784.0,0.05,10.4,1.0170333392987803,0.38381536598043126,1.5632044015292188,4.297520661157025
Kepler-1012 b,2.21,1.29,5.50860439,0.06066,0.95,0.91,5556.0,0.05,2.21,0.3443922736851107,0.11058971029924898,0.7410415838800741,1.7131782945736433
Kepler-1754 b,6.53,2.43996509,8.195949554,0.0718,0.734,0.747,4723.0,0.08,6.53,0.814913181275074,0.3873836126793757,0.9135992766585306,2.6762677985692003
LHS 1678 d,0.907,0.981,4.9652229,0.04,0.345,0.329,3490.0,,0.907,-0.04239271293990473,-0.008330992620051497,0.6959387497230624,0.9245667686034659
HD 18143 c,3177.64841319,12.5,28982.41764,17.53,0.85,0.87,5078.0,0.28,3177.64841319,3.5021058435767105,1.0969100130080565,4.462134610393858,254.21187305520002
Kepler-935 b,2.39,1.35,4.88083852,0.0527,0.78,0.73,4830.0,-0.01,2.39,0.3783979009481377,0.13033376849500614,0.6884944394874923,1.7703703703703704
Kepler-1014 b,6.3,2.39,16.57110363,0.121,0.88,0.84,5388.0,-0.06,6.3,0.7993405494535817,0.3783979009481377,1.2193514332508446,2.6359832635983262
Kepler-1044 b,7.61,2.67,6.77408868,0.0741,1.08,1.11,5985.0,0.04,7.61,0.8813846567705729,0.42651126136457523,0.830850877720859,2.850187265917603
Kepler-66 b,8.25,2.8,17.815815,0.1352,1.038,0.966,5962.0,-0.2,8.25,0.9164539485499251,0.4471580313422192,1.2508056943214296,2.9464285714285716
Kepler-857 b,37.2,6.8,85.35129427,0.3751,0.99,0.99,5773.0,0.02,37.2,1.5705429398818975,0.8325089127062363,1.93121011115734,5.470588235294119
Wolf 1069 b,1.26,1.08,15.564,0.0672,0.167,0.1813,3158.0,0.07,1.26,0.10037054511756291,0.03342375548694973,1.192121222131705,1.1666666666666665
TOI-6330 b,3179.0,10.89,6.8500246,0.05763,0.531,0.49,3539.0,0.08,3179.0,3.5022905279147727,1.037027879755775,0.8356921311457206,291.9191919191919
NGTS-38 b,1516.04150139,12.11690814,180.52797,0.697,1.46,1.88,6310.0,0.33,1516.04150139,3.1807110901997064,1.0833918154540372,2.2565444986272674,125.11785051710395
TOI-5210 b,81.99972901,10.72699453,4.5661061,0.0557,1.105,1.209,5723.0,0.324,81.99972901,1.9138124171440078,1.0304780591633402,0.6595459987243378,7.644240777850009
TOI-5726.01,7.05,2.554,5.491125215,0.062186,1.06,1.106,5874.0,,7.05,0.8481891169913987,0.40722089292739644,0.7396613471083072,2.760375880971026
HD 194490 b,3561.90295725,12.4,13092.18348,11.116,1.06,1.14911,5861.32,0.08,3561.90295725,3.551682083093271,1.0934216851622351,4.117012083085186,287.25023848790323
HD 190228 b,1598.67688721,12.9,1143.59858,2.406,1.415,2.58658,5360.0,-0.24,1598.67688721,3.20376069621552,1.110589710299249,3.058273607425242,123.92844086899224
HD 206893 b,6197.6539365,14.01122587,11100.0,10.75,1.31,1.31116,6500.0,,6197.6539365,3.792227322522111,1.1464761342355236,4.045322978786658,442.3348816158939
HD 112570 b,1086.97315194,13.1,2615.0,3.9,1.15,9.85,4750.0,-0.4,1086.97315194,3.036218817215728,1.1172712956557642,3.417471693203293,82.97504976641221
HD 154391 b,2892.2385037,12.5,5163.0,7.46,2.07,8.56,4909.0,0.1,2892.2385037,3.4612341034806864,1.0969100130080565,3.7129021250472225,231.37908029599998
Kepler-1026 b,5.52,2.21,36.5156053,0.1977,0.79,0.75,4948.0,-0.02,5.52,0.7419390777291989,0.3443922736851107,1.5624785041085405,2.497737556561086
G 261-6 b,1.37,1.1,5.4536,0.02971,0.118,0.153162,2907.0,,1.37,0.1367205671564068,0.04139268515822508,0.7366832809903998,1.2454545454545454
TOI-5789 d,4.29,1.91,29.65,0.1756,0.821,0.833,5185.0,-0.12,4.29,0.6324572921847242,0.28103336724772754,1.4720246977002813,2.2460732984293195
TOI-5789 b,2.12,1.26,2.76369,0.03608,0.821,0.833,5185.0,-0.12,2.12,0.32633586092875144,0.10037054511756291,0.44148932711032723,1.6825396825396826
NGTS-39 b,466.25427307,12.195371,58.20472,0.3077,1.16,1.16,6053.0,0.196,466.25427307,2.6686228250038067,1.0861950166876309,1.7649582043549952,38.23206961641429
Gliese 48 b,8.11,2.77,39.6299,0.1752,0.47,0.463,3450.0,,8.11,0.909020854211156,0.4424797690644486,1.5980229764597766,2.927797833935018
Kepler-993 b,9.11,2.97,22.08557563,0.13,0.57,0.54,3843.0,0.03,9.11,0.9595183769729982,0.4727564493172124,1.3441087230272708,3.067340067340067
Kepler-80 d,6.75,1.53,3.07222,0.0372,0.73,0.678,4540.0,0.04,6.75,0.829303772831025,0.1846914308175988,0.4874523120642212,4.411764705882353
K2-411 b,0.937,0.9898,3.2141,0.0511,1.018,1.375,5711.0,0.1415,0.937,-0.02826040911222171,-0.0044525505248625636,0.5070593848021158,0.9466558900788038
TOI-6383 A b,331.0,11.29,1.79058695,0.02292,0.458,0.457,3444.0,,331.0,2.519827993775719,1.052693941924968,0.2529954149811734,29.317980513728966
TIC 139270665 b,147.15455244,7.22979255,23.624,0.163,1.035,1.016,5844.0,0.156,147.15455244,2.1677737021745944,0.8591258359276107,1.373353433957022,20.353910768850483
TOI-7149 b,224.0,13.2,2.65206166,0.02603,0.344,0.351,3363.0,-0.08,224.0,2.3502480183341627,1.1205739312058498,0.42358361712581727,16.96969696969697
Kepler-348 b,2.92,1.52,7.05677,0.076,1.189,1.359,6177.0,-0.03,2.92,0.4653828514484183,0.18184358794477254,0.8486059627850435,1.9210526315789473
TOI-5789 e,11.61,3.43,62.98,0.2901,0.821,0.833,5185.0,-0.12,11.61,1.0648322197385738,0.5352941200427705,1.799202656300525,3.3848396501457723
Kepler-332 b,1.71,1.17,7.626324,0.07,0.743,0.72,4955.0,-0.13,1.71,0.23299611039215382,0.06818586174616162,0.8823152520815113,1.4615384615384617
Kepler-914 b,2.48,1.38,4.40966548,0.05454,1.1,1.15,5877.0,0.22,2.48,0.3944516808262163,0.13987908640123647,0.6444056448645573,1.7971014492753625
K2-413 c,2.05,1.2327,5.3301,0.0426,0.808,0.7,4116.0,-0.205,2.05,0.31175386105575426,0.09085739598153371,0.7267353570642439,1.663016143425002
TOI-6086 b,1.76,1.18,1.3888725,0.01541,0.254,0.259,3200.0,0.11,1.76,0.24551266781414982,0.07188200730612536,0.14266237886360925,1.4915254237288136
Kepler-314 c,8.75,2.9,5.960392,0.064,0.99,0.95,5378.0,0.322,8.75,0.9420080530223133,0.4623979978989561,0.775274823135965,3.0172413793103448
HIP 29442 c,4.5,1.551,3.5379559,0.04518,0.901,0.98,5289.0,0.24,4.5,0.6532125137753437,0.19061179781360493,0.5487524152028685,2.9013539651837523
HD 63433 d,1.25,1.073,4.209075,0.0503,0.99,0.912,5688.0,0.03,1.25,0.09691001300805642,0.030599721965951066,0.6241866643548045,1.1649580615097856
Kepler-317 b,109.8,2.09,5.524242,0.061,0.865,0.941,5497.0,0.13,109.8,2.040602340114073,0.32014628611105395,0.742272695424796,52.535885167464116
TOI-7384 b,12.4,3.56,6.2340258,0.0439,0.318,0.319,3185.0,0.0,12.4,1.0934216851622351,0.5514499979728752,0.7947685953059874,3.4831460674157304
Kepler-1768 b,5.62,2.23346338,15.13589954,0.1286,1.24,1.572,6050.0,0.14,5.62,0.7497363155690611,0.3489788361477692,1.1800082365677307,2.5162713883403813
Kepler-981 b,5.95,2.31,4.469757736,0.0535,0.98,0.96,5718.0,0.01,5.95,0.7745169657285496,0.36361197989214433,0.6502839847047225,2.5757575757575757
Kepler-1043 b,7.04,2.55,38.5053398,0.2159,0.92,0.9,5629.0,-0.11,7.04,0.8475726591421122,0.4065401804339551,1.585520960284294,2.7607843137254906
HIP 113103 b,4.0,1.829,7.610303,0.06899,0.761,0.742,4930.0,-0.1,4.0,0.6020599913279624,0.26221370547641687,0.8814019483091229,2.1869874248223073
HD 73344 c,118.54999581,13.5,65.94,0.3388,1.19,1.22,6148.0,0.16,118.54999581,2.0739015429646166,1.130333768495006,1.8191489428071341,8.78148117111111
Kepler-62 e,36.0,1.61,122.3874,0.427,0.69,0.64,4925.0,-0.37,36.0,1.5563025007672873,0.20682587603184974,2.0877367087233982,22.360248447204967
HD 105618 c,8419.59232984,11.9,77114.07158,35.731,1.01,1.27399,5671.0,,8419.59232984,3.9252910638052145,1.0755469613925308,4.887133634236855,707.5287672134453
HIP 113103 c,6.35,2.4,14.245648,0.10479,0.761,0.742,4930.0,-0.1,6.35,0.8027737252919757,0.38021124171160603,1.1536822090281846,2.6458333333333335
Kepler-1053 b,0.904,0.98,2.414351654,0.0315,0.74,0.69,4529.0,0.1,0.904,-0.04383156952463668,-0.00877392430750515,0.3828005260219548,0.9224489795918368
Kepler-102 d,3.0,1.154,10.311767,0.08618,0.803,0.724,4909.0,0.11,3.0,0.47712125471966244,0.06220580881971259,1.0133330913355034,2.5996533795493937
GJ 887 d,6.1,2.34,50.77,0.212,0.495,0.468,3688.0,-0.06,6.1,0.785329835010767,0.3692158574101428,1.705607163404605,2.606837606837607
Kepler-347 b,4.54,1.97,12.79836,0.11,0.922,1.005,6088.0,-0.14,4.54,0.6570558528571039,0.2944662261615929,1.1071543221023776,2.3045685279187818
HD 11112 b,2598.56505563,12.6,17244.90764,13.38,1.07,1.47368,5905.64,0.1869,2598.56505563,3.414733593949896,1.100370545117563,4.2366608727222115,206.23532187539683
TIC 393818343 b,1379.37528638,12.18416202,16.24921,0.1291,1.082,1.086,5756.0,0.318,1379.37528638,3.1396824406721033,1.085795665436663,1.2108322514083847,113.21051740085117
Kepler-1032 b,4.16,1.87,3.290117953,0.0361,0.77,0.71,4647.0,0.16,4.16,0.6190933306267428,0.27184160653649897,0.5172114679860725,2.2245989304812834
WASP-132 d,1639.99458012,12.8,1816.6,2.71,0.789,0.758,4686.0,0.15,1639.99458012,3.214842412786804,1.1072099696478683,3.2592593098523635,128.124576571875
K2-157 c,30.8,6.08,25.942,0.165,0.89,0.86,5334.0,0.02,30.8,1.4885507165004443,0.7839035792727349,1.4140034549971356,5.065789473684211
HD 113337 c,6299.67685515,12.1,5429.93477,6.805,1.41,1.5,6774.0,0.07,6299.67685515,3.79931827268778,1.08278537031645,3.7347946124250875,520.634450838843
HD 94771 b,169.0,14.2,2164.0,3.48,1.2,1.903,5631.0,0.22,169.0,2.2278867046136734,1.1522883443830565,3.3352572564345317,11.901408450704226
TOI-6695 b,66.74396547,9.52763359,80.389,0.402,1.338,1.517,6400.0,0.2,66.74396547,1.8244120058935118,0.9789850468688278,1.9051966262841236,7.005303556179263
DMPP-2 d,91.79,11.6,16.491,0.1432,1.41,1.78,6500.0,,91.79,1.9627953698572331,1.0644579892269184,1.217246991685393,7.912931034482759
Kepler-335 b,11.4,3.39,6.562331,0.075,1.367,1.854,5877.0,0.278,11.4,1.0569048513364727,0.5301996982030822,0.8170581321530586,3.3628318584070795
Kepler-1023 b,7.41,2.63,62.1387714,0.30284,0.93,0.89,5494.0,0.05,7.41,0.8698182079793282,0.41995574848975786,1.7933626621877792,2.817490494296578
TOI-5592 b,285.72773789,17.14974047,2.6085846,0.03935,1.194,1.393,6237.0,-0.013,285.72773789,2.4559524028882613,1.2342575521747232,0.41640492605642965,16.660761624341944
HD 122562 c,73.10053361,10.1,84.96276,0.406,1.241,2.16627,4956.0,,73.10053361,1.8639205471771856,1.0043213737826426,1.9292286119447954,7.237676595049505
HD 115404 A c,3279.67133183,12.5,15319.22517,11.364,0.83,0.727007,5019.17,-0.1568,3279.67133183,3.5158303236127266,1.0969100130080565,4.185236799702376,262.3737065464
GJ 1002 c,1.36,1.1,21.202,0.0738,0.12,0.137,3024.0,-0.25,1.36,0.13353890837021754,0.04139268515822508,1.3263768301738084,1.2363636363636363
Kepler-932 b,2.45,1.37,1.921437396,0.02876,0.87,0.84,5331.0,-0.01,2.45,0.3891660843645325,0.1367205671564068,0.2836262389098303,1.7883211678832116
Kepler-139 e,378.0,13.7,2047.635373,3.23579639,1.078,1.045,5622.0,0.35,378.0,2.5774917998372255,1.1367205671564067,3.311252623401169,27.591240875912412
Kepler-328 c,39.4,5.4,71.312,0.354,1.15,1.06,6064.0,0.08,39.4,1.5954962218255742,0.7323937598229685,1.8531626167421011,7.296296296296296
TOI-7510 d,190.0,10.52,48.864468,0.2672,1.063,1.035,5720.0,0.25,190.0,2.278753600952829,1.0220157398177203,1.6889931748566034,18.060836501901143
Kepler-1779 b,9.44,3.03295685,16.34359932,0.1264,1.008,1.056,5730.0,0.16,9.44,0.9749719942980689,0.481866231629424,1.2133477065829052,3.1124742180225873
Kepler-973 b,4.5,1.96,49.6077331,0.2489,0.86,0.78,5213.0,-0.06,4.5,0.6532125137753437,0.292256071356476,1.6955493817498555,2.295918367346939
HD 203387 b,1106.04285636,13.1,512.5352,1.771,2.817,10.5852,5174.32,0.05,1106.04285636,3.0437719551061737,1.1172712956557642,2.7097236973196033,84.43075239389314
TOI-6016 b,371.85923619,13.67495645,4.023687,0.055,1.31,1.51,6110.0,0.28,371.85923619,2.570378572905754,1.1359259519301628,0.6046241898759489,27.19271813037474
HIP 99770 b,5403.082919,12.2,18600.0,15.8,1.9,1.93986,8000.0,,5403.082919,3.7326416325378666,1.0863598306747482,4.269512944217916,442.8756490983607
Kepler-1772 b,7.68,2.68609988,3.215090036,0.04391,0.942,0.934,5541.0,0.12,7.68,0.885361220031512,0.4291221574489924,0.5071931394967745,2.8591639712220975
GJ 2126 b,413.1769291,13.6,272.7,0.71,0.65,0.728,4159.0,0.6,413.1769291,2.6161360634664295,1.1335389083702174,2.43568513794163,30.38065655147059
TOI-5616 b,624.0,10.78,2.002849,0.0272,0.666,0.646,3996.0,0.14,624.0,2.795184589682424,1.0326187608507198,0.30164820793622676,57.88497217068646
Kepler-408 b,5.0,0.82,2.46502,0.03592,1.08,1.23,6104.0,-0.2,5.0,0.6989700043360189,-0.08618614761628333,0.39182044728643395,6.097560975609756
Kepler-10 d,12.0,3.49,151.06,0.5379,0.91,1.065,5708.0,-0.15,12.0,1.0791812460476249,0.5428254269591799,2.179149480361149,3.438395415472779
GJ 3988 b,3.69,1.74,6.9442,0.0405,0.1842,0.19734,3273.0,-0.12,3.69,0.5670263661590603,0.24054924828259971,0.841622220469927,2.1206896551724137
TOI-1408 c,7.6,2.22,2.1664,0.03587,1.312,1.53,6117.0,0.25,7.6,0.8808135922807914,0.3463529744506387,0.3357386470050503,3.423423423423423
HD 68475 b,1639.99458012,12.8,7832.0,7.27,0.83,0.79099,5022.0,0.07,1639.99458012,3.214842412786804,1.1072099696478683,3.8938726787950815,128.124576571875
HD 48265 c,1414.33641115,12.9,10418.0,10.4,1.38,2.05,5805.0,0.39,1414.33641115,3.150552722140524,1.110589710299249,4.017784353096679,109.63848148449613
Kepler-958 b,4.9,2.06,9.7678805,0.08631,0.91,0.86,5421.0,0.01,4.9,0.6901960800285137,0.31386722036915343,0.9898003378217517,2.3786407766990294
TOI-5624 d,4.9,3.584,13.731468,0.1067,0.858,0.82,5327.0,-0.023,4.9,0.6901960800285137,0.5543680009900877,1.1377169691536535,1.3671875
KOI-351 d,8.6,2.87,59.73667,0.32,1.2,1.2,6080.0,-0.12,8.6,0.9344984512435677,0.4578818967339923,1.7762410093472363,2.9965156794425085
Kepler-20 e,0.76,0.821,6.0984882,0.0637,0.929,0.9164,5495.0,0.07,0.76,-0.11918640771920865,-0.08565684288055925,0.7852221878350945,0.925700365408039
nu Oct A b,696.04421133,13.3,402.4,1.24,1.57,5.04,4910.0,0.18,696.04421133,2.842636825999711,1.1238516409670858,2.604657972047871,52.33415122781955
TOI-1288 c,85.7,11.1,416.0,1.07,0.9552,0.9583,5388.0,0.257,85.7,1.932980821923198,1.0453229787866574,2.6190933306267428,7.720720720720721
Kepler-104 c,7.14430805,3.13,23.668205,0.153,0.818,1.349,5711.0,-0.42,7.14430805,0.85396017229858,0.49554433754644844,1.3741653222233292,2.282526533546326
Kepler-507 b,5.69692195,1.3,3.568096926,0.04781,1.16,1.32,6113.0,0.06,5.69692195,0.7556402694976647,0.11394335230683679,0.5524366433092447,4.382247653846154
HN Lib b,5.46,2.2,36.116,0.1417,0.291,0.299,3347.0,-0.18,5.46,0.7371926427047373,0.3424226808222063,1.5576996443512143,2.4818181818181815
Kepler-49 d,235.982,1.6,2.576549,0.031,0.549,0.559,4252.0,0.03,235.982,2.372878877551434,0.2041199826559248,0.4110384061517451,147.48874999999998
HIP 10090 b,1229.99593509,13.0,2960.0,3.87,0.94,1.38268,5661.0,0.47,1229.99593509,3.089903676178504,1.1139433523068367,3.4712917110589387,94.61507193000001
Kepler-346 b,7.56,2.66,6.511127,0.071,0.943,1.021,6033.0,0.1,7.56,0.8785217955012065,0.424881636631067,0.8136561663745873,2.8421052631578942
Kepler-265 d,6.76,2.49,43.130617,0.236,0.97,1.103,5835.0,-0.11,6.76,0.829946695941636,0.3961993470957364,1.6347856709393367,2.7148594377510036
Kepler-399 b,0.84,0.96,14.425281,0.103,0.902,0.68,5502.0,0.14,0.84,-0.07572071393811836,-0.017728766960431602,1.1591242818319831,0.875
Kepler-110 c,5.52,2.21,31.719775,0.198,0.989,1.149,5960.0,-0.1498,5.52,0.7419390777291989,0.3443922736851107,1.5013300980464175,2.497737556561086
Kepler-1248 b,1.76,1.18,7.46725407,0.0806,1.21,1.21,6149.0,0.24,1.76,0.24551266781414982,0.07188200730612536,0.8731609282563179,1.4915254237288136
Kepler-1269 b,3.29,1.63,37.3331536,0.23611,1.1,1.15,5998.0,0.07,3.29,0.5171958979499743,0.21218760440395779,1.5720946771277662,2.0184049079754605
Kepler-1314 b,22.9,5.11,5.424749281,0.0504,0.6,0.59,4188.0,-0.22,22.9,1.359835482339888,0.7084209001347127,0.7343796709271307,4.481409001956947
Kepler-1870 b,5.07,2.10143764,3.606940031,0.0452,0.955,0.84,5508.0,0.07,5.07,0.705007959333336,0.32251650687739464,0.5571389217965196,2.412634047993925
Kepler-236 b,3.09,1.57,8.295611,0.065,0.596005,0.51,3750.0,-0.05,3.09,0.4899584794248346,0.19589965240923377,0.9188483788059603,1.968152866242038
Kepler-125 c,0.33,0.74,5.774464,0.051,0.542101,0.512,3810.0,-0.14,0.33,-0.4814860601221125,-0.13076828026902382,0.7615116781493493,0.445945945945946
Kepler-304 d,8.0,2.75,9.653471,0.08,0.737,0.687,4731.0,0.03,8.0,0.9030899869919435,0.43933269383026263,0.9846834962564855,2.909090909090909
Kepler-326 d,6.9,1.21,6.766888,0.066,0.91,0.801,5105.0,0.2385,6.9,0.8388490907372553,0.08278537031645007,0.8303889884556127,5.702479338842975
Kepler-126 c,1.27942148,1.58,21.869741,0.162,1.108,1.358,6239.0,-0.16,1.27942148,0.10701363774246485,0.19865708695442263,1.3398436397849227,0.8097604303797469
Kepler-400 c,2.83,1.49,17.340824,0.134,1.08,1.145,5886.0,0.0844,2.83,0.45178643552429026,0.17318626841227402,1.2390697304037788,1.8993288590604027
Kepler-1089 b,4.01,1.83,5.132485618,0.0497,0.52,0.49,3753.0,-0.09,4.01,0.6031443726201823,0.26245108973042947,0.7103277410855929,2.191256830601093
Kepler-102 f,4.3,0.861,27.453592,0.1656,0.803,0.724,4909.0,0.11,4.3,0.6334684555795865,-0.06499684854634524,1.438599175151177,4.994192799070848
Kepler-1223 b,1.98,1.22,16.301259,0.1186,0.8,0.75,4870.0,0.04,1.98,0.2966651902615311,0.08635983067474821,1.2122211476946012,1.6229508196721312
Kepler-1853 b,2.92,1.51862272,48.88819885,0.2395,0.765,0.788,4821.0,0.16,2.92,0.4653828514484183,0.18144989303749742,1.689204037183749,1.9227948861452566
Kepler-512 b,7.7,2.69,34.43587975,0.21395,1.17,1.3,5997.0,0.22,7.7,0.8864907251724818,0.42975228000240795,1.5370111825932988,2.862453531598513
Kepler-369 b,1.51,1.13,2.732756,0.03,0.5,0.471,3591.0,-0.09,1.51,0.17897694729316943,0.05307844348341968,0.43660085650633523,1.336283185840708
Kepler-305 c,6.0,3.3,8.291,0.07568,0.76,0.8,5080.0,0.09,6.0,0.7781512503836436,0.5185139398778874,0.9186069151449819,1.8181818181818183
Kepler-975 c,80.2,10.69,5.05821338,0.0567,0.951,1.667,4883.0,0.56,80.2,1.9041743682841634,1.028977705208778,0.7039971460447424,7.5023386342376055
Kepler-22 b,9.1,2.1,289.863876,0.812,0.857,0.869,5596.0,-0.255,9.1,0.9590413923210935,0.3222192947339193,2.462194095205281,4.333333333333333
Kepler-1995 b,16.9,4.28,73.7578875,0.3259,0.847,0.93,5029.0,0.48,16.9,1.2278867046136734,0.631443769013172,1.8678084695934145,3.948598130841121
Kepler-1227 b,5.86,2.29,94.2887577,0.38555,0.97,0.95,5747.0,-0.04,5.86,0.7678976160180907,0.359835482339888,1.974459913735025,2.558951965065502
Kepler-1272 b,6.21,2.37,51.1309704,0.2705,1.06,1.09,5926.0,0.06,6.21,0.7930916001765802,0.37474834601010387,1.7086840351549748,2.620253164556962
Kepler-201 c,8.5,2.85,151.884058,0.573,1.098,1.229,6065.0,-0.0442,8.5,0.9294189257142927,0.4548448600085102,2.1815121919933333,2.982456140350877
Kepler-215 c,3.78,1.77,14.667108,0.113,0.788,1.027,5739.0,-0.4425,3.78,0.5774917998372253,0.24797326636180664,1.1663444898856838,2.135593220338983
Kepler-267 c,5.18,2.13,6.87745,0.06,0.541571,0.555,4258.0,-0.18,5.18,0.714329759745233,0.3283796034387377,0.8374274416930508,2.431924882629108
Kepler-373 c,2.07,1.24,16.725948,0.126,0.981,0.845,5787.0,0.14,2.07,0.3159703454569177,0.09342168516223506,1.2233907422545727,1.6693548387096773
Kepler-54 d,12.0946,1.53,20.995694,0.126,0.518,0.554,4252.0,-0.27,12.0946,1.0825915096829848,0.1846914308175988,1.3221302345533383,7.904967320261438
Kepler-329 b,2.54,1.4,7.416397,0.061,0.602,0.523,4257.0,-0.44,2.54,0.40483371661993806,0.146128035678238,0.8701929695580352,1.8142857142857145
Kepler-279 d,37.5,3.1,54.414,0.2901,1.1,1.07,6689.45,-0.1141,37.5,1.5740312677277188,0.4913616938342727,1.7357106522811232,12.096774193548386
HD 219134 c,4.36,1.511,6.76458,0.0653,0.81,0.778,4699.0,0.11,4.36,0.6394864892685861,0.17926446433902535,0.8302408372463052,2.8855062872270025
Kepler-1198 b,2.76,1.47,7.6847716,0.0732,0.93,0.9,5517.0,0.03,2.76,0.4409090820652177,0.1673173347481761,0.8856309643102319,1.8775510204081631
Kepler-161 c,3.61,2.05,7.06424,0.068,0.853,0.806,5078.0,0.24,3.61,0.557507201905658,0.31175386105575426,0.849065445510774,1.7609756097560976
Kepler-1294 b,10.3,3.19,115.6862258,0.4684,0.99,0.97,5776.0,-0.03,10.3,1.0128372247051722,0.5037906830571811,2.06328165268411,3.2288401253918497
Kepler-1319 b,2.36,1.34,2.886762645,0.0296,0.56,0.54,3655.0,0.44,2.36,0.37291200297010657,0.12710479836480765,0.46041107684766486,1.761194029850746
Kepler-275 d,11.1,3.33,35.676062,0.224,1.189,1.383,6165.0,0.08,11.1,1.0453229787866574,0.5224442335063199,1.5523769099962133,3.333333333333333
Kepler-374 b,1.08,1.03,1.897806,0.029,1.033,0.911,5977.0,0.1111,1.08,0.03342375548694973,0.012837224705172217,0.2782518153432975,1.0485436893203883
Kepler-306 d,6.66,2.47,17.326644,0.12,0.75,0.719,4954.0,-0.13,6.66,0.8234742291703011,0.39269695325966575,1.2387144523028903,2.6963562753036436
Kepler-305 e,3.87,1.7938153,3.20538,0.04017,0.82,0.827279,4974.0,0.09,3.87,0.5877109650189114,0.2537777239253037,0.5058795228159638,2.1574127503539526
Kepler-11 f,2.0,2.49,46.6888,0.25,0.961,1.065,5663.0,0.05,2.0,0.3010299956639812,0.3961993470957364,1.6692127117959676,0.8032128514056224
Kepler-276 d,16.3,2.8,48.648,0.24666,1.1,1.03,5693.0,-0.29,16.3,1.212187604403958,0.4471580313422192,1.6870649904046147,5.821428571428572
Kepler-36 c,7.13,3.679,16.21865,0.12692,1.034,1.634,5979.0,-0.18,7.13,0.8530895298518656,0.5657297878311269,1.2100147017893872,1.9380266376732809
Kepler-1251 b,4.04,1.84,45.0904643,0.2478,0.92,0.89,5545.0,-0.04,4.04,0.6063813651106049,0.2648178230095365,1.6540847072934808,2.1956521739130435
Kepler-1843 b,7.8,2.70909809,25.54339981,0.17871,1.02,1.782,5422.0,0.02,7.8,0.8920946026904804,0.4328247300883543,1.4072787010893508,2.8791869990945953
Kepler-1857 b,4.5,1.96065412,8.94340992,0.08308,0.873,1.005,6074.0,-0.54,4.5,0.6532125137753437,0.2924009863122174,0.9515031370381102,2.295152395364869
Kepler-190 c,2.73,1.46,3.763024,0.045,0.834,0.795,5106.0,0.06,2.73,0.436162647040756,0.1643528557844371,0.5755369881934564,1.86986301369863
Kepler-123 c,2.79,1.48,26.695074,0.181,1.079,1.264,6089.0,-0.08,2.79,0.44560420327359757,0.17026171539495738,1.4264311290803153,1.885135135135135
Kepler-380 c,2.15,1.27,7.630004,0.078,0.99,1.224,6045.0,-0.16,2.15,0.33243845991560533,0.10380372095595687,0.8825247656321377,1.6929133858267715
Kepler-283 c,3.97,1.82,92.743711,0.341,0.596,0.566,4351.0,-0.17,3.97,0.5987905067631151,0.2600713879850748,1.9672844695474685,2.1813186813186816
KELT-6 c,1179.1493,13.0,1276.0,2.39,1.126,1.529,6272.0,-0.27,1179.1493,3.071568797513283,1.1139433523068367,3.1058506743851435,90.70379230769231
Kepler-85 b,1.84,1.778,8.3,0.07885,0.928,0.875,5505.2,0.12,1.84,0.2648178230095365,0.2499317566341949,0.919078092376074,1.0348706411698538
Kepler-799 c,8.15,2.78068551,15.19419956,0.1214,1.031,1.593,5588.0,0.14,8.15,0.9111576087399766,0.4441518737994858,1.1816778261118135,2.9309319485035905
Kepler-1884 b,3.95,1.81406781,8.988320351,0.0845,0.993,0.906,5984.0,-0.2,3.95,0.5965970956264602,0.25865351699000727,0.9536785426291841,2.1774268735852824
Kepler-381 b,0.937,0.99,5.629021,0.066,1.144,1.568,6152.0,-0.2016,0.937,-0.02826040911222171,-0.004364805402450088,0.7504328688710936,0.9464646464646466
Kepler-84 d,2.48,1.38,4.224537,0.052,1.06,1.169,6031.0,-0.07,2.48,0.3944516808262163,0.13987908640123647,0.6257791181700681,1.7971014492753625
Kepler-334 b,1.46,1.12,5.470319,0.061,1.022,1.068,5828.0,-0.012,1.46,0.1643528557844371,0.04921802267018165,0.7380126528234109,1.3035714285714284
Kepler-285 c,1.46,1.12,6.186676,0.064,0.915,0.808,5411.0,0.17,1.46,0.1643528557844371,0.04921802267018165,0.7914573723483275,1.3035714285714284
Kepler-1232 b,4.38,1.93,26.7839183,0.16545,0.92,0.89,5471.0,0.06,4.38,0.6414741105040995,0.28555730900777376,1.4278741115702864,2.2694300518134716
Kepler-1858 b,6.44,2.42168247,88.07160187,0.3575,0.785,0.819,4939.0,0.16,6.44,0.8088858673598122,0.3841171980278265,1.944835895479983,2.659308179242839
Kepler-204 c,3.86,1.79,25.660593,0.173,1.038,1.238,5812.0,0.07,3.86,0.5865873046717549,0.2528530309798932,1.409266688424412,2.1564245810055866
Kepler-515 b,2.73,1.46,19.96371318,0.1333,0.9,0.83,5293.0,0.08,2.73,0.436162647040756,0.1643528557844371,1.300241321701092,1.86986301369863
Kepler-221 e,7.86706,2.63,18.369917,0.13,0.854,0.821,5243.0,0.0616,7.86706,0.8958124624316893,0.41995574848975786,1.264107194056302,2.991277566539924
Kepler-1877 b,0.179,0.624086,2.377569914,0.03472,1.022,0.936,5615.0,0.24,0.179,-0.7471469690201068,-0.20475555975358795,0.37613329651080907,0.2868194447560112
Kepler-350 d,14.9,2.8,26.136,0.1786,1.0,1.25,6492.3,0.041,14.9,1.173186268412274,0.4471580313422192,1.417239121467381,5.321428571428572
Kepler-58 e,597.796,1.61,4.45814897,0.0533,1.017,1.083,6100.0,-0.12,597.796,2.7765530047418374,0.20682587603184974,0.6491545764295549,371.30186335403727
Kepler-1679 b,4.93,2.0692036,9.75376,0.0892,0.96,0.873196,5501.0,-0.04,4.93,0.69284691927723,0.31580322532315297,0.9891720651823477,2.3825591643084327
Kepler-58 c,53.0,2.86,15.5741568,0.12307,0.95,1.03,5843.0,0.1,53.0,1.724275869600789,0.456366033129043,1.1924045428419554,18.531468531468533
Kepler-1844 b,9.46,3.03648191,3.924510002,0.0478,0.939,0.849,5776.0,-0.18,9.46,0.9758911364017928,0.4823706981341693,0.5937854402629614,3.115447508132858
Kepler-1278 b,1.01,1.01,3.23941344,0.04417,1.11,1.16,6074.0,0.02,1.01,0.004321373782642578,0.004321373782642578,0.5104663797026753,1.0
Kepler-1864 b,0.353,0.75408365,3.881510019,0.049,1.03,0.979,5854.0,0.06,0.353,-0.4522252946121775,-0.12258047545864037,0.589000711506984,0.46811782751157643
Kepler-1324 b,2.89,1.51,4.115844679,0.0466,0.78,0.73,4776.0,0.05,2.89,0.4608978427565479,0.17897694729316943,0.6144589772842742,1.913907284768212
Kepler-462 c,6.0,4.0,207.62,0.7584,1.59,1.57,7500.0,0.05,6.0,0.7781512503836436,0.6020599913279624,2.31726918670662,1.5
Kepler-226 d,1.98,1.22,8.109044,0.076,0.904,0.802,5571.0,0.09,1.98,0.2966651902615311,0.08635983067474821,0.9089696569241668,1.6229508196721312
Kepler-221 b,5.95575,1.71,2.795906,0.037,0.854,0.821,5243.0,0.0616,5.95575,0.7749364594127107,0.23299611039215382,0.4465225660838193,3.4828947368421055
Kepler-245 c,26.7,2.18,17.460812,0.124,0.856,0.795,5100.0,0.12,26.7,1.4265112613645752,0.33845649360460484,1.242064436329425,12.247706422018348
Kepler-352 b,0.566,0.86,10.05537,0.085,0.798,0.781,5212.0,-0.11,0.566,-0.24718356881172862,-0.06550154875643228,1.0023980556390653,0.6581395348837209
Kepler-382 c,3.15,1.59,12.162701,0.097,1.002,0.945,5600.0,0.082,3.15,0.4983105537896005,0.2013971243204515,1.0850300304578724,1.981132075471698
Kepler-336 b,1.04,1.02,2.024823,0.033,1.09,1.304,5867.0,0.337,1.04,0.01703333929878037,0.00860017176191757,0.30638706533685933,1.0196078431372548
HD 11755 b,1789.3829,12.8,433.70001,1.09,0.72,20.58,4312.0,-0.74,1789.3829,3.2527032827495836,1.1072099696478683,2.637189432162469,139.79553906249998
Kepler-385 c,13.2,3.04,15.163161,0.127,0.992,1.126,6326.0,0.01,13.2,1.1205739312058498,0.48287358360875376,1.1807897462667434,4.342105263157895
Kepler-267 d,5.77,2.27,28.464515,0.154,0.541571,0.555,4258.0,-0.18,5.77,0.7611758131557314,0.35602585719312274,1.4543037883717653,2.541850220264317
Kepler-384 c,1.51,1.13,45.348269,0.236,0.882,0.882,5577.0,-0.29,1.51,0.17897694729316943,0.05307844348341968,1.6565607141503396,1.336283185840708
Kepler-299 e,4.16,1.87,38.285489,0.22,1.004,1.032,5617.0,0.12,4.16,0.6190933306267428,0.27184160653649897,1.5830341984756775,2.2245989304812834
8 UMi b,524.41687155,13.5,93.31,0.462,1.51,10.73,4847.0,-0.03,524.41687155,2.719676655373499,1.130333768495006,1.969928189428116,38.84569418888889
Kepler-1104 b,2.04,1.23,5.03728015,0.06321,1.3,1.41,6417.0,0.13,2.04,0.3096301674258988,0.08990511143939793,0.7021961049605007,1.6585365853658538
Kepler-1987 e,4.35,1.92,8.74292005,0.0765,0.799,0.714,4769.0,0.12,4.35,0.6384892569546373,0.28330122870354957,0.9416565069824007,2.265625
Kepler-1830 b,11.1,3.32992941,56.49330139,0.31769,1.443,2.046,6160.0,0.24,11.1,1.0453229787866574,0.5224350271482366,1.7519969550437244,3.333403995491904
Kepler-182 b,7.18,2.58,9.825792,0.096,1.114,1.146,6250.0,0.072,7.18,0.8561244442423003,0.41161970596323016,0.9923675664130558,2.782945736434108
Kepler-1688 b,2.13,1.26174569,5.62012,0.0577,0.814,0.746,4632.11,-0.046,2.13,0.3283796034387377,0.10097182990073914,0.7497455886618448,1.6881373297974174
Kepler-385 b,12.8,2.73,10.043686,0.097,0.992,1.126,6326.0,0.01,12.8,1.1072099696478683,0.436162647040756,1.0018931267211946,4.688644688644689
Kepler-55 f,3.15,1.59,10.198545,0.081,0.631,0.619,4503.0,-0.01,3.15,0.4983105537896005,0.2013971243204515,1.0085382165124386,1.981132075471698
Kepler-339 d,14.7,1.17,10.558345,0.091,0.87,0.802,5631.0,0.033,14.7,1.167317334748176,0.06818586174616162,1.0235958487189567,12.564102564102564
Kepler-1669 d,1.98,1.22,4.72941177,0.0468,0.609,0.603,4224.0,-0.2,1.98,0.2966651902615311,0.08635983067474821,0.6748071278563278,1.6229508196721312
Kepler-69 c,3.57,1.71,242.4613,0.64,0.81,0.93,5638.0,-0.29,3.57,0.5526682161121932,0.23299611039215382,2.3846424293807456,2.087719298245614
HAT-P-57 b,448.1403,19.50366,2.4653,0.0406,2.77,1.85,6330.0,-0.25,448.1403,2.651414000553617,1.290116117447251,0.3918697757093613,22.977241194729604
Kepler-1067 c,3.7,1.74682428,5.425839901,0.06069,0.981,0.934,5594.0,0.16,3.7,0.568201724066995,0.2422492197713642,0.7344669749880446,2.118129477797275
Kepler-299 d,4.12,1.86,15.054786,0.118,1.004,1.032,5617.0,0.12,4.12,0.6148972160331346,0.26951294421791633,1.1776745865057243,2.21505376344086
Kepler-208 c,2.51,1.39,7.466623,0.079,1.082,1.314,6092.0,-0.0423,2.51,0.3996737214810381,0.14301480025409505,0.8731242237598803,1.8057553956834531
Kepler-530 b,9.32,3.01,39.30941904,0.21491,0.97,0.89,5697.0,-0.08,9.32,0.9694159123539814,0.47856649559384334,1.5944966253620214,3.0963455149501664
Kepler-354 d,2.07,1.24,24.209842,0.146,0.652,0.674,4648.0,-0.03,2.07,0.3159703454569177,0.09342168516223506,1.3839919551273152,1.6693548387096773
Kepler-339 c,7.3,1.15,6.988055,0.069,0.87,0.802,5631.0,0.033,7.3,0.8633228601204559,0.06069784035361165,0.8443563144709542,6.347826086956522
Kepler-1114 b,2.39,1.35,14.97435694,0.11056,0.87,0.83,5374.0,-0.08,2.39,0.3783979009481377,0.13033376849500614,1.1753481810843138,1.7703703703703704
Kepler-114 d,3.9,2.53,11.776,0.08358,0.56,0.54,4660.0,0.2291,3.9,0.5910646070264992,0.40312052117581787,1.0709977969934237,1.541501976284585
Kepler-303 c,1.55,1.14,7.061149,0.057,0.575,0.485,3944.0,-0.4136,1.55,0.1903316981702915,0.05690485133647256,0.8488753758050845,1.3596491228070178
Kepler-1212 b,5.22,2.14,12.94130146,0.1082,1.1,1.15,6051.0,0.03,5.22,0.7176705030022621,0.33041377334919086,1.1119779539582266,2.439252336448598
Kepler-394 c,3.39,1.66,12.130686,0.11,0.87,1.132,6402.0,-0.3,3.39,0.5301996982030822,0.22010808804005508,1.0838853612614987,2.0421686746987953
Kepler-393 c,2.33,1.33,14.613612,0.124,1.256,1.382,6189.0,0.0322,2.33,0.367355921026019,0.12385164096708581,1.164757572388155,1.7518796992481203
Kepler-318 c,13.1,3.68,11.815007,0.105,1.073,1.189,5746.0,0.332,13.1,1.1172712956557642,0.5658478186735176,1.0724339832735483,3.559782608695652
Kepler-1241 b,7.41,2.63,18.5525701,0.1336,0.84,0.8,5261.0,-0.09,7.41,0.8698182079793282,0.41995574848975786,1.2684040812250146,2.817490494296578
Kepler-185 b,1.71,1.17,1.6329,0.026,0.763,0.806,5208.0,-0.14,1.71,0.23299611039215382,0.06818586174616162,0.2129595890367362,1.4615384615384617
Kepler-1283 b,4.31,1.91,12.9460978,0.1062,1.16,1.25,6175.0,0.04,4.31,0.6344772701607315,0.28103336724772754,1.112138883528497,2.256544502617801
Kepler-1714 b,10.7,3.26437302,10.27530003,0.10549,1.448,2.086,6150.0,0.22,10.7,1.0293837776852097,0.5137997797605565,1.0117945117618337,3.277811676068809
Kepler-1331 b,1.16,1.05,0.789161653,0.0142,0.72,0.69,4508.0,0.05,1.16,0.06445798922691845,0.021189299069938092,-0.10283402617594695,1.1047619047619046
Kepler-319 b,3.29,1.63,4.362705,0.051,0.933,0.903,5526.0,0.06,3.29,0.5171958979499743,0.21218760440395779,0.6397558475952075,2.0184049079754605
Kepler-396 b,75.5,3.5,42.994,0.24067,0.85,1.06,5656.0,0.1558,75.5,1.8779469516291882,0.5440680443502757,1.633407852121307,21.571428571428573
Kepler-1085 c,10.7,3.26817741,56.7771,0.29798,1.05,1.0783,5816.0,0.22,10.7,1.0293837776852097,0.5143056237761525,1.7541732063271844,3.2739960711006812
Kepler-1084 b,1.41,1.11,2.05333679,0.0324,1.12,1.28,6113.0,-0.02,1.41,0.14921911265537988,0.045322978786657475,0.31246018855352703,1.2702702702702702
Kepler-1108 b,2.73,1.46,4.51005748,0.0511,0.88,0.84,5406.0,-0.09,2.73,0.436162647040756,0.1643528557844371,0.6541820769306751,1.86986301369863
Kepler-1214 b,6.17,2.36,18.82634264,0.128,0.85,0.8,5130.0,0.05,6.17,0.7902851640332417,0.37291200297010657,1.2747659585965176,2.614406779661017
Kepler-155 c,5.65,2.24,52.661793,0.242,0.635,0.62,4508.0,-0.142,5.65,0.7520484478194386,0.35024801833416286,1.721495641643382,2.5223214285714284
Kepler-396 c,17.9,5.3,88.505,0.38946,0.85,1.06,5656.0,0.1558,17.9,1.252853030979893,0.724275869600789,1.9469678064161395,3.3773584905660377
Kepler-1369 b,7.7,2.69,25.873148,0.1741,0.99,0.99,5761.0,0.0,7.7,0.8864907251724818,0.42975228000240795,1.4128492727773925,2.862453531598513
Kepler-1370 b,4.04,1.84,20.2641684,0.15763,1.19,1.29,6202.0,0.05,4.04,0.6063813651106049,0.2648178230095365,1.3067287858866599,2.1956521739130435
Kepler-252 b,2.04,1.23,6.668391,0.058,0.61,0.549,4208.0,-0.13,2.04,0.3096301674258988,0.08990511143939793,0.8240210566874556,1.6585365853658538
Kepler-360 c,5.06,2.1,7.186434,0.075,0.994,1.058,6053.0,0.15,5.06,0.7041505168397991,0.3222192947339193,0.8565134413843022,2.4095238095238094
Kepler-245 e,1806.36,1.75,3.219821056,0.04053,0.86,0.8,5174.0,0.05,1806.36,3.25680430767898,0.24303804868629444,0.5078317361209091,1032.2057142857143
Kepler-298 d,6.8,2.5,77.473633,0.305,0.66,0.582,4465.0,-0.21,6.8,0.8325089127062363,0.3979400086720376,1.8891539219775435,2.7199999999999998
Kepler-324 b,2414.4,1.14,4.385315,0.05,0.901,0.84,5194.0,0.18,2414.4,3.3828092224315145,0.05690485133647256,0.642000794474777,2117.8947368421054
Kepler-1796 b,8.0,2.75047868,29.4557991,0.1879,1.018,0.949,6036.0,-0.16,8.0,0.9030899869919435,0.4394082829181281,1.469170809112854,2.908584624986077
Kepler-520 c,1.24,1.07,5.21104261,0.06035,1.1,1.09,6112.0,-0.03,1.24,0.09342168516223506,0.029383777685209667,0.716924624349301,1.158878504672897
Kepler-1244 b,2.39,1.35,3.70428172,0.0502,1.46,1.77,6680.0,0.05,2.39,0.3783979009481377,0.13033376849500614,0.5687040084604452,1.7703703703703704
Kepler-169 c,1.92,1.21,6.195469,0.062,0.825,0.763,4997.0,0.17,1.92,0.28330122870354957,0.08278537031645007,0.792074188258866,1.5867768595041323
Kepler-97 b,3.51,1.48,2.58664,0.03563,0.94,0.98,5779.0,-0.2,3.51,0.5453071164658241,0.17026171539495738,0.4127359892527471,2.3716216216216215
Kepler-1336 b,4.58,1.98,23.198681,0.15845,0.94,1.3,5512.0,0.05,4.58,0.6608654780038692,0.2966651902615311,1.3654632930501216,2.313131313131313
Kepler-301 d,3.71,1.75,13.751243,0.112,1.022,0.9,5815.0,0.187,3.71,0.5693739096150459,0.24303804868629444,1.1383419566129904,2.12
Kepler-104 d,5.54022107,3.58,51.755394,0.257,0.818,1.349,5711.0,-0.42,5.54022107,0.7435270946139114,0.5538830266438743,1.7139556191020544,1.5475477849162012
Kepler-1192 b,6.17,2.36,25.2034787,0.1693,0.86,0.83,5438.0,-0.16,6.17,0.7902851640332417,0.37291200297010657,1.4014604882397579,2.614406779661017
Kepler-516 b,27.9,5.74,24.85462415,0.1992,1.62,2.02,7099.0,0.01,27.9,1.4456042032735976,0.7589118923979735,1.3954072001519364,4.860627177700348
Kepler-1851 b,14.5,3.90012032,12.02289963,0.1016,0.967,0.879,5982.0,-0.28,14.5,1.1613680022349748,0.5910780053613769,1.08000922153036,3.7178340180028084
Kepler-212 b,1.32,1.09,16.257582,0.133,1.166,1.455,5852.0,0.22,1.32,0.12057393120584989,0.037426497940623665,1.2110559531801794,1.2110091743119267
Kepler-1372 b,2.15,1.27,1.311555568,0.024,0.98,0.97,5677.0,0.05,2.15,0.33243845991560533,0.10380372095595687,0.11778669550931722,1.6929133858267715
Kepler-364 b,3.02,1.55,25.745718,0.178,1.076,1.284,6108.0,-0.031,3.02,0.48000694295715063,0.1903316981702915,1.410705007994284,1.9483870967741934
KELT-23 A b,298.12454,14.829507,2.255251,0.03302,0.944,0.996,5899.0,-0.105,298.12454,2.4743977262773016,1.1711267133521523,0.35319488406261357,20.10346938708077
HD 191939 d,2.8,2.995,38.353037,0.2132,0.81,0.94,5348.0,-0.15,2.8,0.4471580313422192,0.4763968267253302,1.5837997594223996,0.9348914858096827
HATS-77 b,436.69623122,13.05846252,3.0876262,0.03607,0.655,0.6428,4071.0,0.253,436.69623122,2.6401794438851134,1.1158920468941456,0.489624717472102,33.44162687997668
TOI-4479 b,8.35,2.82,1.1589,0.0164,0.452,0.451,3400.0,0.0,8.35,0.921686475483602,0.45024910831936105,0.06404596286448279,2.9609929078014185
TOI-1752 c,5.86,2.29,32.71443,0.1614,0.524,0.53,3762.0,-0.11,5.86,0.7678976160180907,0.359835482339888,1.5147393577686854,2.558951965065502
TOI-1753 b,16.6,2.47852533,5.3846104,0.059,0.9483,0.9715,5621.0,0.026,16.6,1.2201080880400552,0.39419336166078406,0.7311542856746278,6.697530906412
TOI-2274 b,6.57,2.45,2.67963,0.05,0.612,0.631,3943.0,,6.57,0.8175653695597808,0.3891660843645325,0.4280748313229455,2.6816326530612242
Kepler-43 b,1026.5909,13.663771,3.0240949,0.046,1.32,1.42,6041.0,0.33,1026.5909,3.0113974102293404,1.1355705747830334,0.4805954157642361,75.1323262077504
Kepler-858 b,21.1,4.87,76.13602028,0.33939,0.96,0.91,5653.0,-0.04,21.1,1.3242824552976926,0.6875289612146344,1.881590171984433,4.33264887063655
TOI-3023 b,197.05361234,16.43236571,3.9014971,0.0505,1.12,1.668,5760.0,0.085,197.05361234,2.2945844006578464,1.2157000917879883,0.5912312884386703,11.991798126795707
Kepler-1752 b,18.7,4.54060463,56.35850143,0.2698,0.824,0.821,5446.0,-0.2,18.7,1.271841606536499,0.6571136876563669,1.7509594367202443,4.118394250062684
Kepler-1408 b,0.64,0.89,2.99793191,0.04218,1.21,1.35,6170.0,0.0,0.64,-0.1938200260161128,-0.05060999335508721,0.47682176478741595,0.7191011235955056
HIP 54373 b,8.62,2.87,7.76,0.063,0.57,0.564998,4021.0,,8.62,0.9355072658247128,0.4578818967339923,0.8898617212581884,3.003484320557491
Teegarden's Star b,1.16,1.05,4.90634,0.0259,0.097,0.12,3034.0,-0.11,1.16,0.06445798922691845,0.021189299069938092,0.6907576406921049,1.1047619047619046
TOI-1227 b,66.5,9.57246952,27.36397,0.0886,0.17,0.56,3072.0,,66.5,1.8228216453031045,0.9810239921712652,1.4371791056217709,6.9470056667258
TOI-1758 b,6.9,3.62,20.705074685,0.141409,0.88,0.81,5169.0,-0.02,6.9,0.8388490907372553,0.5587085705331657,1.3160768013790818,1.9060773480662985
TOI-2040 b,248.22398587,10.32347122,3.8608576,0.0473,0.92,0.87,5132.0,0.3,248.22398587,2.3948437450421416,1.0138257513815745,0.5866837838372849,24.04462419472895
TOI-2567 b,63.88350981,10.92875618,5.983944,0.0672,1.13,1.686,5611.0,0.241,63.88350981,1.8053887686004761,1.0385707369816382,0.7769875205842147,5.845451097802787
Kepler-1410 b,3.82,1.78,60.866168,0.2543,0.63,0.6,4092.0,0.01,3.82,0.5820633629117087,0.250420002308894,1.784375960388769,2.1460674157303368
HD 24085 b,11.8,3.46,2.0455,0.034,1.22,1.412551,6034.0,0.17,11.8,1.0718820073061255,0.5390760987927766,0.3107994838343926,3.410404624277457
WASP-87 b,692.8694,15.524465,1.682795,0.02946,1.204,1.627,6450.0,,692.8694,2.840651381502842,1.1910166425651187,0.2260312129505949,44.63080692313713
TOI-163 b,387.7526,16.690201,4.231306,0.058,1.4352,1.648,6495.0,0.22,387.7526,2.5885547185729854,1.2224615669168275,0.6264744338177096,23.232350527114683
HD 216520 b,10.26,3.18,35.45,0.198,0.82,0.76,5103.0,-0.16,10.26,1.0111473607757975,0.5024271199844327,1.5496162395190853,3.2264150943396226
TOI-1775 b,96.0,8.04728896,10.2405549,0.08,0.9218,0.8288,5284.0,0.162,96.0,1.9822712330395684,0.9056495961424593,1.0103234901826523,11.929483392131107
Kepler-296 c,4.66,2.0,5.8416366,0.0521,0.498,0.48,3740.0,-0.08,4.66,0.6683859166900001,0.3010299956639812,0.7665345366287012,2.33
WASP-187 b,254.264,18.38276,5.147878,0.0653,1.54,2.83,6150.0,0.0,254.264,2.4052848748901807,1.2644107172123493,0.7116282459723214,13.831655311824775
HD 161178 b,181.16219199,14.1,279.3,0.85,1.06,10.95,4786.0,-0.21,181.16219199,2.258067566832084,1.14921911265538,2.446070935701005,12.848382410638298
GJ 514 b,5.2,2.13,140.43,0.422,0.51,0.5,3728.0,-0.14,5.2,0.7160033436347992,0.3283796034387377,2.1474598958471045,2.4413145539906105
HD 77946 b,10.9,2.89646124,6.527363,0.073,1.1973,1.3174,6007.0,0.215,10.9,1.0374264979406236,0.4618677212118244,0.8147377653715184,3.763212795486951
TOI-2345 c,7.27,2.451,21.064302,0.1257,0.727,0.729,4687.0,-0.1,7.27,0.8615344108590378,0.38934331125207794,1.3235470726453593,2.9661362709098325
Kepler-876 b,2.63,1.43,5.14438011,0.0549,0.81,0.77,5060.0,-0.03,2.63,0.41995574848975786,0.1553360374650618,0.7113330504248417,1.8391608391608392
Kepler-1894 c,1.92,1.21,5.05368985,0.0576,0.999,0.901,5772.0,0.0,1.92,0.28330122870354957,0.08278537031645007,0.7036085853150583,1.5867768595041323
HD 233832 b,565.7374,13.5,2058.0,2.827,0.71,0.68,4981.0,-0.66,565.7374,2.7526148902071315,1.130333768495006,3.313445370426414,41.906474074074076
GJ 687 c,16.0,4.14,727.562,1.165,0.4,0.4183,3413.0,0.0631,16.0,1.2041199826559248,0.617000341120899,2.8618700081192094,3.8647342995169085
HIP 5763 b,162.09248757,14.2,30.014,0.17,0.72,0.750378,4352.0,,162.09248757,2.209762887257529,1.1522883443830565,1.4773238782027476,11.414963913380282
TOI-712 b,4.85,2.049,9.531361,0.07928,0.732,0.674,4622.0,-0.02,4.85,0.6857417386022636,0.311541958401195,0.9791549187482478,2.3670082967301123
TOI-1782.01,6.2,2.368,4.987641028,0.05024,0.68,0.669,4336.0,,6.2,0.7923916894982539,0.3743816980508822,0.6978951887582194,2.6182432432432434
Kepler-303 b,0.64,0.89,1.937055,0.024,0.575,0.485,3944.0,-0.4136,0.64,-0.1938200260161128,-0.05060999335508721,0.28714195208586024,0.7191011235955056
Kepler-271 c,0.809,0.95,7.41086267,0.06993,0.9,0.87,5555.0,-0.13,0.809,-0.09205147838772766,-0.022276394711152253,0.869868765471084,0.8515789473684211
Qatar-6 b,212.31044,11.903958,3.506195,0.0423,0.822,0.722,5052.0,-0.025,212.31044,2.3269713503737828,1.0756913859101016,0.5448360660843438,17.83528134087839
GJ 9066 c,66.74396547,9.6,771.36,0.88,0.15,0.164,3154.0,-0.13,66.74396547,1.8244120058935118,0.9822712330395684,2.8872571141389316,6.952496403125001
TOI-2094 b,4.27,1.9,18.793193,0.136,0.425,0.384,3435.0,-0.06,4.27,0.6304278750250238,0.2787536009528289,1.2740005738457272,2.2473684210526312
TOI-2714 b,228.0,13.72,2.499387,0.036,1.07,1.25,5665.0,0.3,228.0,2.357934847000454,1.1373541113707328,0.39783350660738814,16.61807580174927
HD 164922 d,4.0,1.83,12.458,0.103,0.926,0.946,5390.0,0.18,4.0,0.6020599913279624,0.26245108973042947,1.0954483265381223,2.1857923497267757
TOI-2382 b,235.19302118,12.25141591,4.6612061,0.059,1.26,1.417,6033.0,0.249,235.19302118,2.3714244308905688,1.0881862835058487,0.668498306132295,19.197211400522928
Kepler-402 b,1.98,1.22,4.028751,0.051,1.072,1.264,6090.0,-0.08,1.98,0.2966651902615311,0.08635983067474821,0.6051704263191939,1.6229508196721312
EPIC 201841433 b,1.12,1.04,4.1698,0.035,0.802,0.628461,5053.0,0.0,1.12,0.04921802267018165,0.01703333929878037,0.6201152250026798,1.076923076923077
K2-318 b,3.39,1.66,7.01,0.0911,0.561,0.552,3851.0,,3.39,0.5301996982030822,0.22010808804005508,0.8457180179666587,2.0421686746987953
TOI-784 b,9.67,1.93,2.7970365,0.038,0.91,0.907,5558.0,-0.13,9.67,0.9854264740830017,0.28555730900777376,0.4466981337455566,5.010362694300518
Kepler-1419 b,8.55,2.86,42.5215895,0.2391,1.01,1.01,5796.0,0.04,8.55,0.9319661147281727,0.456366033129043,1.628609490521451,2.98951048951049
Kepler-848 b,3.53,1.7,6.91134416,0.07586,1.01,1.2,5695.0,0.15,3.53,0.5477747053878226,0.2304489213782739,0.8395625198055159,2.076470588235294
Kepler-819 b,8.05,2.76,33.1995648,0.1894,0.86,0.81,5279.0,-0.06,8.05,0.9057958803678685,0.4409090820652177,1.521132390746286,2.916666666666667
K2-146 c,7.49,2.19,4.00498,0.0327,0.331,0.33,3385.0,-0.02,7.49,0.8744818176994665,0.34044411484011833,0.6026003516533835,3.4200913242009134
K2-324 b,6.48,2.43,3.262,0.0331,0.517,0.505,3752.0,,6.48,0.8115750058705934,0.38560627359831223,0.513483956704257,2.6666666666666665
Kepler-822 b,3.78,1.77,3.222969273,0.04078,1.06,1.08,5928.0,0.04,3.78,0.5774917998372253,0.24797326636180664,0.5082561650748051,2.135593220338983
TOI-1181 b,374.71969185,17.02644168,2.103189,0.0364,1.467,1.961,6054.0,0.38,374.71969185,2.573706516251205,1.2311238951610612,0.3228783016777121,22.008103565771
TOI-815 b,7.6,2.94,11.197259,0.0903,0.776,0.77,4869.0,-0.09,7.6,0.8808135922807914,0.46834733041215726,1.049111723843094,2.585034013605442
TOI-2141 b,20.1,3.147,18.261608,0.1322,0.896,0.95,5635.0,-0.14,20.1,1.3031960574204888,0.4978967429132203,1.26153901606685,6.387035271687322
TOI-2447 b,124.90656395,9.60609646,69.33684,0.347,1.034,1.006,5730.0,0.18,124.90656395,2.0965852615315423,0.9825469433101673,1.8409640449662537,13.002842983111165
TOI-2818 b,225.65816897,15.27784069,4.039709,0.0493,0.977,1.229,5721.0,-0.02,225.65816897,2.353451059878668,1.1840619771005734,0.6063500818813975,14.770292055584983
Kepler-1371 c,0.196,0.64,2.00541269,0.02937,0.87,0.83,5361.0,-0.07,0.196,-0.707743928643524,-0.1938200260161128,0.3022037587750928,0.30625
Kepler-843 b,7.22,2.59,2.053879821,0.0313,1.02,1.03,5830.0,0.05,7.22,0.8585371975696391,0.4132997640812518,0.31257502806189147,2.787644787644788
TOI-2458 b,13.31,2.83,3.73659,0.0482,1.05,1.31,6005.0,-0.1,13.31,1.1241780554746752,0.45178643552429026,0.5724754471923874,4.703180212014134
Kepler-1423 b,1.2,1.06,23.955378,0.1586,0.79,0.75,4939.0,-0.02,1.2,0.07918124604762482,0.02530586526477026,1.3794030281275376,1.1320754716981132
HATS-57 b,1000.21101,12.767051,2.350621,0.03493,1.026,0.96,5587.0,0.268,1000.21101,3.0000916308114576,1.106090593243752,0.37118261173774547,78.34315144507529
HATS-56 b,191.33366,18.920792,4.324799,0.06043,1.573,2.201,6536.0,0.19,191.33366,2.281791379156062,1.2769393114542877,0.6359659279350858,10.112349419622605
TOI-763 b,9.79,2.28,5.6057,0.06,0.917,0.897,5450.0,0.01,9.79,0.9907826918031378,0.35793484700045375,0.7486298519275091,4.293859649122807
TOI-2158 b,260.61929374,10.76062147,8.60077,0.075,1.12,1.41,5673.0,0.47,260.61929374,2.4160065635433092,1.0318373543412973,0.9345373340088496,24.21972508433567
Kepler-1888 b,2.32,1.32578716,11.39169979,0.0956,0.897,1.249,5557.0,0.0,2.32,0.3654879848908996,0.12247380864127123,1.0565885313081982,1.7499038080893767
Kepler-1901 b,2.77,1.47418907,3.484129906,0.0453,1.022,0.921,5696.0,0.14,2.77,0.4424797690644486,0.16855318690965843,0.5420943393342447,1.8789991435766107
GJ 433 c,32.422,6.27,5094.105,4.819,0.48,0.5,3461.0,-0.17,32.422,1.5108398014493605,0.7972675408307164,3.707067892423951,5.17097288676236
TOI-1860 b,2.27,1.31,1.0662107,0.0204,0.99,0.94,5752.0,0.04,2.27,0.35602585719312274,0.11727129565576427,0.027843036590407346,1.732824427480916
TOI-1723 b,10.4,3.435,13.727012643,0.113496,1.04,1.09,5777.0,0.159,10.4,1.0170333392987803,0.5359267413955693,1.1375760336807736,3.027656477438137
TOI-1937 A b,638.83509807,13.97759893,0.94667944,0.01932,1.072,1.08,5814.0,0.196,638.83509807,2.8053887685800816,1.1454325747708856,-0.023797054795064346,45.70420866053566
Kepler-292 f,6.12,2.35,20.834237,0.141,0.865,0.826,5299.0,0.04,6.12,0.7867514221455612,0.37106786227173627,1.318777600173314,2.604255319148936
Kepler-1395 b,0.437,0.8,3.78470649,0.04974,1.17,1.23,6138.0,0.12,0.437,-0.3595185630295782,-0.09691001300805639,0.5780322049150883,0.54625
Kepler-1905 b,2.69,1.4460734,3.42392993,0.0451,1.038,1.015,5788.0,0.16,2.69,0.42975228000240795,0.16019033749927541,0.5345248683515739,1.8602098620996694
Kepler-65 e,260.0,13.9,258.8,0.8539307544,1.248,1.437,6220.0,0.13,260.0,2.4149733479708178,1.1430148002540952,2.4129642719966626,18.705035971223023
GJ 682 b,4.4,1.93,17.478,0.08,0.27,0.298255,3028.0,,4.4,0.6434526764861874,0.28555730900777376,1.242491735011311,2.2797927461139897
TOI-132 b,22.4,3.42,2.1097019,0.026,0.97,0.9,5397.0,0.16,22.4,1.3502480183341627,0.534026106056135,0.3242210940032985,6.549707602339181
TOI-2000 c,81.7,8.14,9.127055,0.0878,1.082,1.134,5611.0,0.439,81.7,1.9122220565324155,0.9106244048892013,0.960330667614019,10.036855036855037
TOI-2000 b,11.0,2.7,3.09833,0.04271,1.082,1.134,5611.0,0.439,11.0,1.0413926851582251,0.43136376415898736,0.49112767215348835,4.0740740740740735
TOI-2498 b,34.62,6.06,3.738252,0.0491,1.12,1.26,5905.0,0.167,34.62,1.539327063539375,0.7824726241662862,0.5726685743356282,5.712871287128713
Kepler-102 e,4.7,2.17,16.1456994,0.1162,0.803,0.724,4909.0,0.11,4.7,0.6720978579357175,0.3364597338485295,1.208056862544987,2.165898617511521
HD 2685 b,371.8611,16.14096,4.12688,0.0568,1.43,1.56,6801.0,0.02,371.8611,2.570380749644399,1.2079293612599011,0.6156218407951487,23.03835087875814
Kepler-95 b,13.0,3.42,11.5231,0.10232,1.08,1.41,5699.0,0.3,13.0,1.1139433523068367,0.534026106056135,1.0615693308043685,3.801169590643275
Wendelstein-2 b,232.33373,12.9934728,1.7522239,0.0234,0.73,0.66,4591.0,,232.33373,2.3661122648560977,1.1137252416277696,0.24358959973254166,17.88080319835664
HD 174205 b,1334.8793094,13.0,582.0,1.7,1.8,26.6,4308.0,-0.28,1334.8793094,3.125442001557493,1.1139433523068367,2.7649229846498886,102.6830238
TOI-2977 b,533.95172376,13.15934334,2.3505614,0.03386,0.936,1.073,5691.0,0.013,533.95172376,2.7275019928854554,1.1192342182346389,0.37117160006071603,40.575863853097104
Kepler-430 c,3.71,1.75,110.979,0.4757,1.166,1.485,5884.0,0.2,3.71,0.5693739096150459,0.24303804868629444,2.045240807192523,2.12
Kepler-1656 b,47.8,4.574,31.562,0.1974,1.03,1.1,5569.0,0.19,47.8,1.6794278966121188,0.6602961602707297,1.499164515495657,10.45037166593791
Kepler-647 c,15.1,4.00135002,29.6663,0.18291,1.07,1.54571,5906.74,-0.4146,15.1,1.1789769472931695,0.6022065431574805,1.4722633842074713,3.773726348488753
Kepler-210 b,8.96,2.94,2.453234,0.032,0.77,0.65,4559.0,0.2772,8.96,0.9523080096621253,0.46834733041215726,0.38973897505591737,3.047619047619048
Kepler-1963 b,0.337,0.74437023,1.962260008,0.02915,0.915,0.979,5726.0,-0.1,0.337,-0.47237009912866135,-0.1282110041673587,0.29275655276774293,0.4527317004604013
Kepler-1517 b,68.7,9.76,5.546083665,0.078,1.58,1.95,7010.0,0.01,68.7,1.8369567370595505,0.9894498176666918,0.7439864168058098,7.038934426229509
Kepler-1711 b,4.36,1.923,21.06080055,0.1463,0.94,1.034,5706.0,0.0,4.36,0.6394864892685861,0.28397928423847985,1.3234748752938936,2.2672906916276654
Kepler-146 b,13.3,3.71,31.158799,0.2,1.079,1.208,5948.0,-0.0261,13.3,1.1238516409670858,0.5693739096150459,1.493580709664044,3.5849056603773586
Kepler-1468 d,11.1,3.33187146,19.59059906,0.1456,1.072,1.496,5794.0,0.14,11.1,1.0453229787866574,0.5226882384461818,1.292047716468164,3.3314610522219845
Kepler-348 c,2.33,1.33,17.265427,0.138,1.189,1.359,6177.0,-0.03,2.33,0.367355921026019,0.12385164096708581,1.2371773235745898,1.7518796992481203
Kepler-1641 c,9.01,2.95,32.657212,0.2065,1.12,1.19,6152.0,-0.02,9.01,0.9547247909790629,0.46982201597816303,1.5139791055476601,3.054237288135593
Kepler-1641 b,9.85,3.11,19.672266,0.1473,1.12,1.19,6152.0,-0.02,9.85,0.9934362304976118,0.4927603890268375,1.2938543881153273,3.167202572347267
Kepler-39 b,6388.1,13.9,21.08721,0.164,1.29,1.4,6350.0,0.1,6388.1,3.805371706011884,1.1430148002540952,1.3240191230416025,459.57553956834533
Kepler-174 c,2.83,1.49,44.000529,0.214,0.602,0.622,4880.0,-0.56,2.83,0.45178643552429026,0.17318626841227402,1.6434578978589118,1.8993288590604027
Kepler-1468 b,3.64,1.73,8.23984869,0.0817,1.04,1.05,5893.0,0.03,3.64,0.561101383649056,0.2380461031287954,0.9159192367333532,2.1040462427745665
Kepler-203 b,7.13,2.57,3.162697,0.043,1.06,1.114,5821.0,0.08,7.13,0.8530895298518656,0.4099331233312945,0.5000575866260236,2.77431906614786
Kepler-152 b,8.2,2.79,18.207973,0.124,0.779,0.724,5088.0,-0.12,8.2,0.9138138523837167,0.44560420327359757,1.260261600714554,2.9390681003584227
Kepler-195 c,3.02,1.55,34.096863,0.197,0.867,0.775,5329.0,0.04,3.02,0.48000694295715063,0.1903316981702915,1.5327144246095317,1.9483870967741934
Kepler-880 c,8.6,2.87,11.8061737,0.1216,1.714,2.599,6900.0,0.0,8.6,0.9344984512435677,0.4578818967339923,1.0721091685511563,2.9965156794425085
Kepler-608 b,12.9,3.64,6.412515037,0.0685,1.0,1.01,5820.0,-0.02,12.9,1.110589710299249,0.561101383649056,0.8070283965180742,3.543956043956044
Kepler-1704 b,1322.16617312,11.94877343,988.88112,2.027,1.132,1.697,5746.0,0.196,1322.16617312,3.1212860417863353,1.0773233262111177,2.99514408529666,110.65287837832908
Kepler-561 c,7.65,2.68,5.350161983,0.05947,0.96,0.94,5646.0,0.02,7.65,0.8836614351536176,0.42813479402878885,0.7283669310414357,2.8544776119402986
TOI-2267 d,3.78,1.77,2.0344671,0.0145,0.0989,0.13,3022.0,0.164,3.78,0.5774917998372253,0.24797326636180664,0.30845067113499874,2.135593220338983
Kepler-1719 b,14.8,3.95000623,6.149559975,0.06868,1.08,1.775,5687.0,0.04,14.8,1.1702617153949575,0.5965977806017738,0.7888440414231846,3.7468295334815207
Kepler-1254 c,2.24,1.3,3.60084276,0.0422,0.78,0.75,4985.0,-0.1,2.24,0.35024801833416286,0.11394335230683679,0.5564041572070787,1.7230769230769232
Kepler-639 b,6.26,2.38,10.21420496,0.09358,1.14,1.29,5896.0,0.23,6.26,0.7965743332104297,0.37657695705651195,1.009204568235003,2.630252100840336
Kepler-208 d,1.87,1.2,11.131786,0.103,1.082,1.314,6092.0,-0.0423,1.87,0.27184160653649897,0.07918124604762482,1.0465648487658086,1.5583333333333336
Kepler-171 b,6.08,2.34,4.166972,0.05,0.978,0.839,5642.0,0.17,6.08,0.7839035792727349,0.3692158574101428,0.6198205822220132,2.5982905982905984
Kepler-1525 b,0.693,0.91,2.416601183,0.03557,1.07,1.04,5748.0,0.27,0.693,-0.1592667653881933,-0.040958607678906384,0.38320498374909717,0.7615384615384615
Kepler-1645 b,3.82,1.78,16.1779561,0.1285,1.02,1.02,5812.0,0.04,3.82,0.5820633629117087,0.250420002308894,1.2089236525938243,2.1460674157303368
Kepler-30 d,23.1,8.8,143.34394,0.5,0.99,0.95,5498.0,0.18,23.1,1.3636119798921444,0.9444826721501687,2.1563793374625453,2.625
Kepler-220 d,0.904,0.98,28.122397,0.163,0.729,0.666,4632.0,-0.1738,0.904,-0.04383156952463668,-0.00877392430750515,1.4490523348224347,0.9224489795918368
Kepler-1949 b,5.56,2.21964541,2.208280087,0.0352,1.194,1.454,6028.0,0.14,5.56,0.7450747915820575,0.34628360112622014,0.3440541562510528,2.50490460095606
Kepler-695 b,62.3,9.21,3.040330424,0.0374,0.84,0.8,5181.0,-0.01,62.3,1.7944880466591695,0.964259630196849,0.48292078542511,6.7643865363735065
Kepler-529 d,8.22,2.79502603,35.86619949,0.2134,1.005,1.189,6078.0,-0.16,8.22,0.9148718175400504,0.4463858568137564,1.5546853597267918,2.9409386215984545
Kepler-220 b,0.457,0.81,4.159807,0.046,0.729,0.666,4632.0,-0.1738,0.457,-0.34008379993014975,-0.09151498112135022,0.6190731814009199,0.5641975308641975
Kepler-1993 b,16.1,4.15,26.6565737,0.1943,1.373,3.062,5159.0,-0.04,16.1,1.2068258760318498,0.6180480967120927,1.4258043266678366,3.8795180722891565
Kepler-154 e,2.86,1.5,3.93276465,0.04766,0.98,0.98,5769.0,-0.04,2.86,0.456366033129043,0.17609125905568124,0.5946979575298617,1.9066666666666665
Kepler-154 c,9.01,2.95,62.303276,0.303,0.933,1.001,5690.0,0.02,9.01,0.9547247909790629,0.46982201597816303,1.7945108831169052,3.054237288135593
Kepler-390 c,0.418,0.79,13.060022,0.101,0.787,0.776,5166.0,-0.0443,0.418,-0.3788237182249648,-0.10237290870955855,1.1159439085217928,0.5291139240506328
Kepler-967 c,12.9,3.65,198.7112502,0.6253,0.84,0.8,5178.0,-0.03,12.9,1.110589710299249,0.5622928644564748,2.298222455743273,3.534246575342466
Kepler-248 c,15.6,4.07,16.239494,0.123,0.838,0.831,5190.0,0.17,15.6,1.1931245983544616,0.60959440922522,1.210572493105193,3.8329238329238327
Kepler-648 b,10.5,3.22,17.4211749,0.13324,1.05,0.98,5741.0,0.21,10.5,1.021189299069938,0.5078558716958309,1.2410774408771812,3.260869565217391
Kepler-1814 c,3.75,1.76,0.626281766,0.0133,0.79,0.823,4922.0,0.2,3.75,0.5740312677277188,0.24551266781414982,-0.20323023246420466,2.1306818181818183
Kepler-1588 b,0.363,0.76,7.84931739,0.07419,0.96,0.99,5817.0,-0.14,0.363,-0.4400933749638875,-0.11918640771920865,0.8948318902934873,0.4776315789473684
Kepler-436 b,7.9,2.73,64.00205,0.339,0.729,0.697,4651.0,0.01,7.9,0.8976270912904415,0.436162647040756,1.806193884756222,2.8937728937728937
KOI-3503 c,10.36,1.21,31.828,0.18688,0.858,1.255,6001.0,-0.5428,10.36,1.0153597554092142,0.08278537031645007,1.502809349389042,8.56198347107438
Kepler-1491 c,6.53,2.44,61.569765,0.3045,0.991,1.389,5626.0,0.14,6.53,0.814913181275074,0.3873898263387294,1.789367495975792,2.6762295081967213
Kepler-158 c,4.27,1.9,28.551383,0.158,0.655,0.624,4623.0,-0.3,4.27,0.6304278750250238,0.2787536009528289,1.4556271498750823,2.2473684210526312
Kepler-968 c,3.5,1.69,5.709404918,0.052,0.76,0.7,4598.0,0.13,3.5,0.5440680443502757,0.22788670461367352,0.7565908447963129,2.0710059171597632
Kepler-28 b,1.63,1.959,5.91,0.05687,0.684,0.664,4499.3,0.1451,1.63,0.21218760440395779,0.2920344359947364,0.7715874808812554,0.8320571720265441
Kepler-1533 b,11.8,3.46,308.5471,0.93416,1.31,1.51,6431.0,0.03,11.8,1.0718820073061255,0.5390760987927766,2.4893214688838805,3.410404624277457
Kepler-558 b,6.21,2.37,29.00790538,0.1759,0.85,0.81,5242.0,-0.06,6.21,0.7930916001765802,0.37474834601010387,1.4625163701418464,2.620253164556962
Kepler-177 c,14.7,8.73,49.40926,0.25655,0.921,1.324,5732.0,-0.11,14.7,1.167317334748176,0.9410142437055697,1.6938083495315293,1.683848797250859
Kepler-690 b,29.6,5.95,7.748094374,0.081,1.11,1.16,5913.0,0.19,29.6,1.4712917110589385,0.7745169657285496,0.8891949019099827,4.974789915966387
Kepler-188 c,10.3,3.19,5.996553,0.066,1.021,1.141,6021.0,0.15,10.3,1.0128372247051722,0.5037906830571811,0.7779016765068277,3.2288401253918497
Kepler-586 b,8.2,2.79,2.104722184,0.0331,0.94,0.92,5575.0,0.0,8.2,0.9138138523837167,0.44560420327359757,0.3231947785952571,2.9390681003584227
Kepler-245 d,21.6,3.03,36.277108,0.202,0.856,0.795,5100.0,0.12,21.6,1.334453751150931,0.48144262850230496,1.5596326579441908,7.12871287128713
Kepler-1616 b,1.04,1.02,6.76284377,0.07318,1.21,1.34,6266.0,0.02,1.04,0.01703333929878037,0.00860017176191757,0.8301293548051137,1.0196078431372548
Kepler-362 b,0.615,0.88,10.327186,0.087,0.904,0.722,5788.0,-0.12,0.615,-0.21112488422458328,-0.05551732784983137,1.0139819990453363,0.6988636363636364
Kepler-612 b,8.45,2.84,3.722156413,0.0452,0.98,0.96,5693.0,0.04,8.45,0.9268567089496923,0.45331834004703764,0.5707946191643104,2.975352112676056
Kepler-81 c,4.3,2.37,12.04,0.08347,0.64,0.59,4385.0,-0.18,4.3,0.6334684555795865,0.37474834601010387,1.0806264869218056,1.8143459915611813
TOI-5573 b,112.0,9.75,8.79758977,0.0712,0.619,0.594,3790.0,0.42,112.0,2.0492180226701815,0.9890046156985368,0.9443637070408163,11.487179487179487
Kepler-1144 b,4.62,1.99,17.14647302,0.1291,0.98,0.96,5753.0,-0.03,4.62,0.6646419755561255,0.29885307640970665,1.2341748004441508,2.321608040201005
Kepler-172 e,8.05,2.76,35.118736,0.211,1.081,1.085,5526.0,0.39,8.05,0.9057958803678685,0.4409090820652177,1.5455388763085545,2.916666666666667
Kepler-694 b,8.25,2.8,6.365841612,0.0659,0.97,0.95,5700.0,0.0,8.25,0.9164539485499251,0.4471580313422192,0.8038558287728675,2.9464285714285716
K2-108 b,59.4,5.33,4.733999,0.0581,1.17,1.76,5599.0,0.36,59.4,1.7737864449811935,0.7267272090265723,0.67522816185362,11.144465290806753
TOI-201 d,5.8,1.39,5.84889,0.0698,1.32,1.31,6423.0,0.24,5.8,0.7634279935629372,0.14301480025409505,0.7670734536693175,4.172661870503597
Kepler-373 b,2.42,1.36,5.535309,0.06,0.981,0.845,5787.0,0.14,2.42,0.38381536598043126,0.13353890837021754,0.743141869704203,1.7794117647058822
Kepler-377 c,4.9,2.06,27.014976,0.182,1.043,1.224,5949.0,0.05,4.9,0.6901960800285137,0.31386722036915343,1.431604586049851,2.3786407766990294
Kepler-444 d,0.2,0.53,6.189392,0.06,0.758,0.752,5046.0,-0.55,0.2,-0.6989700043360187,-0.27572413039921095,0.7916479892440628,0.37735849056603776
Kepler-1649 b,1.03,1.017,8.689099,0.0514,0.1977,0.2317,3240.0,-0.15,1.03,0.012837224705172217,0.0073209529227445565,0.938974745422772,1.0127826941986235
Kepler-179 c,4.66,2.0,6.40013,0.064,0.893,0.759,5302.0,0.12,4.66,0.6683859166900001,0.3010299956639812,0.8061887955009576,2.33
Kepler-219 d,19.1,2.81,47.903645,0.272,1.164,1.491,5786.0,0.36,19.1,1.2810333672477277,0.4487063199050799,1.6803685602446143,6.797153024911032
Kepler-50 b,8.9,1.71,7.81254,0.077,1.24,1.58,6225.0,0.03,8.9,0.9493900066449128,0.23299611039215382,0.8927922539341866,5.2046783625731
Kepler-1787 b,5.99,2.31898181,39.31370163,0.227,1.008,0.925,6060.0,-0.22,5.99,0.7774268223893114,0.36529734206290815,1.5945439372771741,2.583030179093988
Kepler-1542 b,0.363,0.76,3.95116882,0.04765,0.94,0.99,5564.0,0.06,0.363,-0.4400933749638875,-0.11918640771920865,0.5967255860034171,0.4776315789473684
Kepler-1444 b,5.39,2.18,33.42035034,0.20906,1.03,1.05,5810.0,0.06,5.39,0.7315887651867387,0.33845649360460484,1.524010998218393,2.472477064220183
Kepler-1997 b,5.82,2.28,26.7575866,0.1815,1.111,1.052,6215.0,-0.06,5.82,0.7649229846498885,0.35793484700045375,1.427446939679901,2.5526315789473686
Kepler-241 b,6.04,2.33,12.718092,0.094,0.671,0.668,4699.0,0.031,6.04,0.7810369386211319,0.367355921026019,1.104421962253808,2.592274678111588
Kepler-1624 b,35.3,6.59,3.290314,0.0327,0.541,0.552,3768.0,0.269,35.3,1.5477747053878226,0.8188854145940099,0.5172373453542839,5.3566009104704095
K2-119 b,6.94,2.53,7.727283,0.0698,0.76,0.71,4740.0,-0.05,6.94,0.8413594704548549,0.40312052117581787,0.8880268179118775,2.7430830039525693
Kepler-730 c,3.09,1.56926,2.85188338,0.03997,1.047,1.411,5620.0,0.21,3.09,0.4899584794248346,0.19569490484288948,0.4551317622534571,1.9690809680996135
TOI-5319 b,8.4,2.83,4.07853,0.0506,0.5,0.485,3580.0,,8.4,0.9242792860618817,0.45178643552429026,0.6105036611476657,2.9681978798586575
HD 80883 b,1748.0562385,12.8,6383.78352,6.462,0.88,0.814842,5177.91,-0.2638,1748.0562385,3.2425554006538366,1.1072099696478683,3.8050781512650556,136.5668936328125
Kepler-1585 b,3.86,1.79,3.5827463,0.0445,0.94,0.91,5538.0,0.08,3.86,0.5865873046717549,0.2528530309798932,0.5542160561675072,2.1564245810055866
Kepler-1961 b,3.25,1.6187808,5.604710102,0.0588,0.871,0.777,5401.0,-0.16,3.25,0.5118833609788743,0.20918804467955956,0.7485531540661012,2.0076838074679415
Kepler-1446 b,0.477,0.82,0.689967832,0.01405,0.81,0.75,4865.0,0.11,0.477,-0.3214816209598861,-0.08618614761628333,-0.16117115666934712,0.5817073170731707
Kepler-342 c,4.5,1.96,26.234138,0.185,1.213,1.472,6175.0,-0.0006,4.5,0.6532125137753437,0.292256071356476,1.4188667987423351,2.295918367346939
K2-121 b,51.0,7.16,5.185738,0.0525,0.71,0.675,4526.0,0.04,51.0,1.7075701760979363,0.8549130223078556,0.7148105710471767,7.122905027932961
Kepler-279 e,56.0,4.13,98.3531,0.439,1.164,1.43,6689.45,-0.1141,56.0,1.7481880270062005,0.615950051656401,1.992788053037017,13.559322033898306
KOI-3680 b,613.4119,11.09691,141.241671,0.534,1.01,0.96,5830.0,0.16,613.4119,2.787752196906011,1.0452020637622013,2.149962846966579,55.277721455792644
Kepler-1638 b,4.16,1.87,259.33683,0.745,0.97,0.95,5710.0,-0.01,4.16,0.6190933306267428,0.27184160653649897,2.4138641979492066,2.2245989304812834
K2-146 b,5.77,2.05,2.6446,0.0248,0.331,0.33,3385.0,-0.02,5.77,0.7611758131557314,0.31175386105575426,0.42235999360007165,2.8146341463414632
Kepler-677 b,25.0,5.38,6.57531678,0.067,1.0,0.99,5723.0,0.06,25.0,1.3979400086720377,0.7307822756663892,0.8179166807347109,4.646840148698885
TOI-5344 b,130.94530368,10.60369574,3.792622,0.04041,0.612,0.588,3747.0,0.425,130.94530368,2.1170899271794608,1.0254572576941356,0.5789395599464667,12.349024990036163
Kepler-1811 b,14.1,3.84829873,76.42230225,0.3462,0.946,1.19,5561.0,0.16,14.1,1.14921911265538,0.5852687774393048,1.8832201168306721,3.6639567219876406
Kepler-481 b,6.8,2.5,10.06082567,0.08926,1.01,1.09,5802.0,0.03,6.8,0.8325089127062363,0.3979400086720376,1.0026336237825697,2.7199999999999998
Kepler-375 c,7.51,2.65,19.986326,0.141,0.891,0.837,5826.0,-0.04,7.51,0.8756399370041684,0.42324587393680785,1.3007329669758725,2.8339622641509434
Kepler-113 c,8.7,2.18,8.92507,0.07796,0.75,0.69,4725.0,0.05,8.7,0.9395192526186185,0.33845649360460484,0.9506116310021037,3.990825688073394
Kepler-9 b,43.4,8.29,19.23891,0.143,1.022,0.958,5774.0,0.05,43.4,1.6374897295125106,0.9185545305502735,1.2841804630035114,5.235223160434258
Kepler-1590 b,1.55,1.14,7.61760804,0.07116,1.11,1.16,6053.0,0.03,1.55,0.1903316981702915,0.05690485133647256,0.8818186225065371,1.3596491228070178
Kepler-1514 b,1678.1424,12.419572,217.83184,0.753,1.196,1.289,6145.0,0.119,1678.1424,3.2248288104320495,1.0941066295570625,2.338121359926896,135.12079160215825
Kepler-175 b,7.08,2.56,11.903515,0.105,0.969,1.01,6064.0,0.04,7.08,0.850033257689769,0.4082399653118496,1.0756752235517106,2.765625
K2-83 b,2.08,1.244,2.74697,0.03014,0.484,0.424,3910.0,,2.08,0.31806333496276157,0.0948203803547999,0.4388539164625708,1.672025723472669
Kepler-231 c,24.1,1.93,19.271566,0.114,0.58,0.49,3767.0,-0.1,24.1,1.3820170425748683,0.28555730900777376,1.2849170066910196,12.487046632124354
Kepler-1683 b,4.17,1.87477762,15.0337,0.1182,0.95,0.900327,5429.0,0.16,4.17,0.6201360549737575,0.272949760525302,1.1770658795774618,2.2242638036184794
Kepler-1653 b,5.35,2.17,140.2524,0.4706,0.719,0.693,4807.0,-0.18,5.35,0.7283537820212285,0.3364597338485295,2.1469103016418427,2.4654377880184333
Kepler-150 c,13.2,3.69,7.381998,0.073,0.956,0.939,5560.0,0.12,13.2,1.1205739312058498,0.5670263661590603,0.8681739231965279,3.5772357723577235
Kepler-239 b,6.04,2.33,11.763051,0.095,0.757,0.763,4914.0,0.17,6.04,0.7810369386211319,0.367355921026019,1.0705199799553926,2.592274678111588
Kepler-343 c,4.74,2.02,23.22182,0.167,1.055,1.433,5807.0,0.1445,4.74,0.6757783416740851,0.3053513694466238,1.3658962543768014,2.3465346534653464
Kepler-1022 b,6.17,2.36,10.99469878,0.0805,0.71,0.68,4445.0,0.06,6.17,0.7902851640332417,0.37291200297010657,1.0411833355634919,2.614406779661017
Kepler-354 b,4.04,1.84,5.47666,0.054,0.652,0.674,4648.0,-0.03,4.04,0.6063813651106049,0.2648178230095365,0.7385157800547222,2.1956521739130435
Kepler-1434 b,1.41,1.11,8.05333618,0.0917,1.47,2.04,6291.0,0.19,1.41,0.14921911265537988,0.045322978786657475,0.9059758287424376,1.2702702702702702
Kepler-1593 b,10.2,3.17,174.509835,0.55494,0.81,0.77,4995.0,0.02,10.2,1.0086001717619175,0.5010592622177514,2.241819907890425,3.217665615141956
Kepler-1453 b,7.61,2.67,47.1611696,0.262,0.97,0.94,5665.0,0.01,7.61,0.8813846567705729,0.42651126136457523,1.6735845670873302,2.850187265917603
Kepler-1989 b,19.3,4.62,10.161023528,0.0918,0.999,1.06,6032.0,-0.14,19.3,1.2855573090077739,0.6646419755561255,1.0069374569807419,4.177489177489178
K2-122 b,1.65,1.16,2.2193023,0.0373,0.63,0.59,4009.0,0.32,1.65,0.21748394421390627,0.06445798922691845,0.3462164632414251,1.4224137931034484
Kepler-1046 b,3.57,1.71,14.37508035,0.11858,1.04,1.04,5913.0,0.0,3.57,0.5526682161121932,0.23299611039215382,1.157610280872214,2.087719298245614
Kepler-1907 c,1.63,1.15547044,14.86390018,0.10371,0.752,0.8,5159.0,-0.16,1.63,0.21218760440395779,0.06275883955195594,1.1721327801115722,1.4106808305714855
Kepler-1594 b,1.2,1.06,2.71603809,0.0396,1.06,1.08,5946.0,0.03,1.2,0.07918124604762482,0.02530586526477026,0.43393585624205017,1.1320754716981132
Kepler-80 b,6.93,2.67,7.05246,0.0648,0.73,0.678,4540.0,0.04,6.93,0.8407332346118067,0.42651126136457523,0.8483406316117299,2.595505617977528
Kepler-438 b,1.46,1.12,35.23319,0.166,0.544,0.52,3748.0,0.16,1.46,0.1643528557844371,0.04921802267018165,1.5469519658232693,1.3035714285714284
Kepler-1455 b,5.31,2.16,49.276764,0.2149,0.62,0.6,4075.0,-0.02,5.31,0.725094521081469,0.3344537511509309,1.6926421800190332,2.458333333333333
Kepler-1490 b,9.48,3.04,92.4362973,0.3729,0.9,0.87,5515.0,-0.08,9.48,0.9768083373380663,0.48287358360875376,1.9658425407189648,3.118421052631579
Kepler-700 b,30.0,5.99,80.8720639,0.3577,0.98,0.96,5692.0,0.04,30.0,1.4771212547196624,0.7774268223893114,1.9077985266885011,5.0083472454090145
Kepler-1133 b,4.54,1.97,11.55562343,0.0983,0.93,0.9,5569.0,-0.02,4.54,0.6570558528571039,0.2944662261615929,1.0627933807891767,2.3045685279187818
Kepler-1953 b,2.2,1.28574667,6.245659828,0.0607,0.786,0.707,4858.0,-0.02,2.2,0.3424226808222063,0.1091554082002072,0.7955783265407314,1.7110680131102345
Kepler-53 b,111.0,2.89,18.6489525,0.1361,0.98,0.89,5858.0,0.0,111.0,2.0453229787866576,0.4608978427565479,1.270654442780313,38.40830449826989
Kepler-1518 b,9.53,3.05,5.11177904,0.0593,1.54,1.88,6846.0,0.06,9.53,0.9790929006383263,0.48429983934678583,0.708572072892383,3.124590163934426
Kepler-251 b,2.33,1.33,4.790936,0.053,0.891,0.89,5526.0,-0.06,2.33,0.367355921026019,0.12385164096708581,0.680420369348546,1.7518796992481203
Kepler-370 c,4.31,1.91,19.02293,0.14,0.982,0.9,5852.0,0.1323,4.31,0.6344772701607315,0.28103336724772754,1.2792774098059212,2.256544502617801
Kepler-1161 b,5.18,2.13,10.71252541,0.0784,0.59,0.57,4253.0,-0.35,5.18,0.714329759745233,0.3283796034387377,1.0298918650745168,2.431924882629108
Kepler-1184 b,7.65,2.68,53.5991044,0.2863,1.05,1.07,5983.0,-0.04,7.65,0.8836614351536176,0.42813479402878885,1.7291575330250921,2.8544776119402986
Kepler-1181 c,4.01,1.83,8.93484887,0.0928,1.336,1.347,6688.0,0.07,4.01,0.6031443726201823,0.26245108973042947,0.951087210956924,2.191256830601093
Kepler-1599 b,3.26,1.62,122.363553,0.4823,0.99,0.99,5767.0,0.02,3.26,0.5132176000679389,0.20951501454263097,2.0876520788544166,2.0123456790123453
Kepler-442 b,2.36,1.34,112.3053,0.409,0.609,0.598,4402.0,-0.37,2.36,0.37291200297010657,0.12710479836480765,2.05040025231168,1.761194029850746
Kepler-1185 b,2.33,1.33,104.3518976,0.4297,0.96,0.87,5622.0,-0.04,2.33,0.367355921026019,0.12385164096708581,2.018500350955049,1.7518796992481203
K2-181 b,7.7,2.69,6.8941,0.0706,0.96,1.06,5528.0,0.18,7.7,0.8864907251724818,0.42975228000240795,0.8384775786270802,2.862453531598513
Kepler-31 d,2161.244,3.9,87.6451,0.4,1.21,1.22,6340.0,-0.076,2161.244,3.3347038006044736,0.5910646070264992,1.942727640881077,554.1651282051282
Kepler-1070 b,3.64,1.73,6.2216147,0.06753,1.21,1.32,6261.0,0.03,3.64,0.561101383649056,0.2380461031287954,0.7939031120691816,2.1040462427745665
Kepler-1162 b,5.52,2.21,32.5637069,0.19,0.89,0.84,5390.0,-0.03,5.52,0.7419390777291989,0.3443922736851107,1.512733837082659,2.497737556561086
Kepler-1560 b,0.64,0.89,3.03195744,0.04175,1.02,1.02,5815.0,0.04,0.64,-0.1938200260161128,-0.05060999335508721,0.48172310075194286,0.7191011235955056
Kepler-1702 b,3.2,1.60190793,18.5012,0.1275,0.85,0.725742,5093.0,-0.24,3.2,0.505149978319906,0.20463755129752337,1.2671998979422971,1.9976179280166246
Kepler-1621 b,5.31,2.16,92.263714,0.4204,1.15,1.24,6158.0,0.03,5.31,0.725094521081469,0.3344537511509309,1.96503093279166,2.458333333333333
Kepler-240 c,102.3,2.2,7.953528,0.074,0.868,0.739,4985.0,0.41,102.3,2.00987563371216,0.3424226808222063,0.9005598143243659,46.49999999999999
Kepler-1972 c,2.11,0.868,11.3295,0.10493,1.12,1.384,5818.0,0.23,2.11,0.3242824552976926,-0.0614802748235081,1.0542107437528487,2.430875576036866
K2-278 b,9.17,2.98,3.334966,0.0488,1.4,1.61,6747.0,0.0,9.17,0.9623693356700211,0.4742162640762552,0.5230914106400778,3.077181208053691
Kepler-42 d,0.357785,0.57,1.865169,0.0154,0.13,0.17,3068.0,-0.33,0.357785,-0.446377871017902,-0.24412514432750865,0.27071818866063363,0.6276929824561405
Kepler-1050 b,3.19,1.6,15.3787546,0.12353,1.09,1.13,6010.0,0.03,3.19,0.5037906830571811,0.2041199826559248,1.18692116691876,1.99375
Kepler-1001 b,10.1,3.15,14.30511983,0.11147,0.9,0.88,5491.0,-0.03,10.1,1.0043213737826426,0.4983105537896005,1.1554915001202957,3.2063492063492065
Kepler-478 b,7.8,2.71,13.2217576,0.1032,0.85,0.8,5210.0,-0.03,7.8,0.8920946026904804,0.4329692908744057,1.1212891907959475,2.878228782287823
Kepler-1164 b,1.46,1.12,3.97599768,0.04635,0.85,0.79,5183.0,-0.03,1.46,0.1643528557844371,0.04921802267018165,0.5994461223139347,1.3035714285714284
Kepler-692 b,9.85,3.11,21.81293494,0.1495,0.9,0.86,5440.0,-0.01,9.85,0.9934362304976118,0.4927603890268375,1.3387141040239994,3.167202572347267
Kepler-1464 c,0.972,1.0,5.32786292,0.06101,1.02,1.01,5828.0,0.03,0.972,-0.012333735073725434,0.0,0.7265530423909548,0.972
K2-268 c,7.7,2.69,9.327527,0.0819,0.84,0.78,5106.0,0.03,7.7,0.8864907251724818,0.42975228000240795,0.9697665148486523,2.862453531598513
Kepler-594 b,5.39,2.18,13.64618192,0.1089,0.91,0.87,5485.0,-0.03,5.39,0.7315887651867387,0.33845649360460484,1.1350111566496999,2.472477064220183
Kepler-23 c,7.81,3.005,10.74,0.09501,1.078,1.548,5828.0,-0.112,7.81,0.8926510338773003,0.4778444763387583,1.0310042813635367,2.5990016638935107
Kepler-150 b,2.1,1.25,3.428054,0.044,0.956,0.939,5560.0,0.12,2.1,0.3222192947339193,0.09691001300805642,0.5350476544755801,1.6800000000000002
Kepler-199 b,9.85,3.11,23.637604,0.158,0.96,0.967,5644.0,0.0,9.85,0.9934362304976118,0.4927603890268375,1.3736034526527474,3.167202572347267
Kepler-1499 b,1.81,1.19,44.2008,0.23225,0.82,0.78,5097.0,-0.01,1.81,0.2576785748691845,0.07554696139253074,1.645430129811566,1.5210084033613447
Kepler-1498 b,2.33,1.33,48.051405,0.2528,0.86,0.81,5256.0,-0.01,2.33,0.367355921026019,0.12385164096708581,1.6817060907522488,1.7518796992481203
Kepler-611 b,3.36,1.65,2.437033302,0.0351,1.01,1.01,5761.0,0.06,3.36,0.526339277389844,0.21748394421390627,0.386861463848663,2.0363636363636366
Kepler-1141 b,0.477,0.82,2.344511944,0.03496,1.01,1.07,5791.0,0.04,0.477,-0.3214816209598861,-0.08618614761628333,0.370052449572236,0.5817073170731707
Kepler-1073 b,5.9,2.3,8.67888593,0.0805,1.0,1.0,5792.0,0.0,5.9,0.7708520116421442,0.36172783601759284,0.9384639803025329,2.565217391304348
Kepler-1170 b,6.39,2.41,9.98969327,0.088,0.8,0.76,5069.0,-0.09,6.39,0.8055008581584001,0.3820170425748684,0.9995521535721771,2.6514522821576763
Kepler-157 d,2.73,1.46,7.02573474,0.0706,1.02,1.03,5866.0,-0.01,2.73,0.436162647040756,0.1643528557844371,0.8466917487681366,1.86986301369863
Kepler-549 c,8.91,2.93,117.040498,0.45332,0.88,0.84,5360.0,-0.03,8.91,0.9498777040368748,0.4668676203541095,2.068336161017048,3.040955631399317
Kepler-688 b,68.7,9.76,3.895936844,0.046,0.98,0.96,5715.0,0.02,68.7,1.8369567370595505,0.9894498176666918,0.5906119080308555,7.038934426229509
Kepler-632 b,5.52,2.21,30.99660733,0.1885,0.91,0.84,5322.0,0.11,5.52,0.7419390777291989,0.3443922736851107,1.4913141616248553,2.497737556561086
Kepler-1502 b,10.2,3.18,41.7083629,0.2482,1.44,1.72,6666.0,0.05,10.2,1.0086001717619175,0.5024271199844327,1.6202231436351002,3.2075471698113205
Kepler-253 b,3.29,1.63,3.783986,0.046,0.86,0.786,5208.0,0.15,3.29,0.5171958979499743,0.21218760440395779,0.5779495209290167,2.0184049079754605
Kepler-1119 b,4.35,1.92,8.3265153,0.0812,1.11,1.17,6083.0,0.03,4.35,0.6384892569546373,0.28330122870354957,0.9204632844058531,2.265625
Kepler-543 b,6.8,2.5,13.89961966,0.1023,0.7,0.67,4671.0,-0.19,6.8,0.8325089127062363,0.3979400086720376,1.1430029166696951,2.7199999999999998
Kepler-693 b,73.8,10.18,15.37563332,0.1121,0.76,0.72,4881.0,-0.1,73.8,1.8680563618230415,1.00774777800074,1.1868330133395923,7.24950884086444
Kepler-1710 b,3.49494179,3.19744103,14.91110039,0.11583,0.932,0.899,5650.0,-0.04,3.49494179,0.5434399467505648,0.5048025435864193,1.1735096941351564,1.0930433922654705
Kepler-1928 b,4.63,1.992,19.57783,0.194,1.01,0.92,5720.0,0.12,4.63,0.6655809910179531,0.29928933408767994,1.2917645530824151,2.32429718875502
Kepler-1999 b,10.8,3.29,8.7396758,0.0713,0.632,0.628,4406.0,-0.24,10.8,1.0334237554869496,0.5171958979499743,0.9414953226936169,3.2826747720364744
KOI-7368 b,5.56,2.22,6.8430344,0.0678,0.879,0.874,5241.0,0.0578,5.56,0.7450747915820575,0.3463529744506387,0.8352487232043523,2.5045045045045042
Kepler-227 c,9.48,3.04,54.418694,0.29,0.954,1.091,5854.0,0.1,9.48,0.9768083373380663,0.48287358360875376,1.7357481148895433,3.118421052631579
Kepler-26 d,1.24,1.07,3.543919,0.039,0.593,0.571,4486.0,-0.21,1.24,0.09342168516223506,0.029383777685209667,0.5494837870708132,1.158878504672897
KELT-17 b,416.3573,17.093725,3.0801716,0.04881,1.635,1.645,7454.0,-0.018,416.3573,2.6194661835540014,1.232836712847456,0.4885749122332754,24.357318255675697
IC 4651 9122 b,2002.329,12.7,734.0,2.038,2.1,10.267424,4740.1,0.12,2002.329,3.301535437351819,1.1038037209559568,2.8656960599160706,157.66370078740158
GJ 229 b,14.93793513,3.97,579.47495,1.086,0.509,0.46,3564.0,,14.93793513,1.1742905691243832,0.5987905067631151,2.7630346666811283,3.762704062972292
GJ 180 c,6.4,2.41,24.329,0.129,0.43,0.413049,3371.0,,6.4,0.8061799739838872,0.3820170425748684,1.3861242584003117,2.6556016597510372
HD 68988 c,4776.96095721,12.2,16000.0,13.2,1.171665,1.255733,5883.41,0.3052,4776.96095721,3.6791516917465006,1.0863598306747482,4.204119982655925,391.5541768204918
HD 93385 b,4.2,1.88,7.3426,0.0756,1.04,1.18484,5977.0,0.02,4.2,0.6232492903979004,0.2741578492636798,0.8658498699585359,2.2340425531914896
Kepler-294 c,7.8,2.71,6.6264,0.071,0.947,0.976,5913.0,0.11,7.8,0.8920946026904804,0.4329692908744057,0.8212776483508692,2.878228782287823
TOI-4311 c,13.58,2.47,15.070425,0.1116,0.816,0.8441,5063.0,-0.065,13.58,1.132899769944483,0.39269695325966575,1.1781254999956,5.4979757085020236
WASP-118 b,163.36462,16.14096,4.0460435,0.05453,1.32,1.696,6410.0,0.16,163.36462,2.213158006893513,1.2079293612599011,0.6070305476657317,10.121121668104005
TAP 26 b,527.5978,13.5,10.79,0.0968,1.04,1.17,4620.0,-0.1992,527.5978,2.7223029759382924,1.130333768495006,1.0330214446829107,39.08131851851852
HD 92788 c,1166.4361,13.0,11611.2975,10.5,1.15,1.14,5744.0,0.27,1166.4361,3.0668609521503267,1.1139433523068367,4.064880752521107,89.72585384615384
GJ 422 b,11.07,3.33,20.129,0.111,0.35,0.370328,3323.0,,11.07,1.0441476208787228,0.5224442335063199,1.303822199862847,3.324324324324324
GJ 414 A c,53.83,8.4,749.83,1.4,0.65,0.68,4120.0,0.24,53.83,1.731024379815688,0.9242792860618817,2.8749628121509065,6.408333333333333
TOI-3593 b,565.73456446,11.02963701,3.8212867,0.0481,1.015,0.918,5550.0,0.384,565.73456446,2.7526127134684866,1.04256121986104,0.5822096227595813,51.29221967568632
WASP-195 b,33.05415433,10.31226224,5.051928,0.063,1.3,1.578,6300.0,0.0,33.05415433,1.5192260504846506,1.013353948559546,0.7034571523691364,3.205325229394089
HD 27631 b,495.81231492,13.5,2198.14,3.242,0.944,0.923,5737.0,-0.12,495.81231492,2.695317309514054,1.130333768495006,3.3420553492754626,36.72683814222222
Wolf 503 b,6.26,2.043,6.00127,0.05706,0.688,0.689,4716.0,-0.47,6.26,0.7965743332104297,0.3102683666324476,0.7782431663215529,3.0641213901125792
WASP-183 b,159.55066,16.47723,4.1117771,0.04632,0.784,0.871,5313.0,-0.31,159.55066,2.2028986050432566,1.2168842039128276,0.6140295634619629,9.68309964721012
Kepler-1747 b,16.8,4.26508,6.230319977,0.066,0.983,0.865,5477.0,0.21,16.8,1.2253092817258628,0.6299271816307888,0.7945103517437457,3.938964802535943
Kepler-906 b,5.1,2.11,41.6979976,0.22363,1.06,1.02,6035.0,-0.09,5.1,0.7075701760979364,0.3242824552976926,1.6201152000061143,2.4170616113744074
TOI-4551 b,473.56432643,11.85910158,9.95581,0.0994,1.31,3.55,4896.0,0.23,473.56432643,2.6753789795718665,1.0740517890596424,0.9980765997948383,39.93256346067996
HD 98649 b,3082.9355479,12.5,5384.0,5.97,0.97,1.01,5759.0,-0.06,3082.9355479,3.4889644454258373,1.0969100130080565,3.7311050512159203,246.634843832
Kepler-780 b,0.64,0.89,0.677375164,0.015,1.01,1.02,5769.0,0.05,0.64,-0.1938200260161128,-0.05060999335508721,-0.16917073083205478,0.7191011235955056
NGTS-16 b,211.99154747,14.57167491,4.84532,0.0523,1.002,1.213,5550.0,0.35,211.99154747,2.3263185450781902,1.1635094736892848,0.6853224644920396,14.548193586484562
TOI-1634 b,4.9,1.759,0.98934551,0.01544,0.502,0.45,3550.0,0.23,4.9,0.6901960800285137,0.24526583945746125,-0.004652012870155009,2.7856736782262654
Kepler-275 b,6.08,2.34,10.300682,0.098,1.189,1.383,6165.0,0.08,6.08,0.7839035792727349,0.3692158574101428,1.0128659799509225,2.5982905982905984
Kepler-121 c,5.77,2.27,41.008011,0.216,0.859,0.701,5311.0,-0.08,5.77,0.7611758131557314,0.35602585719312274,1.6128687053354542,2.541850220264317
TOI-4342 c,4.8,2.349,10.688662,0.0804,0.587,0.598,3866.0,0.26,4.8,0.6812412373755872,0.3708830167776059,1.0289233439005216,2.043422733077905
Kepler-168 b,2.73,1.46,4.425391,0.056,1.113,1.107,6282.0,0.09,2.73,0.436162647040756,0.1643528557844371,0.6459516482859491,1.86986301369863
HD 42012 b,508.528,13.5,857.5,1.67,0.83,0.82,5405.0,-0.09,508.528,2.706314870554162,1.130333768495006,2.9332341287148083,37.668740740740745
Qatar-10 b,233.92288,17.295487,1.645321,0.0286,1.156,1.254,6124.0,0.016,233.92288,2.3690727022357363,1.2379327952277996,0.2162506408444093,13.525082005496577
GJ 720 A b,13.64,3.77,19.466,0.119,0.57,0.56,3837.0,-0.14,13.64,1.13481437032046,0.5763413502057929,1.2892767190393597,3.618037135278515
HD 137496 b,4.04,1.31,1.62116,0.02732,1.04,1.59,5799.0,-0.03,4.04,0.6063813651106049,0.11727129565576427,0.20982587955424253,3.0839694656488548
Kepler-17 b,778.65,14.68,1.4857108,0.02591,1.04,1.01034,5781.0,0.26,778.65,2.8913422879345303,1.1667260555800518,0.1719342803616592,53.04155313351499
Kepler-176 b,290.537,1.43,5.433074,0.058,0.86,0.891,5232.0,0.13,290.537,2.4632014478196265,0.1553360374650618,0.7350456202873187,203.17272727272726
HD 214823 b,5914.78665427,12.1,1854.84424,3.08,1.115,2.04,6215.0,0.17,5914.78665427,3.7719390842903597,1.08278537031645,3.268307445730749,488.8253433280992
Kepler-761 b,4.78,2.03,10.12804789,0.0874,0.95,0.93,5706.0,-0.09,4.78,0.6794278966121189,0.3074960379132129,1.0055257462192482,2.3546798029556655
TOI-216.01,177.98390792,10.1,34.525528,0.2069,0.77,0.748,5026.0,0.32,177.98390792,2.250380738165793,1.0043213737826426,1.5381403289808075,17.6221691009901
TOI-1259 A b,141.0,11.6,3.4779792,0.0408,0.746,0.715,4775.0,-0.5,141.0,2.1492191126553797,1.0644579892269184,0.5413269803831298,12.155172413793103
Kepler-107 e,14.1,2.903,14.749143,0.12638,1.238,1.447,5854.0,0.321,14.1,1.14921911265538,0.46284703583167375,1.1687667863356153,4.857044436789528
Kepler-450 c,12.5,2.62,15.413135,0.13351,1.19,1.64162,6197.21,0.1278,12.5,1.0969100130080565,0.41830129131974547,1.1878909823087427,4.770992366412213
HD 1605 b,296.85322,13.8,577.2,1.492,1.33,3.49,4915.0,0.22,296.85322,2.4725417641283305,1.1398790864012365,2.7613263224214566,21.511102898550725
HD 210193 b,153.1,14.3,649.918,1.487,1.04,1.05971,5790.0,0.13,153.1,2.184975190698261,1.1553360374650619,2.8128585652674563,10.706293706293705
HD 108236 c,4.94,2.071,6.203449,0.062,0.869,0.877,5660.0,-0.28,4.94,0.693726948923647,0.3161800988934526,0.7926332161424462,2.385321100917431
TOI-4145 A b,136.66621501,13.30506009,4.0664428,0.04823,0.905,0.859,5281.0,0.168,136.66621501,2.135661166739179,1.1240168403076622,0.6092146677417662,10.271747296558058
Kepler-1663 b,10.9,3.30395896,17.6046,0.1072,0.610816,0.62859,3844.0,0.06,10.9,1.0374264979406236,0.519034644109533,1.2456261617682425,3.2990724557910367
Kepler-273 c,4.58,1.98,8.014927,0.073,0.756,0.815,5626.0,-0.28,4.58,0.6608654780038692,0.2966651902615311,0.9038995711516039,2.313131313131313
GJ 3138 c,4.18,1.88,5.974,0.057,0.681,0.5,3717.0,-0.3,4.18,0.6211762817750351,0.2741578492636798,0.7762652182681095,2.223404255319149
K2-291 b,6.49,1.589,2.225177,0.03261,0.934,0.899,5520.0,0.08,6.49,0.8122446968003693,0.20112389720737955,0.3473645623128732,4.084329767149151
HD 39855 b,8.5,2.85,3.2498,0.041,0.87,0.744665,5576.0,,8.5,0.9294189257142927,0.4548448600085102,0.5118566343422369,2.982456140350877
HIP 90988 b,668.07531151,13.4,455.73816,1.36,1.613,3.94,4883.0,0.17,668.07531151,2.824825422849216,1.1271047983648077,2.6587153945766904,49.856366530597015
TOI-558 b,1147.36054927,12.17295304,14.574071,0.1291,1.349,1.496,6466.0,-0.004,1147.36054927,3.0596999130652507,1.0853959466281409,1.1635808809314054,94.25490638958385
GPX-1 b,6261.2196179,16.47720163,1.744579,0.0338,1.68,1.56,7000.0,0.35,6261.2196179,3.7966589373211854,1.2168834561569815,0.24169064044348376,379.9928991886713
TOI-3819 b,352.78953177,13.13692538,3.2443141,0.04611,1.242,1.538,5859.0,0.273,352.78953177,2.54751568994625,1.1184937330512963,0.5111228940265282,26.854802137119243
Kepler-181 b,2.15,1.27,3.137873,0.04,0.81,0.749,5333.0,-0.04,2.15,0.33243845991560533,0.10380372095595687,0.49663536228618027,1.6929133858267715
K2-38 c,8.3,2.29,10.56103,0.09514,1.03,1.06,5731.0,0.26,8.3,0.919078092376074,0.359835482339888,1.0237062762946016,3.624454148471616
HD 224538 b,2075.73732612,12.7,1202.05199,2.375,1.23,1.54,6097.0,0.27,2075.73732612,3.317172394920977,1.1038037209559568,3.079923251761417,163.4438839464567
GJ 273 b,2.89,1.51,18.6498,0.091101,0.29,0.293,3382.0,0.09,2.89,0.4608978427565479,0.17897694729316943,1.2706741788062552,1.913907284768212
K2-292 b,24.5,2.63,16.9841,0.13,1.0,1.09,5725.0,0.07,24.5,1.3891660843645324,0.41995574848975786,1.2300425382305011,9.315589353612168
GJ 4276 b,16.57,4.22,13.352,0.082,0.406,0.407,3387.0,0.12,16.57,1.2193225084193366,0.6253124509616739,1.1255463236711902,3.9265402843601898
HD 102843 b,113.9,13.1,3090.942,4.074,0.95,0.961488,5436.0,0.16,113.9,2.0565237240791006,1.1172712956557642,3.49009085581831,8.694656488549619
Kepler-271 b,2.04,1.23,10.43547805,0.08784,0.9,0.87,5555.0,-0.13,2.04,0.3096301674258988,0.08990511143939793,1.0185123489186347,1.6585365853658538
CFHTWIR-Oph 98 b,2479.0615746,20.8487041,8040000.0,200.0,0.0147,0.245,2320.0,,2479.0615746,3.394287313850073,1.3190790655587028,6.905256048748451,118.90722620980553
TOI-1431 b,991.62462984,16.70138124,2.650237,0.046,1.9,1.92,7690.0,0.09,991.62462984,2.9963473051780354,1.2227523897167116,0.4232847128763797,59.37380960234879
TOI-4406 b,95.3485221,11.2089807,30.08364,0.201,1.19,1.29,6219.0,0.1,95.3485221,1.9793139658792551,1.049566121382448,1.4783303829925136,8.506440028039302
Kepler-149 d,14.9,3.96,160.018032,0.571,1.013,0.953,5381.0,0.3805,14.9,1.173186268412274,0.5976951859255123,2.204168924886192,3.7626262626262625
TOI-5027 b,642.01338214,10.76062147,10.24368,0.093,1.02,0.92,5909.0,-0.15,642.01338214,2.8075440806062164,1.0318373543412973,1.0104560031813121,59.663225207753726
GJ 273 c,1.18,1.06,4.7234,0.036467,0.29,0.293,3382.0,0.09,1.18,0.07188200730612536,0.02530586526477026,0.6742547252584549,1.1132075471698113
HD 20781 d,10.61,3.25,29.158,0.1647,0.7,0.833609,5256.0,-0.11,10.61,1.0257153839013406,0.5118833609788743,1.464757731622886,3.2646153846153845
HD 110113 b,4.55,2.05,2.541,0.035,0.997,0.968,5732.0,0.14,4.55,0.6580113966571124,0.31175386105575426,0.40500466505036936,2.2195121951219514
HAT-P-63 b,195.1466419,12.5428494,3.377728,0.04294,0.925,0.9661,5400.0,0.251,195.1466419,2.2903610823052114,1.0983962077965361,0.5286246739930626,15.558397910764997
TOI-3862 b,53.7,5.53,1.55745774,0.02539,0.9,0.92,5300.0,0.11,53.7,1.7299742856995557,0.7427251313046983,0.19241627136086908,9.710669077757686
Kepler-284 c,7.32,2.61,37.514456,0.213,0.766,0.814,5615.0,-0.26,7.32,0.8645110810583919,0.41664050733828095,1.574198653094297,2.8045977011494254
WASP-142 b,266.9772,17.14977,2.052868,0.0347,1.33,1.64,6010.0,0.26,266.9772,2.426474173960119,1.2342582999822502,0.31236102500885843,15.567392448994942
WASP-171 b,344.52772,10.98482,3.8186244,0.0504,1.171,1.637,5965.0,0.04,344.52772,2.5372241701006053,1.0407929448571462,0.5819069432569436,31.363984116262262
TOI-1789 b,222.4798849,16.14093221,3.208664,0.04882,1.507,2.168,5991.0,0.373,222.4798849,2.3472907511738494,1.2079286135315106,0.5063242416869901,13.783583377059484
HD 35843 c,11.32,2.54,46.9622,0.25,0.94,0.897,5666.0,-0.27,11.32,1.0538464268522527,0.40483371661993806,1.6717484337566002,4.456692913385827
TOI-4666 b,155.41809102,12.53164042,2.9089165,0.034,0.576,0.585,3793.0,0.79,155.41809102,2.1915015702748297,1.0980079248427475,0.4637312550697803,12.402054783822148
BD+20 594 b,22.2481,2.57807,41.6855,0.241,1.67,1.08,5766.0,-0.15,22.2481,1.347292927912494,0.4112947051822443,1.6199850150435282,8.62975016194285
GJ 143 b,22.7,2.61,35.61253,0.1915,0.73,0.695,4640.0,0.003,22.7,1.3560258571931227,0.41664050733828095,1.5516028280974166,8.697318007662835
WASP-182 b,47.03884,9.52765,3.3769848,0.0451,1.076,1.34,5638.0,0.27,47.03884,1.6724566032931947,0.9789857948789441,0.528529105855731,4.937087319538397
HD 107148 c,19.89605828,4.7,18.3267,0.1407,1.105215,1.169193,5752.92,0.2964,19.89605828,1.298767044409313,0.6720978579357175,1.2630842707006409,4.233203889361701
Kepler-833 b,4.74,2.02,18.7546998,0.1139,0.64,0.62,4339.0,-0.18,4.74,0.6757783416740851,0.3053513694466238,1.2731101169406527,2.3465346534653464
Kepler-94 b,10.84,3.51,2.50806,0.03377,0.81,0.76,4781.0,0.34,10.84,1.0350292822023681,0.5453071164658241,0.39933792185454187,3.0883190883190883
TOI-4463 A b,252.35575516,13.26022417,2.8807198,0.04036,1.056,1.062,5640.0,0.25,252.35575516,2.4020132135901306,1.1225508660726067,0.4595010176584635,19.031032350941015
HATS-9 b,266.02371,13.85,1.915291,0.0312,1.1,1.56,5599.0,0.38,266.02371,2.4249203458914974,1.1414497734004674,0.2822347679093358,19.2074880866426
TYC 0434-04538-1 b,1938.763,12.7,193.2,0.66,1.04,9.99,4679.0,-0.38,1938.763,3.287524722909004,1.1038037209559568,2.2860071220794747,152.65850393700788
Kepler-839 b,7.13,2.57,37.8144514,0.2316,1.22,1.31,6058.0,0.29,7.13,0.8530895298518656,0.4099331233312945,1.577657804172005,2.77431906614786
HD 27969 b,1525.5763536,12.9,654.5,1.552,1.16,1.27,5966.0,0.18,1525.5763536,3.1834339485351797,1.110589710299249,2.8159096508867747,118.2617328372093
TOI-3912 b,129.03833324,14.28024141,3.4936264,0.0463,1.088,1.392,5725.0,0.187,129.03833324,2.1107187447300553,1.1547355493270377,0.5432764607231654,9.03614508572933
Kepler-294 b,3.78,1.77,3.701212,0.048,0.947,0.976,5913.0,0.11,3.78,0.5774917998372253,0.24797326636180664,0.568343961559117,2.135593220338983
TOI-4487 A b,397.28550875,14.60530185,3.9540709,0.05448,1.378,1.634,6206.0,0.216,397.28550875,2.599102724167649,1.1645105370325886,0.5970444523329155,27.20145826701966
K2-251 b,6.12,2.35,9.30075,0.0694,0.52,0.49,3717.0,-0.04,6.12,0.7867514221455612,0.37106786227173627,0.9685179708903038,2.604255319148936
GJ 3512 b,146.51889563,14.3,203.109,0.3376,0.123,0.139,3141.0,-0.07,146.51889563,2.165893636558133,1.1553360374650619,2.307729167933302,10.246076617482517
HD 145675 c,2510.8444153,12.6,15732.45889,20.0,0.97,0.93,5338.0,0.43,2510.8444153,3.399819802450034,1.100370545117563,4.196796605579576,199.2733662936508
HD 95544 b,1913.64483855,12.8,2041.54152,3.166,1.01,1.088,5722.0,0.11,1913.64483855,3.2818613383674213,1.1072099696478683,3.309958216844627,149.50350301171875
Kepler-309 b,3.05,1.56,5.923653,0.059,0.816,0.721,4713.0,0.27,3.05,0.48429983934678583,0.1931245983544616,0.7725896101801895,1.9551282051282048
WASP-74 b,228.8376,15.24424,2.13775,0.03443,0.98,1.42,5990.0,0.39,228.8376,2.359527384329506,1.183105777534869,0.3299569151062389,15.011414147245125
Qatar-7 b,597.5204,19.0553,2.032046,0.0352,1.409,1.564,6387.0,0.276,597.5204,2.776352737161917,1.2800157905429252,0.3079335349701725,31.357176218689816
Kepler-270 b,4.7,2.01,11.476094,0.107,1.17,1.461,6067.0,0.15,4.7,0.6720978579357175,0.30319605742048883,1.059794096868672,2.338308457711443
TOI-628 b,2011.8639,11.88154,3.4095675,0.0486,1.311,1.345,6250.0,0.258,2011.8639,3.3035985979155926,1.0748727344294216,0.532699292694525,169.32686335273038
HD 168009 b,9.53485221,3.05,15.1479,0.1192,0.986073,1.209505,5778.33,0.0183,9.53485221,0.979313965879255,0.48429983934678583,1.1803524294305987,3.1261810524590166
HD 164922 e,10.52012027,3.23,41.763,0.2292,0.921146,1.001813,5393.43,0.1967,10.52012027,1.0220207048651315,0.5092025223311029,1.620791688189823,3.2570031795665635
HD 115954 b,2685.65003915,12.6,3700.0,5.0,1.18,1.213,5957.0,0.34,2685.65003915,3.4290494201092847,1.100370545117563,3.568201724066995,213.14682850396824
TOI-1278 b,5879.8255295,12.21778896,14.47567,0.095,0.54,0.573,3799.0,-0.01,5879.8255295,3.7693644395626063,1.0869926192164336,1.1606386739931798,481.25119436504
LHS 1678 b,0.35,0.685,0.8602325,0.01239,0.345,0.329,3490.0,,0.35,-0.4559319556497244,-0.1643094285075744,-0.06538415361634822,0.510948905109489
TOI-3980 b,187.51876013,14.4595851,3.6089254,0.0494,1.24,1.626,5840.0,0.188,187.51876013,2.2730447228017368,1.1601558315915919,0.5573779048627212,12.96847446404254
Kepler-903 b,4.7,2.01,10.3507721,0.09081,0.98,0.97,5682.0,0.05,4.7,0.6720978579357175,0.30319605742048883,1.0149727465333107,2.338308457711443
Kepler-84 c,20.2,2.36,12.883,0.1072,1.0,1.43,6039.0,-0.07,20.2,1.3053513694466237,0.37291200297010657,1.110017006792112,8.559322033898304
TOI-4507 b,20.0,8.2,104.61611,0.456,1.11,1.04,6260.0,-0.06,20.0,1.3010299956639813,0.9138138523837167,2.019598567374238,2.439024390243903
EPIC 211822797 b,4.35,1.92,21.1701963,0.1195,0.62,0.58,4057.0,0.2,4.35,0.6384892569546373,0.28330122870354957,1.32572488502043,2.265625
K2-254 c,5.43,2.19,12.11839,0.0923,0.71,0.67,4629.0,-0.14,5.43,0.7347998295888469,0.34044411484011833,1.0834449250644935,2.4794520547945207
GJ 160.2 b,10.2,3.17,5.2354,0.053,0.69,0.655173,4347.0,,10.2,1.0086001717619175,0.5010592622177514,0.718949868661722,3.217665615141956
HD 39194 d,5.16,2.12,33.874,0.1949,0.86,0.783742,5205.0,-0.61,5.16,0.7126497016272114,0.32633586092875144,1.529866483191915,2.4339622641509435
Kepler-304 b,8.55,2.86,3.295709,0.039,0.737,0.687,4731.0,0.03,8.55,0.9319661147281727,0.456366033129043,0.5179488579785004,2.98951048951049
Kepler-1756 b,2.77,1.47199944,2.355750084,0.0319,0.781,0.812,4915.0,0.16,2.77,0.4424797690644486,0.16790764478072182,0.3721292152760313,1.8817941941608347
Kepler-195 b,4.78,2.03,8.307872,0.077,0.867,0.775,5329.0,0.04,4.78,0.6794278966121189,0.3074960379132129,0.9194897967073178,2.3546798029556655
K2-28 b,5.99,2.32,2.260455,0.0214,0.257,0.288,3214.0,0.26,5.99,0.7774268223893114,0.3654879848908996,0.3541958657404909,2.5818965517241383
Kepler-1724 b,8.43,2.83677238,6.45442009,0.0683,1.016,0.943,6092.0,-0.22,8.43,0.9258275746247423,0.4528244898050712,0.8098572283178974,2.971687139734489
HAT-P-7 b,584.8072,16.92559,2.20474,0.03809,1.56,2.0,6389.0,0.26,584.8072,2.767012710907774,1.2285438164578208,0.3433573814578117,34.551658169670894
Kepler-551 b,7.9,2.73,12.3764661,0.0893,0.65,0.63,4286.0,-0.09,7.9,0.8976270912904415,0.436162647040756,1.0925966566097252,2.8937728937728937
K2-44 b,6.5,2.433,5.657,0.06,1.15,1.58,5912.0,0.0,6.5,0.8129133566428556,0.38614210893081846,0.7525861787404092,2.671598849157419
K2-27 b,30.2,4.74,6.771347,0.06702,0.88,0.876,5246.0,0.12,30.2,1.4800069429571505,0.6757783416740851,0.8306750699374057,6.371308016877637
K2-42 b,5.27,2.15,6.68796,0.0617,0.702,0.643,4613.0,,5.27,0.7218106152125465,0.33243845991560533,0.8252936669681572,2.4511627906976745
K2-193 b,14.8,3.95,14.786889,0.1184,1.01,0.98,5817.0,0.0,14.8,1.1702617153949575,0.5965970956264602,1.1698768127899593,3.7468354430379747
Kepler-452 b,3.29,1.63,384.843,1.046,1.037,1.11,5757.0,0.21,3.29,0.5171958979499743,0.21218760440395779,2.5852835914826846,2.0184049079754605
Kepler-220 c,3.09,1.57,9.034199,0.076,0.729,0.666,4632.0,-0.1738,3.09,0.4899584794248346,0.19589965240923377,0.9558896527130925,1.968152866242038
Kepler-228 d,15.4,4.04,11.094286,0.101,1.006,1.014,6043.0,0.18,15.4,1.187520720836463,0.6063813651106049,1.0450993573802807,3.8118811881188117
Kepler-565 b,12.9,3.64,4.243747226,0.0501,0.98,0.95,5735.0,-0.02,12.9,1.110589710299249,0.561101383649056,0.6277495077404446,3.543956043956044
K2-35 b,2.3,1.32,2.399964,0.031,0.701968,0.619575,4402.71,0.04,2.3,0.36172783601759284,0.12057393120584989,0.3802047272455189,1.7424242424242422
Kepler-1720 b,10.4,3.21585295,12.70639992,0.1043,0.939,0.839,5573.0,-0.04,10.4,1.0170333392987803,0.5072961817232854,1.104022520156801,3.233978717839073
