pl_name,pl_bmasse,pl_rade,pl_orbper,pl_orbsmax,st_mass,st_rad,st_teff,st_met
HD 2039 b,1999.1507,12.7,1120.0,2.2,1.23,1.19,5945.0,0.3
HAT-P-8 b,406.8224,15.6926,3.07634,0.04496,1.27,1.57,6200.0,0.01
K2-43 b,18.5,4.51,3.471149,0.03784,0.571,0.542,3840.6,
Kepler-1753 b,5.59,2.22678077,16.00460052,0.1179,0.86,0.769,5180.0,0.0
Kepler-1176 b,6.57,2.45,24.1738579,0.1589,1.01,1.02,5844.0,-0.01
K2-126 b,4.54,1.97,7.385655,0.0656,0.69,0.65,4339.0,0.02
Kepler-1263 b,1.55,1.14,4.55139967,0.0499,0.84,0.8,5213.0,-0.03
Kepler-1416 b,0.615,0.88,1.49514952,0.0257,1.09,1.15,6019.0,0.03
Kepler-1542 c,0.208,0.65,2.89223021,0.0387,0.94,0.99,5564.0,0.06
K2-85 b,3.2,1.4,0.68453862616,0.013,0.7,0.71,4232.0,0.14
Kepler-368 c,14.3,3.88,72.379334,0.36,1.165,2.019,5502.0,0.03
K2-123 b,8.05,2.76,30.951524,0.1649,0.62,0.59,4035.0,0.03
Kepler-770 b,5.9,2.3,18.92540274,0.1694,0.94,0.92,5598.0,-0.01
Kepler-1399 b,2.1,1.25,1.638653058,0.0276,0.97,0.96,5735.0,-0.03
Kepler-723 b,,12.19,4.082275068,0.0479,0.92,0.89,5539.0,0.0
K2-107 b,266.9772,15.98,3.313959,0.0475,1.3,1.81,6061.0,0.14
K2-45 b,36.4,6.71,1.7292684,0.0224,0.503,0.445,4103.0,
K2-365 b,8.78,2.906,23.448172,,0.823,1.051,5561.0,-0.021
K2-127 b,52.9,8.37,3.588163,0.0411,0.72,0.66,4575.0,-0.11
K2-195 b,9.96,3.13,15.852975,0.1208,0.94,0.99,5713.0,-0.1
K2-80 c,2.76,1.47,5.605,0.0596,0.9,0.87,5441.0,0.07
K2-229 c,7.0,2.03,8.32727,0.0769,0.87,0.79,5315.0,-0.09
HAT-P-3 b,206.5895,10.53646,2.8997,0.03866,1.06,0.87,5185.0,0.27
WASP-32 b,835.8929,10.76064,2.71866,0.0394,0.72,0.95,6140.0,-0.13
WASP-24 b,394.1092,15.46842,2.34121,0.03651,1.43,1.42,6075.0,0.0
Kepler-65 c,5.4,2.58,5.859944,0.068,1.25,1.41,6211.0,0.17
TrES-2 b,473.5667,15.24424,2.47063,0.03568,1.36,1.12,5850.0,-0.15
Kepler-939 b,3.71,1.75,14.878296,0.1153,0.88,0.85,5471.0,-0.12
Kepler-1028 b,2.33,1.33,2.51462432,0.0354,0.9,0.87,5522.0,-0.09
HAT-P-67 b,143.02278315,23.9872187,4.8101069,0.06505,1.73,2.62,6640.0,0.14
Kepler-1101 b,6.66,2.47,81.3151059,0.3483,0.94,0.91,5614.0,-0.04
Kepler-1388 b,7.22,2.59,12.2854603,0.0882,0.63,0.61,4098.0,0.02
Kepler-768 b,3.86,1.79,11.3910025,0.092,0.82,0.78,5108.0,-0.03
Kepler-796 b,2.24,1.3,6.40087618,0.07317,0.93,1.09,5475.0,0.09
Kepler-110 b,4.01,1.83,12.691112,0.107,0.989,1.149,5960.0,-0.1498
Kepler-1042 b,5.43,2.19,10.13202575,0.0756,0.75,0.72,4815.0,-0.1
Kepler-334 c,2.63,1.43,12.758005,0.107,1.022,1.068,5828.0,-0.012
Kepler-937 b,13.4,3.72,67.668827,0.3214,1.15,1.22,6095.0,0.08
Kepler-1117 b,1.41,1.11,4.79028459,0.05485,0.95,0.93,5612.0,0.03
Kepler-1789 b,8.4,2.83137505,80.23190308,0.3543,0.92,0.888,5436.0,0.12
Kepler-1831 b,4.54,1.97019818,5.78387022,0.0655,1.117,1.012,6063.0,0.07
Kepler-1245 b,2.67,1.44,4.35409304,0.0484,0.86,0.83,5306.0,-0.01
Kepler-114 b,1.09,1.26,5.188549,0.053,0.77,0.667,4605.0,0.2291
Kepler-1105 b,4.7,2.01,4.421572182,0.0471,0.71,0.68,4299.0,0.28
Kepler-187 b,2.57,1.41,4.938864,0.059,1.081,1.287,6105.0,-0.04
Kepler-1379 b,2.24,1.3,0.881841146,0.0171,0.83,0.79,5188.0,-0.04
Kepler-304 c,5.35,2.17,5.315946,0.054,0.737,0.687,4731.0,0.03
Kepler-1291 b,3.39,1.66,8.63043276,0.0779,0.84,0.8,5216.0,-0.04
Kepler-304 e,1.87,1.2,1.499146953,0.02317,0.8,0.73,4817.0,0.05
Kepler-461 b,7.18,2.58,8.313783059,0.07895,0.98,0.91,5634.0,0.04
Kepler-1894 b,1.87,1.20117759,2.762660027,0.0385,0.999,0.901,5772.0,0.0
Kepler-576 b,10.7,3.27,29.91136794,0.179,0.99,0.97,5672.0,0.09
Kepler-1893 b,3.55,1.70557445,4.179369926,0.0504,0.973,1.162,5633.0,0.16
Kepler-1601 b,0.477,0.82,2.20921951,0.03281,1.04,1.07,5869.0,0.05
Kepler-1922 b,5.86,2.29064904,13.22259998,0.1077,0.953,0.863,5931.0,-0.28
HD 80653 b,5.61,1.621,0.71957926,0.01657,1.15,1.199,5959.0,0.255
Kepler-1542 d,0.59,0.87,5.99273738,0.0629,0.94,0.99,5564.0,0.06
Kepler-666 b,6.35,2.4,4.49876092,0.0542,1.03,1.05,5887.0,0.01
Kepler-211 c,18.3,1.29,6.04045,0.062,0.867,0.816,5123.0,0.151
Kepler-203 c,749.9,2.47,5.370647,0.061,1.06,1.114,5821.0,0.08
GJ 674 b,11.09,3.33,4.6938,0.039,0.35,0.36463,3600.0,-0.28
OGLE-TR-182 b,320.995,12.666,3.9791,0.051,1.14,1.14,5924.0,0.37
HD 69830 c,11.8,3.46,31.56,0.186,0.86,0.886947,5385.0,-0.05
GJ 3021 b,1071.04,13.1,133.71,0.49,0.9,0.9,5540.0,0.1
HD 221287 b,982.05,13.1,456.1,1.25,1.25,1.13864,6304.0,-0.03
HD 47536 b,2330.0,12.6,712.13,1.93,2.1,23.47,4380.0,-0.65
HD 107148 b,66.741,9.6,48.056,0.269,1.12,1.169193,5797.0,0.314
HD 179949 b,291.12,13.9,3.092514,0.0443,1.21,1.266865,6168.0,0.137
HD 188015 b,476.72,13.6,461.2,1.203,1.09,1.125296,5746.0,0.289
HD 27442 b,495.8,13.5,428.1,1.271,1.23,3.18,4846.0,0.42
HD 46375 b,71.8,10.0,3.023573,0.0398,0.92,0.914196,5285.0,0.24
HAT-P-2 b,2866.81223114,10.659759,5.6335158,0.06814,1.33,1.39,6380.0,0.18
HD 109749 b,85.8141,11.1,5.239891,0.0615,1.13,1.22,5824.0,0.24
HD 149143 b,422.7139,13.6,4.07182,0.053,1.2,1.44,5856.0,0.29
HD 224693 b,222.481,14.0,26.6904,0.191,1.31,1.93,5894.0,0.27
HD 231701 b,359.1479,13.7,141.63,0.567,1.21,1.53,6101.0,0.05
HIP 14810 b,1239.537,13.0,6.673892,0.0696,1.01,1.07,5544.0,0.24
HIP 14810 d,187.5197,14.1,981.8,1.94,1.01,1.07,5544.0,0.24
HD 207832 b,177.9848,14.2,160.07,0.586,1.05,0.89,5726.0,0.14
HD 37605 c,1013.8777,13.1,2720.0,3.74,0.94,0.91,5329.0,0.27
HD 1605 c,1150.5446,13.0,2149.0,3.584,1.33,3.49,4915.0,0.22
HD 55696 b,1357.12729789,12.9,1827.0,3.18,1.29,1.52,6012.0,0.37
HD 148164 c,1640.0028,12.8,5062.0,6.15,1.21,1.34,6032.0,0.24
HD 211810 b,212.9461,14.0,1558.0,2.656,1.03,1.13,5652.0,0.17
HD 221416 b,60.5,9.17,14.2767,0.1228,1.212,2.943,5080.0,-0.08
Kepler-595 c,3.3,1.009,12.38602,0.0983,0.93,0.821,5138.5,0.406
Kepler-595 b,17.4,3.708,25.3029092,0.1582,0.93,0.821,5138.5,0.406
PSR B1257+12 b,0.02,0.338,25.262,0.19,1.4,,,
PSR B1257+12 c,4.3,1.91,66.5419,0.36,1.4,,,
OGLE-TR-211 b,327.351,15.244,3.67724,0.051,1.33,1.64,6325.0,0.11
Lupus-TR-3 b,257.431,9.976,3.91405,0.0464,0.87,0.82,5000.0,
2MASS J04414489+2301513 b,2383.6,12.6,,15.0,0.019,0.231916,2936.0,
WASP-21 b,95.345,11.99,4.322482,0.052,1.01,1.06,5800.0,-0.22
CoRoT-10 b,874.0,10.87,13.2406,0.1055,0.89,0.79,5075.0,0.26
CoRoT-12 b,291.438,16.14,2.828042,0.04016,1.078,1.116,5675.0,0.16
CoRoT-13 b,415.704,9.92,4.03519,0.051,1.09,1.01,5945.0,0.01
HD 285968 b,8.4,2.83,8.7836,0.066,0.5,0.478214,3703.49,-0.1
HD 205739 b,435.41,13.6,279.8,0.896,1.22,1.33,6176.0,0.19
CoRoT-3 b,6883.91,11.32,4.2568,0.05783,1.37,1.56,6740.0,0.14
HD 16417 b,22.1,5.0,17.24,0.14,1.2,1.639984,5841.0,0.06
AB Pic b,4290.5,12.3,,260.0,0.9,0.999394,5285.0,0.04
CT Cha b,5403.0,24.66,,440.0,,1.679694,4403.0,-0.56
HD 9446 b,222.472,14.0,30.052,0.189,1.0,1.0,5793.0,0.09
Kepler-4 b,24.472,4.002,3.21346,0.0456,1.223,1.487,5857.0,0.17
GJ 876 c,226.9846,14.0,30.0881,0.12959,0.32,0.3,3293.74,0.2129
HIP 79431 b,667.415,13.4,111.7,0.36,0.49,0.478625,3191.0,0.4
TOI-907.01,67.0,9.6158851,4.5849129,0.055225481,1.069357,2.059789,6272.0,
WASP-31 b,151.916,17.363,3.4059096,0.04659,1.163,1.252,6302.0,-0.2
24 Sex b,632.46,13.4,452.8,1.333,1.54,4.9,5098.0,-0.03
WASP-37 b,572.07,13.002,3.577469,0.0446,0.925,1.003,5800.0,-0.4
Kepler-9 d,8.41466053,1.64,1.592851,0.0273,1.07,1.02,5777.0,0.12
KOI-217 b,,12.442,3.90512,0.0477,0.95,0.86,5545.0,0.12
HD 90156 b,17.98,4.43,49.77,0.25,0.84,0.920286,5599.0,-0.24
HD 177830 c,47.6725,7.87,110.9,0.5137,1.47,2.62,4949.0,0.545
ups And b,218.531,14.0,4.617033,0.05922166,1.3,1.56,6156.77,0.1014
ups And d,3257.74117175,12.5,1276.46,2.51329,1.3,1.56,6156.77,0.1014
OGLE-2017-BLG-0373L b,127.0,14.0,,2.424,0.248,,,
Kepler-1737 b,25.1,5.395,64.61750031,0.297,0.834,0.881,5043.0,0.3
K2-269 b,3.09,1.57,4.144965,0.0531,1.16,1.45,6209.0,-0.08
TOI-1249 b,11.9,3.2710301,13.079151,0.109,1.0062,0.9785,5497.0,0.297
Kepler-106 d,8.1,0.95,23.9802,0.16063,1.0,1.04,5858.0,-0.12
Kepler-1031 b,0.59,0.87,1.22621732,0.0218,1.09,1.12,6011.0,0.03
CD-35 2722 B b,292.40213444,13.9,171.11,0.2,0.035,0.159,1800.0,0.27
Kepler-948 b,4.08,1.85,7.76846622,0.0749,0.96,0.94,5679.0,-0.02
OGLE-2014-BLG-0319L b,181.16219199,14.1,,3.49,0.52,,,
OGLE-2018-BLG-1011L b,570.0,13.5,,1.8,0.18,,,
WASP-61 b,851.7844,15.80469,3.8559,0.0521,1.82,1.55,6250.0,-0.1
KMT-2022-BLG-0303L b,163.04597279,14.2,,4.81,0.368,,,
OGLE-2019-BLG-0954L b,4513.1633794,12.3,,2.65,0.8,,,
WASP-123 b,285.72917,15.13212395,2.97764359,0.04263,1.166,1.285,5740.0,0.18
Kepler-1882 b,2.81,1.48674404,13.78730011,0.11636,1.068,1.458,5691.0,0.26
KOI-984 b,17.1,4.3,4.2881785,0.0504,0.928,0.818,5295.0,0.12
Kepler-1573 b,1.87,1.2,2.6157554,0.0364,1.01,1.0,5808.0,0.02
Kepler-802 b,12.3,3.54,40.0587473,0.2265,0.93,0.9,5507.0,0.06
KMT-2023-BLG-1454L b,200.23189641,14.1,,1.18,0.17,,,
Kepler-1440 b,2.13,1.26,39.859484,0.23431,0.98,0.96,5698.0,0.04
WASP-130 b,390.9309,9.97601,11.55098,0.1012,1.04,0.96,5625.0,0.26
OGLE-2017-BLG-1049L b,1760.0,12.8,,3.92,0.55,,,
Kepler-949 b,8.8,2.91,8.689307296,0.07739,0.89,0.86,5403.0,0.01
Kepler-1964 b,3.83,1.7810587,2.440829992,0.0322,0.752,0.698,4803.0,-0.08
KMT-2023-BLG-1592L b,184.34047606,14.1,,3.9,0.55,,,
OGLE-2019-BLG-0362L b,1036.12060682,13.1,,2.18,0.42,,,
KMT-2017-BLG-1057L b,23.5,5.19,,2.36,0.57,,,
KMT-2025-BLG-1616L b,42.32,7.34,,1.6,0.26,,,
Wolf 327 b,2.53,1.24,0.5734745,0.01,0.405,0.406,3542.0,-0.17
Kepler-62 f,35.0,1.41,267.291,0.718,0.69,0.64,4925.0,-0.37
WASP-53 c,5196.5205,,2840.0,3.73,0.839,0.798,4953.0,0.22
KMT-2023-BLG-1743L b,6356.56814,12.1,,1.16,0.11,,,
TOI-5789 c,5.0,2.86,12.927748,0.1009,0.821,0.833,5185.0,-0.12
MOA-2019-BLG-008L b,5720.911326,12.2,,,0.9,,,
OGLE-2016-BLG-1598L b,120.77479466,13.6,,2.5,0.55,,,
OGLE-2017-BLG-1275L b,1875.1876013,12.8,,2.09,0.63,,,
HATS-44 b,177.9848,11.960003,2.7439004,0.03649,0.86,0.847,5080.0,0.32
HD 160691 b,1366.6621501,,645.0,1.5,1.13,1.33,5773.0,0.28
Kepler-132 b,1.92,1.21,6.178196,0.067,0.929,1.178,6003.0,-0.2159
KMT-2021-BLG-0192L b,34.96112477,6.56,,1.62,0.27,,,
Kepler-49 b,9.77,2.579,7.2,0.05929,0.607,0.618,4095.6,0.03
KMT-2016-BLG-2364L b,1250.0,13.0,,2.63,0.5,,,
Kepler-218 c,10.0,3.14,44.699576,0.248,1.019,1.063,5502.0,0.37
GJ 328 c,21.4,4.91,241.8,0.657,0.65,0.63,3897.0,-0.06
K2-212 b,7.51,2.65,9.795647,0.0785,0.622,0.678,4349.0,0.03
AU Mic e,21.1,4.87,33.11,,0.6,0.82,3665.0,0.12
AU Mic d,1.053,1.02,12.73596,,0.51,0.744,3678.0,0.23
GJ 806 b,1.9,1.331,0.9263237,0.01406,0.413,0.4144,3600.0,-0.28
GJ 806 c,5.8,2.28,6.64064,0.0523,0.413,0.4144,3600.0,-0.28
HD 110067 b,5.69,2.2,9.113678,0.0793,0.798,0.788,5266.0,-0.2
HD 110067 c,6.3,2.388,13.673694,0.1039,0.798,0.788,5266.0,-0.2
HD 110067 d,8.52,2.852,20.519617,0.1362,0.798,0.788,5266.0,-0.2
HD 110067 e,3.9,1.94,30.793091,0.1785,0.798,0.788,5266.0,-0.2
HD 110067 f,5.04,2.601,41.05854,0.2163,0.798,0.788,5266.0,-0.2
HD 110067 g,8.4,2.607,54.76992,0.2621,0.798,0.788,5266.0,-0.2
GJ 341 b,4.0,0.88,7.57686,,0.48,0.5066,3770.0,-0.16
TOI-6894 b,53.39517238,9.5836785,3.37077196,0.02604,0.207,0.2276,3007.0,0.142
IRAS 04125+2902 b,80.8,10.73820351,8.834978,0.077,0.7,1.45,4080.0,
HIP 67522 c,48.3,7.93595834,14.334892,0.1228,1.22,1.38,5675.0,0.0
Kepler-51 e,5.4,2.18,264.284,,0.96,0.87,5674.0,0.047
BD+05 4868 A b,6.2,,1.271869,0.0208,0.7,0.69,4596.0,-0.05
TOI-771 c,2.87,1.5,7.61,0.046,0.22,0.232,3370.0,-0.13
TOI-2076 e,4.7,1.301,3.0223753,0.03863,0.849,0.758,5187.0,-0.09
L 98-59 f,2.8,1.48,23.064,0.1052,0.2923,0.3155,3415.0,-0.46
HIP 41378 g,6.81,2.5,63.19,,1.22,1.3,6290.0,-0.05
55 Cnc B b,3.5,1.69,6.7994,0.044,0.26,0.274,3286.0,0.16
55 Cnc B c,5.3,2.16,33.747,0.13,0.26,0.274,3286.0,0.16
GJ 3090 c,10.0,3.14,15.9407,0.0997,0.519,0.516,3707.0,0.12
TOI-4336 A c,1.55,1.251,7.587266,0.05092,0.306,0.326,3307.0,0.14
TOI-260 b,4.23,1.71,13.475853,0.0943,0.616,0.607,4026.0,-0.47
Kepler-12 b,137.30256,19.660586,4.4379629,0.0553,1.166,1.483,5947.0,0.07
KOI-94 b,10.5,1.71,3.743208,0.05119,1.277,1.52,6182.0,0.0228
Kepler-167 d,2.06,1.238,21.80379,0.1404,0.777,0.749,4884.0,0.02
Kepler-51 d,7.6,9.7,130.194,0.509,1.04,0.94,6018.0,0.05
Kepler-51 c,4.0,9.0,85.312,0.384,1.04,0.94,6018.0,0.05
KMT-2022-BLG-1818L c,114.41822652,13.2,,12.6,0.79,,,
Qatar-8 b,117.91493,14.403565,3.71495,0.0474,1.029,1.315,5738.0,0.025
KMT-2018-BLG-0885L b,9217.023803,11.9,,1.07,0.29,,,
KMT-2016-BLG-2321L b,301.93698665,13.8,,3.58,0.73,,,
Kepler-74 b,200.22,10.76,7.340711,0.0781,1.18,1.12,6000.0,0.42
OGLE-2017-BLG-0482L b,9.0,2.95,,1.8,0.2,,,
PSR B0329+54 b,1.97,1.22,10140.0,10.26,1.44,,,
K2-140 b,295.58041851,13.56286665,6.569188,0.068,0.96,1.06,5585.0,0.1
HD 184010 c,95.3485221,11.8,484.3,1.334,1.35,4.86,4971.0,-0.17
EPIC 201595106 b,7.67,1.565,0.87724,0.0177,0.958,0.98,5679.0,0.01
TOI-1203 e,42.1,7.31,204.59,,0.886,1.179,5737.0,-0.39
Kepler-1503 b,5.77,2.27,96.16987,0.3771,0.77,0.74,5069.0,-0.19
Kepler-1781 b,6.26,2.38091029,4.88752985,0.0574,1.053,0.957,5568.0,0.44
Kepler-57 c,6.86,2.196,11.6,0.09588,0.859,0.826,5187.9,0.1166
Kepler-1124 b,2.18,1.28,2.852348975,0.0305,0.35,0.34,3658.0,-0.59
Kepler-1581 b,0.437,0.8,6.28385491,0.06865,1.12,1.23,6022.0,0.07
K2-136 c,18.1,3.0,17.30723,0.1185,0.742,0.677,4500.0,-0.02
HD 39091 b,4481.3805387,12.3,2088.8,3.28,1.07,1.17,5998.0,0.09
LHS 1815 b,1.58,1.088,3.814334,0.0404,0.502,0.501,3643.0,-0.12
Kepler-464 b,10.9,3.3,7.256965224,0.07931,1.21,1.59,5933.0,0.19
Kepler-1580 b,5.1,2.11,56.6449279,0.33571,1.47,2.15,6228.0,0.12
Kepler-198 d,2.96,1.53,1.31184443,0.02342,0.97,0.93,5636.0,0.04
55 Cnc b,263.9785,13.9,14.651552,0.118,1.015,0.98,5198.0,0.39
55 Cnc c,54.4738,8.51,44.3936,0.247,1.015,0.98,5198.0,0.39
55 Cnc d,1232.493,13.0,4799.0,5.6,1.015,0.98,5198.0,0.39
GJ 436 b,22.1,4.17,2.64388312,0.0291,0.47,0.455,3586.11,0.0991
HD 50554 b,1859.29618095,12.8,1240.0,2.339,1.1,1.02,6050.0,0.02
HAT-P-12 b,67.059,10.749,3.2130598,0.0384,0.733,0.701,4650.0,-0.29
HAT-P-13 b,270.462,14.258,2.91625,0.04383,1.32,1.756,5653.0,0.46
HAT-P-13 c,4538.421,12.3,446.27,1.258,1.32,1.756,5653.0,0.46
TOI-3053 b,270.15414595,13.56286665,2.9919987,0.039,0.96,0.97,5378.0,0.2
HD 50554 c,5.3,1.31,5.969362,0.0652,1.04,1.146,5968.0,-0.02
HD 50554 d,10.4,1.41,28.0694,0.1831,1.04,1.146,5968.0,-0.02
55 Cnc e,7.99,1.875,0.7365474,0.01544,0.905,0.943,5172.0,0.35
55 Cnc f,44.812,7.59,260.58,0.802,1.015,0.98,5198.0,0.39
GJ 1214 b,8.41,2.733,1.580404531,0.01505,0.182,0.2162,3101.0,0.24
HAT-P-14 b,1093.3352,15.91678,4.62767,0.0596,2.65,1.82,6600.0,0.11
HAT-P-17 b,184.3414,11.76945,10.33852,0.0892,0.99,0.87,5246.0,0.0
HAT-P-17 c,1080.6,13.1,5584.0,5.6,0.92,0.838682,5336.96,0.0512
HAT-P-18 b,55.5246227,10.70457657,5.5080291,0.0559,0.77,0.717,4870.0,0.1
HAT-P-1 b,166.86075,14.784671,4.46529976,0.05561,1.151,1.174,5980.0,0.13
HAT-P-26 b,22.2481,7.06167,4.23452,0.04748,1.12,0.87,5079.0,-0.04
HAT-P-30 b,263.7989,16.14096,2.8106,0.0419,1.55,1.31,6304.0,0.13
HAT-P-32 b,216.1244,22.19382,2.1500082,0.03397,1.132,1.367,6001.0,-0.16
HD 149026 b,120.7754,8.29466,2.87589,0.04364,1.42,1.41,6179.0,0.32
HD 189733 b,359.1479,12.66617,2.21857567,0.03126,0.79,0.75,5052.0,-0.02
HD 209458 b,232.0159,15.58051,3.52474859,0.04707,1.23,1.19,6091.0,0.01
HD 80606 b,1323.46926959,11.56766808,111.436765,0.4603,1.05,1.05,5565.0,0.35
HD 86226 b,143.0235,14.3,1628.0,2.73,1.019,1.053,5863.0,0.018
TrES-4 b,247.9074,18.04649,3.55395,0.05084,1.08,1.66,6200.0,0.14
WASP-12 b,467.2101,22.02564708,1.091418901,0.0234,1.325,1.69,6265.0,0.12
WASP-15 b,171.6282,15.80469,3.7521,0.05165,1.18,1.48,6300.0,-0.17
WASP-17 b,247.9074,20.96083,3.73543,0.0515,2.28,1.49,6550.0,-0.25
WASP-18 b,3241.8497514,13.89913607,0.94145223,0.02024,1.294,1.319,6432.0,0.107
WASP-19 b,366.77398168,15.86070769,0.78883852,0.01652,0.965,1.006,5616.0,0.04
WASP-25 b,179.25522155,13.80946422,3.7648337,0.0473,0.962,0.884,5697.0,-0.2
WASP-39 b,89.31023,14.336311,4.0552941,0.04828,0.913,0.939,5485.0,0.01
WASP-43 b,565.714,10.424,0.813475,0.0142,0.58,0.6,4400.0,-0.05
WASP-6 b,148.42586607,12.5428494,3.3610026,0.04217,0.854,0.79,5438.0,-0.15
GJ 3470 b,13.9,4.57,3.3366496,0.0355,0.539,0.547,3600.0,0.2
WASP-47 b,374.0,12.86,4.159151,0.052,1.058,1.156,5565.0,0.43
WASP-63 b,117.5971,15.80469,4.37808,0.0574,1.28,1.86,5550.0,0.08
WASP-52 b,146.2,14.24,1.7497798,0.0272,0.87,0.79,5000.0,0.03
WASP-77 A b,529.31142902,13.56,1.360029395,0.023233633,0.903,0.91,5617.0,-0.1
WASP-80 b,170.99254,11.197791,3.06785234,0.0344,0.577,0.586,4143.0,-0.13
WASP-103 b,473.547,17.127,0.925542,0.01985,1.22,1.436,6110.0,0.06
WASP-96 b,152.55,13.45,3.4252602,0.0453,1.06,1.05,5540.0,0.14
WASP-94 A b,158.915,17.71022,3.95019,0.055,1.67,1.48,6170.0,0.26
WASP-94 B b,196.411,14.1,2.00839,0.0335,1.24,1.35,6040.0,0.23
WASP-69 b,82.58,11.21,3.86813881,0.0453,0.83,0.801,4792.0,0.35
WASP-84 b,220.0,10.72,8.52349648,0.0778,0.853,0.768,5280.0,0.0
WASP-20 b,98.841,15.46839337,4.89964477,0.05999,1.2,1.242,5940.0,-0.008
HATS-6 b,101.38777,11.186582,3.3252725,0.03623,0.574,0.57,3724.0,0.2
KELT-7 b,441.7837,17.9344,2.73477,0.04415,1.76,1.81,6768.0,0.0
K2-18 b,8.92,2.37,32.939623,0.1429,0.359,0.411,3457.0,0.12
KELT-8 b,209.7678,18.15858,3.24406,0.0455,0.81,1.46,5754.0,0.27
K2-22 b,444.962,2.3,0.381073,0.009,0.595292,0.58,3879.0,0.032
WASP-47 c,447.0,,589.57,1.393,1.058,1.156,5565.0,0.43
WASP-47 d,15.5,3.65,9.030501,0.085,1.058,1.156,5565.0,0.43
WASP-47 e,9.0,1.83,0.78961,0.01673,1.058,1.156,5565.0,0.43
GJ 1132 b,1.83704819,1.19151465,1.62892911,0.0157,0.1945,0.2211,3229.0,-0.17
WASP-76 b,284.13859586,20.78145022,1.80988198,0.033,1.458,1.756,6329.0,0.366
KELT-4 A b,286.68266,19.044091,2.9895932,0.04317,1.201,1.603,6206.0,-0.116
TRAPPIST-1 b,1.374,1.116,1.510826,0.01154,0.0898,0.1192,2566.0,0.052
TRAPPIST-1 c,1.308,1.097,2.421937,0.0158,0.0898,0.1192,2566.0,0.052
TRAPPIST-1 d,0.388,0.788,4.049219,0.02227,0.0898,0.1192,2566.0,0.052
K2-34 b,539.67534,13.75,2.9956348,0.0442,1.16,1.42,6168.0,0.01
WASP-121 b,371.85923619,19.52604438,1.27492504,0.02571,1.33,1.461,6628.0,0.17
HIP 41378 b,6.9,2.64,15.57209,0.1303,1.22,1.3,6290.0,-0.05
HIP 41378 c,5.97,2.74,31.70591,0.2093,1.22,1.3,6290.0,-0.05
HIP 41378 d,6.53,3.65,278.3618,1.17,1.22,1.3,6290.0,-0.05
HIP 41378 e,7.62,5.19,393.0,0.68,1.22,1.3,6290.0,-0.05
HIP 41378 f,25.0,9.47,542.0797,1.394,1.22,1.3,6290.0,-0.05
HD 3167 b,4.844,1.601,0.95965451,0.01814,0.864,0.871,5338.0,0.037
HD 3167 c,11.41,2.983,29.846511,0.1794,0.864,0.871,5338.0,0.037
HAT-P-65 b,176.07693748,18.05766791,2.60544751,0.04042,1.297,1.666,5872.0,0.208
WASP-131 b,86.76715511,13.74221034,5.3220125,0.0608,1.06,1.561,5990.0,-0.2
WASP-139 b,37.18611,8.9672,5.924262,0.062,0.92,0.8,5310.0,0.2
WASP-127 b,52.346601,14.694999,4.17806203,0.0484,0.95,1.333,5620.0,-0.193
TRAPPIST-1 e,0.692,0.92,6.101013,0.02925,0.0898,0.1192,2566.0,0.052
TRAPPIST-1 f,1.039,1.045,9.20754,0.03849,0.0898,0.1192,2566.0,0.052
TRAPPIST-1 g,1.321,1.129,12.352446,0.04683,0.0898,0.1192,2566.0,0.052
TRAPPIST-1 h,0.326,0.755,18.772866,0.06189,0.0898,0.1192,2566.0,0.052
HD 106315 b,12.6,2.44,9.55237,0.0907,1.091,1.296,6327.0,-0.311
HD 106315 c,15.2,4.35,21.05704,0.1536,1.091,1.296,6327.0,-0.311
LHS 1140 b,5.6,1.73,24.73723,0.0946,0.1844,0.2159,3096.0,-0.15
KELT-11 b,65.15482343,15.13212395,4.73620865,0.0623,1.44,2.69,5375.0,0.17
KELT-9 b,915.34581216,21.70058664,1.4811235,0.03368,2.32,2.418,9270.0,0.07
HD 3167 d,7.3,2.61,8.3967,0.077,0.864,0.871,5338.0,0.037
WASP-107 b,33.02237149,10.48039695,5.7214875,0.055,0.683,0.657,4425.0,0.02
GJ 9827 b,4.28,1.44,1.208974,0.0189,0.62,0.58,4236.0,-0.29
GJ 9827 c,1.86,1.13,3.648103,0.0395,0.62,0.58,4236.0,-0.29
GJ 9827 d,3.02,1.98,6.20183,0.053,0.62,0.58,4236.0,-0.29
KELT-20 b,1074.90106,19.514869,3.4741085,0.0542,1.76,1.565,8720.0,-0.29
K2-18 c,7.51,2.65,8.962,0.06,0.359,0.411,3457.0,0.09
K2-141 b,4.97,1.51,0.2803244,0.00747,0.708,0.681,4570.0,0.0
K2-141 c,8.0,7.0,7.7485,0.0683,0.708,0.681,4570.0,0.0
K2-232 b,126.49634,11.209,11.168454,0.10356,1.188,1.161,6154.0,0.1
GJ 1132 c,2.91,1.52,8.929,0.0476,0.198,0.226,3090.0,-0.18
HAT-P-11 c,851.78013076,13.2,3361.0,4.1,0.811,0.683,4653.0,0.31
NGTS-2 b,235.1942,17.878355,4.511164,0.063,1.64,1.702,6478.0,-0.06
WASP-164 b,676.9779,12.643752,1.7771255,0.02818,0.946,0.932,5806.0,-0.01
LHS 1140 c,1.91,1.272,3.77794,0.027,0.1844,0.2159,3096.0,-0.15
K2-287 b,100.11645,9.494023,14.893291,0.1206,1.056,1.07,5695.0,0.2
LHS 3844 b,2.37,1.286,0.462929709,0.00624,0.151,0.189,3080.0,0.22
HD 15337 b,6.519,1.77,4.7559804,0.05245,0.829,0.855,5131.0,0.03
HD 15337 c,6.792,2.526,17.180546,0.1235,0.829,0.855,5131.0,0.03
L 98-59 b,0.46,0.837,2.253114,0.0223,0.2923,0.3155,3415.0,-0.46
L 98-59 c,2.0,1.329,3.6906764,0.0309,0.2923,0.3155,3415.0,-0.46
L 98-59 d,1.64,1.627,7.450729,0.0494,0.2923,0.3155,3415.0,-0.46
V1298 Tau b,13.1,9.41,24.140006,0.1685,1.1,1.32,4970.0,0.1
WASP-166 b,32.10083,7.06167,5.44354,0.0641,1.19,1.22,6050.0,0.19
TOI-270 b,1.48,1.28,3.35992,0.03197,0.386,0.38,3506.0,-0.17
TOI-270 c,6.2,2.33,5.66051,0.04526,0.386,0.38,3506.0,-0.17
TOI-270 d,4.2,2.0,11.38194,0.0721,0.386,0.38,3506.0,-0.17
GJ 357 b,1.83,1.2,3.9306,0.036,0.342,0.337,3505.0,-0.12
GJ 357 c,3.4,1.66,9.1247,0.061,0.342,0.337,3505.0,-0.12
GJ 357 d,6.1,2.34,55.661,0.204,0.342,0.337,3505.0,-0.12
LTT 1445 A b,2.73,1.34,5.3587635,0.0381,0.257,0.271,3562.0,-0.34
WASP-178 b,527.5978,20.28829,3.3448285,0.0558,2.07,1.67,9360.0,0.21
V1298 Tau c,4.7,5.08,8.249164,0.0824,1.1,1.32,4970.0,0.1
V1298 Tau d,6.0,6.53,12.401394,0.1081,1.1,1.32,4970.0,0.1
V1298 Tau e,15.3,10.17,48.677714,0.2689,1.1,1.32,4970.0,0.1
LP 791-18 b,1.94,1.212,0.9479981,0.00978,0.139,0.182,2960.0,-0.09
LP 791-18 c,7.16,2.488,4.98991,0.02961,0.139,0.182,2960.0,-0.09
TOI-125 b,9.5,2.726,4.65382,0.05186,0.859,0.848,5320.0,-0.02
TOI-125 c,6.63,2.759,9.15059,0.0814,0.859,0.848,5320.0,-0.02
L 168-9 b,4.07,1.63,1.40152604,0.0208,0.614,0.604,3842.0,-0.03
TOI-125 d,13.6,2.93,19.98,0.137,0.859,0.848,5320.0,-0.02
HATS-48 A b,77.23269,8.9672,3.1316666,0.03769,0.7279,0.7152,4546.0,0.186
HATS-72 b,39.855882,8.0973816,7.3279474,0.066517,0.7311,0.7214,4656.1,0.099
NGTS-10 b,687.14846,13.89913607,0.7668944,0.0143,0.696,0.7,4567.0,-0.02
TOI-1130 b,19.8,3.66,4.074554,0.0453,0.745,0.697,4360.0,0.11
TOI-1130 c,336.0,13.0,8.3501898,0.0731,0.745,0.697,4360.0,0.11
TOI-677 b,392.20025424,13.11450742,11.2365985,0.1041,1.181,1.28,6295.0,0.0
LTT 3780 b,2.46,1.325,0.76837931,0.01195,0.381,0.38,3358.0,0.06
LTT 3780 c,8.04,2.39,12.252284,0.0757,0.381,0.38,3358.0,0.06
TOI-1338 b,11.3,7.661,95.4001,0.4607,1.0936,1.313,5723.2,0.01
AU Mic b,8.99,4.79,8.463446,0.07,0.635,0.862,3540.0,0.01
WASP-148 b,91.21675281,8.47398941,8.803809,0.08215,0.954,0.912,5555.0,0.099
WASP-148 c,124.58873554,13.9,34.524,0.2044,0.954,0.912,5555.0,0.099
NGTS-11 b,109.33352,9.157753,35.45533,0.201,0.862,0.832,5050.0,0.22
TOI-849 b,41.8,3.64,0.765548,0.0155,0.97,0.97,5257.0,0.19
TOI-700 b,0.704,0.914,9.977219,0.0677,0.415,0.421,3459.0,-0.07
TOI-700 c,7.27,2.6,16.051137,0.0929,0.415,0.421,3459.0,-0.07
TOI-700 d,1.25,1.073,37.42396,0.1633,0.415,0.421,3459.0,-0.07
HIP 67522 b,71.4,9.9872018,6.9594731,0.0748,1.22,1.38,5675.0,0.0
TOI-1899 b,212.94503269,11.09689089,29.090312,0.1525,0.632,0.607,3926.0,0.28
HD 86226 c,7.25,2.16,3.98442,0.049,1.019,1.053,5863.0,0.018
WD 1856+534 b,4386.054,10.4,1.4079405,0.0204,0.518,0.0131,4710.0,
LTT 9779 b,29.32,4.72,0.792052,0.01679,1.02,0.949,5443.0,0.27
TOI-824 b,18.467,2.926,1.392978,0.02177,0.71,0.695,4600.0,-0.092
TOI-421 b,6.7,2.64,5.197576,0.0554,0.833,0.866,5291.0,-0.044
TOI-421 c,14.1,5.09,16.067541,0.117,0.833,0.866,5291.0,-0.044
GJ 3473 b,1.86,1.264,1.1980035,0.01589,0.36,0.364,3347.0,0.11
GJ 3473 c,7.41,2.63,15.509,0.0876,0.36,0.364,3347.0,0.11
WASP-107 c,111.23994245,13.0,1091.0,,0.683,0.657,4425.0,0.02
TOI-776 b,5.0,1.798,8.24662,0.0653,0.542,0.547,3725.0,-0.21
TOI-776 c,6.9,2.047,15.665323,0.1001,0.542,0.547,3725.0,-0.21
TOI-561 b,2.02,1.397,0.4465697,0.01064,0.806,0.843,5342.0,-0.41
TOI-561 c,5.93,2.865,10.778838,0.0889,0.806,0.843,5342.0,-0.41
TOI-561 d,13.33,2.615,25.71268,0.1587,0.806,0.843,5342.0,-0.41
TOI-561 e,12.4,2.517,77.144,0.33,0.806,0.843,5342.0,-0.41
TOI-451 b,4.7,1.84,1.8587033,0.0274,0.93,0.85,5490.0,0.02
TOI-451 c,3.7,2.93,9.192463,0.0795,0.93,0.85,5490.0,0.02
TOI-451 d,10.2,3.93,16.364962,0.1168,0.93,0.85,5490.0,0.02
TOI-178 b,0.96,1.2,1.9145601,0.02607,0.647,0.662,4316.0,-0.23
TOI-178 c,4.64,1.754,3.238486,0.037,0.647,0.662,4316.0,-0.23
TOI-178 d,5.2,2.695,6.557569,0.0592,0.647,0.662,4316.0,-0.23
TOI-178 e,3.48,2.301,9.96318,0.0783,0.647,0.662,4316.0,-0.23
TOI-178 f,5.63,2.417,15.23335,0.1039,0.647,0.662,4316.0,-0.23
TOI-178 g,4.4,2.939,20.71663,0.1275,0.647,0.662,4316.0,-0.23
GJ 486 b,2.77,1.289,1.46712127,0.01714,0.312,0.3243,3317.0,-0.15
LHS 1478 b,2.33,1.242,1.9495378,0.01848,0.236,0.246,3381.0,-0.13
TOI-1231 b,15.4,3.65,24.245586,0.1288,0.485,0.476,3553.0,0.041
TOI-674 b,23.6,5.25,1.977143,0.025,0.42,0.42,3514.0,0.17
TOI-1685 b,3.07,1.421,0.66913923,0.01164,0.466,0.462,3470.0,0.01
TOI-1807 b,2.44,1.49681583,0.54937097,0.0122,0.8048,0.746,4914.0,0.044
TOI-2076 b,6.7,2.59,10.35504,0.08781,0.849,0.758,5187.0,-0.09
TOI-2076 c,7.2,3.54,21.01447,0.1407,0.849,0.758,5187.0,-0.09
TOI-2076 d,7.3,3.27,35.12803,0.1982,0.849,0.758,5187.0,-0.09
AU Mic c,14.46,2.79,18.859023,0.119,0.635,0.862,3540.0,0.01
TOI-431 b,3.07,1.28,0.490047,0.0113,0.78,0.731,4850.0,0.2
TOI-431 c,2.83,1.49,4.8494,0.052,0.78,0.731,4850.0,0.2
TOI-431 d,9.9,3.29,12.46103,0.098,0.78,0.731,4850.0,0.2
L 98-59 e,2.82,1.49,12.8278,0.0712,0.2923,0.3155,3415.0,-0.46
HD 63935 b,10.5,2.91575244,9.058807,0.083,0.9406,0.9598,5513.0,0.107
HD 63935 c,11.1,3.06451296,21.4027,0.148,0.9406,0.9598,5513.0,0.107
GJ 367 b,0.503,0.736,0.3219226,0.0071,0.451,0.457,3535.0,-0.01
TOI-2109 b,1595.49860314,15.098497,0.67247414,0.01791,1.453,1.698,6540.0,0.068
HATS-75 b,156.05374784,9.90873894,2.7886556,0.032742,0.6017,0.5848,3790.4,0.522
LTT 1445 A c,1.54,1.147,3.1239035,0.02661,0.257,0.265,3340.0,-0.34
TOI-500 b,1.42,1.166,0.548177,0.01189,0.74,0.678,4440.0,0.12
TOI-1075 b,9.95,1.791,0.6047328,0.01159,0.604,0.581,3875.0,-0.08
TOI-1442 b,1.71,1.17,0.4090677,0.0071,0.29,0.31,3330.0,
TOI-2260 b,3.26,1.62,0.3524728,0.0097,0.99,0.94,5534.0,0.22
TOI-2445 b,2.1,1.25,0.3711281,0.0064,0.25,0.27,3333.0,
GJ 3929 b,1.75,1.09,2.616235,0.0252,0.313,0.32,3384.0,-0.02
WASP-189 b,632.47852993,18.14733975,2.724033,0.05053,2.03,2.36,8000.0,0.29
TOI-1670 b,41.31769291,2.06,10.98462,0.103,1.21,1.316,6170.0,0.09
TOI-1670 c,200.23189641,11.06326395,40.74976,0.249,1.21,1.316,6170.0,0.09
TOI-500 c,5.03,2.09,6.6356,,0.74,0.678,4440.0,0.12
TOI-500 d,33.12,6.35,26.233,,0.74,0.678,4440.0,0.12
TOI-500 e,15.05,3.99,61.3,,0.74,0.678,4440.0,0.12
HD 260655 b,2.14,1.24,2.76953,0.02933,0.439,0.439,3803.0,-0.43
HD 260655 c,3.09,1.533,5.70588,0.04749,0.439,0.439,3803.0,-0.43
TOI-3714 b,222.4798849,11.32107051,2.154849,0.027,0.53,0.51,3660.0,0.1
GJ 3929 c,5.71,2.26,15.04,0.081,0.313,0.32,3384.0,-0.02
GJ 3090 b,4.52,2.18,2.85310198,0.0316,0.519,0.516,3707.0,0.12
TOI-181 b,46.1687,6.9559,4.532,0.0539,0.822,0.745,4994.0,0.272
TOI-199 b,54.03082919,9.07927437,104.854,0.4254,0.936,0.82,5255.0,0.22
TOI-700 e,0.818,0.953,27.80978,0.134,0.415,0.421,3459.0,-0.07
TOI-771 b,2.47,1.36,2.3260155,0.0208,0.22,0.232,3370.0,-0.13
TOI-836.01,9.6,2.587,8.59545,0.075,0.678,0.665,4552.0,-0.284
TOI-836 b,4.53,1.704,3.81673,0.0422,0.678,0.665,4552.0,-0.284
LHS 475 b,0.941,0.991,2.029088,0.02037,0.262,0.2789,3300.0,
TOI-1136 d,8.35,4.627,12.5199,0.1062,1.022,0.968,5770.0,0.07
TOI-1136 c,6.32,2.879,6.2574,0.0669,1.022,0.968,5770.0,0.07
TOI-1136 f,9.7,3.73591482,26.321,0.174,1.022,0.968,5770.0,0.07
TOI-1136 e,6.07,2.639,18.801,0.14,1.022,0.968,5770.0,0.07
TOI-1173 b,28.28672822,8.77663189,7.0643971,0.071,0.911,0.934,5350.0,0.191
TOI-1416 b,3.48,1.62,1.0697568,0.019,0.798,0.793,4884.0,0.08
TOI-1420 b,25.1,11.89,6.9561063,0.071,0.987,0.923,5510.0,0.28
TOI-1468 c,4.1,2.126,15.532477,0.08608,0.3527,0.3714,3376.0,-0.01
TOI-1468 b,3.04,1.401,1.8805201,0.02107,0.3527,0.3714,3376.0,-0.01
HIP 9618 b,8.3,3.82838127,20.772858,0.145,0.942,0.9593,5649.0,-0.018
HIP 9618 c,7.0,3.42855926,52.56363,0.269,0.942,0.9593,5649.0,-0.018
TOI-1801 b,5.738,2.079,10.64387,0.075,0.556,0.547,3863.0,-0.19
TOI-1823 b,67.4,7.5406241,38.8,0.212,0.8414,0.8049,4927.0,0.243
TOI-2031 A b,254.2627256,14.20177855,5.71548654,0.066,1.174,1.241,6490.0,-0.24
TOI-2134 b,9.37,2.735,9.229198,0.07803,0.744,0.709,4580.0,0.12
TOI-2134 c,58.3,7.35,95.85284,0.3715,0.744,0.709,4580.0,0.12
TOI-2374 b,61.65871096,7.48759911,4.3136193,0.04818,0.802,0.711,5002.0,0.128
TOI-2431 b,6.2,1.534,0.22419578,0.0063,0.661,0.651,4109.0,-0.02
TOI-3235 b,211.35589065,11.39953337,2.59261842,0.02709,0.3939,0.3697,3388.8,0.264
TOI-3757 b,85.3,12.0,3.438753,0.03845,0.64,0.62,3913.0,0.0
TOI-3884 b,32.59,6.43,4.5445828,0.0361,0.298,0.302,3180.0,0.04
TOI-3984 A b,44.0,7.9,4.353326,0.041,0.49,0.47,3476.0,0.18
TOI-4010 c,20.31,5.93,5.414654,0.058,0.88,0.83,4960.0,0.37
TOI-4010 d,38.15,6.18,14.70886,0.113,0.88,0.83,4960.0,0.37
TOI-4010 b,11.0,3.02,1.348335,0.0229,0.88,0.83,4960.0,0.37
LP 890-9 b,13.2,1.32,2.7299025,0.01875,0.118,0.1556,2850.0,-0.028
TOI-4336 A b,3.33,2.137,16.336351,0.0849,0.306,0.326,3307.0,0.14
HD 20329 b,7.42,1.72,0.926118,0.018,0.9,1.13,5596.0,-0.07
Kepler-167 e,321.00669107,10.16,1071.23205,1.883,0.777,0.749,4884.0,0.02
TOI-5205 b,343.0,11.6,1.630757,0.0199,0.392,0.394,3430.0,0.0
Kepler-167 c,3.44,1.674,7.406106,0.0684,0.777,0.749,4884.0,0.02
TOI-5293 A b,170.4,11.9,2.930289,0.034,0.54,0.52,3586.0,-0.03
KOI-94 d,106.0,11.27,22.342989,0.1684,1.277,1.52,6182.0,0.0228
LP 890-9 c,25.3,1.367,8.457463,0.03984,0.118,0.1556,2850.0,-0.028
HD 3167 e,14.9,3.97,91.9,0.3797,0.864,0.871,5338.0,0.037
TOI-1136 b,3.5,1.9,4.1727,0.05106,1.022,0.968,5770.0,0.07
TOI-1136 g,5.6,2.53,39.545,0.229,1.022,0.968,5770.0,0.07
TOI-1338 c,75.4,10.3,215.79,0.794,1.0936,1.313,5723.2,0.01
WASP-84 c,15.2,1.95,1.4468849,0.02359,0.853,0.768,5280.0,0.0
TOI-6109 c,20.8,4.8326,8.538878,0.0786,1.03,1.021,5660.0,0.0895
TOI-6255 b,1.44,1.079,0.23818244,,0.353,0.37,3421.0,-0.14
WASP-193 b,35.59678158,14.78464554,6.2463475,0.0668,1.018,1.213,6080.0,-0.108
LP 791-18 d,0.91,1.032,2.75485,0.01992,0.139,0.182,2960.0,-0.09
TOI-6324 b,1.17,1.059,0.279221,,0.269,0.293,3247.0,-0.32
HD 207496 b,6.1,2.25,6.441008,0.0629,0.8,0.769,4819.0,0.095
TOI-4010 e,692.0,13.3,762.0,1.57,0.88,0.83,4960.0,0.37
GJ 367 c,4.13,1.86,11.5301,,0.455,0.458,3522.0,-0.01
GJ 367 d,6.03,2.33,34.369,,0.455,0.458,3522.0,-0.01
TOI-6109 b,21.1,4.8704,5.690476,0.0599,1.03,1.021,5660.0,0.0895
TOI-199 c,88.99195396,11.4,273.69,0.807,0.936,0.82,5255.0,0.22
HD 73267 c,1630.77755632,12.8,17071.78045,12.688,0.93,0.909,5387.0,0.03
Kepler-580 b,7.13,2.57,8.222419656,0.0683,0.67,0.64,4298.0,-0.06
KOI-12 b,349.613,13.78707,17.855182,0.154,1.5,1.4,6635.0,0.0815
Kepler-637 b,20.2,4.75,23.20584623,0.16619,1.64,2.56,6096.0,0.38
HD 29985 b,1739.47487151,12.8,20608.14049,13.39,0.75,0.574666,4678.0,-0.22
HD 165155 b,918.5287,13.2,434.5,1.13,1.02,0.95,5426.0,0.09
HD 22946 d,26.57,2.607,47.42489,0.2958,1.098,1.117,6169.0,-0.08
Kepler-1697 b,2.12,1.25954761,33.4969,0.2008,0.747,0.772344,4681.53,0.0341
Kepler-674 b,3.5,1.69,2.243381847,0.028,0.6,0.57,4192.0,-0.27
Kepler-873 b,13.5,3.75,20.5533844,0.1542,1.18,1.27,6163.0,0.07
Kepler-783 b,0.399,0.78,4.29264638,0.04958,0.93,0.89,5521.0,0.01
HD 31527 c,14.16,3.85,51.2053,0.2663,0.96,1.073694,5898.0,-0.17
Kepler-1955 b,1.69,1.16654878,14.26519966,0.11959,1.049,1.291,5825.0,0.14
Kepler-1684 b,8.6,2.87084792,47.7055,0.2253,0.75,0.666755,4706.54,0.1267
Kepler-51 b,2.1,7.1,45.154,0.2514,1.04,0.94,6018.0,0.05
Kepler-167 b,3.6,1.718,4.3931539,0.04825,0.777,0.749,4884.0,0.02
KOI-94 c,15.6,4.32,10.423648,0.1013,1.277,1.52,6182.0,0.0228
KOI-94 e,35.0,6.56,54.32031,0.3046,1.277,1.52,6182.0,0.0228
PH2 b,87.08498352,9.33708092,282.52542,0.833,0.966,0.949,5734.0,0.017
K2-33 b,1175.971,5.04,5.424865,0.0409,0.56,1.05,3540.0,
HAT-P-11 b,25.0,4.36,4.888,0.05258,0.811,0.683,4653.0,0.31
Kepler-322 c,3.43,1.67,4.337234,0.051,0.908,0.89,5388.0,0.12
Qatar-5 b,1373.0256,12.408363,2.8792319,0.04127,1.128,1.076,5747.0,0.377
Kepler-399 c,2.63,1.43,26.67569,0.155,0.902,0.68,5502.0,0.14
DMPP-2 c,51.79,8.26,3.168,0.04789,1.41,1.78,6500.0,
TOI-1062 b,10.15,2.265,4.11296,0.052,0.94,0.84,5328.0,0.14
Kepler-546 b,39.1,7.0,4.147020258,0.0502,1.11,1.15,5967.0,0.14
Kepler-682 b,42.6,7.37,12.611906672,0.1058,0.92,0.89,5559.0,-0.05
TOI-220 b,13.8,3.03,10.695264,0.08911,0.825,0.858,5298.0,-0.217
TOI-5624 f,13.0,3.66,45.37,0.2366,0.858,0.82,5327.0,-0.023
Kepler-242 b,7.32,2.61,8.20395,0.075,0.748,0.85,5020.0,-0.02
Kepler-258 b,15.5,4.06,13.19722,0.103,0.82,0.915,4942.0,0.3031
TOI-4898 b,13.4,3.7197954,2.76520470167,,0.619077,0.639344,4201.57,
Kepler-1292 b,3.97,1.82,3.27646405,0.0443,0.95,0.93,5556.0,0.08
HD 128717 b,6293.0024586,12.1,3420.0,4.85,1.212,1.248,6210.0,0.16
TOI-3278 b,95.3485221,13.89913607,3.246456,0.043,1.04,1.39,5720.0,0.04
Kepler-103 b,11.67,3.4857,15.9653287,0.133,1.212,1.492,6047.0,0.15
TOI-4492 b,1881.54416944,11.78063872,4.4331824,0.0535,1.067,1.222,5711.0,0.219
pi Men d,13.38,3.72,124.64,0.506,1.07,1.19,5998.0,0.09
Kepler-1058 b,7.85,2.72,110.96546,0.3679,0.73,0.69,4644.0,-0.06
Kepler-160 b,3.59,1.715,4.309397,0.05511,1.003,1.118,5471.0,0.2
Kepler-1365 b,0.721,0.92,7.69993485,0.07839,1.0,1.05,5770.0,0.03
Kepler-346 c,9.64,3.07,23.851549,0.168,0.943,1.021,6033.0,0.1
Kepler-1489 b,3.78,1.77,82.294751,0.3679,0.93,0.9,5655.0,-0.13
Kepler-1126 b,3.64,1.73,108.593329,0.41251,0.92,0.93,5798.0,-0.26
Kepler-1914 b,8.97,2.9429803,30.82789993,0.1954,1.047,0.96,5982.0,-0.04
HATS-43 b,82.95363,13.22662,4.3888497,0.04944,0.837,0.812,5099.0,0.05
Kepler-685 b,78.8,10.58,1.6255222,0.0265,1.11,1.16,5963.0,0.15
Kepler-1303 b,2.6,1.42,7.56127224,0.0751,1.01,1.0,5771.0,0.04
Kepler-1016 b,5.39,2.18,1.954524342,0.03044,0.99,1.0,5821.0,-0.03
HIP 54373 c,12.44,3.57,15.144,0.099,0.57,0.564998,4021.0,
L 363-38 b,4.67,2.0,8.781,0.048,0.21,0.274,3129.0,
K2-396 c,9.93,3.124,25.76051,,0.954,0.92,5236.0,0.237
TOI-1107 b,1064.72516345,14.57167491,4.0782387,0.0561,1.35,1.81,6311.0,-0.1
KOI-319 c,8803.8468739,11.9,80.099,,1.325,2.064,5880.0,0.16
Kepler-1992 b,0.693,0.91,15.6112238,0.1169,0.874,0.842,5383.0,0.0
Kepler-134 b,4.66,2.0,5.317429,0.06,0.956,1.176,5983.0,-0.2067
TOI-912 b,5.1,1.93,4.6780691,0.041,0.418,0.419,3572.0,-0.19
TOI-913 b,6.59,2.4528,11.098644,,0.82,0.7325,4969.0,-0.133
TOI-1105 b,9.58,3.05823658,10.86818410933,,0.74,0.755833,4678.46,
Kepler-559 b,12.7,3.61,17.58752333,0.1277,0.96,0.95,5630.0,0.03
WASP-34 b,177.9848,11.209,4.31768,0.0524,0.96,0.91,5700.0,-0.02
Kepler-1426 b,3.05,1.56,14.2563227,0.1187,1.02,1.02,5831.0,0.03
OGLE-2014-BLG-0676L b,988.44634577,13.1,,2.04,0.6,,,
Kepler-156 b,5.9,2.3,4.973456,0.054,0.864,0.807,5094.0,0.2535
HATS-64 b,305.1168,18.819911,4.908897,0.06562,1.564,2.113,6554.0,0.22
Kepler-610 b,16.3,4.19,6.996926554,0.0719,1.1,1.13,5943.0,0.12
TOI-2322 c,18.1,1.874,20.225528,0.1362,0.703,0.662,4664.0,-0.12
TOI-2322 b,2.31,0.994,11.30717,0.0924,0.703,0.662,4664.0,-0.12
Kepler-524 c,0.84,0.96,1.88897906,0.03046,1.09,1.1,6014.0,0.02
Kepler-398 c,1.01,1.01,11.419412,0.087,0.649,0.613,4493.0,0.0528
Kepler-1916 b,7.35,2.61757235,31.25429916,0.2053,1.18,1.092,6246.0,0.07
TIC 320419023 b,8.11,2.77280763,5.26375651589,,1.056,0.952319,5703.36,
HD 108236 f,4.72,2.017,29.54115,0.1758,0.869,0.877,5660.0,-0.28
Kepler-1617 b,1.87,1.2,27.4785572,0.17707,1.15,1.22,6167.0,0.01
HD 206893 c,3527.8953177,16.36511182,2290.0,3.74,1.31,1.31116,6500.0,
TOI-4527.01,0.689,0.9086617,0.3994445,0.008332353,0.483901,0.485948,3702.0,
K2-255 b,8.75,2.9,1.96417,0.0274,0.71,0.69,4676.0,-0.14
Kepler-1678 b,10.9,3.30422249,147.974,0.5302,1.03,0.834976,5754.0,0.0
HD 224018 b,4.1,0.91,10.6413,0.0952,1.013,1.147,5784.0,0.05
Kepler-1334 b,5.86,2.29,15.64591713,0.1229,0.94,0.91,5614.0,-0.03
Kepler-480 b,8.15,2.78,4.919583795,0.06024,1.25,1.34,6322.0,0.11
Kepler-1382 b,4.19,1.88,16.3583055,0.14023,1.36,1.72,6161.0,0.3
TOI-2068 b,3.97,1.821,7.768915,0.0632,0.559,0.535,3710.0,0.27
Kepler-1030 b,6.71,2.48,19.32952416,0.1338,0.8,0.76,4983.0,-0.01
HD 153950 b,937.5985,13.2,499.39999,1.28,1.25,1.28,6124.0,-0.01
CoRoT-11 b,740.51,16.03,2.99433,0.0436,1.27,1.37,6440.0,-0.03
HAT-P-46 b,156.684,14.392,4.463129,0.0577,1.284,1.396,6120.0,0.3
Kepler-419 c,2320.1,12.6,675.47,1.68,1.39,1.74,6430.0,0.176
TOI-2285 b,19.5,1.77,13.635109,0.1363,0.454,0.464,3491.0,-0.05
TOI-1759 b,10.8,3.14,18.85019,0.1177,0.606,0.597,4065.0,0.05
TOI-2081 b,4.82,2.04,10.50534,0.0752,0.54,0.534,3800.0,-0.5
TOI-1422 b,9.5,3.83,12.99894,0.107,0.9903,1.019,5840.0,-0.028
TOI-286 b,4.53,1.42,4.5117244,0.0503,0.832,0.78,5152.0,-0.05
TOI-286 c,3.72,1.88,39.361826,0.213,0.832,0.78,5152.0,-0.05
TOI-1806.01,11.5,3.4095367,15.1454693,0.087735044,0.392935,0.401575,3272.0,
TOI-1836 b,38.45723725,8.00321222,20.380799,0.1597,1.307,1.577,6380.0,-0.101
TOI-1836 c,8.0,2.59987579,1.7727471,0.03089,1.2518,1.6454,6237.0,-0.136
TOI-2095 b,4.1,1.25,17.66484,0.101,0.44,0.44,3759.0,-0.24
TOI-2095 c,7.4,1.33,28.17232,0.137,0.44,0.44,3759.0,-0.24
TOI-2154 b,292.40213444,16.28664896,3.8240801,0.0513,1.233,1.396,6280.0,0.011
Kepler-419 b,794.5,10.8,69.7546,0.37,1.39,1.74,6430.0,0.176
TOI-4153 b,365.50266805,16.11851425,4.6174141,0.06311,1.572,1.605,6860.0,0.317
TOI-4443.01,3.6,1.7193265,1.8498567,0.029962645,1.049133,1.01733,5834.0,
TOI-1422 c,14.0,2.61,34.5633,0.205,0.9903,1.019,5840.0,-0.028
Kepler-1515 b,66.2,9.55,214.3114164,0.75235,1.3,1.41,6511.0,0.07
K2-136 b,4.3,1.014,7.97525,0.0707,0.742,0.677,4500.0,-0.02
HAT-P-52 b,259.98494,11.309881,2.7535953,0.03694,0.887,0.893,5131.0,0.28
TOI-4747 b,14.8,3.95803201,5.21924158592,,1.01,0.988751,5595.08,
Kepler-891 b,33.6,6.41,53.44945593,0.2881,1.06,1.07,5887.0,0.09
Kepler-1159 b,6.21,2.37,22.70816791,0.1603,1.19,1.28,6217.0,0.04
HATS-18 b,629.144485,14.896761,0.83784,0.0174,1.037,1.02,5600.0,0.28
GJ 676 A e,6.67439655,2.47,35.47358,0.181,0.626,0.69,3734.0,0.23
Kepler-48 c,14.61,2.71,9.67395,0.08633,0.88,0.89,5194.0,0.17
Kepler-889 b,1.32,1.09,3.744439,0.04975,1.14,1.25,5961.0,0.19
HR 2562 b,6992.224954,12.44199,,22.2,1.3,1.334,6597.0,0.02
Kepler-1804 b,3.18,1.59615726,12.28849983,0.1017,0.929,1.671,5109.0,0.1
Kepler-1188 b,4.98,2.08,17.1369543,0.135,1.04,1.06,5913.0,0.0
HD 21411 b,65.9,9.52,84.288,0.362,0.89,0.825605,5605.0,-0.265
Kepler-1281 b,3.33,1.64,3.11602791,0.0415,0.87,0.83,5353.0,-0.04
Kepler-128 b,3.79,1.421,15.0,0.12545,1.184,1.659,6072.0,-0.03
Kepler-1693 b,2.21,1.28938413,12.0999,0.1011,0.95,0.878295,5432.34,0.026
Kepler-104 b,19.6,3.1,11.427548,0.094,0.818,1.349,5711.0,-0.42
Kepler-1849 b,6.29,2.38685349,57.29290009,0.2597,0.709,0.729,4806.0,-0.1
Kepler-1036 b,9.32,3.01,122.8808058,0.47726,0.95,0.89,5533.0,0.04
2MASS J22362452+4751425 b,3972.875,12.3,,230.0,0.6,0.641152,4045.0,
Kepler-1191 b,2.89,1.51,5.60014851,0.0587,0.85,0.81,5308.0,-0.08
Kepler-511 c,16.5,4.20964327,26.62949944,0.17177,0.958,1.417,5866.0,-0.2
XO-5 b,378.2,12.78,4.1877558,0.0515,1.04,1.13,5430.0,0.05
Kepler-1825 b,2.61,1.42200732,1.025869966,0.0187,0.828,0.847,5123.0,0.14
Kepler-1074 b,2.1,1.25,5.94566534,0.0536,0.6,0.57,4002.0,-0.06
pi Men c,3.63,2.0189,6.2678399,0.06839,1.07,1.17,5998.0,0.09
TIC 183374187 b,177.98390792,14.03364384,5.05907,,0.853,1.344,5768.0,-0.39
GJ 1061 d,1.67,1.16,13.066,0.054,0.12,0.156,2953.0,-0.08
Kepler-1987 d,7.56,2.66,5.644914154,0.0571,0.799,0.714,4769.0,0.12
Kepler-245 b,146.78,2.57,7.49019,0.071,0.856,0.795,5100.0,0.12
Kepler-131 c,8.25,0.84,25.5169,0.17391,1.02,1.03,5685.0,0.12
Kepler-144 c,2.39,1.35,10.104665,0.094,1.154,1.235,6075.0,-0.1848
HD 93385 c,7.1,2.56,13.18,0.112,1.04,1.18484,5977.0,0.02
Kepler-431 c,0.229,0.668,8.703,0.0847,1.071,1.092,6004.0,0.07
HD 106270 b,3623.2438398,12.4,1888.0,3.34,1.39,2.66,5509.0,0.06
TOI-5720 b,4.3,1.09,1.4344555,0.018288,0.383,0.383,3325.0,0.03
Kepler-203 d,33.9,1.44,11.32972,0.1,1.06,1.114,5821.0,0.08
Kepler-230 c,4.82,2.04,91.773242,0.38,0.784,0.817,5588.0,-0.21
Kepler-1091 b,2.73,1.46,1.434741564,0.0252,1.01,1.03,5851.0,0.0
Kepler-1129 b,9.06,2.96,24.3397804,0.16481,1.0,1.0,5831.0,-0.04
Kepler-472 b,10.5,3.22,4.176255514,0.04823,0.85,0.78,4996.0,0.16
Kepler-1275 b,2.79,1.48,3.65691115,0.0488,1.23,1.36,6296.0,0.04
Kepler-1690 b,8.3,2.81109223,234.636,0.7097,0.94,0.862346,5404.0,0.0
HD 75898 c,2698.36317543,12.6,6717.0,7.39,1.295,1.55,6122.0,0.29
K2-386 b,5.99,2.32,7.473223,,0.911,0.97,5749.0,0.074
TOI-7510 c,131.0,10.81,22.5687423,0.1595,1.063,1.035,5720.0,0.25
Kepler-718 b,,16.56,2.052349905,0.0322,1.18,1.3,6191.0,0.06
Kepler-1342 b,3.39,1.66,2.215710358,0.0313,0.93,0.9,5527.0,0.03
WASP-174 b,104.88337431,16.10730527,4.2337005,0.05503,1.24,1.347,6399.0,0.06
Kepler-1713 b,3.59,1.71673535,18.01160049,0.14185,1.3,1.459,6477.0,0.1
Kepler-1121 b,4.31,1.91,13.15141081,0.11818,1.29,1.59,6231.0,0.12
Kepler-197 c,5.3,1.23,10.349695,0.09,0.857,1.12,6004.0,-0.441
TOI-1294 b,63.9,10.12369881,3.915292,0.051,1.1578,1.5566,5718.0,0.283
Kepler-1195 b,4.98,2.08,8.49642241,0.0726,0.74,0.71,4965.0,-0.25
GJ 328 b,797.74930157,13.3,3771.0,4.11,0.65,0.63,3897.0,-0.06
EPIC 212737443 c,7.7,2.69,65.55,0.28,0.69,0.673,4684.0,-0.137
Kepler-1783 b,2.3,1.31946731,8.277440071,0.07595,0.887,1.781,5129.0,-0.16
HD 50499 c,931.2419,13.2,8619.9,9.02,1.31,1.42,6099.0,0.38
Kepler-874 b,14.7,3.94,40.0686727,0.2234,1.09,1.13,6020.0,0.03
Kepler-235 b,5.6,2.23,3.340222,0.037,0.581,0.554,4255.0,-0.51
HD 98219 b,624.21812,13.4,433.8,1.26,1.41,4.6,4925.0,-0.02
Kepler-625 b,4.62,1.99,7.75192492,0.08137,1.04,0.96,5789.0,0.1
Kepler-1178 b,1.24,1.07,31.80634,0.1596,0.8,0.75,4990.0,-0.05
K2-407 b,2.19,1.283,4.941907,,0.881,0.927,5563.0,0.014
KOI-351 b,2.27,1.31,7.008151,0.074,1.2,1.2,6080.0,-0.12
WASP-151 b,100.43377661,13.30506009,4.5334775,0.055,1.081,1.181,5871.0,0.1
K2-289 b,61.0,9.1,13.156969,0.107,0.953,1.025,5529.0,0.162
GJ 1002 b,1.08,1.03,10.3465,0.0457,0.12,0.137,3024.0,-0.25
Kepler-1143 c,12.6,3.6,210.630591,0.6477,0.81,0.77,5053.0,-0.06
TOI-261.02,11.2,3.34822227,13.03935862135,,1.069,1.31383,5890.3,-0.35
TOI-2587 A b,69.28659273,12.07207221,5.45664,0.0635,1.15,1.726,5760.0,0.13
Kepler-1154 b,6.08,2.34,5.1856142,0.0631,1.26,1.43,6327.0,0.04
Kepler-60 b,4.19,1.71,7.1334,0.07255,1.041,1.257,5905.0,-0.09
Kepler-85 c,2.15,1.978,12.51,0.10363,0.928,0.875,5505.2,0.12
Kepler-1780 b,12.7,3.60600667,109.4449997,0.4276,0.868,0.868,5403.0,0.0
Kepler-1818 b,3.58,1.71360684,4.644909859,0.055,1.021,1.129,6047.0,-0.08
TOI-871 b,3.41,1.664,14.362565,0.1054,0.758,0.719,4929.0,-0.07
GJ 251 c,3.88,1.8,53.647,0.196,0.35,0.36,3342.0,0.07
Kepler-1518 c,8.75,2.9,9.6310258,0.0905,1.06,1.345,6432.0,-0.34
Kepler-1718 b,7.12,2.5685207,135.1880035,0.48418,0.846,0.906,5731.0,-0.32
TOI-4914 b,227.0,12.87,10.60057,0.098,1.03,1.0,5805.0,-0.13
USco1556 b,4767.45,12.3,,3500.0,0.33,0.668108,3410.0,
Kepler-109 c,8.2,2.65,21.22265,0.1546,1.094,1.387,5950.0,-0.02
Kepler-101 c,3.78,1.25,6.02976,0.0684,1.17,1.56,5667.0,0.33
Kepler-1200 b,1.2,1.06,1.118549717,0.0188,0.74,0.7,4612.0,0.04
NY Vir b,730.978,13.3,3160.0,3.3,0.459,0.151,32780.0,
TOI-4137 b,457.67290608,13.57407563,3.8016122,0.05222,1.313,1.438,6202.0,0.182
Kepler-1630 b,5.43,2.19,509.997402,1.1218,0.66,0.63,4736.0,-0.46
Kepler-475 b,6.76,2.49,3.105508189,0.03989,0.86,0.79,5009.0,0.21
Kepler-1978 b,7.61,2.67,10.84969477,0.0914,0.869,0.778,5251.0,-0.04
Kepler-1836 b,7.05,2.55303229,5.254169941,0.0602,1.053,0.987,6123.0,-0.14
Kepler-887 c,1.51,1.13,7.63846023,0.0801,1.19,1.29,6194.0,0.08
Kepler-350 c,6.1,3.1,17.849,0.1385,1.0,1.25,6492.3,0.041
Kepler-816 b,74.5,10.24,10.506825646,0.0895,0.9,0.85,5286.0,0.16
HD 51608 b,12.77,3.62,14.0726,0.1059,0.8,0.916136,5358.0,-0.07
HD 125390 b,8646.20398403,11.9,1757.39151,3.496,1.82,6.47,4882.0,-0.11
Kepler-1947 b,1.01,1.0101666,6.963630199,0.07375,0.984,1.686,6040.0,-0.44
Kepler-81 d,1.92,1.21,20.837846,0.128,0.648,0.595,4500.0,-0.18
Kepler-1827 b,4.1,1.85644292,3.700619936,0.04647,0.915,1.404,5423.0,0.08
TOI-1768.01,11.8,3.453,7.337703649,0.076381,1.1,1.1,5994.0,
HIP 10090 c,270.15414595,13.9,321.82,0.9,0.94,1.38268,5661.0,0.47
Kepler-855 b,52.7,8.35,7.886631104,0.0762,1.03,1.03,5835.0,0.06
TOI-205 b,6.81,2.50121142,4.25300773815,,1.2,1.45382,6302.74,0.13
Kepler-1886 b,7.18,2.58158428,24.2758007,0.16,0.928,0.837,5745.0,-0.2
Kepler-279 c,49.4,4.3,35.736,0.2236,1.1,1.07,6689.45,-0.1141
K2-401 b,5.74,2.262,6.293099,,0.87,0.675,4213.0,-0.098
TOI-3807 b,330.54154328,18.49481816,2.8989727,0.0421,1.181,1.468,5772.0,0.278
Kepler-931 b,2.33,1.33,8.03755877,0.0719,0.86,0.81,5241.0,-0.01
Kepler-106 e,11.17,2.56,43.8445,0.24006,1.0,1.04,5858.0,-0.12
GSC 06214-00210 b,5000.0,20.1762,,320.0,0.9,0.90484,4200.0,-0.06
HD 89839 b,1748.0562385,12.8,3391.2,4.713,1.21,1.28588,6314.0,0.04
Kepler-520 b,3.39,1.66,19.67416124,0.14628,1.1,1.09,6112.0,-0.03
Kepler-19 b,6.1,2.209,9.28699,0.0846,0.936,0.859,5541.0,-0.13
Kepler-1102 b,7.56,2.66,51.3285623,0.2731,0.96,0.94,5724.0,-0.08
Kepler-371 c,3.82,1.78,67.968015,0.313,0.876,0.992,5666.0,-0.1975
K2-338 b,1.08,1.03,3.850614,,0.66,0.63,4558.0,-0.23
KELT-16 b,874.0325,15.860735,0.9689951,0.02044,1.211,1.36,6236.0,-0.002
Kepler-1681 b,7.05,2.55321772,69.8956,0.32,0.893,0.759,5756.4,0.1064
TOI-544 c,21.5,4.92,50.089,,0.631,0.623,4169.0,-0.17
Kepler-251 d,8.1,2.77,30.133001,0.182,0.891,0.89,5526.0,-0.06
HD 180902 b,535.54355,13.5,510.9,1.4,1.41,4.16,4961.0,0.04
TOI-5624 e,8.9,3.247,21.489936,0.1439,0.858,0.82,5327.0,-0.023
KOINTREAU-1 b,3368.9811142,12.4,,690.0,0.26,,3551.0,-0.15
K2-414 c,4.38,1.9287,6.669,0.0552,0.814,0.732,4343.0,-0.102
Kepler-1154 c,6.17,2.36,8.45808312,0.0875,1.26,1.43,6327.0,0.04
Kepler-863 b,8.75,2.9,15.59461874,0.122,0.96,0.95,5678.0,-0.03
Kepler-278 c,34.9,3.268,51.111,0.287,1.227,2.861,4965.0,0.22
GJ 180 d,7.56,2.66,106.3,0.309,0.43,0.413049,3371.0,
K2-86 b,4.5,1.96,8.77683,0.077,0.79,0.76,5482.0,-0.35
HD 196050 b,1493.7935129,12.9,1392.0,2.65,1.27,1.42,5879.0,0.229
Kepler-564 b,19.4,4.63,3.750832285,0.0484,0.95,0.92,5626.0,-0.01
Kepler-878 b,4.38,1.93,25.9422033,0.165,0.81,0.77,5044.0,-0.03
HD 120084 b,2034.1018048,12.7,2142.0,4.21,2.16,10.37,4879.0,0.1
Kepler-247 d,50.0,4.5,20.4737,0.14081,0.884,0.791,5094.0,0.21
Kepler-46 c,119.499,13.5,57.011,0.2799,0.902,0.938,5155.0,0.41
KOI-142 c,214.1,14.0,22.26492,0.154121003,0.99,0.897,5466.0,0.27
WASP-126 b,90.3,10.51358773,3.28883,0.0449,1.12,1.27,5800.0,0.2068
Kepler-411 e,10.8,3.28,31.509728,0.186,0.87,0.82,4974.0,0.21
Kepler-82 f,20.9,4.84,75.732,0.3395,0.91,0.898,5401.0,0.2107
eps Ind A b,2065.8846455,12.7,25450.0,15.76,0.8,0.713,4700.0,-0.17
Kepler-88 d,965.14699656,13.1,1403.0,2.466329866,0.99,0.897,5466.0,0.27
TOI-1272 b,24.1,4.26,3.3159765,0.041,0.828,0.8,4985.0,0.1
Kepler-415 c,4.7,2.01,8.708,0.0695,0.67,0.643,4362.0,0.01
TOI-1694 b,28.24,5.27,3.7701389,0.0445,0.828,0.812,5005.0,0.04
TOI-1883 b,13.7,5.65,4.508,0.0423,0.495,0.506,3554.0,0.32
TOI-2384 b,624.85064816,11.48920522,2.13570304,0.02793,0.635,0.6113,3943.0,0.332
TOI-4409 b,14.93793513,7.44,92.491789,,0.763,0.72,4928.0,0.0
TOI-4562 b,732.0,12.53,225.1064,0.768,1.192,1.152,6096.0,0.08
Kepler-82 d,885.098,1.77,2.382961,0.034,0.946,0.945,5428.0,0.2107
TOI-5292 A b,412.85910069,12.64373023,2.02191,0.0279,0.596,0.611,3919.0,0.33
Kepler-82 e,254.02,2.47,5.902206,0.063,0.946,0.945,5428.0,0.2107
Kepler-247 b,3.33,1.64,3.33616,0.042,0.887,0.768,5100.0,0.3
TOI-5628 A b,28.60455663,8.29464572,4.3416612,0.0368,0.36,0.35,3310.0,-0.1
Kepler-138 e,0.43,0.797,38.23,0.1803,0.535,0.535,3841.0,-0.18
TOI-1694 c,316.55709337,13.8,386.25,0.974,0.828,0.812,5005.0,0.04
HD 114082 b,508.5254512,11.72459381,225.5504,0.791,1.28,1.482,6610.0,0.0
Kepler-416 b,58.2,2.48,6.319,0.0674,1.0,1.075,5718.0,0.1259
TIC 46432937 b,1017.0509024,13.31626907,1.44044527,0.02065,0.563,0.5299,3572.0,0.323
TOI-4562 c,1833.86990839,12.8,3990.0,5.219,1.192,1.152,6096.0,0.08
Kepler-338 b,30.6,2.44,13.726976,0.117,1.105,1.735,5923.0,-0.029
Kepler-725 c,9.7,3.08,207.541,0.6744,0.95,0.88,5395.0,0.14
KOI-134 c,69.92224954,9.86,33.95,0.2305,1.407,1.667,6160.0,0.427
DMPP-7 b,68.958,9.78,4.92666,0.0607,1.23,1.49,6096.0,0.13
HD 125136 b,718.29219982,13.3,849.77,,1.55,5.39,4959.0,0.02
HD 127195 b,212.94503269,14.0,534.5,,1.34,4.16,4981.0,-0.04
HD 127195 c,206.58846455,14.1,836.99,,1.34,4.16,4981.0,-0.04
Gaia23braL b,518.06030341,13.5,,4.847,0.774,1.36181,5055.0,
KOI-884 e,66.05405,9.54,31.101659,,0.887,0.788,5060.0,0.3
KMT-2025-BLG-0975L b,29.8,5.97,,0.81,0.1,,,
KMT-2025-BLG-1160L b,25.36,5.43,,2.56,0.58,,,
Kepler-37 d,2.0,2.03,39.7922622,0.2109,0.79,0.789,5357.0,-0.36
Kepler-411 c,26.4,4.421,7.834435,0.0739,0.87,0.82,4974.0,0.21
Kepler-122 b,6.08,2.34,5.766193,0.064,0.982,1.216,6050.0,-0.08
Kepler-417 c,7.7,2.69,15.943,0.1194,0.9,0.806,5177.0,-0.204
Kepler-37 c,1.3,0.755,21.301848,0.139,0.79,0.789,5357.0,-0.36
Kepler-37 b,0.79,0.3098,13.36702,0.1019,0.79,0.789,5357.0,-0.36
Kepler-37 e,8.1,0.37,51.196,0.25,0.8,0.772,5288.0,-0.25
Kepler-138 b,0.07,0.64,10.3134,0.0753,0.535,0.535,3841.0,-0.18
Kepler-122 d,5.48,2.2,21.587475,0.155,0.982,1.216,6050.0,-0.08
KOI-134 b,346.43296363,12.03844527,67.1277,0.363,1.407,1.667,6160.0,0.427
Kepler-122 e,27.7,2.6,37.993273,0.227,0.982,1.216,6050.0,-0.08
Kepler-138 c,2.3,1.51,13.7815,0.0913,0.535,0.535,3841.0,-0.18
Kepler-122 f,36.0,1.75,56.268,0.28575,1.03,0.949,5917.0,-0.08
Kepler-414 c,29.9,3.01,7.171,0.07195,0.89,0.946,5536.0,0.18
Kepler-46 d,3.33,1.64,6.766589,0.067,0.883,0.79,5309.0,0.17
Kepler-417 b,11.0,2.31,12.331,0.1006,0.9,0.806,5177.0,-0.204
Kepler-415 b,119.9,1.21,4.176,0.0426,0.67,0.643,4362.0,0.01
Kepler-414 b,3.5,1.71,4.7,0.0543,0.89,0.946,5536.0,0.18
Kepler-411 b,25.6,2.401,3.005156,0.0375,0.87,0.82,4974.0,0.21
Kepler-416 c,6.13,2.352,12.209,0.10454,1.0,1.075,5718.0,0.1259
Kepler-416 d,3.22,1.61,3.07644709,0.0407,0.949,1.022,5670.0,0.06
Kepler-138 d,2.1,1.51,23.0923,0.1288,0.535,0.535,3841.0,-0.18
Kepler-338 c,6.08,2.34,24.310856,0.172,1.105,1.735,5923.0,-0.029
Kepler-338 d,9.27,3.0,44.431014,0.257,1.105,1.735,5923.0,-0.029
Kepler-338 e,8.5,1.56,9.341,0.08979,1.14,1.735,5999.0,-0.029
Kepler-411 d,15.2,3.319,58.02035,0.279,0.87,0.82,4974.0,0.21
Kepler-46 b,1907.0,9.057,33.60134,0.1968,0.902,0.938,5155.0,0.41
Kepler-82 b,12.15,4.07,26.44,0.1683,0.91,0.898,5401.0,0.2107
Kepler-247 c,15.7,4.09,9.439452,0.084,0.887,0.768,5100.0,0.3
Kepler-122 c,29.0,5.87,12.465988,0.108,0.982,1.216,6050.0,-0.08
Kepler-725 b,521.76244,10.8,39.64372,0.2238,0.95,0.88,5395.0,0.14
KOI-142 b,9.5,3.438,10.91647,0.09586,0.99,0.897,5466.0,0.27
Kepler-1976 b,,12.21,4.959319244,0.0565,0.976,1.082,5712.0,0.1
Kepler-82 c,13.9,5.34,51.54,0.2626,0.91,0.898,5401.0,0.2107
K2-87 b,44.9,7.6,9.726618,0.094,1.164,1.401,5747.0,0.328
Kepler-983 b,6.17,2.36,60.0855082,0.3148,1.13,1.08,6052.0,0.12
Kepler-1948 b,1.09,1.03283226,15.57129955,0.1022,0.585,0.557,3872.0,0.12
Kepler-444 c,0.0793,0.497,4.5458841,0.04881,0.758,0.752,5046.0,-0.55
Kepler-1173 b,0.64,0.89,0.7698536,0.0156,0.86,0.82,5252.0,0.0
HD 219077 b,3057.50927534,12.5,5478.68861,5.935,0.92,1.91,5362.0,-0.13
Kepler-458 c,16.4,4.2,20.74028413,0.17012,1.15,2.21562,6117.21,0.1436
Kepler-1608 b,3.64,1.73,16.4735686,0.1126,0.75,0.72,4992.0,-0.24
TOI-2093 b,10.6,3.25,12.836,0.097,0.745,0.729,4426.0,-0.08
EPIC 212499991 b,3.19,1.6,34.885,,0.912,0.757541,4982.79,
Kepler-759 b,5.77,2.27,41.805985,0.2329,1.04,1.04,5860.0,0.06
Kepler-563 b,9.75,3.09,22.18432708,0.1418,0.8,0.77,5066.0,-0.08
Kepler-296 f,3.89,1.8,63.33627,0.255,0.498,0.48,3740.0,-0.08
Kepler-534 b,5.65,2.24,15.95994513,0.1272,1.05,0.98,5884.0,0.01
TOI-512 b,3.57,1.54,7.18886,,0.74,0.89,5277.0,-0.11
HD 75784 b,317.83,13.8,341.2,1.032,1.26,3.4,4867.0,0.25
Kepler-172 c,8.55,2.86,6.388996,0.068,1.081,1.085,5526.0,0.39
Kepler-1340 b,3.02,1.55,0.665026916,0.01523,1.27,1.42,6331.0,0.07
Kepler-1115 b,3.53,1.7,23.5540725,0.2134,1.6,1.73,8480.0,-0.51
KIC 5437945 b,33.6,6.4,440.7813,1.19671,1.07,1.24,6340.0,-0.38
Kepler-1859 c,3.39,1.66,3.59645081,0.0473,1.09,1.235,5887.0,0.16
Kepler-1201 b,5.86,2.29,15.18725932,0.1183,1.15,1.24,6177.0,0.03
Kepler-232 c,14.0,3.83,11.379349,0.101,0.97,0.968,5847.0,0.03
tau Cet g,1.75,1.18,20.0,0.133,0.783,0.83,5310.0,-0.52
Kepler-151 b,9.59,3.06,15.228958,0.116,0.87,0.83,5460.0,0.1245
TOI-201 b,164.0,11.4,52.9786,0.303,1.32,1.31,6423.0,0.24
Kepler-207 d,11.0,3.31,5.868075,0.068,1.313,1.588,5920.0,0.29
GJ 887 e,1.46,1.12,4.4249,0.0417,0.495,0.468,3688.0,-0.06
WASP-108 b,283.50293904,15.13212395,2.67555212374,,1.167,1.34415,6783.0,0.1478
Kepler-1521 b,6.8,2.5,47.14840805,0.23476,0.81,0.76,5042.0,-0.05
Kepler-238 c,152.522,2.39,6.155557,0.069,1.229,1.43,5751.0,0.34
GJ 676 A d,3.81394088,1.78,3.60076,0.039,0.626,0.69,3734.0,0.23
Kepler-620 b,11.0,3.32,12.91375431,0.1053,1.15,1.22,6155.0,0.03
TOI-2989 b,953.485221,12.55405838,3.122832,0.0384,0.77,0.76,4672.0,-0.04
Kepler-349 c,4.5,1.96,12.247629,0.105,1.083,0.927,5956.0,0.1509
Kepler-1231 b,2.6,1.42,10.41725184,0.0914,1.01,1.0,5778.0,0.06
Kepler-274 b,2.99,1.54,11.634788,0.101,0.883,1.007,6023.0,-0.2112
Kepler-832 b,4.9,2.06,7.1396941,0.075,0.92,0.9,5596.0,-0.08
Kepler-1889 b,8.98,2.94360686,37.30369949,0.2082,0.864,0.817,5646.0,-0.28
Kepler-988 b,4.94,2.07,17.76080053,0.1085,0.55,0.53,4005.0,-0.32
TOI-880 c,21.7,4.95,6.3872703,0.0635,0.87,0.83,5050.0,0.23
HD 12235 b,10.48833743,3.23,4.36305,0.054,1.1,1.80185,5986.0,0.31
Kepler-444 f,0.332,0.741,9.740486,0.0811,0.758,0.752,5046.0,-0.55
GJ 887 c,6.5,2.43,21.784,0.121,0.495,0.468,3688.0,-0.06
Kepler-524 b,4.31,1.91,7.97419807,0.07955,1.09,1.1,6014.0,0.02
Kepler-1075 b,2.6,1.42,1.52372816,0.0208,0.56,0.54,3959.0,-0.17
Kepler-368 b,10.7,3.26,26.84768,0.186,1.165,2.019,5502.0,0.03
Kepler-115 b,1.32,1.09,2.403679,0.036,1.042,1.205,5979.0,-0.0499
Kepler-1735 b,1.84,1.19429134,7.71792984,0.0621,0.535,0.509,3975.0,-0.34
TOI-1898 b,129.0,9.39553231,45.52234,0.269,1.2484,1.6131,6241.0,-0.095
Kepler-1130 c,0.422,0.79239584,3.266639948,0.04238,0.944,0.842,5450.0,0.1
HD 20782 b,472.83,13.6,597.0643,1.3649,1.04,1.12681,5782.13,-0.0537
Kepler-1376 b,1.16,1.05,5.30880656,0.0598,0.98,0.97,5659.0,0.07
Kepler-1190 b,2.33,1.33,10.45843441,0.0845,0.76,0.72,4730.0,-0.02
Kepler-450 b,19.4,6.14,28.454851,0.20092,1.19,1.64162,6197.21,0.1278
Kepler-758 d,5.14,2.12,20.4966197,0.1527,1.16,1.42,6228.0,-0.1
HAT-P-47 b,65.47265184,14.71739166,4.73217441,,1.387,1.515,6703.0,-0.026
HD 135625 b,731.0053361,13.3,4055.0,5.4,1.28,1.35743,6040.64,0.12
TOI-2211.01,3.06,1.561,3.092686757,0.04011,0.9,0.834,5253.0,
Kepler-124 b,0.315,0.73,3.410493,0.039,0.706,0.636,4984.0,-0.46
Kepler-1259 b,2.63,1.43,0.663085258,0.0141,0.8,0.77,5053.0,-0.07
TOI-1859 b,68.6,9.75181321,63.48347,0.337,1.287,1.36,6341.0,0.12
Kepler-616 b,6.48,2.43,9.99761851,0.0927,0.98,0.97,5753.0,-0.02
HD 141399 e,209.7678,14.1,5000.0,5.0,1.07,1.387236,5600.0,0.35
Kepler-1008 b,2.18,1.28,12.43931193,0.09755,0.81,0.78,5066.0,-0.01
TOI-2133 b,6.21,2.37,3.8266472,0.041,0.644,0.62,4250.0,-0.01
Kepler-1979 b,,29.33,18.5084526,0.1383,1.028,0.938,5942.0,-0.06
TOI-2406 b,15.6,2.86,3.0766891,0.02267,0.166,0.204,3100.0,-0.26
WASP-157 b,182.43442,11.19,3.951623,0.0499,1.06,1.1,5772.0,0.25
Kepler-1183 b,8.35,2.82,28.5057189,0.1793,1.0,0.99,5765.0,0.04
Kepler-331 d,3.33,1.64,32.134328,0.159,0.653,0.492,4347.0,0.1179
TOI-5322 b,184.02264765,16.6117094,5.4233207,0.0604,0.998,1.462,5692.0,-0.048
HD 457 b,8445.3364308,11.9,20324.58153,15.369,1.15,1.28194,6114.04,0.34
HD 112640 b,1589.15,12.9,613.2,1.7,1.8,39.0,4155.0,-0.09
Kepler-1647 b,483.0,11.8739,1107.5923,2.7205,1.2207,1.7903,6210.0,-0.14
Kepler-1197 b,2.1,1.25,2.03231845,0.02869,0.78,0.72,4708.0,0.06
HD 153557 b,20.34101805,4.77,7.29903,0.068,0.79,0.745171,4837.0,
Kepler-1939 b,1.68,1.16480773,2.790659904,0.0334,0.648,0.603,4353.0,-0.18
TIC 117642575 b,8.38,2.82716337,4.94459060181,,1.06,1.08102,5719.98,
Kepler-621 b,5.9,2.3,2.628113746,0.031,0.72,0.68,4521.0,-0.02
Kepler-1113 b,8.3,2.81,42.3004954,0.2415,1.12,1.17,5931.0,0.18
Kepler-142 b,4.62,1.99,2.024152,0.032,0.978,1.269,5790.0,0.05
Kepler-662 b,5.39,2.18,21.67697486,0.1408,0.79,0.74,4897.0,-0.03
Kepler-1336 c,3.57,1.71,5.77721211,0.06272,0.94,1.3,5512.0,0.05
TOI-216.02,18.75187601,8.0,17.16073,0.1293,0.77,0.748,5026.0,0.32
Kepler-236 c,4.66,2.0,23.968127,0.132,0.596005,0.51,3750.0,-0.05
HD 196067 b,3623.2438398,12.4,3413.7,4.71,1.16,1.71,6072.0,0.213
Kepler-1210 b,3.53,1.7,8.07124073,0.0753,0.94,0.92,5568.0,0.04
Kepler-91 b,257.4423,15.322703,6.24658,0.0731,1.31,6.3,4550.0,0.11
K2-290 b,10.9,3.06,9.21165,0.0923,1.194,1.511,6302.0,-0.06
Kepler-1766 b,5.81,2.27904508,105.0149994,0.4161,0.915,1.042,5868.0,-0.22
HD 176986 c,2097.98531461,,16.8124,0.11873,0.789,0.782,4931.0,0.03
K2-170 c,3.9,1.8017647,12.400047,,0.963657,0.981614,5748.0,-0.11
HD 72490 b,561.92344,13.5,858.0,1.88,1.21,4.96,4934.0,-0.13
HD 12661 c,899.45439181,13.2,1708.0,2.8145,1.02,1.11,5748.0,0.36
Kepler-1061 b,4.58,1.98,2.757982666,0.0388,1.09,1.07,6067.0,-0.03
Kepler-1904 b,2.51,1.3904994,4.577020168,0.0436,0.526,0.497,3805.0,-0.1
Kepler-473 b,15.6,4.08,14.55731705,0.12048,1.06,1.34,5816.0,0.12
HD 14787 b,356.28743,13.7,676.6,1.7,1.43,5.01,4946.0,0.0
WASP-106 b,613.40882551,12.10569916,9.28969,0.0901,1.175,1.47,6002.0,-0.02
TOI-6158 b,135.0,10.4,3.0446899,0.03275,0.503,0.476,3467.0,0.11
Kepler-1840 b,8.13,2.77771129,131.1900024,0.46206,0.774,0.803,4898.0,0.14
kap And b,5498.4314411,15.91675259,,55.0,2.768,2.109,11327.0,0.0
Kepler-1751 b,3.98,1.82417378,7.017310143,0.0712,0.974,0.967,6052.0,-0.26
Kepler-1067 b,0.437,0.8,0.762129261,0.0164,0.95,0.93,5592.0,0.03
TOI-2578 b,167.17774208,19.66055215,3.4579667,0.0495,1.27,1.64,6333.0,0.01
Kepler-624 b,5.95,2.31,14.58649607,0.11638,1.1,1.18,6117.0,-0.06
TOI-5349 b,127.4,10.2,3.317921,0.0369,0.61,0.58,3751.0,0.5
TOI-1294 c,147.0,14.3,159.9,0.61,1.1578,1.5566,5718.0,0.283
Kepler-1039 b,2.73,1.46,0.934884242,0.01714,0.79,0.74,4870.0,0.01
HAT-P-60 b,182.43350562,18.28184752,4.7947813,0.06277,1.435,2.197,6212.0,0.037
HD 88986 b,17.2,2.49,146.05,0.58,1.25,1.543,5861.0,0.06
HD 215152 e,975.41538108,,25.1967,0.15417,0.77,0.73,4935.0,-0.1
Kepler-704 b,7.32,2.61,3.76182115,0.047,0.97,0.96,5616.0,0.09
K2-385 b,2.98,1.539,2.380867,,0.927,0.761,4844.0,-0.224
Kepler-1432 b,5.56,2.22,23.9109011,0.1696,1.09,1.13,6031.0,0.02
Kepler-135 c,1.65,1.16,11.448708,0.103,1.047,1.275,6090.0,-0.105
Kepler-950 b,59.6,8.98,98.7180406,0.3982,1.02,1.02,5857.0,0.02
HD 73526 b,978.9164,13.1,188.3,0.65,1.14,1.53,5601.0,0.22
HD 207897 b,14.8,2.34302132,16.20166,0.117,0.8208,0.7827,5106.0,-0.03
Kepler-1459 b,2.42,1.36,62.8691611,0.2829,0.78,0.74,4828.0,0.01
Kepler-1358 b,1.46,1.12,7.06317341,0.0656,0.82,0.79,5181.0,-0.08
HD 360 b,238.37130525,14.0,273.1,0.98,1.69,10.86,4770.0,-0.06
TOI-4030 b,28.8,5.8462559,2.50900199461,,0.98,0.991737,5640.37,
Kepler-741 b,9.11,2.97,7.03902374,0.0744,1.16,1.24,6129.0,0.07
Kepler-1299 b,9.17,2.98,19.9400874,0.1357,0.94,0.91,5609.0,-0.01
Kepler-1806 b,6.15,2.35560189,9.033320427,0.0813,0.884,0.788,5311.0,-0.04
TOI-375 c,669.34662514,13.4,115.5,0.524,1.441,2.9,5259.9,0.084
Kepler-1048 b,3.22,1.61,6.92101021,0.059,0.75,0.7,4651.0,0.01
Kepler-749 b,9.8,3.1,17.31716585,0.1054,0.79,0.75,5009.0,-0.11
HD 102329 b,2593.4928,12.6,778.09998,1.81,3.21,9.82,4745.0,0.05
TOI-1194 b,120.0,8.71664516,2.3106446,0.034,0.9835,0.9608,5394.0,0.348
Barnard d,0.263,0.694,2.3402,0.0188,0.162,0.185,3195.0,-0.56
Kepler-1951 b,6.0,2.32107188,20.65780067,0.1435,0.923,1.306,5468.0,0.14
HIP 114933 b,616.58710958,13.4,1481.6,2.84,1.39,5.27,4823.0,0.06
Kepler-1305 b,4.19,1.88,13.5630972,0.1109,0.97,0.96,5701.0,0.01
Kepler-598 b,2.86,1.5,3.70175428,0.04487,0.87,0.86,5307.0,0.02
HD 185283 b,413.1769291,13.6,4060.0,4.6,0.8,0.743303,4848.0,-0.06
Kepler-1920 b,9.03,2.95415848,30.2541008,0.2043,1.239,1.161,6277.0,0.21
HD 65216 b,411.58985,13.6,577.6,1.301,0.874,0.88,5612.0,-0.1685
Kepler-954 b,5.99,2.32,16.78176602,0.1202,0.82,0.76,4990.0,0.02
EPIC 206042996 c,1.87,1.2,0.354884,,0.565,0.5,4114.0,0.006
HATS-38 b,23.51942,6.882326,4.375021,0.05036,0.89,1.105,5732.0,-0.102
Kepler-1388 c,5.73,2.26,5.53608151,0.0519,0.63,0.61,4098.0,0.02
TIC 178172313 b,8.27,2.80405322,4.3731816136,,0.91,0.84345,5405.59,
Gliese 12 b,0.95,0.93,12.761418,0.067,0.255,0.265,3328.0,-0.24
Kepler-266 c,14.4,3.89,107.723601,0.457,0.947,1.028,5885.0,0.16
NGTS-30 b,305.11527072,10.40193409,98.29838,0.408,0.94,0.913,5455.0,-0.03
Kepler-1388 e,6.62,2.46,37.6327084,0.1861,0.63,0.61,4098.0,0.02
Kepler-1311 b,2.07,1.24,11.1726994,0.10082,1.05,1.4,5748.0,0.09
Kepler-1991 c,7.13,2.57,22.79020351,0.1528,0.914,1.053,5478.0,0.16
Kepler-126 d,54.59018723,2.5,100.283134,0.448,1.108,1.358,6239.0,-0.16
TOI-4029 b,36.6,6.73756618,5.88498234631,,1.018,1.17834,5662.53,0.1007
Kepler-2001 b,1.12,1.04,1.090011003,0.0197,0.864,0.77,5081.0,0.12
Kepler-1247 b,6.04,2.33,13.71220213,0.1091,0.86,0.82,5303.0,-0.05
Kepler-68 e,86.4493267,11.2,3455.0,4.6,1.057,1.2564,5847.0,0.11
Kepler-1406 b,1.37,1.1,11.62905828,0.0987,1.05,1.12,5892.0,0.04
Kepler-1682 b,8.7,2.88940836,14.8334,0.1134,0.99,0.842301,5619.12,-0.048
Kepler-174 d,5.43,2.19,247.35373,0.677,0.602,0.622,4880.0,-0.56
Kepler-326 b,44.6,1.52,2.248329,0.032,0.91,0.801,5105.0,0.2385
GJ 3998 d,6.07,2.34,41.78,0.189,0.52,0.5,3726.0,-0.13
HD 205158 b,124.58873554,13.9,25.33798,0.177,1.16,1.87741,6133.55,
HD 219134 h,108.0622,12.7,2247.0,3.11,0.794,0.77,4913.0,0.08
K2-183 c,5.9,2.3,10.787992,0.0932,0.942219,0.87,5482.0,0.09
NGTS-21 b,750.07504052,14.90794433,1.5433897,0.0236,0.72,0.86,4660.0,-0.26
Kepler-1519 b,39.6,7.06,240.7989397,0.7655,0.94,0.91,5644.0,-0.07
TCP J05074264+2447555 b,20.0,4.72,,0.94,0.586,1.42487,5805.0,
TOI-2459 b,9.03,2.9531,19.104718,,0.66,0.6751,4195.0,
Kepler-784 b,3.12,1.58,31.5922646,0.22111,1.0,1.32,5674.0,0.07
TOI-2641 b,122.6817651,18.10250383,4.880974,0.0607,1.16,1.336,6100.0,-0.15
Kepler-255 c,9.22,2.99,9.946047,0.092,0.867,0.933,5573.0,0.3386
HD 51608 c,14.31,3.87,95.9446,0.3809,0.8,0.916136,5358.0,-0.07
TIC 434398831 c,27.0,5.63,6.210291,0.06572,0.992,0.909,5638.0,-0.081
TOI-3082 b,13.0,3.6621,1.926907,,0.664,0.6847,4263.0,0.17
Kepler-1037 b,2.18,1.28,1.063788673,0.0198,0.82,0.78,5105.0,-0.03
TOI-2141 d,14.9,3.97,60.45,0.2906,0.896,0.95,5635.0,-0.14
HD 88133 b,324.1866,13.8,3.414884,0.0479,1.26,2.2,5392.0,0.34
TOI-1448 b,19.5,2.749,8.112245,0.0567,0.372,0.38,3412.0,0.37
TIC 294329732 b,4.97,2.07692266,9.7565876181,,0.89,0.920172,5201.93,0.228
WISPIT 2 c,3178.28407,17.93436912,,14.0,1.08,1.3,4530.0,
K2-272 b,9.96,3.13,14.4536756,0.1007,0.86,0.83,5397.0,-0.09
TOI-3474 b,193.87532827,14.67255574,3.8795105,0.0502,1.121,1.256,6020.0,0.146
Kepler-825 c,4.04,1.84,8.1818246,0.0759,1.03,1.08,5976.0,-0.08
Kepler-382 b,2.3,1.32,5.262155,0.055,1.002,0.945,5600.0,0.082
Kepler-266 b,6.71,2.48,6.61833,0.071,0.947,1.028,5885.0,0.16
Kepler-1962 b,1.95,1.21463929,7.991459846,0.0783,1.003,1.006,5700.0,0.16
TOI-1266 d,3.68,1.74,32.509,0.1513,0.437,0.4232,3563.0,-0.109
Kepler-691 b,5.02,2.09,8.114379,0.0649,0.53,0.5,3715.0,0.04
HD 142415 b,530.7761,13.5,386.29999,1.06,1.07,1.04,5940.0,0.13
WASP-167 b,2542.64,17.71022,2.0219596,0.0365,1.59,1.79,7000.0,0.1
K2-412 b,5.13,2.116,5.9382,0.0586,0.893,0.977,5590.0,0.014
Kepler-1441 b,2.27,1.31,39.4419839,0.2346,1.0,1.0,5802.0,0.01
CoRoT-28 b,153.82972,10.704595,5.20851,0.0603,1.01,1.78,5150.0,0.15
Kepler-1755 b,29.4,5.91688317,24.81209946,0.1668,1.003,0.921,6086.0,-0.26
Teegarden's Star c,1.05,1.02,11.416,0.0455,0.097,0.12,3034.0,-0.11
HD 219828 b,19.06970442,4.59,3.83483,0.049,1.04,1.56,5891.0,0.19
Kepler-835 b,8.2,2.79,11.41909375,0.107,1.08,1.11,5954.0,0.08
Kepler-1666 c,10.5,3.23564749,40.7157,0.2383,1.23,1.14586,6293.0,-0.2
Kepler-1143 b,3.43,1.67,2.888904849,0.0371,0.81,0.77,5053.0,-0.06
KOI-4777.01,99.2,0.51,0.412,0.008,0.41,0.4,3515.0,0.1
Kepler-79 d,5.3,7.15,52.0897,0.2937,1.244,1.316,6389.0,0.06
Kepler-190 b,3.05,1.56,2.019999,0.03,0.834,0.795,5106.0,0.06
NGTS-17 b,242.82090295,13.89913607,3.24253,0.0391,1.025,1.337,5650.0,0.15
Kepler-354 c,2.27,1.31,16.934402,0.115,0.652,0.674,4648.0,-0.03
TIC 198190129 b,8.87,2.92284949,7.94804910667,,0.638,0.640675,4377.53,
Kepler-1933 b,1.76,1.17984089,4.943290234,0.05605,0.964,1.008,5661.0,0.1
TOI-5811 B b,257.44100967,21.96960217,6.25663,0.0731,1.08,3.73,4840.0,-0.06
Kepler-1041 b,8.96,2.94,24.7576421,0.1688,1.06,1.08,5957.0,0.01
KIC 10525077 b,25.9,5.5,854.083,,1.01,1.01,6091.0,-0.04
K2-70 b,8.7,2.89,13.97896,0.1112,0.94,0.93,5622.0,0.06
TOI-5704 b,10.5,3.2274,3.771116,,0.73,0.7575,4590.0,0.428
HATS-4 b,420.471,11.433,2.516729,0.0362,1.001,0.925,5403.0,0.43
Kepler-121 b,6.08,2.34,3.177422,0.039,0.859,0.701,5311.0,-0.08
HD 163607 b,249.051588,13.9,75.2203,0.362,1.12,1.76,5522.0,0.21
TOI-1453 b,2.32,1.173,4.3135225,,0.715,0.72,4975.0,-0.31
Kepler-395 c,2.3,1.32,34.989262,0.177,0.622827,0.556,4262.0,-0.02
TOI-7393 b,194.78,11.3,3.33708,0.03664,0.6,0.582,3927.0,-0.35
HIP 81991 b,3019.3698665,12.5,5860.0,6.4,1.09,2.82111,5100.0,-0.27
Kepler-1965 b,2.4,1.35415138,41.86869812,0.22971,0.928,0.837,5852.0,-0.3
DMPP-8 b,81.09,10.8,62.915,0.3098,0.99,1.24,6009.0,
Kepler-501 b,17.1,4.3,5.640677572,0.0627,1.03,1.04,5904.0,-0.03
TOI-892 b,301.9385,11.99363,10.62656,0.092,1.28,1.39,6261.0,0.24
Kepler-1898 b,0.76,0.93353523,4.765620232,0.05063,0.837,1.125,5702.0,-0.28
Kepler-1274 b,2.6,1.42,6.98152703,0.08161,1.45,2.17,6179.0,0.11
G 9-40 b,4.0,1.9,5.7459982,0.0418,0.2952,0.3026,3395.0,-0.07
K2-46 b,4.86,2.05,19.1541,0.13821,0.96,1.29,6256.0,-0.32
K2-199 c,12.4,2.85,7.3744897,0.0662,0.711,0.682,4491.0,-0.01
TOI-2005 b,2034.1018048,11.99360935,17.305904,0.16,1.59,2.02,7130.0,0.0
Kepler-1065 b,13.4,3.73,3.609308907,0.0455,0.94,0.93,5635.0,-0.01
TOI-7394 B b,668.74,11.5,1.252995,0.01913,0.624,0.609,3717.0,0.5
HD 112300 b,5031.22368281,12.2,466.63,1.33,1.4,65.8,3657.0,-0.06
TOI-5614 b,10.4,3.21759316,4.17221328949,,0.674,0.734919,4553.0,
Kepler-793 b,2.45,1.37,4.24153639,0.0491,0.98,0.97,5745.0,0.0
Kepler-307 c,3.64,2.2,13.0729,0.10896,0.907,0.814,5367.0,0.19
Kepler-613 b,5.86,2.29,15.77979614,0.1232,0.98,0.96,5723.0,-0.01
K2-138 g,4.32,3.013,41.96797,0.23109,0.935,0.863,5356.3,0.14
HD 128311 b,562.24127,13.5,453.019,1.084,0.828,0.76,4965.0,0.08
Kepler-20 b,9.7,1.773,3.6961049,0.04565,0.929,0.9164,5495.0,0.07
Kepler-1634 b,10.3,3.19,374.876239,1.0525,0.92,0.89,5474.0,0.02
MOA-2020-BLG-108L b,3391.22910269,12.4,,3.69,0.58,,,
Kepler-445 d,2.1,1.25,8.15275,0.0439,0.18,0.21,3157.0,0.27
Kepler-1701 b,5.57,2.22186207,169.134,0.5738,0.87,0.840217,5146.0,0.03
Kepler-1835 b,12.2,3.53387773,11.96409988,0.0997,0.922,0.961,5903.0,-0.26
Kepler-1024 b,14.5,3.91,66.4162133,0.3033,0.81,0.78,5143.0,-0.1
Kepler-1545 b,7.75,2.7,163.692349,0.5442,0.84,0.8,5201.0,-0.06
Kepler-1774 b,10.2,3.18179549,59.77080154,0.29496,1.101,1.122,6214.0,-0.02
KOBE-1 b,8.8,2.91,8.5399,0.07006,0.629,0.619,4135.0,-0.01
Kepler-1852 b,4.22,1.88610592,7.970940113,0.0762,0.927,0.826,5237.0,0.24
Kepler-1196 b,5.6,2.23,66.1849031,0.3179,0.98,0.97,5756.0,0.0
TOI-1221 b,1112.3994245,2.91,91.68278,0.387,0.93,1.031,5592.0,0.06
Kepler-324 c,6.2,3.15,51.805612,0.26,0.901,0.84,5194.0,0.18
Kepler-1122 b,4.82,2.04,42.1917357,0.2315,0.92,0.89,5544.0,-0.03
Kepler-1826 b,2.78,1.47519116,1.615360022,0.0213,0.49,0.486,3821.0,-0.28
HD 134606 c,11.31,3.37,58.883,0.3007,1.046,1.158,5576.0,0.343
TIC 150070085 b,12.8,3.62,10.47423,,1.16,1.086,5999.0,0.087
HIP 75092 b,568.91284853,13.5,926.4,2.02,1.28,4.53,4891.0,-0.01
Kepler-828 b,2.89,1.51,0.567857136,0.01228,0.81,0.77,5039.0,-0.02
HD 5278 b,7.8,2.45,14.339156,0.1202,1.126,1.194,6203.0,-0.12
Kepler-1157 b,1.32,1.09,4.45743164,0.0448,0.76,0.71,4679.0,0.05
Kepler-1610 b,3.22,1.61,8.70181574,0.0777,0.91,0.87,5383.0,0.1
Kepler-1245 c,2.67,1.44,2.936584681,0.0372,0.86,0.83,5306.0,-0.01
Kepler-297 d,,32.6,150.0189511,0.523,0.846,0.897,5618.0,-0.22
Kepler-431 b,0.37,0.764,6.803,0.0719,1.071,1.092,6004.0,0.07
DMPP-4 b,12.2,3.53,3.4982,0.04853,1.25,1.38,6400.0,-0.007
Kepler-184 d,6.76,2.49,29.022358,0.179,0.872,0.873,5788.0,-0.1958
Kepler-1140 b,8.1,2.77,24.0862707,0.1478,0.76,0.73,4850.0,-0.08
TOI-1799 b,4.0,1.642,7.094570865,0.072502,1.01,0.957,5690.0,-0.064
Kepler-1696 b,8.29,2.80982017,65.9409,0.3244,1.02,1.19811,5712.0,-0.04
Kepler-928 b,3.15,1.59,3.932461302,0.0444,0.73,0.7,4700.0,-0.11
Kepler-153 c,6.94,2.53,46.90232,0.237,0.756,0.892,5404.0,-0.27
HD 73256 c,5085.254512,12.2,2690.0,3.8,1.0,0.944723,5570.0,0.29
HD 175541 b,190.06234,14.1,298.43,0.975,1.39,4.19,5013.0,-0.07
HD 219134 g,10.80622,3.28,94.2,0.3753,0.794,0.77,4913.0,0.08
Kepler-708 b,8.91,2.93,3.167891938,0.0426,0.97,0.96,5692.0,0.01
WASP-54 b,187.5197,17.71022,3.69364,0.04988,1.08,1.76,6100.0,-0.27
K2-250 b,7.81,2.71257333,4.01392,0.04606,0.809,0.797,5003.0,-0.02
Kepler-1325 b,8.55,2.86,33.8786838,0.2004,0.93,0.91,5550.0,0.01
Kepler-703 b,51.1,8.2,4.583521756,0.0535,1.18,1.27,6185.0,0.05
TOI-1533 c,36.6,7.5,8.0637926,0.076,0.88,0.849,5146.0,0.24
Kepler-957 b,25.9,5.5,5.907413537,0.0559,0.81,0.75,4963.0,-0.01
TOI-3856 b,171.62733978,13.59649359,2.04360352,0.0325,1.096,1.055,5622.0,0.454
Kepler-1740 b,11.0,3.32321414,8.172400475,0.0779,0.943,0.905,5705.0,-0.06
Kepler-176 d,1.72,2.51,25.751974,0.163,0.86,0.891,5232.0,0.13
K2-150 b,4.66,2.0,10.59357,0.0727,0.457,0.436,3499.0,0.09
Kepler-307 b,7.44,2.43,10.4208,0.09359,0.907,0.814,5367.0,0.19
Kepler-755 c,2.13,1.26,2.853133644,0.037,0.82,0.77,5043.0,-0.01
Kepler-607 c,8.05,2.76001201,39.67679977,0.21507,0.808,0.888,5244.0,0.02
TOI-540 b,0.674,0.903,1.2391491,0.01223,0.159,0.1895,3216.0,
K2-320 b,7.37,2.62,1.995,0.0142,0.117,0.3,3157.0,
Kepler-1523 b,3.12,1.58,0.93875077,0.01867,0.97,0.96,5708.0,0.0
GJ 463 b,1080.6165838,13.1,3459.0,3.53,0.486,0.483,3563.0,-0.16
Kepler-62 c,4.0,0.54,12.4417,0.0929,0.69,0.64,4925.0,-0.37
HD 222582 b,2660.2371,12.6,572.38,1.34,1.12,1.13,5790.0,0.01
Kepler-210 c,12.8,3.62,7.972513,0.07,0.77,0.65,4559.0,0.2772
Kepler-1551 b,7.56,2.66,24.4973698,0.1772,1.14,1.22,6136.0,0.01
TIC 188624430 b,12.9,3.64811843,6.21860433132,,0.929,0.786574,5369.46,
Kepler-1174 b,3.15,1.59,6.89225223,0.0732,1.04,1.04,5936.0,-0.04
Kepler-269 c,3.5,1.69,8.127899,0.081,0.92,0.959,5847.0,0.4
Kepler-607 b,0.59,0.87,0.638163204,0.0137,0.84,0.8,5196.0,-0.02
Kepler-1981 b,62.5,9.23,453.54212,1.3292,1.519,3.006,5874.0,0.12
TOI-6041 c,77.9,10.5,88.0,0.3721,0.885,0.879,5445.0,0.104
HD 109833 c,7.22,2.59,13.900148,,1.08,1.0,5881.0,-0.07
Kepler-1082 b,1.46,1.12,1.543206604,0.02571,1.03,1.14,5923.0,-0.06
Kepler-431 d,1.41,1.11,11.922,0.1045,1.071,1.092,6004.0,0.07
WASP-170 b,508.528,12.285064,2.34478022,0.0337,0.93,0.938,5600.0,0.22
K2-74 b,5.95,2.31,19.5666,0.1402,0.96,0.98,6060.0,-0.21
TOI-1246 d,5.4,3.43139739,18.654874,0.132,0.8889,0.8649,5213.0,0.168
Kepler-372 d,3.5,1.69,30.092568,0.201,1.202,1.137,6509.0,-0.13
HD 25723 b,794.5710175,13.3,457.01,1.49,2.12,13.76,4766.0,-0.03
TOI-7155 b,6.38,2.40821473,3.89489711981,,0.755,0.670748,4673.03,
Kepler-84 b,40.0,2.23,8.726,0.0827,1.0,1.43,6039.0,-0.07
TOI-3353.01,7.59,2.6667555,4.6657965,0.060118218,1.332089,1.0207,6365.0,
Kepler-1555 b,3.22,1.61,8.10501635,0.0805,1.04,1.06,5866.0,0.03
Kepler-1725 b,8.31,2.8125177,16.71990013,0.13263,1.049,1.085,6020.0,0.0
TOI-2104 b,2.95,1.52898127,5.904370457,,0.8,0.723757,4856.13,
Kepler-120 b,8.5,2.15,6.312501,0.055,0.654,0.534,4096.0,-0.12
Kepler-627 b,13.4,3.73,40.6994443,0.22661,1.3,1.49,6424.0,0.05
Kepler-1326 b,16.3,4.18,42.3514267,0.2743,1.45,1.74,6725.0,0.02
TOI-1184 b,6.8,2.39,5.748433803,0.056027,0.71,0.69,4534.0,0.017
G 192-15 b,1.03,1.02,2.27476,0.01723,0.132,0.170718,2999.0,
HATS-61 b,1080.622,13.394755,7.817953,0.07908,1.076,1.664,5542.0,0.247
Kepler-684 b,11.2,3.36,6.770302008,0.064,0.89,0.86,5493.0,-0.11
WASP-159 b,174.8065,15.46842,3.840401,0.0538,1.41,2.11,6120.0,0.22
K2-26 b,7.61,2.67,14.5665,0.0962,0.56,0.52,3785.0,-0.13
TIC 9344899 b,6170.0,9.16,8.5821566,0.0815,0.98,1.06,5800.0,0.07
WASP-194 b,373.13054982,15.47960235,3.183387,0.047,1.29,1.409,6405.0,0.0
Kepler-1956 b,1.32,1.08940238,5.943719864,0.0563,0.671,0.682,4391.0,0.04
K2-335 b,5.52,2.21,12.283211,,1.23,1.33,6222.0,0.1
Kepler-352 c,2.07,1.24,16.332995,0.118,0.798,0.781,5212.0,-0.11
Kepler-1175 b,9.22,2.99,37.94563,0.2181,0.9,0.86,5453.0,-0.04
TOI-2453 b,10.6,3.24380341,4.44143463188,,0.500519,0.502498,3720.23,
TOI-3523 A b,435.42491759,15.9727975,2.30458952,0.03559,1.131,1.448,6450.0,-0.366
Kepler-1586 b,2.92,1.52,15.6049212,0.12208,1.45,1.75,6681.0,0.06
TOI-1062 c,9.78,3.1,7.972,0.08,0.94,0.84,5328.0,0.14
Kepler-30 b,11.3,3.9,29.33434,0.18,0.99,0.95,5498.0,0.18
Kepler-1285 b,0.871,0.97,14.7967458,0.12758,1.2,1.28,6170.0,0.16
TOI-1230.01,6.29,2.38627705,25.05734661842,,1.14,1.15281,5696.0,
Kepler-103 c,58.47,5.4539,179.60978,0.6679,1.212,1.492,6047.0,0.15
Kepler-433 b,896.24,16.25,5.33408384,0.0679,1.46,2.26,6360.0,-0.01
CoRoT-8 b,69.92,6.39,6.21229,0.063,0.88,0.77,5080.0,0.3
Kepler-361 c,6.9,2.52,55.188023,0.3,1.191,1.343,6169.0,0.04
TOI-5728 b,2.27,1.31,11.49761,,0.36,0.37,3419.0,-0.12
Kepler-568 b,5.73,2.26,11.02347475,0.0794,0.55,0.53,3768.0,0.11
Kepler-1923 b,4.5,1.95958179,52.60969925,0.2846,1.109,1.294,5881.0,0.16
Kepler-1208 b,5.99,2.32,11.08507637,0.0901,0.8,0.76,5001.0,-0.03
Kepler-406 c,2.71,0.85,4.62332,0.05531,1.07,1.07,5538.0,0.18
Kepler-1910 b,1.78,1.184,5.688769817,0.0536,0.636,0.639,4234.0,-0.02
Kepler-1655 b,5.4,2.213,11.8728787,0.1029,1.03,1.03,6148.0,-0.24
HD 191939 g,13.5,3.74,284.0,0.812,0.81,0.94,5348.0,-0.15
HD 87816 c,3877.5065654,12.4,7596.0,10.14,2.41,9.0,4989.0,0.14
Kepler-185 c,4.74,2.02,20.729042,0.139,0.763,0.806,5208.0,-0.14
TOI-707 b,6.42,2.416,52.79918,0.275,0.99,0.978,5424.0,0.16
Kepler-738 b,6.8,2.5,24.58721573,0.1552,0.86,0.82,5327.0,-0.09
Kepler-658 b,3.29,1.63,1.287076762,0.0188,0.63,0.6,4103.0,-0.04
HD 235088 b,4.15,1.982,7.4341325,0.0706,0.849,0.772,5075.0,-0.02
Kepler-93 b,4.66,1.478,4.72673978,0.05343,0.911,0.919,5669.0,-0.18
Kepler-596 b,11.8,3.46,21.30022655,0.15161,1.21,1.32,6267.0,0.03
K2-174 b,7.27,2.6,19.562307,0.126,0.7,0.676,4455.0,0.113
Kepler-1357 b,2.18,1.28,3.0091324,0.041,0.93,0.9,5597.0,-0.06
Kepler-1807 b,7.77,2.70393215,10.86060047,0.0988,1.087,1.496,6455.0,-0.36
GJ 3378 b,2.3,1.32,21.45,0.09673,0.262,0.275,3340.0,-0.09
Kepler-256 b,3.15,1.59,1.620493,0.027,1.037,1.301,5551.0,0.26
NGTS-31 b,355.96781584,18.04645893,4.162734,0.064,0.96,1.7,5710.0,0.0
TOI-2525 c,208.8132634,10.13291855,49.2519,0.249,0.849,0.785,5096.0,0.14
Kepler-574 b,6.3,2.39,7.65880414,0.0723,0.95,0.91,5612.0,-0.01
Kepler-1062 b,3.75,1.76,9.30412078,0.0748,0.75,0.7,4597.0,0.11
HD 28185 c,1906.970442,12.8,9090.0,8.5,0.974,1.048,5602.0,0.19
K2-317 b,8.91,2.93,6.22,0.0542,0.403,0.379,3387.0,
Kepler-1375 b,3.68,1.74,3.3004192,0.0471,1.47,1.78,6704.0,0.09
TOI-6478 b,19.2,4.6,34.005019,0.1136,0.23,0.234,3230.0,-0.53
Kepler-1338 b,0.721,0.92,0.935118057,0.01937,1.04,1.05,5909.0,0.0
WASP-59 b,274.276,8.687,7.919585,0.0697,0.719,0.613,4650.0,-0.15
K2-63 c,14.5,3.9,25.4556,0.189,1.4,1.63,6771.0,
KOI-4978 b,0.271,0.7,0.941967,,0.859,0.966,5050.28,0.18
Kepler-1539 b,7.75,2.7,133.3036741,0.4765,0.84,0.8,5176.0,-0.01
Kepler-614 b,6.3,2.39,14.03491514,0.1027,0.85,0.81,5268.0,-0.07
Kepler-257 c,25.2,5.41,6.581484,0.066,0.916,1.037,5180.0,0.4
TOI-5398 b,58.7,10.3,10.590547,0.098,1.146,1.051,6000.0,0.09
TOI-1820 b,731.0053361,12.778238,4.860674,0.061,1.04,1.51,5734.0,0.14
Kepler-1220 b,2.92,1.52,7.42693741,0.0734,1.0,0.99,5842.0,-0.04
TOI-938 b,20.8,4.82401567,8.80733882211,,1.1,0.985134,5829.42,
Kepler-192 d,1.04,1.02,6.47027579,0.0686,0.94,0.94,5487.0,0.13
Kepler-825 b,2.96,1.53,3.77360059,0.0453,1.03,1.08,5976.0,-0.08
Kepler-1414 b,2.04,1.23,3.51576315,0.0426,0.8,0.75,4951.0,-0.02
HD 86950 b,1144.188,13.0,1270.0,2.72,1.66,8.8,4805.0,0.04
Kepler-1150 b,1.04,1.02,2.787868386,0.0382,0.76,0.72,4754.0,0.01
Kepler-1765 b,6.78,2.49508857,10.41889954,0.0917,0.946,1.064,5692.0,0.04
Kepler-831 b,2.15,1.27,5.62153941,0.05984,0.99,0.97,5732.0,0.02
K2-257 b,0.498,0.83,1.60588,0.0216,0.52,0.5,3725.0,-0.03
Kepler-27 d,7.78,2.7061946,6.546289921,0.06578,0.926,0.817,5251.0,0.21
HIP 29442 d,5.14,1.538,6.429575,0.0673,0.901,0.98,5289.0,0.24
Kepler-196 b,4.27,1.9,20.739886,0.138,0.839,0.782,5128.0,0.03
Kepler-806 b,1.55,1.14,8.09219642,0.07684,0.99,1.16,5770.0,0.0
Kepler-1854 b,7.21,2.58746104,39.83110046,0.20894,0.8,0.759,5026.0,0.0
TOI-5624 b,9.4,2.314,3.3903473,0.04201,0.858,0.82,5327.0,-0.023
Kepler-739 b,11.0,3.32,12.53248465,0.1054,0.93,0.9,5601.0,-0.08
HD 204313 b,1466.7780983,12.9,2041.11539,3.185,1.03,1.1,5767.0,0.18
Kepler-129 d,2637.9757781,12.6,2646.0,4.0,1.178,1.653,5770.0,0.29
Kepler-389 c,2.73,1.46,14.51143,0.11,0.765,0.792,5376.0,-0.1
K2-158 c,2.18,1.28,5.90279,0.0622,0.92,0.95,5503.0,0.07
Kepler-864 c,3.26,1.62,2.42150341,0.0382,1.27,1.195,6213.0,0.36
TOI-5800 b,9.5,2.46,2.6278838,0.0344,0.778,0.773,4850.0,-0.04
TOI-2803 A b,309.88269682,18.11371281,1.96229325,0.03185,1.118,1.245,6280.0,-0.105
Kepler-1462 b,14.0,3.82,65.6488341,0.3094,1.0,1.0,5756.0,0.06
HD 191939 b,10.0,3.41,8.8803256,0.0804,0.81,0.94,5348.0,-0.15
HD 212771 b,759.6137,13.3,380.7,1.19,1.56,5.27,5003.0,-0.21
Kepler-1695 b,1.46,1.11948901,4.7329,0.0529,0.96,0.987155,5473.19,-0.0347
TOI-1782.02,4.04,1.839,1.829024227,0.025739,0.68,0.669,4336.0,
WASP-119 b,390.9309,15.6926,2.49979,0.0363,1.02,1.2,5650.0,0.14
Kepler-893 b,9.43,3.03,6.33855761,0.0699,1.0,0.99,5820.0,-0.03
Kepler-1487 c,48.7,7.97,35.8007112,0.2588,1.801,3.955,5745.0,0.4
KOI-7913 b,6.08,2.34,24.278553,0.1456,0.76,0.788,4324.0,-0.06
TOI-1472 c,21.13,3.334,15.5381747,0.116,0.87,0.84,5100.0,0.27
Kepler-1239 b,8.75,2.9,5.19104016,0.0625,1.4,1.57,6564.0,0.22
Kepler-1902 b,1.74,1.17563613,3.822220087,0.0385,0.52,0.514,3729.0,0.06
Kepler-297 b,48.5,2.87,38.871826,0.217,0.927,0.915,5619.0,-0.11
Kepler-351 d,7.85,2.72,142.544247,0.5177,0.81,0.78,5225.0,-0.16
K2-136 d,3.0,1.565,25.575,0.1538,0.742,0.677,4500.0,-0.02
Kepler-789 b,5.14,2.12,8.63847725,0.0951,1.01,1.02,5870.0,-0.06
K2-279 b,1.92,1.21,7.122605,0.067,0.79,0.86,5558.0,-0.37
nu Oph c,7838.32346,12.0,3180.6,5.829,2.61,12.24,4887.0,0.1
KOI-1599.02,9.0,1.9,13.6088,0.112293,1.02,0.972,5833.0,0.06
HD 109833 b,8.69,2.888,9.188526,,1.08,1.0,5881.0,-0.07
HIP 71135 b,18.8,4.55,87.19,0.335,0.66,0.681296,4146.0,
K2-147 b,2.77,1.47286006,0.961939,0.01575,0.563,0.578,3690.0,-0.02
Kepler-11 d,7.3,3.12,22.6845,0.155,0.961,1.065,5663.0,0.05
K2-131 b,7.9,1.69,0.3693038,0.00936,0.803,0.7595,5120.0,-0.04
Kepler-218 d,7.56,2.66,124.5244647,0.49884,1.01,1.02,5542.0,0.31
TOI-6054.01,12.5,2.64,7.501428,0.0763,1.107,1.662,6047.0,-0.07
Kepler-1937 b,9.39,3.0229133,9.688599586,0.0915,1.19,1.196,6457.0,-0.06
HAT-P-56 b,734.1873,16.92559,2.79083,0.0423,1.42,1.47,6566.0,0.0
HD 8574 b,645.1949,13.4,227.0,0.76,1.34,1.38,6064.0,0.01
HATS-71 b,117.5971,11.478016,3.7955202,0.03745,0.4861,0.4783,3405.0,0.17
K2-341 b,10.4,3.21,36.552551,,0.98,1.16,5817.0,-0.05
GJ 1061 b,1.11,1.04,3.2073,0.021,0.12,0.156,2953.0,-0.08
Kepler-102 b,1.1,0.46,5.286965,0.05521,0.803,0.724,4909.0,0.11
Kepler-731 b,,13.88,3.855603551,0.0505,1.03,1.06,5849.0,0.04
K2-194 b,12.9,3.64229858,39.721386,,1.110086,1.281115,5979.0,0.1
Kepler-915 b,2.86,1.5,4.59489604,0.05655,1.21,1.38,6173.0,0.08
TIC 241249530 b,1582.78546686,13.29385111,165.7719,0.641,1.271,1.397,6166.0,0.09
TOI-5795 b,23.66,5.62,6.1406325,0.064,0.901,1.082,5715.0,-0.27
K2-196 b,12.6,3.59970536,48.324222,,1.162095,1.538801,6045.0,0.01
Kepler-1315 b,2.48,1.38,0.84338011,0.01617,0.8,0.75,4861.0,0.07
Kepler-93 c,954.0,,1460.0,,0.91,0.92,5669.0,-0.18
TOI-5599 b,40.9,7.1888212,5.43691503941,,1.21,1.91334,6137.02,
Kepler-1912 b,2.41,1.35670508,6.059219837,0.06489,0.977,0.962,5734.0,0.04
TOI-1260 c,13.2,2.76,7.493134,0.0657,0.679,0.672,4227.0,-0.1
Kepler-306 e,5.77,2.27,44.840975,0.227,0.75,0.719,4954.0,-0.13
K2-396 b,3.12,1.579,0.673862,,0.954,0.92,5236.0,0.237
HD 10442 b,472.61321,13.6,1032.3,2.01,1.01,1.97,4912.0,0.11
Kepler-198 c,6.66,2.47,49.567416,0.259,0.995,0.94,5574.0,0.1142
Kepler-129 b,20.0,2.4,15.79,0.13,1.178,1.653,5770.0,0.29
Kepler-1549 b,7.13,2.57,214.886545,0.6687,0.88,0.84,5324.0,0.02
HD 8326 b,66.6,9.58,158.991,0.533,0.8,0.783181,4914.0,0.0399
Kepler-1800 b,0.961,0.99679734,4.562029839,0.05098,1.33,2.506,5343.0,0.08
TOI-1742 b,9.7,2.36507598,21.269084,0.154,1.0861,1.131,5815.0,0.193
BD+45 564 b,432.24663352,13.6,307.88,0.83,0.81,0.813064,5004.0,-0.09
HD 11343 c,255.53403923,13.9,228.53731,0.923,2.009,6.84,4672.0,-0.19
TOI-2295 b,278.09985612,16.47720163,30.033302,0.1992,1.168,1.459,5730.0,0.316
Kepler-656 c,2.57,1.41,5.25449393,0.0602,1.05,0.954,5550.0,0.46
Kepler-1941 b,7.51,2.64976949,31.33510017,0.2054,1.175,1.142,6404.0,-0.06
Kepler-1311 d,67.5,9.65837605,197.5110016,0.68434,1.032,1.674,5616.0,0.04
Kepler-1316 b,12.3,3.54,87.9732136,0.39765,1.04,1.12,5884.0,0.03
TOI-6954 b,12.8,3.63524486,4.02074127419,,0.834,0.947112,5170.87,0.03
Kepler-256 d,6.71,2.48,5.839172,0.064,1.037,1.301,5551.0,0.26
K2-90 c,2.24,1.3,2.900706,0.035,0.704613,0.634754,4421.98,-0.225
HD 11506 d,4068.2036096,12.3,26500.0,18.2,1.22,1.24,6123.0,0.3
Kepler-1118 b,7.95,2.74,38.6715075,0.2079,0.96,0.97,5688.0,0.0
K2-247 c,5.43,2.19,6.49424,0.0615,0.74,0.69,4667.0,-0.08
K2-322 b,4.35,1.92,8.205,0.0594,0.63,0.602,4141.0,
HD 141004 b,13.63483866,3.77,15.5083,0.1238,1.051904,1.389372,5885.38,0.0247
Kepler-168 c,7.7,2.69,13.193242,0.116,1.113,1.107,6282.0,0.09
TOI-4155 b,10.4,3.21,3.320729,,1.16,0.95,5724.0,0.11
GJ 9689 b,9.65,3.07,18.27,0.1139,0.59,0.57,3836.0,0.05
Kepler-169 d,2.1,1.25,8.348125,0.075,0.825,0.763,4997.0,0.17
Kepler-191 d,5.82,2.28,5.945041017,0.06104,0.84,0.8,5215.0,-0.05
K2-8 b,12.5,3.58,10.35239,0.0856,0.78,0.74,4870.0,-0.02
HATS-33 b,378.85336,13.78707,2.5495551,0.03727,1.062,1.022,5659.0,0.29
Kepler-1464 b,3.39,1.66,31.7785901,0.20066,1.02,1.01,5828.0,0.03
Kepler-805 b,8.7,2.89,30.8638931,0.19852,1.19,1.65,6112.0,-0.06
17 Sco b,1373.01871824,12.9,578.38,1.45,1.22,25.92,4157.0,-0.01
Kepler-264 c,8.4,2.83,140.101261,0.566,1.426,1.55,6158.0,0.0469
HR 858 b,3.55,2.004,3.585287,0.04888,1.204,1.258,6354.0,0.025
Kepler-941 b,9.69,3.08,17.42395198,0.1311,0.89,0.86,5539.0,-0.15
Kepler-1832 b,2.02,1.22719556,3.138789892,0.037,0.684,0.722,5242.0,-0.54
TOI-833 b,2.15,1.27,1.0418777,0.0171,0.61,0.6,3920.0,
HD 38283 b,127.132,14.0,363.20001,1.02,1.37,1.49,5981.0,-0.18
Kepler-341 b,1.76,1.18,5.195528,0.06,0.976,1.024,6012.0,0.07
TIC 153919886 b,7.78,2.70601108,2.10510492329,,0.581261,0.591697,4137.16,
Kepler-1669 b,8.15,2.78043818,9.51216,0.0745,0.67,0.714145,4303.0,-0.23
Kepler-295 c,1.71,1.17,21.526258,0.142,0.89,0.898,5603.0,-0.03
NN Ser c,2329.6,12.6,6987.0,5.35,0.535,,57000.0,
Kepler-1802 b,3.43,1.671,15.45020008,0.0662,0.649,0.637,4245.0,0.0
TOI-6008 b,4.0,1.03,0.8574347,0.010777,0.23,0.242,3075.0,0.3
Kepler-1437 b,2.45,1.37,10.9295461,0.0951,0.93,0.9,5557.0,-0.02
Kepler-330 b,2.39,1.35,8.25978,0.075,0.848,0.722,5117.0,0.16
Kepler-100 c,7.05,2.2,12.8159,0.11061,1.08,1.49,5825.0,0.02
K2-377 b,3.51,1.693,12.832235,,0.821,0.691,4200.0,-0.008
Kepler-554 b,17.0,4.29,1.902208556,0.03022,0.93,0.92,5447.0,0.14
Kepler-208 e,2.79,1.48,16.259458,0.132,1.082,1.314,6092.0,-0.0423
Kepler-1287 b,2.99,1.54,11.47685909,0.0976,0.96,0.94,5715.0,-0.05
Kepler-646 b,4.62,1.99,15.87364565,0.11251,0.93,0.91,5634.0,-0.07
Kepler-1880 b,5.13,2.11686218,6.309219837,0.054,0.524,0.53,4380.0,-0.92
Kepler-587 b,5.6,2.23,10.94027841,0.0952,0.92,0.89,5549.0,-0.05
EPIC 201238110 b,4.16,1.87,28.1656,,0.41,0.374,3587.0,
K2-240 c,3.89,1.8,20.523,0.1159,0.58,0.54,3810.0,-0.1
Kepler-1495 b,8.96,2.94,85.273256,0.3677,1.03,1.04,5831.0,0.06
Kepler-508 b,3.33,1.64,25.30889748,0.17274,1.16,1.25,6025.0,0.18
HD 191939 f,915.34581216,13.2,2898.0,3.71,0.81,0.94,5348.0,-0.15
HN Peg b,6991.57,11.7768,,773.0,1.08,1.006954,6186.0,-0.036
K2-413 b,0.363,0.7599,0.8094,0.0117,0.808,0.7,4116.0,-0.205
KOI-351 h,203.0,11.252,331.60296,0.97062,1.242,1.185,6031.13,0.083
HD 60779 c,28.3,5.79,104.79,,1.05,1.129,6081.0,-0.12
K2-19 c,11.0,4.1,11.906,0.0982,0.88,0.82,5322.0,0.06
TOI-3160 A b,378.21580433,13.7646283,3.971281,0.0505,1.088,1.346,6190.0,-0.114
Kepler-1333 b,8.3,2.81,109.6471842,0.4382,0.94,0.92,5628.0,-0.04
Kepler-1715 b,16.0,4.14042267,35.59730148,0.22429,1.082,1.209,6212.0,-0.04
Kepler-1885 b,2.89,1.51110555,2.522559881,0.036,0.977,0.86,5591.0,0.07
TOI-1803 c,8.0,4.29,12.885779,0.097,0.756,0.715,4687.0,0.014
Kepler-1116 b,6.99,2.54,41.6977827,0.233,0.95,0.93,5641.0,0.01
Kepler-232 b,9.69,3.08,4.431222,0.054,0.97,0.968,5847.0,0.03
HD 141399 d,375.0394,13.7,1069.8,2.09,1.07,1.387236,5600.0,0.35
HIP 57274 b,3359.44626199,,8.1352,0.07,0.29,0.78,4510.0,0.01
Kepler-398 d,0.615,0.88,6.83437001,0.0618,0.72,0.67,4557.0,-0.06
HD 158259 b,2.22,1.28228,2.178,,1.08,1.21,5801.89,
Kepler-577 b,7.04,2.55,25.69578251,0.1348,0.78,0.73,4984.0,-0.14
Kepler-953 b,16.5,4.21,88.40655258,0.392,0.95,0.99,5416.0,0.26
HD 124330 b,238.37130525,14.0,270.66,0.86,1.15,1.30446,5873.0,0.22
Kepler-1966 b,1.39,1.10479327,8.617429733,0.0763,0.797,0.84,5009.0,0.16
Kepler-212 c,7.95,2.74,31.805174,0.207,1.166,1.455,5852.0,0.22
HD 238914 b,1906.98,12.8,4100.0,5.7,1.47,12.73,4769.0,-0.25
Kepler-44 b,317.82,12.22,3.2467293,0.0446,1.12,1.35,5800.0,0.15
Kepler-158 b,5.14,2.12,16.709184,0.111,0.655,0.624,4623.0,-0.3
Kepler-1080 b,10.8,3.28,77.2548396,0.3781,1.1,1.16,5956.0,0.09
Kepler-1228 b,2.99,1.54,0.577369579,0.01186,0.78,0.74,5063.0,-0.18
TOI-5786 b,73.0,8.54,12.779107,0.114,1.23,1.36,6235.0,0.08
Kepler-1850 b,0.313,0.72909663,1.385800004,0.0206,0.611,0.6,4239.0,-0.22
75 Cet c,289.85950718,13.9,2051.62,3.929,1.92,10.38,4809.0,0.1
TOI-2345 b,3.49,1.504,1.0528573,0.01705,0.727,0.729,4687.0,-0.1
DMPP-1 e,4.13,1.86,5.516,0.0651,1.21,1.26,6196.0,
Kepler-548 b,,11.99,4.454194338,0.0495,0.93,0.9,5535.0,0.0
Kepler-260 c,3.68,1.74,76.050178,0.332,1.013,0.862,5250.0,0.29
Kepler-1460 b,4.5,1.96,29.9633247,0.1614,0.7,0.67,4422.0,-0.02
HD 133131 B b,794.575,13.3,5769.0,6.15,0.93,0.989538,5805.0,-0.281
HD 158259 d,5.41,2.18,5.1980814,,1.08,1.21,5801.89,
WASP-138 b,387.7526,12.21781,3.634433,0.0494,1.22,1.36,6272.0,-0.09
TOI-5181 A b,330.54154328,13.34989601,3.8922295,0.0522,1.25,1.53,6060.0,0.208
Kepler-599 b,8.45,2.84,15.65562652,0.1128,0.83,0.79,5127.0,-0.02
Kepler-158 d,0.0472,0.43,0.645088,,0.656,0.668,4895.97,-0.3
Kepler-575 b,6.3,2.39,9.37891944,0.0788,0.97,0.95,5710.0,0.0
EPIC 246851721 b,953.49,11.780659,6.180235,0.07229,1.317,1.586,6202.0,0.141
HD 1461 b,6.44,2.42,5.77152,0.0634,1.02,1.152288,5765.0,0.19
Gl 725 A b,2.78,1.48,11.2201,0.068,0.33,0.351,3433.0,-0.19
Kepler-1218 b,2.67,1.44,22.9221266,0.15698,1.06,1.1,5986.0,-0.02
Kepler-1891 b,2.93,1.52139156,4.02229023,0.0473,0.873,0.827,5516.0,-0.14
Kepler-782 b,10.4,3.21,158.6853308,0.54494,0.98,1.01,5867.0,-0.14
Kepler-330 c,4.46,1.95,15.955387,0.116,0.848,0.722,5117.0,0.16
Kepler-987 b,10.7,3.26,105.3033148,0.4238,0.97,0.91,5637.0,0.01
Kepler-385 d,7.36,2.6186448,56.4159,0.2872,1.05,1.157,5829.0,0.01
Kepler-115 c,7.27,2.6,8.990889,0.087,1.042,1.205,5979.0,-0.0499
TOI-2120 b,6.8,2.122,5.7998164,0.0377,0.211,0.245,3131.0,0.39
K2-395 b,7.26,2.597,4.803352,,0.952,0.783,5007.0,-0.033
KOI-1833 d,11.02,2.58,7.685,0.0634,0.681,0.667,4413.0,0.13
Kepler-734 b,12.4,3.56,6.104852856,0.0583,0.85,0.78,5326.0,-0.17
HD 104067 c,13.2,3.69,13.8992,0.1058,0.82,0.78,4952.0,0.11
Kepler-514 b,3.61,1.72,5.65179605,0.06559,1.28,1.44,6106.0,0.36
Kepler-1456 b,1.55,1.14,18.1373829,0.1132,0.64,0.62,4231.0,-0.09
TOI-1411 b,2.0,1.19880592,1.4520527,0.02122,0.6045,0.614,4115.0,0.012
Kepler-1614 b,2.83,1.49,3.9466141,0.0471,0.79,0.76,5121.0,-0.17
CoRoT-20 b,1366.669,9.41556,9.24285,0.09,1.14,1.02,5880.0,0.14
K2-187 d,6.35,2.4,7.149584,0.072,0.966999,0.83,5438.0,0.0
HD 44219 b,184.34047606,14.1,472.0,1.26,1.2,1.32,5752.0,0.03
Kepler-142 c,8.55,2.86,4.761702,0.057,0.978,1.269,5790.0,0.05
HD 72659 b,949.67128012,13.2,3549.0,4.607,1.033,1.36,5929.0,-0.02
Kepler-652 b,6.76,2.49,4.182002531,0.04958,0.97,0.88,5490.0,0.17
TOI-332 b,57.2,3.2,0.777038,0.0159,0.88,0.87,5251.0,0.256
K2-62 b,4.74,2.02,6.67199,0.0636,0.67,0.696,4455.0,-0.1
K2-380 b,7.89,2.729,9.401312,,0.993,1.32,5911.0,-0.049
Kepler-785 b,,13.02,1.973760926,0.025,0.77,0.71,4739.0,-0.02
K2-224 b,3.05,1.56,4.47904,0.0516,0.91,0.84,5620.0,-0.19
Kepler-1066 b,6.17,2.36,1.931559839,0.0298,0.98,0.98,5762.0,-0.03
Kepler-1315 c,4.06,1.84398883,6.566060066,0.0635,0.809,0.856,4818.0,0.56
TOI-375 d,445.59542661,13.6,297.9,0.984,1.441,2.9,5259.9,0.084
KIC 9663113 b,19.2,4.6,572.3847,1.55346,0.98,1.03,6065.0,-0.28
NGTS-12 b,66.10864,11.747032,7.532806,0.0757,1.021,1.589,5690.0,-0.03
Kepler-1240 b,1.6,1.15,4.8663815,0.05791,0.98,0.96,5682.0,0.04
KIC 7917485 b,3750.394,12.4,840.0,,1.63,2.009938,7067.0,-0.02
HD 26161 b,9045.39646322,11.9,10942.29013,10.087,1.12,1.455981,6057.62,-0.0095
Kepler-1323 b,2.92,1.52,0.929906678,0.01911,1.18,1.4,6169.0,0.02
TOI-2379 b,1830.69162432,11.72459381,5.4693827,0.05263,0.645,0.622,3707.0,0.501
Kepler-657 b,12.2,3.52,24.54350418,0.17337,1.01,1.01,5808.0,0.03
K2-198 c,2.61,1.423,3.3596055,,0.799,0.757,5212.9,0.094
HD 170469 b,209.7678,14.1,1145.0,2.24,1.1,1.24,5842.0,0.29
Kepler-139 d,2.0,1.695,7.305699922,0.0755533961,1.078,1.045,5622.0,0.35
Kepler-1639 b,7.18,2.58,9.878482,0.0932,1.12,1.18,6150.0,-0.03
TOI-2580 b,200.23189641,17.37392009,3.39775,0.048,1.33,1.81,6120.0,0.26
Kepler-1000 b,20.3,4.76,120.0181272,0.5326,1.4,1.51,6453.0,0.35
TOI-2088 b,37.0,3.6831179,124.72997,0.472,0.9027,0.8481,5081.0,0.339
HIP 98599 b,2177.12458795,12.7,2656.0,3.96,1.19,1.39484,5978.0,-0.12
K2-154 b,4.62,1.99,3.67626,0.0405,0.65,0.63,4097.0,0.21
Kepler-240 b,2.45,1.37,4.144495,0.048,0.868,0.739,4985.0,0.41
HIP 38594 c,48.4,7.94,3477.768,3.805,0.61,0.626646,4086.3,
Kepler-145 c,79.4,4.32,42.882,0.26244,1.32,1.85,6022.0,-0.0014
Kepler-144 b,2.33,1.33,5.885273,0.066,1.154,1.235,6075.0,-0.1848
TOI-1846 b,3.87,1.792,3.9306737,0.03646,0.418,0.397,3568.0,0.169
Kepler-1957 b,0.79,0.94374867,2.186619997,0.0299,0.745,0.772,4904.0,0.0
Kepler-219 b,9.01,2.95,4.585512,0.057,1.164,1.491,5786.0,0.36
TIC 365102760 b,19.2,6.21,4.21285367,0.0622,1.17,3.13,4900.0,0.09
Kepler-1153 b,3.64,1.73,1.755835327,0.0277,0.91,0.88,5470.0,0.03
Kepler-327 b,1.41,1.11,2.549575,0.029,0.591913,0.492,3799.0,-0.2
K2-72 b,1.28,1.08,5.577212,0.04,0.271365,0.330989,3360.47,
TOI-5126 c,14.2,3.86,17.8999,0.1439,1.24,1.241,6150.0,0.18
Kepler-405 b,4.98,2.08,10.613839,0.095,0.873,0.893,5818.0,-0.06
Kepler-451 d,559.37799632,13.5,43.0,,0.48,0.203,29564.0,-0.092
Kepler-1421 b,0.749,0.93,6.9131112,0.07576,1.25,1.42,6335.0,0.05
K2-332 b,5.48,2.2,17.70632,,0.27,0.28,3315.0,0.09
Kepler-1288 b,1.46,1.12,2.76122421,0.04135,1.2,1.29,6132.0,0.14
GJ 1151 c,10.62,3.25,389.7,0.5714,0.1639,0.1781,3280.0,-0.12
Kepler-80 c,6.74,2.74,9.52355,0.0792,0.73,0.678,4540.0,0.04
Kepler-925 b,6.08,2.34,33.8678531,0.1805,0.77,0.72,4673.0,0.12
Kepler-194 d,6.35,2.4,52.814973,0.275,0.94,1.025,6089.0,-0.03
Kepler-945 b,7.41,2.63,31.0033814,0.2037,0.97,0.97,5718.0,-0.01
HD 156846 b,3391.2461,12.4,359.51001,1.12,1.38,1.9,6090.0,0.15
TOI-2025 b,1144.1822652,11.89272852,8.8720982,0.0892,1.199,1.459,5977.0,0.15
Kepler-1878 b,8.86,2.92019781,4.445879936,0.0521,0.956,0.865,5918.0,-0.26
Kepler-1447 b,8.75,2.9,56.6747285,0.2836,0.97,0.95,5722.0,-0.03
Kepler-1805 b,3.0,1.54502915,8.847940445,0.0699,0.581,0.552,3867.0,0.1
HD 158259 f,6.14,2.35,12.028,,1.08,1.21,5801.89,
TOI-261.01,9.51,3.0449863,3.3639254,0.034792189,0.496728,1.28018,5890.3,-0.35
Kepler-370 b,3.15,1.59,4.57953,0.054,0.982,0.9,5852.0,0.1323
Kepler-956 b,9.27,3.0,5.248672631,0.06017,1.1,1.15,6040.0,0.02
HD 63433 b,21.755,2.14,7.1079475,0.072,0.956,0.934,5553.0,-0.07
Kepler-1142 b,2.76,1.47,18.3027248,0.1343,0.97,0.96,5685.0,0.02
Kepler-853 b,3.5,1.69,7.16892463,0.079,1.3,1.55,6350.0,0.07
Kepler-451 c,511.70373527,13.5,1460.0,,0.48,0.203,29564.0,-0.092
WISPIT 1 b,3305.4154328,12.4,,338.0,0.72,1.1161,4670.0,
TOI-2529 b,743.71847238,11.54525012,64.5949,0.327,1.11,1.7,5802.0,0.1
KOI-1599.01,4.6,1.9,20.4415,0.14728,1.02,0.972,5833.0,0.06
Kepler-1759 b,0.676,0.9037791,3.720230103,0.0429,0.76,0.797,5017.0,-0.02
Kepler-1215 b,1.98,1.22,4.76703963,0.0528,0.95,0.93,5616.0,0.01
Kepler-1733 b,12.8,3.63582354,9.229579926,0.0933,1.273,1.252,6320.0,0.24
Kepler-357 c,7.61,2.67,16.85837,0.12,0.794,0.834,5036.0,0.06
Kepler-194 c,7.22,2.59,17.308032,0.131,0.94,1.025,6089.0,-0.03
Kepler-1056 b,9.32,3.01,27.495606,0.1629,1.12,1.2,6127.0,0.02
Kepler-1424 b,1.65,1.16,29.6091744,0.19068,1.02,1.07,5838.0,0.01
Kepler-1642 c,7.56,2.66,6.6513802,0.0678,0.88,0.84,5355.0,-0.01
HD 164595 b,16.14,4.16,40.0,0.23,0.99,1.023606,5790.0,-0.04
K2-24 c,16.4,7.93,42.34732,0.262,1.091,1.185,5726.0,0.41
Kepler-235 d,4.86,2.05,20.060548,0.122,0.581,0.554,4255.0,-0.51
HD 97037 b,6707.76852973,12.1,6449.08337,6.925,1.06,1.26356,5874.1,-0.0773
Kepler-776 b,2.18,1.28,4.89718784,0.0523,0.83,0.78,5071.0,0.05
K2-352 b,2.45,1.37,3.665912,,0.98,0.95,5791.0,-0.05
TOI-3288 b,536.17652261,12.24020692,1.4338647,0.02285,0.643,0.672,4072.0,0.65
Kepler-1420 b,2.18,1.28,6.69960006,0.0671,0.82,0.79,5187.0,-0.1
K2-333 b,31.6,6.18,14.759287,,1.06,1.22,5880.0,0.07
Kepler-79 e,3.8,3.53,81.0665,0.39445,1.244,1.316,6389.0,0.06
Kepler-20 d,13.4,2.606,77.611455,0.3474,0.929,0.9164,5495.0,0.07
DMPP-1 c,10.94,3.31,10.03,0.0973,1.21,1.26,6196.0,
Kepler-947 b,5.82,2.28,26.9644317,0.1773,0.9,0.87,5508.0,-0.07
Kepler-689 b,8.7,2.89,22.36656079,0.1449,0.91,0.88,5518.0,-0.01
NGC 2682 YBP 1194 b,101.7056,12.3,6.959,,1.01,0.99,5780.0,0.023
HD 211970 b,13.0,3.66,25.201,0.143,0.61,0.574175,4127.0,
Kepler-336 c,5.06,2.1,9.600001,0.092,1.09,1.304,5867.0,0.337
Kepler-423 b,189.101,13.361,2.6843285,0.03585,0.85,0.95,5560.0,-0.1
2M0437 b,1271.313628,13.0,,118.0,0.17,0.84,3100.0,0.01
Kepler-561 b,38.7,6.96,58.3620495,0.29256,0.96,0.94,5646.0,0.02
24 Boo b,280.64248338,13.9,30.33,0.194,1.05,12.19,4816.0,-0.78
HD 74156 c,2753.98314665,12.5,2448.48726,3.678,1.1,1.510576,6068.0,0.131
Kepler-1365 c,0.437,0.8,4.77468005,0.05701,1.0,1.05,5770.0,0.03
HD 20003 c,14.44,3.89,33.9239,0.1964,0.875,0.921637,5494.0,0.04
Kepler-716 b,8.75,2.9,10.37168453,0.08628,0.83,0.78,5099.0,0.0
HD 134606 b,9.09,2.97,12.089,0.1046,1.046,1.158,5576.0,0.343
K2-66 b,21.3,2.49,5.06963,0.05983,1.11,1.67,5887.0,-0.047
TIC 437041147 b,5.54,2.21526814,3.82301421497,,0.931,0.961092,5224.36,0.2428
Kepler-583 b,5.82,2.28,6.5100253,0.0689,0.94,0.91,5523.0,0.07
Kepler-1649 c,1.2,1.06,19.53527,0.0649,0.1977,0.2317,3240.0,-0.15
WASP-57 b,204.68252,11.76945,2.83891856,0.03769,0.886,0.927,5600.0,-0.25
Kepler-381 d,1.23,1.0667865,8.256299973,0.08364,1.198,2.188,6197.0,-0.32
TOI-1199 b,75.96098927,10.5140239,3.671463,0.04988,1.23,1.45,5710.0,0.44
TOI-4961 b,572.0911326,12.34108775,7.479182,0.0726,0.912,0.912,5380.0,0.206
Kepler-118 c,45.7,7.68,20.17202,0.141,0.811,1.094,5274.0,0.18
Kepler-278 b,56.0,3.955,30.1556,0.202,1.227,2.861,4965.0,0.22
K2-268 e,2.33,1.33,6.131243,,0.84,0.78,5106.0,0.03
Kepler-1254 d,2.27,1.31,5.72717226,0.0575,0.78,0.75,4985.0,-0.1
HD 167768 b,270.15414595,13.9,20.6532,0.1512,1.08,9.7,4851.0,-0.67
TOI-1036 b,32.5,6.28499593,3.77952125496,,1.03,1.17554,5664.68,
EPIC 212424622 b,5.35,2.17,18.0983,,1.106,1.2247,5782.33,
Kepler-1915 b,10.4,3.21798413,13.83539963,0.114,1.03,1.057,6020.0,-0.06
Kepler-1734 b,9.74,3.08851092,6.796850204,0.0714,1.05,0.97,6061.0,-0.1
Kepler-960 b,5.86,2.29,3.12686223,0.03807,0.77,0.72,4755.0,0.02
HD 208897 b,379.48711796,13.7,358.27,1.063,1.25,4.98,4860.0,0.21
Kepler-1386 b,2.07,1.24,6.73972381,0.068,1.02,1.03,5733.0,0.11
Kepler-1921 c,2.57,1.41,3.15722086,0.0454,1.251,2.0,6120.0,0.02
Kepler-1225 b,3.97,1.82,7.01075434,0.0771,1.13,1.19,6140.0,0.01
Kepler-1708 b,1462.0106722,9.96,737.1131,1.64,1.088,1.117,6157.0,0.0
HD 96700 b,8.9,2.93,8.1245,0.0777,0.89,1.16,5845.0,-0.18
Kepler-208 b,3.29,1.63,4.22864,0.054,1.082,1.314,6092.0,-0.0423
Kepler-1146 b,2.04,1.23,2.352265797,0.0325,0.74,0.7,4692.0,-0.06
WASP-100 b,400.4658,14.90797,2.84938,0.04574,0.77,1.57,6900.0,-0.03
Kepler-1643 b,5.99,2.32,5.342657,0.0531,0.845,0.855,4916.0,-0.01
Kepler-215 d,23.6,2.39,30.864423,0.185,0.788,1.027,5739.0,-0.4425
EPIC 212737443 b,7.2,2.586,13.603,0.098,0.69,0.673,4684.0,-0.137
TOI-2169 A b,329.58805806,12.50922246,8.2148282,0.0896,1.42,1.82,6270.0,0.123
K2-259 b,5.99,2.32,15.48043,0.1271,1.14,1.13,6059.0,0.16
Kepler-401 c,5.27,2.15,47.318218,0.269,1.173,1.333,6117.0,0.0
Kepler-888 b,3.75,1.76,70.6979061,0.31481,0.97,0.9,5875.0,-0.21
Kepler-740 b,18.9,4.57,3.584101216,0.0462,0.91,0.87,5438.0,0.03
Kepler-1673 b,8.93,2.9355194,33.7888,0.21363,1.11,1.13166,6014.95,0.228
Kepler-1322 c,5.29,2.15492527,6.459980011,0.0652,0.897,0.804,5704.0,-0.3
Kepler-1211 b,7.04,2.55,11.01816836,0.09763,0.96,0.94,5705.0,-0.08
HIP 78530 b,7300.0,12.0,,740.0,2.5,2.10876,10500.0,-0.5
Kepler-48 f,298.5809968,13.8,5219.681854,5.719187877,0.916,0.836,5190.0,0.26
Kepler-1750 b,30.1,6.00434637,205.9120026,0.6785,0.981,0.969,5644.0,0.14
TOI-4308 b,6.43,2.4189,9.151201,,0.9,0.7934,5243.0,
HD 18015 b,1048.8337431,13.1,2278.0,3.87,1.49,3.13,5603.0,-0.14
TOI-1798.02,5.6,1.464,0.437811822,0.010789,0.87,0.78,5165.0,0.073
Kepler-24 b,11.14,2.348,8.14,0.08045,1.06,1.099,6028.0,-0.0708
Kepler-1875 b,10.5,3.22686692,34.45859909,0.2039,0.95,0.862,6161.0,-0.5
Kepler-1642 b,10.3,3.2,12.2057513,0.1016,0.88,0.84,5355.0,-0.01
HD 33142 c,282.86728223,13.9,810.2,1.955,1.52,4.17,5025.4,0.06
Kepler-864 b,6.35,2.4,5.83376092,0.0687,1.0,1.0,5754.0,0.04
HD 181720 b,127.132,14.0,956.0,1.85,1.03,1.5,5736.0,-0.62
TOI-6677 b,28.7,5.83507112,5.45060661625,,1.45,1.57167,6572.28,
Kepler-1394 b,2.51,1.39,3.93766373,0.05474,1.64,2.55,6481.0,0.06
Kepler-1672 b,9.11,2.97022762,150.878,0.55374,1.16,1.08841,6131.95,-0.25
HD 331093 b,476.7426105,13.6,621.62,1.44,1.03,1.1112,5544.0,0.17
Kepler-58 d,245.343,2.94,40.101371,0.236,1.024,1.127,6099.0,0.1
Kepler-404 c,3.61,1.72,14.751166,0.118,0.86,0.884,5654.0,-0.03
Kepler-1254 b,3.02,1.55,9.99113313,0.0833,0.78,0.75,4985.0,-0.1
HD 37124 d,221.20968,14.0,1862.0,2.807,0.85,0.949168,5698.64,-0.44
WASP-3 b,772.3269,15.91678,1.84683,0.0315,1.62,1.44,6400.0,0.0
Kepler-1936 b,10.2,3.16615594,126.5569992,0.52662,1.419,1.854,6501.0,0.1
Kepler-1615 b,4.9,2.06,47.3126192,0.2788,1.04,1.05,5865.0,0.06
Kepler-327 d,3.64,1.73,13.969457,0.09,0.591913,0.492,3799.0,-0.2
Kepler-1301 b,2.54,1.4,9.08237046,0.0815,0.85,0.81,5188.0,0.01
Kepler-784 c,3.02,1.55,17.157236,0.1309,1.016,1.487,5676.0,0.1
Kepler-1553 b,1.6,1.15,4.24261881,0.0481,0.85,0.81,5288.0,-0.09
TOI-2227 b,9.79,3.09885187,4.22175815648,,1.03,1.20847,5889.54,-0.0503
Kepler-1862 b,5.49,2.203,16.05730057,0.1199,0.9,0.806,5644.0,-0.24
Kepler-990 b,7.27,2.6,9.91723428,0.08595,1.05,1.08,5948.0,0.01
Kepler-1537 b,1.76,1.18,1.444453798,0.0245,0.81,0.77,5079.0,-0.08
HATS-28 b,213.58176,13.383546,3.1810781,0.04131,0.929,0.922,5498.0,0.01
HR 858 d,7.1,2.001,11.230511,0.1046,1.204,1.258,6354.0,0.025
TOI-2193 A b,298.75870258,19.83989584,2.1225735,0.03319,1.082,1.248,5966.0,0.027
GJ 9773 b,172.580825,14.2,2965.0,2.921,0.358,0.362,3528.0,-0.2
Kepler-1785 b,7.77,2.70422447,19.58550072,0.13917,0.911,0.996,5618.0,0.0
Kepler-130 d,3.33,1.64,87.517905,0.377,0.927,1.127,5884.0,-0.199
HD 13808 c,9.96,3.13,53.753,0.2554,0.771,0.781,5035.0,-0.21
Kepler-340 b,6.94,2.53,14.844387,0.134,1.65,1.85,6620.0,0.06
HD 125271 b,3465.60094993,12.4,14901.99295,10.817,0.75,0.751364,4703.93,-0.22
Kepler-1085 b,41.2,7.22,219.3217528,0.73361,1.11,1.14,6000.0,0.08
Kepler-1404 b,4.7,2.01,15.9314739,0.1143,0.84,0.8,5261.0,-0.09
K2-99 c,2669.7586188,12.6,522.2,1.43,1.44,2.55,6069.0,0.2
TOI-1728 b,26.78,5.05,3.49151,0.0391,0.646,0.6243,3980.0,0.25
HATS-74 A b,464.02947422,11.56766808,1.73185606,0.02384,0.601,0.5758,3776.9,0.514
Kepler-1207 b,3.26,1.62,13.68237119,0.1156,1.06,1.06,5909.0,0.05
Kepler-1636 b,10.5,3.23,425.47785,1.12191,1.01,1.02,5797.0,0.03
Kepler-1267 b,9.32,3.01,13.0313945,0.1057,1.15,1.2,6096.0,0.07
K2-73 c,1142.0,13.0,1000.0,,1.02,1.058,5867.0,0.04
Kepler-1795 b,3.4,1.66301611,13.36019993,0.1002,0.768,0.688,4500.0,0.28
K2-285 b,9.68,2.59,3.471745,0.03817,0.83,0.787,4975.0,0.0
WISPIT 1 c,1684.4905571,12.8,,840.0,0.72,1.1161,4670.0,
TIC 349520724 b,8.38,2.82626313,7.94044635021,,0.89,0.818771,5098.6,
LP 714-47 b,28.38,4.25,4.052032,0.04056,0.542,0.536,4123.0,0.05
Kepler-963 b,7.56,2.66,9.97683705,0.0849,0.91,0.87,5461.0,-0.02
XO-2 S b,82.63538582,10.9,18.22,0.1347,0.98,1.02,5325.0,0.32
Kepler-1748 b,7.81,2.71275017,5.823520184,0.0615,0.916,0.864,5774.0,-0.22
Kepler-336 d,6.21,2.37,20.678772,0.154,1.09,1.304,5867.0,0.337
Kepler-712 b,11.5,3.41,21.02247699,0.13615,0.84,0.78,5148.0,-0.03
TOI-4364 b,4.7,2.01,5.424019,0.04753,0.487,0.4684,3528.0,0.148
EPIC 201427007 b,2.86,1.5,0.72091,,0.93,0.94,5633.0,-0.053
TOI-2992 b,1058.36859531,13.75341932,3.007812,0.0434,1.21,1.545,6000.0,0.084
K2-268 b,2.86,1.5,2.151676,0.0308,0.84,0.78,5106.0,0.03
Kepler-1096 b,2.07,1.24,2.892217506,0.034,0.66,0.63,4306.0,-0.1
TOI-615 b,138.25535705,18.97680433,4.6615983,0.0678,1.449,1.732,6850.0,-0.1
HAT-P-28 b,198.953,13.585,3.257215,0.0434,1.025,1.103,5680.0,0.12
Kepler-667 b,20.1,4.73,41.43962808,0.2288,0.91,0.87,5327.0,0.15
Kepler-557 b,7.61,2.67,3.705989551,0.0469,1.11,1.16,6068.0,0.02
EPIC 206024342 d,7.27,2.6,14.647531,,0.928,1.1,5724.0,-0.22
rho CrB c,27.442,5.68,102.036,0.4206,1.0,1.3617,5817.0,-0.2
Kepler-483 b,10.4,3.21,30.229104,0.19471,1.28,1.47,6346.0,0.09
HD 73534 b,353.42696,13.7,1750.0,2.99,1.16,2.58,4917.0,0.232
HD 35843 b,5.84,2.29,9.8991,0.088,0.94,0.897,5666.0,-0.27
Kepler-116 b,11.6,3.42,5.968734,0.069,1.198,1.454,6142.0,0.07
HAT-P-62 b,241.86741773,12.02723629,2.6453235,0.03772,1.023,1.17,5629.0,0.414
TOI-3896 b,10.1,3.14949237,4.37730369667,,0.86,0.747752,5110.91,
Kepler-443 b,6.04,2.33,177.6693,0.495,0.738,0.706,4723.0,-0.01
TOI-4504 d,643.0,11.26,41.2871975,0.2219,0.875,0.93,5315.0,0.16
HD 150010 b,762.7881768,13.3,562.0,1.4,1.3,16.2,4153.0,-0.25
Kepler-552 b,14.8,3.95,5.263415765,0.0612,1.03,1.04,5863.0,0.01
TOI-2719 b,29.9,5.98,3.37594,,1.02,1.69,5762.0,0.27
HD 23596 b,3786.607641,12.4,1535.11912,2.694,1.1,1.53,6040.0,0.33
K2-347 b,6.39,2.41,7.187257,,0.66,0.63,4599.0,-0.26
Kepler-812 b,12.3,3.55,10.11716531,0.1024,1.45,1.71,6761.0,0.02
TOI-2266 b,2.99,1.54,2.326318,0.02,0.23,0.24,3200.0,
Kepler-1187 b,7.32,2.61,18.87064068,0.1401,1.06,1.09,5975.0,-0.01
Kepler-1547 b,0.666,0.9,0.692979676,0.01556,1.12,1.18,6078.0,0.04
Kepler-170 b,82.6,3.2,7.930592,0.08,1.066,1.035,5679.0,0.39
GJ 15 A b,3.03,1.55,11.4407,0.072,0.38,0.38,3607.0,-0.34
Kepler-100 b,4.01,1.34,6.88734,0.07309,1.13,1.51,5837.0,0.1
Kepler-1258 b,0.566,0.86,0.984940167,0.01824,0.99,0.99,5839.0,-0.07
NSVS 14256825 b,4497.2945,12.3,3225.0,3.12,0.419,0.188,40000.0,
TOI-1266 b,4.46,2.52,10.8945,0.073,0.437,0.4232,3563.0,-0.109
Kepler-659 b,6.8,2.5,17.671796,0.1204,0.79,0.74,4870.0,0.02
GJ 27.1 b,13.0,3.66,15.819,0.101,0.53,0.518887,3542.0,
TOI-4495 c,23.2,4.03,5.18553,0.06323,1.247,1.309,6210.0,0.18
Kepler-798 b,6.3,2.39,13.71933369,0.1174,1.19,1.29,6224.0,0.03
TOI-5082.01,7.03,2.54811,4.240122,0.051204842,0.99665,0.93,5670.0,0.09
Kepler-364 c,5.27,2.15,59.980627,0.312,1.076,1.284,6108.0,-0.031
TOI-1260 d,11.84,3.12,16.608164,0.1116,0.679,0.672,4227.0,-0.1
HD 50499 b,519.96988,13.5,2447.1,3.833,1.253,1.351,6102.0,0.26
HD 20794 f,5.82,2.28,647.6,1.3541,0.79,0.93,5368.0,-0.42
Kepler-1595 b,2.04,1.23,4.56380468,0.051,0.84,0.8,5203.0,-0.02
HD 99109 b,139.8452,14.3,439.29999,1.11,0.76,0.98,5282.0,0.35
KOI-3503 b,9.2,1.19,21.185,0.14247,0.858,1.255,6001.0,-0.5428
Kepler-526 b,4.62,1.99,5.458498316,0.06518,1.15,1.14,5894.0,0.34
HD 28109 c,9.2,4.13,55.99712,0.308,1.227,1.425,6189.0,0.1
K2-11 b,44.4,7.55,39.93767,0.2257,1.35,5.15,5433.0,-0.12
NGTS-26 b,92.80589484,14.88552637,4.5199279,0.049,0.96,1.16,5550.0,0.2
KOI-319 b,3178.28407,10.67,46.14827,0.2668,1.325,2.064,5880.0,0.16
TOI-1743 b,4.01,1.83,4.266046,0.03589,0.339,0.338,3277.0,0.22
Kepler-1837 b,4.92,2.06673842,5.906089783,0.065,1.049,0.961,5966.0,-0.02
Kepler-1986 b,4.23,1.89,19.5489666,0.1307,0.776,0.732,5549.0,-0.54
Kepler-696 b,31.3,6.14,4.190425575,0.0535,1.06,1.08,5903.0,0.07
Kepler-189 c,22.7,2.38,20.134866,0.137,0.803,0.75,5235.0,-0.04
HD 105618 b,25.42627256,5.44,10.02245,0.091,1.01,1.27399,5671.0,
TOI-1301.01,6.7,2.477,6.096407209,0.059866,0.77,0.732,4820.0,
Kepler-1497 b,3.39,1.66,8.74199772,0.0817,0.96,0.95,5675.0,0.01
EPIC 212624936 b,1.87,1.2,0.578657,,1.0,0.93,5765.0,-0.39
Kepler-194 b,2.89,1.51,2.092281,0.032,0.94,1.025,6089.0,-0.03
Kepler-661 b,9.64,3.07,6.029301321,0.0585,0.7,0.67,4483.0,-0.05
Kepler-529 c,4.66,2.0,12.8345022,0.1075,1.07,1.14,6087.0,-0.1
HAT-P-61 b,335.9446262,10.07687365,1.90231289,0.0301,1.004,0.938,5587.0,0.194
TOI-2589 b,1112.3994245,12.10569916,61.6277,0.3,0.93,1.07,5579.0,0.12
HD 95872 b,1188.6842,13.0,4375.0,5.15,0.7,0.84,5312.0,0.41
Kepler-1412 b,0.498,0.83,3.6146051,0.04608,1.06,1.27,5880.0,0.04
Kepler-760 c,2.79,1.48,2.46697439,0.03489,0.89,0.85,5322.0,0.08
2MASS J0249-0557 c,3616.88727166,17.37392009,,1950.0,0.046,0.315959,2859.0,
TOI-4504 c,821.0,11.17,82.819093,0.3593,0.875,0.93,5315.0,0.16
Kepler-1540 b,6.76,2.49,125.4131177,0.4426,0.74,0.69,4540.0,0.1
TIC 445839811 b,6.7,2.47771211,11.1086260318,,0.95,0.850041,5408.25,0.0292
Kepler-225 c,4.04,1.84,18.794234,0.111,0.593,0.48,3682.0,-0.04
Kepler-180 b,2.86,1.5,13.817124,0.109,0.95,1.063,5731.0,0.03
HD 18438 b,6674.396547,12.1,803.0,2.1,1.84,88.475,3860.0,-0.4
HD 154088 b,6.6,2.46,18.56,0.134,0.91,0.95,5374.0,0.28
HD 24064 b,4096.8287,12.3,535.59998,1.29,1.61,40.0,4052.0,-0.49
Kepler-1349 b,0.271,0.7,2.12823928,0.03421,1.16,1.28,6086.0,0.03
HD 29399 b,498.99059899,13.5,892.7,1.913,1.17,4.5,4845.0,0.14
TOI-4511 b,8.01,2.75304932,10.98090968596,,1.017,1.00145,5418.77,
Kepler-1306 b,4.31,1.91,16.29595382,0.123,0.98,0.97,5727.0,0.0
TOI-2200 b,38.7,6.96310517,2.93602836512,,0.85,0.826247,5036.17,0.2733
K2-285 c,15.68,3.53,7.138048,0.0824,0.83,0.787,4975.0,0.0
Kepler-345 b,0.48,0.74,7.415563,0.066,0.61,0.623,4504.0,0.1905
Kepler-539 c,762.792,13.3,1000.0,2.42,1.048,0.952,5820.0,-0.01
HD 33844 b,638.8383,13.4,551.40002,1.6,1.84,5.39,4861.0,0.27
GJ 317 c,454.49462201,13.6,6500.0,5.04,0.402,0.403,3496.0,-0.02
Kepler-467 b,5.69,2.25,24.99324193,0.16848,1.05,1.37,5809.0,0.06
Kepler-964 b,5.14,2.12,13.5225106,0.1073,0.93,0.84,5427.0,0.03
TOI-1386 c,75.2,10.3,232.0,0.75,1.0363,1.0235,5735.0,0.149
HD 99706 c,1808.4527,12.8,1278.0,,1.72,5.4,4891.0,0.14
Kepler-1262 b,3.97,1.82,8.67900242,0.083,0.99,0.98,5771.0,-0.02
BEBOP-3 b,177.34825111,14.2,547.0,1.444,1.083,1.414,6033.0,-0.02
Kepler-1071 b,6.26,2.38,6.1799844,0.0629,0.86,0.81,5215.0,0.01
Kepler-1809 b,2.9,1.513,3.7572999,0.04444,0.807,0.716,4901.0,0.04
K2-242 b,6.99,2.54,6.51389,0.0494,0.38,0.37,3459.0,-0.01
TIC 77319217 b,9.85,3.10879526,7.54830765124,,1.16,1.18439,5961.52,
Kepler-649 b,5.73,2.26,29.90722674,0.17522,0.97,0.94,5871.0,-0.17
HAT-P-55 b,189.42573057,14.84069045,3.5852313,0.04628,1.028,1.105,5804.0,0.003
Kepler-344 c,9.01,2.95,125.596809,0.488,0.931,0.976,5774.0,0.0399
HIP 65891 b,1938.7532827,12.7,1089.6,2.82,2.5,8.93,5000.0,0.16
GJ 4274 c,8.39,2.83,69.57,0.186,0.18,0.19,3228.0,-0.19
Kepler-1111 b,4.66,2.0,8.79617863,0.0872,1.1,1.15,6077.0,0.02
Kepler-172 b,6.12,2.35,2.940309,0.04,1.081,1.085,5526.0,0.39
K2-139 b,123.00021,9.11,28.380619,0.1796,0.96,0.88,5370.0,0.24
HD 64121 b,813.64072192,13.2,623.0,1.51,1.64,5.44,5078.0,-0.21
Kepler-902 b,6.99,2.54,40.1099547,0.223,0.95,0.93,5647.0,0.0
Kepler-894 b,8.15,2.78,9.803224,0.0916,0.87,0.85,5603.0,-0.25
Kepler-1794 b,3.87,1.79426276,9.762980461,0.0821,0.773,0.816,5052.0,0.02
TOI-1064 b,13.5,2.587,6.443868,0.06152,0.748,0.726,4734.0,0.05
Kepler-884 b,2.04,1.23,5.69919514,0.06116,1.0,0.94,5715.0,0.05
Kepler-1019 b,2.73,1.46,1.411229847,0.0221,0.7,0.67,4433.0,0.01
WASP-28 b,282.54945382,13.66374747,3.40883495,0.0442,0.993,1.083,6084.0,-0.2
GJ 3341 b,6.6,2.46,14.207,0.089,0.47,0.439,3526.0,-0.09
TOI-4552 b,1.83,1.11,0.30110032,0.0056255,0.2619,0.2869,3258.0,-0.07
GJ 1289 b,6.27,2.38,111.74,0.27,0.21,0.245012,3296.0,0.02
Kepler-555 b,8.4,2.83,16.21775407,0.1201,1.03,1.04,5894.0,0.0
Kepler-683 b,4.54,1.97,2.539183179,0.0355,0.96,0.95,5703.0,-0.03
HATS-10 b,167.17858,10.861521,3.312846,0.04491,1.101,1.105,5880.0,0.15
Kepler-1977 b,3.39,1.66,4.53702121,0.0486,0.769,0.688,4805.0,-0.06
Kepler-715 b,13.5,3.75,10.00652995,0.0933,1.04,1.04,5871.0,0.02
Kepler-164 d,6.57,2.45,28.986769,0.187,1.036,1.148,5888.0,0.0
Kepler-786 b,6.48,2.43,53.5293487,0.25483,0.81,0.74,4838.0,0.09
TOI-3785 b,14.95,5.14,4.6747373,0.043,0.52,0.5,3576.0,0.099
WASP-145 A b,282.8687,10.0881,1.7690381,0.0261,0.76,0.68,4900.0,-0.04
WASP-136 b,479.92089457,16.81347105,5.21536178778,0.0661,1.41,2.39014,6250.0,-0.18
HATS-12 b,759.6137,7.76,3.142702,0.0441,1.16,1.17,6357.0,-0.1
TOI-1296 b,95.3,14.11645916,3.9443736,0.051,1.1576,1.7031,5567.0,0.405
HD 98736 b,740.5439,13.3,968.8,1.864,0.92,0.93,5271.0,0.36
Kepler-1136 b,3.33,1.64,2.361724329,0.0299,0.72,0.68,4512.0,0.03
GJ 667 C f,2.7,1.45,39.026,0.156,0.33,,3350.0,-0.55
Kepler-635 b,7.46,2.64,23.44971004,0.18332,1.33,1.51,6174.0,0.41
TOI-1279 b,10.6,2.66146528,9.61419,0.085,0.8784,0.8426,5457.0,-0.079
Kepler-468 b,,13.34,38.478757067,0.2213,0.96,0.87,5498.0,0.1
DE CVn b,3823.27330161,12.4,4098.1,5.75,0.51,0.424754,3579.0,
TOI-682.01,13.5,3.74186,6.8392388,,0.85,1.08,5085.0,0.27
USco CTIO 108 b,4449.62,12.3,,670.0,0.06,0.345365,2700.0,
Kepler-1496 b,5.56,2.22,64.6588017,0.3211,1.18,1.27,6182.0,0.05
HD 102272 b,1570.0802,12.9,127.58,0.51,1.45,10.3,4790.0,-0.41
Kepler-366 c,3.86,1.79,12.51616,0.11,1.088,1.048,6209.0,-0.06
KOI-2513.01,7310.053361,2.80224517,19.00547,0.5,0.91,1.2,5900.0,-0.37
Kepler-537 b,2.57,1.41,3.247555219,0.04317,1.07,0.99,5763.0,0.23
GJ 3323 b,2.02,1.23,5.3636,0.03282,0.164,0.119,3159.0,-0.27
TOI-4495 b,7.7,2.483,2.56699,0.03957,1.247,1.309,6210.0,0.18
Kepler-1761 b,2.51,1.39109603,4.043540001,0.0413,0.573,0.532,3871.0,0.07
NGTS-6 b,425.57437,14.863134,0.882059,0.01677,0.767,0.754,4730.0,0.11
Kepler-920 c,13.8,3.8,100.8274113,0.4029,0.89,0.85,5403.0,0.0
Kepler-818 b,22.9,5.11,10.035385814,0.0886,0.94,0.92,5638.0,-0.08
Kepler-139 c,13.0,3.38,157.072878,0.586,1.078,1.3,5594.0,0.35
Kepler-959 b,17.6,4.38,14.80074836,0.1633,1.6,2.01,7005.0,0.02
BD-210397 c,1525.5763536,12.9,6240.0,5.9,0.69,0.747,4051.0,0.12
Kepler-1436 b,2.27,1.31,9.705716,0.0907,1.06,1.09,5972.0,-0.01
HU Aqr AB c,1430.235,12.9,4368.0,5.4,0.88,,5952.0,
Kepler-1597 b,1.2,1.06,2.94654179,0.04136,1.25,1.39,6377.0,0.02
WASP-83 b,95.349,11.65736,4.971252,0.059,1.11,1.05,5510.0,0.29
HD 116029 c,403.6441,13.7,907.0,,1.33,4.6,4951.0,0.18
Kepler-282 e,56.2,3.1,44.347,0.23332,0.97,0.89,5656.0,-0.2
XO-2 S c,438.60320166,13.6,120.059,0.4737,0.98,1.02,5325.0,0.32
Kepler-850 b,3.82,1.78,7.19303878,0.0744,1.06,1.09,5932.0,0.03
Kepler-65 d,4.14,1.52,8.13123,0.084,1.25,1.41,6211.0,0.17
Kepler-1090 b,5.69,2.25,198.680179,0.63323,0.86,0.82,5321.0,-0.04
TOI-715 b,3.02,1.55,19.288004,0.083,0.225,0.24,3075.0,-0.25
GJ 393 b,1.71,1.17,7.02679,0.05402,0.426,0.426,3579.0,-0.09
Kepler-1680 b,2.42,1.35954736,8.77424,0.07642,0.834,0.723259,5021.0,-0.07
Gaia-2 b,259.66580852,14.81827249,3.6915224,0.0467,1.0,1.064,5720.0,
WASP-124 b,190.698,13.89916,3.37265,0.0449,1.07,1.02,6050.0,-0.02
TOI-1439 b,38.5,4.2427861,27.644,0.192,1.2313,1.6184,5841.0,0.226
GJ 1061 c,1.81,1.19,6.6821,0.0342,0.12,0.156,2953.0,-0.08
K2-50 b,3.15,1.59,8.7529,0.0705,0.611,0.546,4326.0,-0.1132
Kepler-23 b,2.56,1.638,7.1,0.07212,1.078,1.548,5828.0,-0.112
Kepler-257 b,7.32,2.61,2.382667,0.034,0.916,1.037,5180.0,0.4
TOI-1736 c,2800.0,12.5,571.25,1.37,1.0373,1.4286,5636.0,0.148
Kepler-310 d,7.0,2.47,92.876125,0.392,0.854,0.876,5797.0,-0.12
WASP-192 b,731.009,13.78707,2.8786765,0.0408,1.09,1.32,5910.0,0.14
Kepler-184 b,6.17,2.36,10.687576,0.092,0.872,0.873,5788.0,-0.1958
Kepler-1744 b,13.6,3.76754004,37.10110092,0.20945,0.886,0.85,5986.0,-0.5
Kepler-1107 b,2.36,1.34,0.571038518,0.01285,0.86,0.82,5268.0,0.01
Kepler-40 b,699.2,13.11,6.87349,0.08,1.48,2.13,6510.0,0.1
TOI-908 b,16.137,3.186,3.183792,0.041657,0.95,1.028,5626.0,0.08
Kepler-851 b,3.46,1.68,8.50699658,0.0802,0.89,0.85,5455.0,-0.07
HD 99492 c,17.9,4.42,95.233,,0.85,0.822539,4929.0,0.3
G 264-012 c,3.75,1.76,8.0518,0.0525,0.297,0.305,3326.0,0.1
Kepler-827 b,27.0,5.63,51.92927591,0.2742,0.93,0.91,5602.0,-0.06
Kepler-228 c,7.75,2.7,4.134444,0.052,1.006,1.014,6043.0,0.18
K2-346 b,5.73,2.26,26.201446,,0.71,0.7,4801.0,-0.18
Kepler-77 b,136.661,10.761,3.57878087,0.04501,0.95,0.99,5520.0,0.2
Kepler-1509 b,4.08,1.85,25.4338197,0.1707,1.0,0.99,5780.0,0.03
GJ 581 b,20.5,4.79,5.3686,0.0399,0.295,0.302,3500.0,-0.08
K2-403 b,24.6,5.333,33.589979,,0.784,0.886,5511.0,-0.162
HD 43691 b,810.4665,13.2,36.9987,0.238,1.32,1.6,6093.0,0.33
Kepler-1574 b,2.21,1.29,6.9424334,0.0743,1.06,1.08,5892.0,0.08
Kepler-238 f,13.5,2.0,50.447,0.28635,1.06,0.96,5800.0,0.34
K2-253 b,,12.67,4.00167,0.0506,1.08,1.1,6027.0,0.0
Kepler-1290 b,2.6,1.42,4.69500134,0.0557,0.95,0.93,5660.0,-0.02
Kepler-68 d,267.0,13.9,632.62,1.469,1.057,1.2564,5847.0,0.11
Kepler-218 b,2.79,1.48,3.619337,0.046,1.019,1.063,5502.0,0.37
Kepler-645 b,5.06,2.1,3.275822621,0.04541,1.13,1.21,6170.0,-0.01
TOI-1450 A b,1.258,1.13,2.0439274,,0.48,0.483,3437.0,-0.12
HD 206610 b,647.10188,13.4,673.2,1.74,1.55,6.12,4842.0,0.14
Kepler-99 b,6.15,1.48,4.60358,0.05071,0.79,0.73,4782.0,0.18
Kepler-1010 b,5.99,2.32,34.2685705,0.193,0.86,0.82,5253.0,-0.01
Kepler-687 b,12.2,3.52,20.50586978,0.1326,0.77,0.73,4841.0,-0.04
Kepler-1855 b,1.96,1.216205,0.727330983,0.0115,0.385,0.356,3460.0,0.07
UCAC4 328-061594 b,6674.396547,12.1,,19000.0,1.19,,,
Kepler-1363 b,2.1,1.25,2.94194094,0.0363,0.76,0.72,4839.0,-0.09
Kepler-296 b,3.22,1.61,10.864384,0.079,0.498,0.48,3740.0,-0.08
BD+48 738 b,289.2253,13.9,392.6,1.0,0.74,11.0,4414.0,-0.2
HR 8799 c,3000.0,13.0,69000.0,38.0,1.5,1.49338,7204.58,-0.47
Kepler-1773 b,12.1,3.50469499,40.80970001,0.24831,1.241,1.3,6183.0,0.26
Kepler-989 b,5.52,2.21,7.964315352,0.0734,0.82,0.78,5074.0,0.01
Kepler-1508 b,2.33,1.33,20.7056504,0.1629,1.14,1.22,6158.0,0.01
TOI-7041 b,114.41822652,11.43316031,9.691,,1.07,4.1,4700.0,0.25
K2-37 c,6.39,2.41,6.42966,0.06534,0.84,0.809,5352.0,-0.08
2MASS J19383260+4603591 b,603.877,13.4,406.0,0.92,0.48,0.203,29564.0,-0.092
TOI-1260 b,8.56,2.41,3.127463,0.0367,0.679,0.672,4227.0,-0.1
HIP 39330 b,530.77343969,13.5,4650.0,5.05,0.96,1.02786,5748.0,0.16
Kepler-52 c,45.4,1.84,16.3850021,0.10379,0.54,0.52,4075.0,0.0
Kepler-1637 b,0.64,0.89,6.10960324,0.0596,1.02,1.02,5789.0,0.07
Kepler-1990 b,10.7,3.27,1.73513619,0.0286,1.028,1.071,5751.0,0.21
TOI-1749 c,14.0,2.12,4.4929,0.0443,0.58,0.55,3985.0,-0.26
GJ 9714 b,2988.54051102,12.5,19240.75467,12.319,0.67,0.662662,4263.0,
Kepler-312 b,2.21,1.29,1.772419,0.031,1.314,1.467,6115.0,0.15
Kepler-1671 b,2.32,1.32557381,4.16787,0.04946,0.866,0.929771,5135.55,0.2502
Kepler-466 b,8.5,2.85,51.07926307,0.26769,1.04,1.05,5927.0,-0.01
UZ For c,2447.2,,1916.25,2.8,0.7,,5286.9,
HD 63765 b,168.4499,14.2,358.0,0.94,0.65,0.83,5449.0,-0.16
TOI-7008 b,21.7,4.94735276,0.84069041367,,0.88,0.95255,5116.06,
Kepler-1038 c,2.59,1.4162338,7.127659798,0.0692,0.868,0.821,5159.0,0.16
TOI-3877 b,99.7981198,11.67975789,4.123596,0.0529,1.16,1.445,5731.0,0.269
Kepler-1699 b,3.08,1.56671124,3.49082,0.0418,0.81,0.725,5575.53,0.225
HD 143105 b,384.5743,13.7,2.1974,0.0379,1.51,1.647304,6380.0,0.15
HD 191939 e,112.2,13.0,101.12,0.407,0.81,0.94,5348.0,-0.15
Kepler-1569 b,3.46,1.68,5.79180156,0.06669,1.25,1.4,6319.0,0.06
Kepler-859 b,9.75,3.09,20.38177573,0.13157,0.81,0.77,5020.0,-0.02
HD 83443 b,127.76701961,14.1,2.985628,0.0406,1.0,0.94,5442.0,0.34
Kepler-106 b,5.3,0.82,6.16486,0.06491,1.0,1.04,5858.0,-0.12
Kepler-834 b,4.74,2.02,13.32388301,0.0862,0.7,0.66,4554.0,-0.13
K2-249 b,8.2,2.79,12.409,0.1151,1.32,1.57,6504.0,0.04
Kepler-454 c,1433.40611557,12.9,524.19,1.287,1.03,1.066,5687.0,0.32
HD 33283 b,104.56607,12.5,18.1991,0.1508,1.38,1.97,5935.0,0.35
Kepler-169 e,5.48,2.2,13.767102,0.105,0.825,0.763,4997.0,0.17
GJ 536 b,6.37,2.41,8.70874,0.0668,0.528,0.529,3641.0,-0.08
TOI-2236 b,502.16888306,14.36991326,3.5315902,0.05009,1.343,1.573,6248.0,0.119
HD 159868 c,244.09344,14.0,351.0,1.032,1.19,2.13,5534.0,-0.08
Kepler-1665 b,8.44,2.83910787,11.9548,0.096,0.842,0.777785,5049.84,-0.013
HIP 111909 b,384.57237247,13.7,487.08,1.32,1.28,4.53,4891.0,-0.01
Kepler-1125 b,4.04,1.84,17.6700642,0.1348,0.95,0.94,5683.0,-0.09
Kepler-384 b,1.46,1.12,22.597053,0.148,0.882,0.882,5577.0,-0.29
HD 37605 b,854.9627,13.2,55.01292,0.277,0.94,0.91,5329.0,0.27
Kepler-1618 b,2.13,1.26,6.10826019,0.07109,1.41,1.65,6620.0,0.04
Kepler-352 d,0.449,0.80628032,6.887279987,0.06574,0.796,0.772,5208.0,-0.14
K2-148 c,3.64,1.73,6.9226,0.0616,0.65,0.632,4079.0,-0.11
NGTS-9 b,921.707,11.99363,4.43527,0.058,1.34,1.38,6330.0,0.31
Kepler-584 b,16.5,4.21,35.1810304,0.2281,1.17,1.24,6195.0,0.02
Kepler-92 b,64.3,3.51,13.749,0.12232,1.21,1.7,5883.0,0.1381
TOI-277 b,7.51,2.65,3.994,0.0269,0.16,0.362,4031.0,-0.01
EPIC 212297394 b,2.79,1.48,2.289363,,0.83,0.8,5171.0,-0.03
TIC 67686059 b,7.23,2.59125922,3.52163529551,,0.86,0.820458,5090.09,
K2-270 b,2.48,1.38,1.543069,0.0247,0.85,0.77,4877.0,0.26
TIC 160113658 b,12.0,3.49015778,6.72952262077,,0.76,0.789834,4817.31,
Kepler-533 b,11.4,3.38,28.51120525,0.16704,0.78,0.72,4758.0,0.01
VHS J125601.92-125723.9 b,5085.254512,13.67495645,5800000.0,350.0,0.07,,2620.0,
HD 23079 c,8.26,2.8,5.748913,,1.16,1.08,5994.0,-0.129
Kepler-55 e,3.02,1.55,4.617534,0.048,0.631,0.619,4503.0,-0.01
GJ 887 b,3.9,1.8,9.2619,0.0683,0.495,0.468,3688.0,-0.06
Kepler-1467 b,10.9,3.3,47.0569043,0.2388,0.86,0.82,5332.0,-0.07
Kepler-199 c,10.6,3.25,67.093408,0.316,0.96,0.967,5644.0,0.0
HD 222076 b,495.8148,13.5,871.0,1.83,1.07,4.1,4806.0,0.05
Kepler-282 b,1.01,1.01,9.220524,0.082,0.86,0.904,5602.0,-0.2
K2-388 b,14.5,3.9,6.33932,,0.93,0.91,5310.0,0.24
TOI-1224 b,5.08,2.104,4.1782745,0.0355,0.4,0.404,3326.0,
Kepler-623 b,9.32,3.01,9.07097734,0.0854,0.9,0.86,5443.0,-0.03
WASP-176 b,271.74465,16.869545,3.899052,0.0535,1.345,1.925,5941.0,0.164
Kepler-363 d,4.86,2.05,11.932125,0.107,1.226,1.485,5593.0,0.3965
HD 4917 b,513.29545,13.5,400.5,1.167,1.32,5.01,4802.0,0.18
KOBE-1 c,12.4,3.56,29.671,0.16071,0.629,0.619,4135.0,-0.01
Kepler-970 b,7.31,2.609,16.736525,0.139,0.67,0.71,4290.0,0.04
HAT-P-70 b,2154.8874,20.96083,2.74432452,0.04739,1.89,1.858,8450.0,-0.059
Kepler-943 b,29.5,5.93,49.7701438,0.2559,0.93,0.91,5612.0,-0.07
Kepler-10 b,3.24,1.47,0.8374907,0.01685,0.91,1.065,5708.0,-0.15
Kepler-271 d,0.219,0.66,5.24972541,0.05554,0.9,0.87,5555.0,-0.13
TOI-1233.01,6.98,2.539,14.175685,0.1074,0.869,0.877,5660.0,-0.28
HD 221585 b,511.7063,13.5,1173.0,2.306,1.19,1.850575,5620.0,0.29
TIC 18942729 b,4.66,2.00021315,0.99817838064,,0.652,0.825257,4360.11,0.0118
HD 22496 b,5.57,2.22,5.09071,0.051,0.684,0.674,4385.0,-0.08
Kepler-1640 b,20.7,4.82,7.5844126,0.0836,1.27,1.43,6324.0,0.1
Kepler-589 c,1.45,1.11727238,3.52466011,0.0426,0.832,0.916,5372.0,-0.02
Kepler-647 b,1.71,1.17,16.2254649,0.12237,1.03,1.07,6020.0,-0.14
Gaia-1 b,533.95172376,13.77583728,3.052524,0.04047,0.949,0.952,5470.0,
Kepler-1527 b,20.4,4.77,160.129918,0.6276,1.21,1.32,6224.0,0.07
Kepler-1980 b,5.52,2.21,33.0257179,0.2049,1.049,0.99,5819.0,0.14
TOI-122 b,7.85,2.72,5.07803,0.0392,0.312,0.334,3403.0,
HATS-52 b,711.9392,15.490838,1.36665436,0.02498,1.111,1.046,6010.0,-0.2843
Kepler-250 d,5.39,2.18,17.648312,0.127,0.806,0.805,5160.0,0.01
Kepler-1298 b,2.27,1.31,7.12811928,0.0814,1.45,2.0,6339.0,0.13
Kepler-1361 b,0.566,0.86,3.57554956,0.04304,0.83,0.79,5131.0,0.0
Kepler-619 b,10.1,3.16,5.404272197,0.06014,1.09,1.11,5980.0,0.05
K2-99 b,276.51071409,11.88151954,18.24783,0.153,1.44,2.55,6069.0,0.2
TOI-532 b,61.5,5.82,2.3266508,0.0296,0.639,0.612,3927.0,0.338
HD 210277 b,410.0007,13.6,442.19,1.13,1.01,1.07,5538.0,0.22
Kepler-178 b,8.75,2.9,9.576694,0.085,0.852,1.066,5676.0,-0.04
Kepler-1604 b,2.57,1.41,0.683684256,0.01406,0.81,0.76,4976.0,0.02
Kepler-984 b,5.14,2.12,43.0342272,0.23688,0.96,0.93,5610.0,0.04
HD 13724 c,50.85254512,8.18,142.22895,0.534,1.004,1.04198,5835.31,0.2169
Kepler-1286 b,5.27,2.15,11.25402929,0.0991,1.0,0.98,5753.0,0.03
Kepler-318 b,19.9,4.71,4.662715,0.056,1.073,1.189,5746.0,0.332
Kepler-732 b,5.39,2.18,9.467814048,0.0691,0.49,0.46,3631.0,-0.01
HIP 109600 b,851.7844,13.2,232.08,0.706,0.87,0.971958,5530.0,-0.12
Kepler-407 b,1.93,1.19,0.6693124,0.01531,0.99,1.04,5487.0,0.35
GJ 1148 c,68.06,9.71,532.58,0.912,0.344045,0.358519,3287.0,0.1596
Kepler-897 b,6.3,2.39,8.0472642,0.077,1.03,1.04,5839.0,0.04
Kepler-435 b,266.97,22.31,8.6001536,0.0948,1.538,3.21,6161.0,-0.18
HD 184010 d,143.02278315,14.3,836.4,1.92,1.35,4.86,4971.0,-0.17
WASP-70 A b,187.512,13.047,3.7130203,0.04853,1.106,1.215,5763.0,-0.006
TOI-1798.01,6.5,2.448,8.021522331,0.074984,0.87,0.78,5165.0,0.073
TOI-444 b,8.1,2.77,17.9636,0.133,0.96,0.779,5225.0,0.08
TOI-2202 b,287.31687993,10.95117414,11.9126075,0.09564,0.841,0.808,5169.0,0.059
TrES-1 b,266.9772,12.66617,3.03007,0.03925,1.04,0.85,5230.0,0.02
Kepler-1052 c,5.9,2.3,180.921729,0.6135,0.937,0.848,5818.0,-0.22
Kepler-206 b,1.87,1.2,7.781987,0.078,0.957,1.185,5764.0,0.0213
Kepler-763 b,1.98,1.22,1.19655156,0.0205,0.84,0.8,5166.0,0.01
Kepler-155 b,5.02,2.09,5.931194,0.056,0.635,0.62,4508.0,-0.142
ups And c,4443.24112986,12.3,241.258,0.827774,1.3,1.56,6156.77,0.1014
NGTS-34 b,19.1,3.65,43.12655,0.257,1.266,1.367,6134.0,0.228
K2-274 b,4.98,2.08,14.1330314,0.0964,0.79,0.7,5044.0,-0.16
DH Tau b,3496.0,30.2643,,330.0,0.33,0.27,4371.0,
HD 200964 c,385.84562,13.7,852.5,1.96,1.39,4.92,4982.0,-0.15
TOI-1011 b,4.04,1.45,2.470498,,0.91,0.92,5475.0,0.03
Kepler-1583 b,0.156,0.6,9.32807355,0.08307,0.94,0.91,5645.0,-0.07
HATS-32 b,292.4036,14.000041,2.8126548,0.04024,1.099,1.097,5700.0,0.39
ZTF J1828+2308 b,6356.56814,11.13051784,0.1120067,,0.61,0.0131,15900.0,
Kepler-1876 b,2.4,0.853,6.99205,0.0758,1.187,1.477,6104.0,0.01
TOI-6564 b,222.16205649,16.39873876,3.985413,0.0542,1.18,1.7,5943.0,0.19
K2-219 c,2.66,1.43839723,6.66767,,1.021545,1.189232,5753.0,0.13
HD 37124 b,214.53525,14.0,154.378,0.53364,0.85,0.949168,5698.64,-0.44
Kepler-881 b,3.82,1.78,4.44448017,0.0552,1.06,1.09,5961.0,0.0
TOI-333 b,20.1,4.26,3.7852503,0.049,1.2,1.1,6241.0,0.01
Kepler-60 c,3.85,1.9,8.9187,0.08422,1.041,1.257,5905.0,-0.09
Kepler-665 b,7.27,2.6,16.01310205,0.1148,0.79,0.74,4913.0,-0.03
Kepler-1848 b,2.57,1.4088539,5.604020119,0.05835,0.756,0.737,4847.0,0.0
TOI-2096 c,4.32,1.914,6.38784,0.04,0.231,0.235,3300.0,-0.03
Kepler-1698 b,1.25,1.07315686,1.2107,0.02065,0.822,0.741698,4975.03,0.08
HIP 14810 c,416.3573,13.6,147.747,0.549,1.01,1.07,5544.0,0.24
HD 25463 c,4.3,1.36354953,3.04405,0.0443,1.251,1.4182,6353.0,-0.018
Kepler-1869 c,0.33,0.74,1.716828304,0.028,0.987,0.902,5808.0,-0.06
Kepler-292 b,2.3,1.32,2.580827,0.035,0.865,0.826,5299.0,0.04
Kepler-33 b,3.68,1.74,5.66793,0.0677,1.291,1.82,5904.0,0.025
Kepler-601 b,4.27,1.9,5.378868441,0.05494,0.85,0.79,5160.0,-0.02
TOI-1347 b,11.1,1.8,0.84742346,0.0171,0.913,0.83,5464.0,0.04
K2-417 b,699.2224954,3.31,6.535,0.063,0.569,0.5776,3861.0,
Kepler-1020 b,5.82,2.28,96.9151496,0.37594,0.87,0.8,5227.0,0.0
Kepler-1346 b,3.12,1.58,3.40165668,0.044,1.14,1.21,6133.0,0.04
TOI-1750 b,8.19,2.78943837,11.33727129656,,0.767,0.768675,4683.75,
HD 180314 b,7216.92963775,12.0,394.73,1.448,2.6,9.2,4917.0,0.2
Kepler-181 c,4.62,1.99,4.302149,0.049,0.81,0.749,5333.0,-0.04
Kepler-953 c,1.81,1.19,9.10967112,0.0862,0.95,0.99,5416.0,0.26
TOI-1696 b,48.8,3.09,2.500311,0.0229,0.255,0.2775,3185.0,0.336
TIC 77552382 b,27.5,5.69176189,3.51025904942,,0.83,0.886956,4981.07,
HD 96167 b,227.88411,14.0,498.04,1.332,1.27,1.94,5733.0,0.34
Kepler-1770 b,8.45,2.84141754,16.84189987,0.1261,0.941,1.009,5602.0,0.1
Kepler-292 e,7.61,2.67,11.97901,0.097,0.865,0.826,5299.0,0.04
Kepler-154 b,5.73,2.26,33.040532,0.198,0.933,1.001,5690.0,0.02
Kepler-1660 AB b,1586.59940774,12.9,239.5044,0.8,1.1366,1.491,6305.24,-0.36
Kepler-379 b,3.39,1.66,20.09838,0.152,1.125,1.306,6054.0,0.09
HAT-P-33 b,292.4036,20.73665,3.47447,0.04995,1.82,1.79,6446.0,0.05
Kepler-567 b,5.69,2.25,16.54297375,0.1229,0.84,0.79,5148.0,0.0
KIC 8121913 b,667.4396547,13.4,3.294601,,1.456,2.233,5975.3,0.252
K2-198 d,6.52,2.438,7.4500177,,0.799,0.757,5212.9,0.094
Kepler-176 e,0.52075,1.45,51.16579,0.25654,0.87,0.83,5295.0,0.03
HD 109246 b,273.3338,13.9,68.27,0.33,1.2,1.07,5844.0,0.1
TOI-5489 c,2.18,1.28,4.92126,,0.41,0.42,3547.0,
K2-415 b,7.5,1.015,4.0179694,0.027,0.1635,0.1965,3173.0,-0.13
Kepler-800 b,8.5,2.85,14.13176026,0.1106,0.85,0.82,5315.0,-0.09
Kepler-327 c,20.3,1.03,5.212333,0.047,0.591913,0.492,3799.0,-0.2
Kepler-28 c,2.06,1.857,8.99,0.07519,0.684,0.664,4499.3,0.1451
K2-271 b,41.8,7.28,8.562421,0.077,0.83,0.99,5644.0,-0.3
KMT-2018-BLG-0748L b,60.0,9.01,,0.62,0.087,,,
KMT-2024-BLG-1870L b,336.89811142,13.8,,3.15,0.67,,,
KMT-2017-BLG-0849L b,6.39,2.41,,2.73,0.19,,,
Kepler-1418 b,3.39,1.66,22.4764425,0.131,0.77,0.72,4770.0,0.0
OGLE-2016-BLG-0613L AB b,1330.0,13.0,,6.4,0.72,,,
HD 9446 c,578.426,13.4,192.9,0.654,1.0,1.0,5793.0,0.09
MASCARA-4 b,532.36258173,16.98160576,2.8240932,0.0474,1.75,1.79,7800.0,0.0
Kepler-1846 b,3.76,1.76378826,14.82009983,0.11054,0.785,0.732,4825.0,0.08
HD 147873 b,1633.6462,12.8,116.596,0.522,1.38,2.29,5972.0,0.03
Kepler-224 e,4.54,1.97,18.643577,0.124,0.777,0.676,5018.0,-0.06
Kepler-1670 b,11.2,3.3564801,20.4998,0.1528,1.05,1.51889,5838.0,-0.08
Kepler-92 c,6.1,2.6,26.723,0.19054,1.21,1.7,5883.0,0.1381
Kepler-1799 b,15.9,4.12801189,11.9296999,0.1028,1.016,0.921,5831.0,0.0
KMT-2021-BLG-0736L b,21.0,4.86,,4.0,0.6,,,
PSR B1620-26 b,794.575,13.3,,23.0,1.35,,,
TYC 8998-760-1 b,6928.6592726,21.18497352,,146.0,1.0,1.02,4573.0,
OGLE-2017-BLG-1434L b,4.43,1.94,,1.18,0.234,,,
KMT-2019-BLG-2783L b,368.68095212,13.7,,1.85,0.34,,,
OGLE-2016-BLG-1093L b,225.65816897,14.0,,2.13,0.46,,,
MOA-2010-BLG-117L b,170.0,14.2,,2.42,0.58,,,
OGLE-2006-BLG-109L b,231.0,14.0,1788.5,2.3,0.51,,,
OGLE-2012-BLG-0406L b,868.0,13.2,,3.45,0.44,,,
Kepler-1265 b,2.39,1.35,6.49441289,0.0612,0.71,0.69,4630.0,-0.1
HD 332231 b,74.1,9.07303305,18.712024,0.145,1.1642,1.266,6128.0,0.043
HD 233604 b,2089.644,12.7,192.0,0.747,1.5,10.9,4791.0,-0.36
Kepler-1591 b,2.15,1.27,8.18504949,0.0794,1.1,1.16,6082.0,0.01
HD 22532 b,673.79622284,13.4,872.6,1.9,1.57,5.69,5038.0,-0.19
TOI-7189 b,159.04,10.9,2.89055,0.03294,0.612,0.591,3775.0,0.47
TOI-7265 B b,224.95,10.7,4.17232,0.04007,0.521,0.497,3503.0,0.35
KMT-2021-BLG-0322L b,2034.1018048,12.7,,,0.62,,,
MOA-2016-BLG-526L b,14.93793513,3.97,,2.07,0.37,,,
TOI-6695 c,460.85119015,13.6,242.4,0.838,1.338,1.517,6400.0,0.2
Kepler-249 b,1.32,1.09,3.306539,0.035,0.510238,0.482,3568.0,-0.34
OGLE-2018-BLG-1185L b,8.4,2.83,,1.54,0.37,,,
WISEP J121756.91+162640.2 A b,6992.0,10.468,,8.0,0.029,0.091,575.0,
KMT-2024-BLG-0176L b,241.54958932,14.0,,1.32,0.103,,,
KMT-2021-BLG-1150L b,279.68899816,13.9,,4.5,0.73,,,
KMT-2017-BLG-1146L b,230.0,14.0,,1.6,0.33,,,
MOA-2007-BLG-400L b,540.3082919,13.5,,5.9,0.69,,,
UZ For b,2002.2,,5840.0,5.9,0.7,,5286.9,
TWA 7 b,108.06165838,12.7,,52.0,0.46,0.917173,3509.0,
Kepler-1222 b,0.418,0.79,1.916944254,0.02801,0.84,0.8,5239.0,-0.04
Kepler-463 b,9.53,3.05,8.981016833,0.07925,0.87,0.9,5661.0,-0.28
TOI-2337 b,508.5254512,10.08808263,2.99432,,1.325,3.22,4780.0,0.39
HD 202206 c,982.08977763,13.1,1299.22,2.39,1.06,1.04,5764.23,0.23
MOA-2010-BLG-477L b,480.0,13.6,,2.0,0.67,,5950.0,
OGLE-2017-BLG-1522L b,240.0,14.0,,0.59,0.045,,,
Kepler-566 b,5.27,2.15,18.42794624,0.1247,0.83,0.79,5132.0,-0.01
Kepler-1224 b,2.33,1.33,13.32351601,0.11625,1.18,1.22,6155.0,0.14
WASP-149 b,314.96795134,15.24421375,1.332813,0.024,1.05,1.08,5750.0,0.0
KMT-2019-BLG-1042L b,60.38739733,9.05,,1.7,0.3,,,
KMT-2019-BLG-0298L b,575.26941667,13.4,,5.67,0.7,,,
WASP-60 b,174.8065,9.86392,4.305,0.05548,1.19,1.17,5900.0,-0.04
KMT-2019-BLG-0371L b,2447.2787339,12.6,,0.79,0.09,,,
TOI-5916 b,219.0,11.8,2.36712341,0.02789,0.518,0.487,3541.0,0.04
OGLE-2017-BLG-1237L b,1207.7479466,13.0,,2.53,0.46,,,
OGLE-2017-BLG-0640L b,514.88201934,13.5,,1.14,0.32,,,
MXB 1658-298 b,7532.571,12.0,760.0,1.613,1.98,,,
KMT-2018-BLG-0029L b,7.59,2.67,,4.27,1.14,,,
Kepler-619 c,3.5,1.69,1.208465026,0.02216,1.09,1.11,5980.0,0.05
Kepler-186 b,1.24,1.07,3.8867907,0.0343,0.478,0.472,3788.0,-0.28
K2-183 d,5.9,2.3,22.620344,0.1527,0.942219,0.87,5482.0,0.09
Kepler-1677 b,7.76,2.70216183,22.064,0.1599,1.11,1.24959,6013.72,0.108
KMT-2018-BLG-0087L b,73.10053361,10.1,,0.87,0.1,,,
KOI-55 c,0.655,0.867,0.342887,0.0076,0.496,0.203,27730.0,-0.106
KMT-2024-BLG-1044L b,7.75,2.7,,,0.069,,,
KMT-2019-BLG-0297L b,6038.739733,12.1,,0.96,0.21,,,
OGLE-2012-BLG-0724L b,150.0,14.3,,1.6,0.29,,,
TOI-603 b,33.0,7.37,16.179846,0.1282,1.24,1.477,6027.0,0.183
Kepler-1620 b,3.22,1.61,101.951829,0.4322,1.15,1.23,6157.0,0.03
KMT-2019-BLG-0578L b,381.3940884,13.7,,2.0,0.28,,,
Kepler-85 e,0.6,1.27,25.216751,0.163,0.947,0.893,5436.0,0.12
TOI-2128 b,4.5,2.08874836,16.34136,0.127,1.0251,1.1174,5968.0,-0.07
Kepler-1693 c,0.894,0.97698289,5.363709927,0.0588,0.941,1.098,5553.0,0.16
TOI-5174 b,24.8,5.351,12.214286,,1.0,1.09457,5643.77,0.415
WASP-172 b,149.3801,17.59813,5.477433,0.0694,1.49,1.91,6900.0,-0.1
Kepler-403 b,2.1,1.25,7.031462,0.076,1.299,1.329,6090.0,0.079
KMT-2022-BLG-2286L b,6038.739733,12.1,,2.02,0.2,,,
Kepler-1493 b,2.57,1.41,15.0217983,0.1197,1.06,1.29,5863.0,0.06
OGLE-2019-BLG-0249L b,2262.93825784,12.7,,1.84,0.91,,,
Kepler-137 c,4.19,1.88,18.735753,0.13,0.85,0.802,5187.0,0.05
TOI-2114 b,324.18497514,14.54925695,6.209959,0.076,1.309,1.97,6400.0,0.001
TOI-5806 b,721.47048389,15.13212395,3.1856381,0.0484,1.333,1.387,6730.0,-0.019
OGLE-2018-BLG-1011L c,890.0,13.2,,0.8,0.18,,,
TOI-7169 b,130.30964687,16.53324653,3.4373125,0.0428,0.885,1.5,5714.0,-0.72
OGLE-2018-BLG-0677L b,3.96,1.82,,0.63,0.12,,,
OGLE-2019-BLG-0679L b,1061.54687938,13.1,,6.99,0.66,,,
MOA-bin-1L b,1200.0,13.0,,8.3,0.75,,,
Kepler-365 b,4.82,2.04,10.664903,0.098,1.02,1.048,6012.0,-0.218
KMT-2020-BLG-0414L c,8581.366989,11.9,,22.3,0.49,,,
HD 11977 b,2080.0,12.7,711.0,1.93,1.91,10.09,4970.0,-0.21
Kepler-1038 b,12.2,3.53,148.4603382,0.5238,0.87,0.83,5335.0,-0.04
Kepler-250 c,5.82,2.28,7.156804,0.069,0.806,0.805,5160.0,0.01
eps CrB b,2129.461,12.7,417.9,1.3,1.7,21.0,4406.0,-0.094
TOI-521 b,5.3,1.98,1.54285047,0.0195,0.42,0.421,3544.0,-0.12
OGLE-2015-BLG-0954L b,1100.0,13.1,,1.6,0.3,,,
KMT-2019-BLG-0953L b,15.5,4.06,,1.1,0.28,,,
OGLE-2017-BLG-1691L b,14.62010672,3.92,,2.41,0.45,,,
alf Ari b,572.07,13.4,380.8,1.2,1.5,13.9,4553.0,-0.09
TOI-2180 b,875.61726129,11.32107051,260.79,0.828,1.111,1.636,5695.0,0.253
KMT-2024-BLG-0404L c,17.3,4.33,,,0.09,,,
OGLE-2018-BLG-1428L b,240.0,14.0,,3.3,0.43,,,
KMT-2021-BLG-1689L b,46.0,7.71,,2.5,0.58,,4570.0,
MOA-2010-BLG-073L b,3500.0,12.4,,1.21,0.16,,,
KMT-2017-BLG-2197L b,2809.60311788,12.5,,15.91,0.36,,,
KMT-2018-BLG-1988L b,5.56,2.22,,3.09,0.47,,,
Kepler-302 b,15.5,4.06,30.184104,0.193,1.021,1.22,5740.0,0.16
GJ 3779 b,8.0,2.75,3.0232,0.026,0.27,0.281,3324.0,0.0
Kepler-985 b,9.17,2.98,116.331901,0.44664,0.91,0.85,5434.0,0.0
Kepler-248 b,9.38,3.02,6.308205,0.066,0.838,0.831,5190.0,0.17
Kepler-836 b,7.9,2.73,11.36112327,0.1013,1.03,1.04,5895.0,-0.01
TOI-1224 c,8.67,2.884,17.945466,,0.4,0.404,3326.0,
Kepler-142 d,5.31,2.16,41.809118,0.242,0.978,1.269,5790.0,0.05
OGLE-2019-BLG-0304L b,162.09248757,14.2,,1.23,0.27,,,
MOA-2022-BLG-563L b,127.1313628,14.0,,2.15,0.48,,,
KMT-2021-BLG-2010L b,340.07639549,13.8,,1.79,0.37,,,
KMT-2024-BLG-1005L b,6674.396547,12.1,,0.78,0.055,,,
KMT-2021-BLG-1077L c,79.45710175,10.6,,0.93,0.14,,,
Kepler-1676 b,11.3,3.3769596,29.9221,0.1954,1.07,1.06066,5878.3,0.135
K2-65 b,3.12,1.58,12.6475,0.1014,0.87,0.84,5213.0,-0.34
OGLE-2018-BLG-0799L b,82.63538582,10.9,,1.28,0.093,,,
KMT-2023-BLG-0466L b,1032.94232275,13.1,,2.68,0.44,,,
BD+63 1405 b,3305.4154328,12.4,1198.48,2.06,0.816,0.804724,5000.0,-0.09
WASP-73 b,908.9938,15.91678,4.08722,0.05512,2.52,2.55,6030.0,0.14
Kepler-733 b,8.35,2.82,20.83424726,0.1483,0.9,0.86,5418.0,0.01
Kepler-124 d,1.41,1.11,30.950851,0.17,0.706,0.636,4984.0,-0.46
Kepler-244 c,4.86,2.05,9.767292,0.087,0.933,0.803,5554.0,0.07
Kepler-2001 c,3.97,1.82,14.092583189,0.1084,0.864,0.77,5081.0,0.12
KMT-2021-BLG-0852L b,155.73591943,14.2,,7.78,0.75,,,
Kepler-32 b,1303.0,2.2,5.90124,0.05,0.58,0.53,3900.0,0.0
TOI-5108 b,32.0,6.6,6.753581,0.073,1.1,1.29,5808.0,0.2
KMT-2016-BLG-2605L b,245.0457018,14.0,,0.681,0.064,,,
OGLE-2018-BLG-0977L b,6.4,2.41,,2.0,0.47,,,
OGLE-2007-BLG-368L b,20.0,4.72,,2.8,0.64,,,
MOA-2011-BLG-262L b,17.0,4.29,,0.95,0.11,,,
Kepler-132 c,2.18,1.28,6.414914,0.068,0.929,1.178,6003.0,-0.2159
KMT-2025-BLG-0481L b,187.51876013,14.1,,2.18,0.22,,,
KMT-2019-BLG-1339L b,397.0,13.7,,2.15,0.48,,,
OGLE-2017-BLG-1140L b,505.0,13.5,,1.02,0.211,,,
KMT-2022-BLG-1790L b,549.84314411,13.5,,5.25,0.58,,,
KMT-2018-BLG-1996L b,346.43296363,13.7,,4.27,0.69,,,
Kepler-47 b,2.07,3.05,49.4643,0.2877,0.957,0.936,5636.0,-0.25
HD 190007 b,15.5,4.06,11.724128,0.092,0.77,0.79,4610.0,0.16
Kepler-1219 b,5.14,2.12,16.10467749,0.14146,1.25,1.94,5944.0,0.05
Kepler-1808 b,9.4,3.02511302,23.3404007,0.1467,0.773,0.892,5530.0,-0.34
Kepler-824 b,4.16,1.87,4.51436633,0.055,1.15,1.22,6035.0,0.14
HD 95089 b,400.4658,13.7,464.4,1.36,1.54,5.08,4918.0,0.05
Kepler-610 c,10.9,3.3,151.86392,0.5594,1.1,1.13,5943.0,0.12
Kepler-410 A b,8.44,2.838,17.833648,0.1226,1.214,1.352,6273.0,0.01
DMPP-6 b,5.8,2.28,7.6027,0.0779,1.079,1.27,6182.09,0.32
Gaia22dkvL b,187.83658854,14.1,,1.4,1.145,,,
MOA-2022-BLG-249L b,4.83,2.04,,1.63,0.18,,,
Kepler-1063 b,2.83,1.49,14.07971466,0.1176,1.09,1.14,5945.0,0.09
KMT-2021-BLG-1303L b,120.77479466,13.6,,2.89,0.57,,,
OGLE-2018-BLG-0596L b,13.93,3.81,,0.97,0.231,,,
KMT-2023-BLG-0830L b,17.79839079,4.41,,1.7,0.22,,,
KMT-2023-BLG-0735L b,38.77506565,6.97,,2.96,0.61,,,
KMT-2021-BLG-0320L b,31.7828407,6.2,,1.54,0.32,,,
OGLE-2023-BLG-0766L b,349.6112477,13.7,,2.5,0.39,,,
Kepler-1628 b,33.8,6.43,76.378033,0.2952,0.55,0.52,3724.0,0.17
OGLE2-TR-L9 b,1430.175,18.046,2.4855335,0.0308,1.52,1.53,6933.0,-0.05
TOI-5736 b,3.05,1.56,0.64899,,0.57,0.58,3949.0,
Kepler-1577 b,1.51,1.13,6.30560247,0.0657,0.78,0.74,4862.0,0.0
K2-13 b,4.23,1.89,39.91488,0.2114,0.8,0.78,5698.0,-0.54
TOI-1533 b,28.1,2.89,3.6457974,0.0445,0.88,0.849,5146.0,0.24
Kepler-675 b,6.53,2.44,2.33743801,0.0325,0.79,0.75,4945.0,-0.05
Kepler-1489 c,0.087,0.51,0.680741,,0.977,0.957,5565.53,0.14
K2-190 c,1.34,1.09308317,21.574023,,0.904597,0.912206,5631.0,-0.19
Kepler-276 c,16.6,2.9,31.884,0.18619,1.1,1.03,5693.0,-0.29
HD 148164 b,390.9309,13.7,328.55,0.993,1.21,1.34,6032.0,0.24
Kepler-1996 b,5.73,2.26,32.376183,0.1789,0.748,0.675,4580.0,0.08
HIP 107772 b,12.9,3.64,55.199,0.243,0.63,0.513922,4006.0,
Kepler-446 c,1.41,1.11,3.036179,0.0283,0.22,0.24,3359.0,-0.3
KIC 3526061 b,5768.58558705,12.1,3552.0,5.14,1.42,5.86,4829.0,0.12
HD 11964 c,25.0,5.38,37.91,0.229,0.91,2.00971,5303.0,0.1
Kepler-1482 b,1.01,1.01,12.25383217,0.09968,0.88,0.84,5381.0,-0.04
TOI-5515 b,7.53,2.65362762,8.59225810839,,0.963,0.835682,5483.65,
TOI-2184 b,206.58846455,11.39953337,6.90683,,1.53,2.9,5966.0,0.14
HD 102329 c,483.1016,13.5,1123.0,,1.3,6.3,4830.0,0.3
HD 39194 b,4.62,1.99,5.63692,0.05895,0.86,0.783742,5205.0,-0.61
HD 199509 b,43.22466335,7.43,99.62167,0.426,1.04,0.92,5796.02,-0.3075
Kepler-325 d,8.2,2.79,38.715185,0.22,0.914,1.003,5752.0,0.02
Kepler-1940 b,3.01,1.54732469,4.950610161,0.0525,0.802,0.717,5431.0,-0.44
TOI-2545 b,8.0,2.75,7.994037,,1.055,1.25324,5846.29,-0.2729
Kepler-1612 b,1.08,1.03,3.91795101,0.0482,0.96,0.94,5643.0,0.03
HD 136352 c,11.24,2.916,27.59221,0.1721,0.87,1.058,5664.0,-0.24
EPIC 201615463 c,1.98,1.22,3.80464,,1.073,1.61,5960.0,0.09
Kepler-225 b,1.87,1.2,6.738975,0.056,0.593,0.48,3682.0,-0.04
HD 20868 b,397.2875,13.7,380.85001,0.95,0.39,0.76,4802.0,0.05
Kepler-1930 b,2.95,1.52955541,13.02680016,0.10233,0.844,0.844,5083.0,0.22
Kepler-1439 b,2.73,1.46,8.07392849,0.0594,0.46,0.43,3578.0,-0.03
HD 155193 b,238.37130525,14.0,352.65,1.04,1.221,1.76439,6239.0,0.05
TOI-1266 c,3.17,1.98,18.8027,0.105,0.437,0.4232,3563.0,-0.109
Kepler-1536 b,10.0,3.14,364.758031,0.8507,0.71,0.67,4434.0,0.05
HD 134987 b,511.7063,13.5,258.17999,0.81,1.1,1.22,5736.0,0.28
Kepler-961 b,7.04,2.55,16.87727414,0.12585,0.96,0.9,5582.0,0.05
TOI-262 b,4.94,2.07,11.14529,0.163,0.913,0.853,5310.0,0.26
Kepler-539 b,308.2951,8.373123,125.63243,0.4988,1.048,0.952,5820.0,-0.01
HD 5278 c,18.4,4.49,40.87,0.2416,1.126,1.194,6203.0,-0.12
Kepler-319 c,7.41,2.63,6.941357,0.069,0.933,0.903,5526.0,0.06
HD 179079 b,4195.3349724,,14.479,0.1214,1.14,1.63,5646.0,0.24
Kepler-1099 b,8.4,2.83,2.168452593,0.0337,1.01,1.0,5837.0,-0.02
Kepler-244 d,15.2,2.31,20.050401,0.14,0.933,0.803,5554.0,0.07
NY Vir c,1760.7782,12.8,8799.0,,0.459,0.151,32780.0,
Kepler-377 b,2.51,1.39,12.509529,0.109,1.043,1.224,5949.0,0.05
Kepler-879 b,7.13,2.57,33.3855938,0.2012,1.02,1.02,5792.0,0.05
Kepler-705 b,5.1,2.11,56.0560538,0.232,0.53,0.51,3722.0,0.07
Kepler-163 c,5.73,2.26,21.347262,0.152,0.882,0.917,5776.0,0.1412
TOI-778 b,878.0,15.4,4.633611,0.06,1.4,1.71,6643.0,0.0
Kepler-1355 b,2.73,1.46,1.289588112,0.0224,0.88,0.83,5352.0,-0.04
Kepler-1542 e,0.363,0.76,5.10115756,0.05649,0.94,0.99,5564.0,0.06
Kepler-1579 b,0.52,0.84,0.849907889,0.014,0.75,0.7,4584.0,0.11
K2-264 c,7.6,2.668,19.660302,0.11283,0.496,0.473,3660.0,-0.013
Kepler-1073 d,2.82,1.48770949,2.504760027,0.0352,0.924,1.116,5509.0,0.16
Kepler-510 b,6.66,2.47,19.55659418,0.1352,0.91,1.41,5746.0,-0.35
HD 164509 b,140.79869,14.3,280.17,0.87,1.12,1.11,5859.0,0.2
TIC 34085383 b,14.6,3.91982296,3.47793368523,,0.733,0.809951,4694.84,
TYC 3667-1280-1 b,1716.282,12.8,26.468,0.21,1.87,6.26,5130.0,-0.08
HATS-59 c,4036.441,12.3,1422.0,2.504,1.038,1.036,5670.0,0.18
Kepler-1605 b,1.28,1.08,85.7565495,0.36567,0.86,0.82,5280.0,-0.01
Ross 458 c,1906.98,14.01125,,1100.0,0.556419,0.562566,3965.42,
SR 12 AB c,4131.62,12.3,,,,1.103075,3828.93,
HD 187123 b,166.218,14.2,3.0965828,0.0426,1.04,1.15043,5790.0,0.09
OGLE-TR-132 b,375.02,13.45,1.689868,0.03035,1.305,1.32,6210.0,0.37
OGLE-TR-56 b,441.77,15.278,1.2119189,0.02383,1.228,1.363,6050.0,0.25
WASP-156 b,42.0,6.15,3.8361629,0.046,0.8712,0.8268,5036.0,0.32
HD 22781 b,4338.2,12.3,528.07,1.167,0.75,0.743475,5027.0,-0.37
Kepler-16 b,105.833,8.4493,228.776,0.7048,0.6897,0.6489,4450.0,-0.3
Kepler-27 c,4385.87,4.9,31.3309,0.191,0.65,0.59,5400.0,0.41
WASP-23 b,280.95,10.783,2.9444256,0.0376,0.78,0.765,5150.0,-0.05
Kepler-27 b,2895.31,4.0,15.3348,0.118,0.65,0.59,5400.0,0.41
HD 114783 b,349.6,13.7,493.7,1.16,0.853,0.840622,5135.0,0.21
HD 19994 b,435.41,13.6,466.2,1.305,1.365,1.79647,6188.0,0.27
47 UMa b,804.08,13.2,1078.0,2.1,1.06,1.21334,5872.0,0.04
Kepler-18 c,17.3,5.49,7.64159,0.0752,0.972,1.108,5345.0,0.19
Kepler-18 b,6.9,2.0,3.504725,0.0447,0.972,1.108,5345.0,0.19
Kepler-31 c,1493.7,5.3,42.6318,0.26,1.21,1.22,6340.0,-0.076
Kepler-32 e,4.08181,1.5,2.896,0.033,0.58,0.53,3900.0,0.0
61 Vir b,5.1,2.11,4.215,0.050201,0.942,0.963,5577.0,-0.01
61 Vir c,18.2,4.46,38.021,0.2175,0.942,0.963,5577.0,-0.01
47 UMa d,521.22,13.5,14002.0,11.6,1.06,1.21334,5872.0,0.04
47 UMa c,171.621,14.2,2391.0,3.6,1.06,1.21334,5872.0,0.04
BD-08 2823 c,104.0,12.5,237.6,0.68,0.74,0.71,4746.0,-0.07
CoRoT-23 b,889.9,11.77,3.6313,0.048,1.14,1.61,5900.0,0.05
Kepler-18 d,16.4,6.98,14.85888,0.1172,0.972,1.108,5345.0,0.19
HATS-1 b,589.55,14.594,3.446459,0.0444,0.986,1.038,5870.0,-0.06
HD 47186 c,111.42,13.0,1353.6,2.395,0.96,1.08,5657.0,0.24
HD 196885 A b,819.97,13.2,1333.0,2.37,1.28,1.31,6254.0,0.22
CoRoT-6 b,940.74,13.068,8.886593,0.0855,1.05,1.025,6090.0,-0.2
HR 8799 b,2000.0,13.0,170000.0,68.0,1.5,1.49338,7204.58,-0.47
HAT-P-37 b,371.528,13.204,2.797436,0.0379,0.929,0.877,5500.0,0.03
Kepler-42 b,0.705944,0.78,1.2137672,0.0116,0.13,0.17,3068.0,-0.33
Kepler-32 d,39.9089,2.7,22.7802,0.13,0.58,0.53,3900.0,0.0
Kepler-32 f,1862.11,0.82,0.74296,0.013,0.58,0.53,3900.0,0.0
BD+20 2457 b,6807.63,12.1,379.63,1.45,2.8,49.0,4137.0,-1.0
HR 8799 d,3000.0,13.0,37000.0,24.0,1.5,1.49338,7204.58,-0.47
GJ 179 b,301.93698665,13.8,2288.0,2.41,0.357,0.38,3370.0,0.3
SWEEPS-4 b,1207.7,9.079,4.2,0.055,1.24,1.18,,
Kepler-42 c,60.337,0.73,0.45328509,0.006,0.13,0.17,3068.0,-0.33
Kepler-33 c,0.39,3.2,13.17562,0.1189,1.291,1.82,5904.0,0.025
Kepler-35 b,40.363,8.16,131.458,0.60347,0.8877,1.0284,5606.0,-0.34
CoRoT-16 b,170.032,13.11,5.35227,0.0618,1.098,1.19,5650.0,0.19
HD 240210 b,1655.82,12.8,501.75,1.16,0.82,25.456816,4297.0,-0.18
BD+20 2457 c,3963.17,12.4,621.99,2.01,2.8,49.0,4137.0,-1.0
HD 110014 b,3524.59,12.4,835.477,2.14,2.17,20.9,4445.0,0.19
HIP 5158 b,451.0,13.6,345.72,0.89,0.78,0.75,4962.0,0.1
Kepler-33 e,5.57,4.02,31.7844,0.2138,1.291,1.82,5904.0,0.025
Kepler-33 d,3.91,5.35,21.77596,0.1662,1.291,1.82,5904.0,0.025
BD+20 274 b,1334.886,13.0,578.2,1.3,0.8,17.3,4296.0,-0.46
KELT-1 b,8654.15,12.442,1.217514,0.02466,1.335,1.471,6516.0,0.052
CoRoT-5 b,148.42,15.558,4.0378962,0.04947,1.0,1.186,6100.0,-0.25
HD 134987 c,260.0,13.9,5000.0,5.8,1.1,1.25,5585.0,0.28
HD 147018 b,674.0,13.4,44.236,0.2388,0.927,0.937948,5441.0,0.1
Kepler-33 f,9.6,4.46,41.02902,0.2535,1.291,1.82,5904.0,0.025
Kepler-31 b,36.7418,5.5,20.8613,0.16,1.21,1.22,6340.0,-0.076
Kepler-34 b,69.92,8.564,288.822,1.0896,1.0479,1.1618,5913.0,-0.07
HD 45350 b,568.89,13.5,963.6,1.92,0.98,1.26442,5566.0,0.23
HD 147018 c,2080.0,12.7,1008.0,1.922,0.927,0.937948,5441.0,0.1
CFBDSIR J145829+101343 b,3337.1,12.4,10037.5,2.6,0.021,,580.5,
HD 220773 b,460.8,13.6,3724.7,4.94,1.16,1.679696,5940.0,0.09
HD 147513 b,385.0,13.7,528.4,1.32,1.11,0.98,5883.0,0.06
HD 129445 b,797.74930157,13.3,1840.0,2.9,0.99,1.175816,5646.0,0.25
WASP-5 b,502.15,12.184,1.6284279,0.0267,0.96,1.029,5700.0,0.09
OGLE-TR-111 b,174.799,11.421971,4.0144463,0.0473,0.82,0.83,5040.0,0.19
HD 8535 b,216.1244,14.0,1313.0,2.45,1.13,1.19,6136.0,0.06
MOA-2009-BLG-266L b,10.4,3.21,2800.0,3.2,0.56,,,
GJ 667 C b,5.68,2.25,7.203,0.050431,0.33,,3350.0,-0.55
HIP 5158 c,4780.1632,12.2,9017.76,7.7,0.78,0.754089,4813.0,0.17
HAT-P-23 b,664.237,15.334,1.212884,0.0232,1.13,1.203,5905.0,0.15
HAT-P-20 b,2302.899,9.718,2.875317,0.0361,0.756,0.694,4595.0,0.35
CoRoT-17 b,772.29,11.43,3.7681,0.0461,1.04,1.59,5740.0,0.0
HD 132563 b,473.547,13.6,1544.0,2.62,1.231,1.29577,6289.0,-0.06
Kepler-45 b,160.497,10.76,2.455239,0.03,0.59,0.55,3820.0,0.28
HU Aqr AB b,1875.197,12.8,2390.0,3.6,0.88,,5952.0,
GJ 3634 b,8.4,2.83,2.64561,0.0287,0.45,0.43,3517.0,
Kepler-14 b,2669.66,12.733,6.790123,0.0771,1.512,2.048,6395.0,0.12
CoRoT-18 b,1102.82,14.68,1.9000693,0.0295,0.95,1.0,5440.0,-0.1
Kepler-15 b,209.76,10.76,4.942782,0.05714,1.018,0.992,5515.0,0.36
KOI-55 b,0.44,0.759,0.240104,0.006,0.496,0.203,27730.0,-0.106
PSR J1719-1438 b,382.8,,0.090706293,0.0044,1.4,,4500.0,
CoRoT-14 b,2415.4,12.22,1.51214,0.027,1.13,1.21,6035.0,0.05
HD 11964 b,198.0,14.1,1945.0,3.16,0.91,2.00971,5303.0,0.1
HAT-P-4 b,213.255,14.28,3.056536,0.04438,1.248,1.596,5860.0,0.24
OGLE-TR-10 b,197.046,14.011,3.101278,0.0434,1.14,1.17,5950.0,0.28
OGLE-TR-113 b,400.449,12.251,1.4324752,0.02289,0.779,0.774,4790.0,0.09
HD 192310 b,16.9,4.27,74.72,0.32,0.8,0.857922,5166.0,-0.04
OGLE-2014-BLG-1760L b,295.89824692,13.8,,1.887,0.803,,,
OGLE-2013-BLG-0132L b,92.0,11.6,,3.6,0.54,,,
Kepler-277 b,87.3,2.92,17.324,0.14168,1.12,1.69,5946.0,0.09
KMT-2017-BLG-1194L b,3.54,1.7,,1.78,0.41,,,
KMT-2017-BLG-2331L b,171.0,14.2,,2.14,0.4,,,
HD 41004 A b,807.25,13.2,963.0,,0.95,0.85,5310.0,0.23
OGLE-2019-BLG-0299L b,1976.89269154,12.7,,2.8,0.59,,,
Kepler-476 b,9.69,3.08,14.00640607,0.1126,1.03,1.09,5837.0,0.04
KMT-2021-BLG-2294L b,22.24798849,5.02,,1.15,0.14,,,
KMT-2022-BLG-1013L b,98.52680617,12.1,,1.38,0.18,,,
WASP-155 b,276.8285425,13.45077684,3.110413,0.043,1.09,1.24,5660.0,0.0
KMT-2019-BLG-0414L b,1452.47581999,12.9,,1.16,0.74,,,
HD 62509 b,731.0,13.3,589.64,1.64,2.0,8.9,4892.63,0.1027
Kepler-65 b,2.4,1.42,2.15491,0.035,1.25,1.41,6211.0,0.17
RR Cae b,1334.886,13.0,4343.5,5.3,0.44,0.193119,3904.0,
WASP-65 b,492.62,12.464,2.3114243,0.0334,0.93,1.01,5600.0,-0.07
Kepler-30 c,640.0,12.3,60.323105,0.3,0.99,0.95,5498.0,0.18
Kepler-38 b,122.0,4.3,105.599,0.4632,0.941,1.752,5623.0,-0.11
WASP-8 c,3003.37,12.5,4323.0,5.28,1.04,0.96,5690.0,0.17
ROXs 42 B b,2860.0,12.5,,157.0,1.0,1.33658,3433.0,
WASP-1 b,271.415,16.623,2.5199454,0.03889,1.24,1.47,6110.0,0.17
Kepler-50 c,8.2,2.17,9.37647,0.087,1.24,1.58,6225.0,0.03
BD+15 2940 b,352.78,13.7,137.48,0.539,1.1,14.7,4796.0,0.28
Kepler-87 b,324.2,13.49,114.73635,0.481,1.1,1.82,5600.0,-0.17
WASP-75 b,340.06,14.235,2.484193,0.0375,1.14,1.26,6100.0,0.07
Kepler-87 c,6.4,6.14,191.2318,0.676,1.1,1.82,5600.0,-0.17
HD 40307 b,1188.99607059,,4.3123,0.0468,0.77,0.716684,4956.0,-0.31
WTS-1 b,1274.44,16.7,3.352057,0.047,1.2,1.15,6250.0,-0.5
HD 40307 c,1868.51320475,,9.6184,0.0799,0.77,0.716684,4956.0,-0.31
CoRoT-26 b,165.26,14.12,4.20474,0.0526,1.09,1.79,5590.0,0.01
91 Aqr b,1017.0,13.1,181.4,0.7,1.4,11.0,4665.0,-0.03
tau Gem b,6547.0,12.1,305.5,1.17,2.3,26.8,4388.0,0.14
HAT-P-42 b,331.801,14.348,4.641878,0.0575,1.178,1.53,5743.0,0.27
Kepler-56 c,181.0,9.8,21.40239,0.1652,1.32,4.23,4840.0,0.2
HD 40307 d,1775.3894815,,20.432,0.1321,0.77,0.716684,4956.0,-0.31
HD 40307 f,5.2,2.13,51.76,0.247,0.77,0.716684,4956.0,-0.31
Kepler-186 e,2.15,1.27,22.407704,0.11,0.478,0.472,3788.0,-0.28
Kepler-186 c,2.1,1.25,7.267302,0.0451,0.478,0.472,3788.0,-0.28
GJ 163 c,6.8,2.5,25.63058,0.1254,0.4,0.409738,3500.0,0.1
GJ 163 d,29.4,5.92,603.95116,1.0304,0.4,0.409738,3500.0,0.1
Kepler-56 b,22.1,6.51,10.5016,0.1028,1.32,4.23,4840.0,0.2
HD 208527 b,3146.4,12.5,875.5,2.1,1.6,51.1,4035.0,-0.09
HD 40307 g,7.1,2.56,197.8,0.6,0.77,0.716684,4956.0,-0.31
Kepler-186 d,2.54,1.4,13.342996,0.0781,0.478,0.472,3788.0,-0.28
GU Psc b,3591.3,14.179,,2000.0,0.325,0.450458,4031.81,0.1
HIP 63242 b,2917.56,12.5,124.6,0.565,1.54,10.275655,4830.0,-0.31
Kepler-11 b,1.9,1.8,10.3039,0.091,0.961,1.065,5663.0,0.05
KOI-351 f,8.65,2.88,124.9144,0.48,1.2,1.2,6080.0,-0.12
CoRoT-1 b,327.35,16.7,1.5089557,0.02752,0.95,1.11,5950.0,-0.3
HAT-P-45 b,283.492,15.984,3.128992,0.0452,1.259,1.319,6330.0,0.07
HAT-P-44 b,111.871,13.922,4.301219,0.0507,0.942,0.949,5295.0,0.33
Kepler-11 e,8.0,4.19,31.9996,0.195,0.961,1.065,5663.0,0.05
HD 95086 b,1589.0,12.9,,55.7,1.6,1.48667,7595.0,0.14
BD-06 1339 b,1523.03372634,,3.8728,0.0428,0.7,0.686355,4324.0,-0.14
HD 103774 b,116.0,13.3,5.8881,0.07,1.335,1.581047,6489.0,0.28
HAT-P-44 c,1271.3,13.0,872.2,1.752,0.942,0.949,5295.0,0.33
HATS-5 b,75.323,10.223,4.763387,0.0542,0.936,0.871,5304.0,0.19
Kepler-11 g,25.0,3.33,118.3807,0.466,0.961,1.065,5663.0,0.05
KOI-351 e,7.56,2.66,91.93913,0.42,1.2,1.2,6080.0,-0.12
KOI-351 c,1.81,1.19,8.719375,0.089,1.2,1.2,6080.0,-0.12
HD 109271 b,17.162,4.31,7.8543,0.079,1.047,1.294595,5783.0,0.1
HD 109271 c,24.154,5.27,30.93,0.196,1.047,1.294595,5783.0,0.1
bet Cnc b,2479.0,12.6,605.2,1.7,1.7,47.2,4092.1,-0.29
mu Leo b,762.8,13.3,357.8,1.1,1.5,11.4,4538.2,0.36
Kepler-11 c,2.9,2.87,13.0241,0.107,0.961,1.065,5663.0,0.05
OGLE-2012-BLG-0358L b,588.0,13.4,,0.87,0.022,,,
HD 166724 b,1207.7479466,13.0,5144.0,5.42,0.81,0.797485,5127.0,-0.09
WASP-64 b,403.945,14.247,1.5732918,0.02648,1.004,1.058,5400.0,-0.08
Kepler-67 b,8.96,2.94,15.7259,0.1171,0.865,0.778,5331.0,-0.2
GJ 667 C c,3.8,1.77,28.14,0.125,0.33,,3350.0,-0.55
HAT-P-38 b,84.857,9.247,4.640382,0.0523,0.886,0.923,5330.0,0.06
WASP-7 b,305.1168,14.90797,4.9546416,0.0617,1.276,1.432,6400.0,0.0
OGLE-2011-BLG-0251L b,170.0,14.2,,2.72,0.26,,,
PH1 b,169.0,6.18,138.317,0.652,1.528,1.734,6407.0,0.21
Kepler-1544 b,3.82,1.78,168.811174,0.54465,0.81,0.74,4886.0,0.02
GJ 667 C e,2.7,1.45,62.24,0.213,0.33,,3350.0,-0.55
HD 207832 c,232.0159,14.0,1155.7,2.112,0.94,0.901,5710.0,0.06
HAT-P-39 b,190.372,17.609,3.54387,0.0509,1.404,1.625,6430.0,0.19
HD 150706 b,772.32302901,13.3,5894.0,6.7,1.17,0.96,5961.0,-0.01
HIP 57274 d,167.4,14.2,431.7,1.01,0.73,0.68,4640.0,0.09
CoRoT-2 b,1102.82,16.432,1.7429935,0.02798,0.96,0.906,5625.0,0.04
Oph 11 b,4449.62,12.3,7300000.0,243.0,0.016,0.232692,2375.0,
Kepler-418 b,349.6112477,13.45,86.67856,0.39249,0.98,1.09,5820.0,-0.05
DP Leo b,1995.88832,12.7,10220.0,8.19,0.69,0.0115,13500.0,
Kepler-58 b,35.5,2.78,10.2184954,0.09291,0.95,1.03,5843.0,0.1
Kepler-59 c,3.81,1.98,17.9801235,0.13114,1.04,0.94,6074.0,-0.2
Kepler-130 c,8.75,2.9,27.50868,0.178,1.0,1.17,5879.0,0.02
CoRoT-27 b,3302.11,11.287,3.57532,0.0476,1.05,1.08,5900.0,-0.1
HIP 105854 b,2606.1,12.6,184.2,0.81,2.1,10.305119,4780.0,0.31
Kapteyn c,7.0,2.54,121.54,0.311,0.281,0.291,3550.0,-0.89
2MASS J01225093-2439505 b,7786.5,11.209,,52.0,0.4,0.36645,3530.0,
Kepler-63 b,120.0,6.11,9.4341505,0.08,0.984,0.901,5576.0,0.05
Kepler-53 c,36.0,3.17,38.5583038,0.22091,0.98,0.89,5858.0,0.0
Kepler-54 c,0.7,1.23,12.0717249,0.0809,0.51,0.5,3705.0,-0.27
Kepler-83 c,2.03,2.36,20.09,0.11796,0.66,0.61,4082.0,-0.2
Kepler-81 b,17.2,2.42,5.955,0.0522,0.64,0.59,4385.0,-0.18
Kepler-55 c,69.8,2.21,42.1516418,0.2095,0.62,0.58,4362.0,-0.01
Kepler-59 b,4.1,1.1,11.8681707,0.09943,1.04,0.94,6074.0,-0.2
HD 82943 b,534.25,13.5,441.47,1.18306,1.08,1.1826,5935.0,0.26
HD 154857 c,819.97,13.2,3452.0,5.36,1.718,1.76,5605.0,-0.2
Kepler-62 d,14.0,1.95,18.16406,0.12,0.69,0.64,4925.0,-0.37
Kepler-62 b,9.0,1.31,5.714932,0.0553,0.69,0.64,4925.0,-0.37
Kepler-83 b,2.94,2.83,9.77,0.07295,0.66,0.61,4082.0,-0.2
POTS-1 b,734.16,10.548,3.1606296,0.03734,0.695,0.588,4400.0,-0.03
Kepler-54 b,0.98,2.1,8.0109434,0.0619,0.51,0.5,3705.0,-0.27
Kepler-55 b,43.0,2.43,27.9481449,0.1593,0.62,0.58,4362.0,-0.01
HD 82943 c,622.603,13.4,220.078,0.74345,1.08,1.1826,5935.0,0.26
Kepler-413 b,67.0,4.347,66.262,0.3553,0.82,0.7761,4700.0,-0.2
Kepler-61 b,5.27,2.15,59.87756,0.24861,0.635,0.62,4017.0,0.03
HAT-P-27 b,197.05,11.43,3.039577,0.04,0.916,0.864673,5316.0,0.3
Qatar-4 b,1938.763,12.722215,1.8053564,0.02803,0.896,0.849,5215.0,0.103
WTS-2 b,355.9696,15.277867,1.0187068,0.01855,0.82,0.752,5000.0,0.2
HD 4203 c,689.66,13.3,6700.0,6.95,0.99,1.49795,5582.0,0.34
Kepler-193 c,8.0,2.75,50.697494,0.286,1.051,1.147,6335.0,0.0
Kepler-207 b,3.09,1.57,1.611865,0.029,1.313,1.588,5920.0,0.29
Kepler-313 b,6.94,2.53,14.970418,0.125,1.114,1.536,5727.0,0.26
Kepler-120 c,2.96,1.53,12.794585,0.088,0.654,0.534,4096.0,-0.12
Kepler-238 e,169.7,5.6,23.654,0.17286,1.06,0.96,5800.0,0.34
Kepler-328 b,28.5,2.3,34.921,0.2199,1.15,1.06,6064.0,0.08
Kepler-280 b,2.7,1.45,2.139542,0.032,0.962,0.886,5744.0,0.1213
Kepler-275 c,11.4,3.38,16.088134,0.132,1.189,1.383,6165.0,0.08
Kepler-214 b,7.32,2.61,15.660544,0.13,1.11,1.352,6169.0,-0.02
Kepler-219 c,12.5,3.58,22.714613,0.165,1.164,1.491,5786.0,0.36
Kepler-331 b,3.97,1.82,8.457496,0.065,0.653,0.492,4347.0,0.1179
Kepler-340 c,11.3,3.37,22.824669,0.178,1.65,1.85,6620.0,0.06
TOI-4438 b,4.11,2.4,7.446295,0.0523,0.345,0.365,3501.0,0.07
Kepler-293 b,9.64,3.07,19.254196,0.144,0.934,0.957,5804.0,0.1
Kepler-291 b,5.31,2.16,3.546511,0.047,1.023,1.016,6002.0,0.23
Kepler-224 d,5.9,2.3,11.349393,0.089,0.777,0.676,5018.0,-0.06
Kepler-124 c,3.71,1.75,13.821375,0.1,0.706,0.636,4984.0,-0.46
Kepler-111 b,3.12,1.58,3.341815,0.046,1.171,1.157,5952.0,0.22
Kepler-148 c,12.6,3.6,4.180043,0.05,0.86,0.851,5272.0,0.14
Kepler-179 b,3.33,1.64,2.735926,0.036,0.893,0.759,5302.0,0.12
Kepler-290 c,7.75,2.7,36.77031,0.205,0.756,0.743,5147.0,-0.1
Kepler-302 c,,12.45,127.282184,0.503,1.021,1.22,5740.0,0.16
Kepler-226 b,24.0,1.55,3.940997,0.047,0.904,0.802,5571.0,0.09
Kepler-333 b,28.2,1.32,12.551158,0.087,0.601,0.534,4259.0,0.0465
Kepler-343 b,6.39,2.41,8.96855,0.088,1.055,1.433,5807.0,0.1445
Kepler-197 d,1.98,1.22,15.677563,0.119,0.857,1.12,6004.0,-0.441
TOI-762 A b,79.77493016,8.33948164,3.4716826,0.03418,0.442,0.425,3266.0,0.357
Kepler-125 b,6.21,2.37,4.164389,0.041,0.542101,0.512,3810.0,-0.14
Kepler-306 c,6.12,2.35,7.240193,0.067,0.75,0.719,4954.0,-0.13
Kepler-53 d,166.503,2.12,9.751962,0.091,0.966,0.958,6085.0,0.0
Kepler-238 d,23.1,3.07,13.233549,0.115,1.229,1.43,5751.0,0.34
Kepler-127 d,7.46,2.64,48.630408,0.28,1.248,1.359,6106.0,0.2142
Kepler-222 c,19.4,4.64,10.08881,0.091,0.933,0.869,5433.0,0.33
Kepler-257 d,21.7,4.95,24.664551,0.16,0.916,1.037,5180.0,0.4
Kepler-308 b,5.14,2.12,9.694928,0.09,0.92,0.941,5895.0,-0.04
Kepler-310 c,11.4,3.38,56.47542,0.281,0.854,0.876,5797.0,-0.12
Kepler-242 c,4.66,2.0,14.496481,0.109,0.748,0.85,5020.0,-0.02
Kepler-241 c,7.13,2.57,36.065978,0.189,0.671,0.668,4699.0,0.031
Kepler-351 c,11.1,3.19,57.24809,0.287,0.81,0.854,5643.0,-0.16
Kepler-341 c,3.53,1.7,8.01041,0.08,0.976,1.024,6012.0,0.07
Kepler-166 c,6.26,2.38,34.260281,0.195,0.811,0.742,5413.0,-0.08
Kepler-108 c,50.9,8.18,190.323494,0.721,1.247,2.192,5854.0,0.3261
Kepler-311 b,3.53,1.7,9.176092,0.087,0.994,1.188,5905.0,-0.03
Kepler-276 b,731.209,2.87,14.12841,0.119,0.845,1.046,6105.0,-0.29
Kepler-254 c,3.2,2.15,12.412183,0.105,0.849,0.91,5957.0,-0.13
Kepler-268 c,11.4,3.38,83.446393,0.391,1.109,1.274,6081.0,0.0009
Kepler-321 c,5.99,2.32,13.093921,0.11,1.024,1.194,5740.0,0.121
Kepler-349 b,94.5,1.9,5.929778,0.065,1.083,0.927,5956.0,0.1509
Kepler-108 b,56.0,8.65,49.183921,0.292,1.247,2.192,5854.0,0.3261
Kepler-264 b,11.1,3.33,40.806231,0.249,1.426,1.55,6158.0,0.0469
Kepler-279 b,4180.93,3.62,12.309681,0.112,1.2,1.746,6363.0,-0.1141
Kepler-286 c,2.45,1.37,3.468095,0.042,0.83,0.863,5580.0,-0.25
Kepler-171 c,7.08,2.56,11.463462,0.098,0.978,0.839,5642.0,0.17
Kepler-238 b,3305.02,1.73,2.090876,0.034,1.229,1.43,5751.0,0.34
Kepler-329 c,4.38,1.93,18.684737,0.113,0.602,0.523,4257.0,-0.44
Kepler-345 c,2.2,1.2,9.387427,0.077,0.61,0.623,4504.0,0.1905
Kepler-263 b,7.61,2.67,16.568087,0.12,0.793,0.785,5265.0,-0.0314
Kepler-268 b,7.04,2.55,25.934138,0.18,1.109,1.274,6081.0,0.0009
Kepler-287 b,83.0,2.33,20.342199,0.145,0.963,1.032,5806.0,0.117
Kepler-290 b,5.69,2.25,14.589347,0.11,0.756,0.743,5147.0,-0.1
Kepler-148 b,3.89,1.8,1.729366,0.028,0.86,0.851,5272.0,0.14
HD 13908 c,1630.4,12.8,931.0,2.03,1.29,1.67,6255.0,0.01
HD 159243 b,359.13,13.7,12.62,0.11,1.125,1.12,6123.0,0.05
Kepler-292 d,5.6,2.23,7.055679,0.068,0.865,0.826,5299.0,0.04
Kepler-297 c,42.1,6.54,74.920137,0.336,0.927,0.915,5619.0,-0.11
Kepler-150 e,9.91,3.12,30.826557,0.189,0.956,0.939,5560.0,0.12
Kepler-178 c,8.65,2.88,20.552802,0.142,0.852,1.066,5676.0,-0.04
HD 73526 c,715.09,13.3,379.1,1.03,1.014,1.53,5601.0,0.22
HD 106906 b,3496.0,12.4,,650.0,1.5,2.12351,6516.0,0.04
Kepler-267 b,37.9,1.98,3.353728,0.037,0.541571,0.555,4258.0,-0.18
Kepler-273 b,2.86,1.5,2.936532,0.037,0.756,0.815,5626.0,-0.28
Kepler-306 b,2.92,1.52,4.646186,0.05,0.75,0.719,4954.0,-0.13
Kepler-309 c,6.85,2.51,105.356383,0.401,0.816,0.721,4713.0,0.27
Kepler-207 c,2.86,1.5,3.071571,0.044,1.313,1.588,5920.0,0.29
Kepler-224 b,2.51,1.39,3.132924,0.038,0.777,0.676,5018.0,-0.06
Kepler-265 c,7.41,2.63,17.028937,0.127,0.97,1.103,5835.0,-0.11
Kepler-269 b,6.66,2.47,5.326718,0.061,0.92,0.959,5847.0,0.4
Kepler-119 c,0.721,0.92,4.125103,0.049,0.918,0.839,5595.0,0.01
Kepler-130 b,1.04,1.02,8.457458,0.079,0.927,1.127,5884.0,-0.199
Kepler-235 e,5.56,2.22,46.183669,0.213,0.581,0.554,4255.0,-0.51
Kepler-228 b,2.96,1.53,2.566546,0.038,1.006,1.014,6043.0,0.18
Kepler-305 b,10.5,3.6,5.487,0.05746,0.76,0.8,5080.0,0.09
Kepler-277 c,64.2,3.36,33.006,0.21781,1.12,1.69,5946.0,0.09
Kepler-301 b,2.39,1.35,2.508553,0.036,1.022,0.9,5815.0,0.187
Kepler-300 c,5.69,2.25,40.714955,0.232,1.07,0.9,5986.0,0.04
Kepler-133 b,3.75,1.76,8.129976,0.083,1.02,1.425,5736.0,0.282
Kepler-152 c,6.3,2.39,88.255055,0.356,0.779,0.724,5088.0,-0.12
Kepler-299 c,7.51,2.65,6.885875,0.07,1.004,1.032,5617.0,0.12
Kepler-298 b,4.5,1.96,10.475464,0.08,0.66,0.582,4465.0,-0.21
Kepler-157 b,2.3,1.32,1.732342,0.028,0.95,1.044,5774.0,-0.0593
Kepler-162 b,2.13,1.26,6.919798,0.069,1.053,0.958,5816.0,0.1
Kepler-249 d,3.09,1.57,15.368459,0.097,0.510238,0.482,3568.0,-0.34
Kepler-254 d,6.8,2.5,18.746477,0.139,0.849,0.91,5957.0,-0.13
Kepler-114 c,2.8,1.6,8.041,0.06482,0.56,0.54,4660.0,0.2291
Kepler-145 b,37.1,2.65,22.951,0.17308,1.32,1.85,6022.0,-0.0014
Kepler-295 b,1.98,1.22,12.645164,0.099,0.89,0.898,5603.0,-0.03
Kepler-288 c,8.5,2.85,19.305772,0.14,0.842,1.091,5918.0,-0.24
Kepler-286 d,2.33,1.33,5.914323,0.061,0.83,0.863,5580.0,-0.25
Kepler-312 c,10.1,3.15,19.747412,0.153,1.314,1.467,6115.0,0.15
Kepler-287 c,66.0,3.26,44.851896,0.246,0.963,1.032,5806.0,0.117
Kepler-285 b,2.36,1.34,2.633867,0.036,0.915,0.808,5411.0,0.17
Kepler-178 d,14.8,3.95,96.678988,0.397,0.852,1.066,5676.0,-0.04
Kepler-183 b,4.9,2.06,5.687945,0.064,0.99,0.958,5888.0,0.11
Kepler-315 b,13.7,3.77,96.101141,0.402,0.831,1.037,5796.0,-0.27
Kepler-316 c,1.65,1.16,6.827766,0.058,0.587,0.52,4204.0,-0.23
Kepler-284 b,5.65,2.24,12.699149,0.104,0.766,0.814,5615.0,-0.26
Kepler-281 c,161.124,5.31,36.337373,0.215,0.95,0.899,5723.0,0.02
Kepler-85 d,8.69679,1.2,17.91323,0.13,0.947,0.893,5436.0,0.12
Kepler-353 b,0.64,0.89,5.795278,0.051,0.553,0.504,3903.0,-0.12
Kepler-372 c,5.02,2.09,20.053763,0.154,1.202,1.137,6509.0,-0.13
Kepler-374 c,1.37,1.1,3.282807,0.042,1.033,0.911,5977.0,0.1111
Kepler-151 c,5.02,2.09,24.674612,0.16,0.87,0.83,5460.0,0.1245
Kepler-386 c,3.12,1.58,25.193458,0.155,0.825,0.767,5178.0,0.07
Kepler-213 c,6.08,2.34,4.822962,0.057,1.07,1.195,5696.0,0.15
Kepler-211 b,2.13,1.26,4.138575,0.048,0.867,0.816,5123.0,0.151
Kepler-355 b,2.73,1.46,11.03189,0.102,0.933,1.066,6184.0,-0.06
Kepler-356 b,3.09,1.57,4.612696,0.057,1.163,1.335,6133.0,-0.0226
Kepler-355 c,7.8,2.71,25.762294,0.179,0.933,1.066,6184.0,-0.06
Kepler-356 c,3.93,1.81,13.121632,0.115,1.163,1.335,6133.0,-0.0226
Kepler-387 b,1.08,1.03,6.791636,0.068,0.85,1.046,5774.0,-0.3
Kepler-388 b,0.457,0.81,3.173315,0.036,0.635,0.586,4498.0,0.0
Kepler-404 b,2.15,1.27,11.829851,0.102,0.86,0.884,5654.0,-0.03
Kepler-221 d,3.61,2.73,10.04156,0.087,0.854,0.821,5243.0,0.0616
Kepler-357 b,4.04,1.84,6.475434,0.063,0.794,0.834,5036.0,0.06
Kepler-358 b,7.85,2.72,34.060467,0.21,0.94,0.954,5908.0,0.035
Kepler-376 c,3.86,1.79,14.172327,0.115,0.968,1.175,5900.0,-0.1038
Kepler-378 b,0.347,0.75,16.092361,0.112,0.78,0.671,4661.0,0.1369
Kepler-389 b,2.89,1.51,3.244107,0.041,0.765,0.792,5376.0,-0.1
Kepler-118 b,4.5,1.96,7.518496,0.073,0.811,1.094,5274.0,0.18
Kepler-359 b,12.2,3.53,25.563222,0.178,0.827,1.086,6248.0,-0.29
Kepler-363 c,66.4,1.69,7.542427,0.079,1.226,1.485,5593.0,0.3965
Kepler-379 c,5.86,2.29,62.784697,0.326,1.125,1.306,6054.0,0.09
Kepler-112 c,6.35,2.4,28.574263,0.172,0.782,0.841,5544.0,-0.5221
Kepler-163 b,1.16,1.05,7.810937,0.078,0.882,0.917,5776.0,0.1412
Kepler-390 b,0.477,0.82,6.738088,0.065,0.787,0.776,5166.0,-0.0443
Kepler-52 d,88.8775,1.95,36.445171,0.182,0.577,0.556,4263.0,0.0
Kepler-231 b,35.4,1.73,10.065275,0.074,0.58,0.49,3767.0,-0.1
Kepler-357 d,11.6,3.43,49.499875,0.246,0.794,0.834,5036.0,0.06
Kepler-358 c,8.5,2.85,83.488369,0.381,0.94,0.954,5908.0,0.035
Kepler-139 b,7.0,2.94,15.771044,0.127,1.078,1.3,5594.0,0.35
Kepler-172 d,5.69,2.25,14.627119,0.118,1.081,1.085,5526.0,0.39
Kepler-237 b,2.57,1.41,4.715106,0.05,0.696,0.725,4861.0,0.22
Kepler-235 c,2.18,1.28,7.824904,0.065,0.581,0.554,4255.0,-0.51
Kepler-363 b,1.65,1.16,3.614568,0.048,1.226,1.485,5593.0,0.3965
Kepler-272 b,78.0,1.43,2.971353,0.038,0.91,0.929,5297.0,0.04
Kepler-353 c,2.48,1.38,8.410894,0.065,0.553,0.504,3903.0,-0.12
Kepler-359 c,2.9,4.3,57.68802,0.307,0.827,1.086,6248.0,-0.29
Kepler-173 b,2.21,1.29,4.263742,0.048,1.067,0.949,6031.0,0.0357
Kepler-175 c,9.8,3.1,34.035257,0.213,0.969,1.01,6064.0,0.04
Kepler-141 c,2.57,1.41,7.010606,0.067,0.878,0.787,4910.0,0.2643
Kepler-239 c,6.85,2.51,56.228098,0.268,0.757,0.763,4914.0,0.17
Kepler-367 c,1.87,1.2,53.578637,0.253,0.768,0.695,4710.0,0.1974
Kepler-143 c,11.3,3.37,27.082511,0.181,0.982,1.359,5848.0,-0.01
Kepler-360 b,3.36,1.65,3.289672,0.044,0.994,1.058,6053.0,0.15
Kepler-49 e,1.03815,1.56,18.596108,0.116,0.549,0.559,4252.0,0.03
Kepler-140 b,3.22,1.61,3.25427,0.045,1.044,1.288,6077.0,-0.039
Kepler-392 b,0.972,1.0,5.341853,0.059,0.874,1.129,5938.0,-0.4362
Kepler-243 c,4.62,1.99,20.026218,0.142,0.904,0.842,5228.0,0.26
Kepler-374 d,2.27,1.31,5.028219,0.056,1.033,0.911,5977.0,0.1111
Kepler-375 b,2.7,1.45,12.125934,0.101,0.891,0.837,5826.0,-0.04
Kepler-116 c,5.9,2.3,13.07163,0.116,1.198,1.454,6142.0,0.07
Kepler-280 c,4.7,2.01,4.807091,0.056,0.962,0.886,5744.0,0.1213
Kepler-133 c,8.45,2.84,31.517586,0.204,1.02,1.425,5736.0,0.282
Kepler-246 c,2.86,1.5,11.187161,0.095,0.853,0.831,5206.0,0.2
Kepler-251 e,8.1,2.77,99.640161,0.404,0.891,0.89,5526.0,-0.06
Kepler-326 c,17.4,1.4,4.580358,0.051,0.91,0.801,5105.0,0.2385
K2-24 b,20.6,5.638,20.8895961,0.1673,1.091,1.185,5726.0,0.41
Kepler-281 b,324.0,2.82,14.646008,0.117,0.95,0.899,5723.0,0.02
Kepler-288 b,3.43,1.67,6.097326,0.065,0.842,1.091,5918.0,-0.24
Kepler-393 b,2.21,1.29,9.182417,0.091,1.256,1.382,6189.0,0.0322
Kepler-394 b,3.19,1.6,8.005013,0.083,0.87,1.132,6402.0,-0.3
Kepler-26 e,6.39,2.41,46.827915,0.22,0.593,0.571,4486.0,-0.21
Kepler-255 b,3.02,1.55,5.714606,0.063,0.867,0.933,5573.0,0.3386
Kepler-344 b,7.32,2.61,21.963945,0.153,0.931,0.976,5774.0,0.0399
Kepler-342 b,5.69,2.25,15.170318,0.128,1.213,1.472,6175.0,-0.0006
Kepler-291 c,4.19,1.88,5.700786,0.065,1.023,1.016,6002.0,0.23
Kepler-293 c,14.0,3.83,54.155743,0.286,0.934,0.957,5804.0,0.1
Kepler-189 b,1.92,1.21,10.399931,0.088,0.803,0.75,5235.0,-0.04
Kepler-191 c,4.12,1.86,17.738506,0.128,0.857,0.789,5282.0,0.13
Kepler-258 c,12.7,3.61,33.653079,0.193,0.82,0.915,4942.0,0.3031
Kepler-337 c,4.86,2.05,9.693201,0.093,1.081,1.761,5684.0,0.07
Kepler-298 c,4.38,1.93,22.92881,0.136,0.66,0.582,4465.0,-0.21
Kepler-300 b,3.43,1.67,10.446347,0.094,1.07,0.9,5986.0,0.04
Kepler-137 b,2.76,1.47,8.436387,0.077,0.85,0.802,5187.0,0.05
Kepler-261 c,4.66,2.0,24.570858,0.156,0.834,0.794,5098.0,0.1621
Kepler-265 b,4.12,1.86,6.846262,0.069,0.97,1.103,5835.0,-0.11
Kepler-339 b,2.6,1.42,4.977656,0.055,0.87,0.802,5631.0,0.033
Kepler-325 b,8.8,2.91,4.544439,0.053,0.914,1.003,5752.0,0.02
Kepler-126 b,4.11726105,1.52,10.495711,0.099,1.108,1.358,6239.0,-0.16
Kepler-380 b,1.81,1.19,3.930821,0.05,0.99,1.224,6045.0,-0.16
Kepler-397 c,31.6,6.18,135.498527,0.48,0.844,0.767,5307.0,-0.24
TOI-4504 b,140.0,2.65,2.4261516,0.0338,0.875,0.93,5315.0,0.16
Kepler-188 b,3.46,1.68,2.061897,0.032,1.021,1.141,6021.0,0.15
Kepler-362 c,2.7,1.45,37.866281,0.207,0.904,0.722,5788.0,-0.12
Kepler-136 c,4.62,1.99,16.399235,0.133,1.204,1.355,6165.0,0.0002
Kepler-381 c,1.46,1.12,13.391635,0.117,1.144,1.568,6152.0,-0.2016
Kepler-398 b,0.749,0.93,4.081423,0.044,0.649,0.613,4493.0,0.0528
Kepler-136 b,19.8,2.05,11.5789,0.106,1.204,1.355,6165.0,0.0002
Kepler-272 d,5.69,2.25,10.937304,0.091,0.91,0.929,5297.0,0.04
Kepler-206 d,1.81,1.19,23.44281,0.163,0.957,1.185,5764.0,0.0213
Kepler-141 b,0.257,0.69,3.107675,0.039,0.878,0.787,4910.0,0.2643
Kepler-399 d,4.23,1.89,58.034616,0.261,0.902,0.68,5502.0,0.14
Kepler-400 b,3.36,1.65,9.024389,0.087,1.08,1.145,5886.0,0.0844
Kepler-366 b,2.73,1.46,3.281959,0.045,1.088,1.048,6209.0,-0.06
Kepler-367 b,2.24,1.3,37.815724,0.201,0.768,0.695,4710.0,0.1974
Kepler-135 b,3.93,1.81,6.00253,0.067,1.047,1.275,6090.0,-0.105
Kepler-383 b,2.3,1.32,12.904532,0.095,0.669,0.672,4710.0,-0.1785
Kepler-401 b,3.57,1.71,14.383035,0.122,1.173,1.333,6117.0,0.0
Kepler-402 c,3.05,1.56,6.124821,0.068,1.072,1.264,6090.0,-0.08
Kepler-351 b,4.8,3.06,37.054919,0.214,0.81,0.854,5643.0,-0.16
Kepler-350 b,16.9,1.85,11.189562,0.104,1.19,1.534,6186.0,0.041
Kepler-369 c,2.57,1.41,14.871572,0.094,0.5,0.471,3591.0,-0.09
Kepler-371 b,4.23,1.89,34.763278,0.2,0.876,0.992,5666.0,-0.1975
Kepler-147 b,2.96,1.53,12.610584,0.113,1.145,1.468,6012.0,0.1
Kepler-132 d,3.02,1.55,18.010199,0.136,0.929,1.178,6003.0,-0.2159
Kepler-200 c,3.15,1.59,10.222157,0.09,0.972,0.944,5678.0,-0.006
Kepler-215 e,3.71,1.75,68.16101,0.314,0.788,1.027,5739.0,-0.4425
Kepler-347 c,3.71,1.75,27.320871,0.183,0.922,1.005,6088.0,-0.14
Kepler-202 b,3.29,1.63,4.069427,0.045,0.683,0.667,4668.0,-0.21
Kepler-84 f,5.48,2.2,44.552169,0.25,1.06,1.169,6031.0,-0.07
Kepler-310 b,1.81,1.19,13.930698,0.111,0.854,0.876,5797.0,-0.12
Kepler-270 c,3.78,1.77,25.262887,0.18,1.17,1.461,6067.0,0.15
Kepler-24 d,293.959,1.67,4.244384,0.051,1.046,1.289,5897.0,-0.0708
Kepler-217 c,4.08,1.85,8.586004,0.089,1.342,1.799,6171.0,-0.07
Kepler-220 e,2.33,1.33,45.902733,0.226,0.729,0.666,4632.0,-0.1738
Kepler-313 c,7.13,2.57,32.273273,0.208,1.114,1.536,5727.0,0.26
Kepler-311 c,2.63,1.43,19.738286,0.145,0.994,1.188,5905.0,-0.03
Kepler-282 c,1.87,1.2,13.638723,0.106,0.86,0.904,5602.0,-0.2
Kepler-286 e,3.78,1.77,29.221289,0.176,0.83,0.863,5580.0,-0.25
Kepler-204 b,6.94,2.53,14.400974,0.117,1.038,1.238,5812.0,0.07
Kepler-359 d,2.7,4.01,77.095691,0.372,0.827,1.086,6248.0,-0.29
Kepler-314 b,0.498,0.83,2.461069,0.035,0.99,0.95,5378.0,0.322
Kepler-316 b,1.2,1.06,2.240508,0.027,0.587,0.52,4204.0,-0.23
Kepler-288 d,7.61,2.67,56.633742,0.287,0.842,1.091,5918.0,-0.24
Kepler-149 b,16.5,4.21,29.198943,0.184,1.013,0.953,5381.0,0.3805
Kepler-372 b,2.42,1.36,6.849692,0.075,1.202,1.137,6509.0,-0.13
Kepler-205 b,2.89,1.51,2.75564,0.032,0.592,0.546,4321.0,-0.1254
Kepler-361 b,2.7,1.45,8.486616,0.086,1.191,1.343,6169.0,0.04
Kepler-317 c,3.61,1.72,8.77501,0.083,0.865,0.941,5497.0,0.13
Kepler-319 d,5.86,2.29,31.781925,0.191,0.933,0.903,5526.0,0.06
Kepler-295 d,2.42,1.36,33.884054,0.192,0.89,0.898,5603.0,-0.03
Kepler-308 c,5.31,2.16,15.38231,0.123,0.92,0.941,5895.0,-0.04
Kepler-234 b,13.2,3.7,2.711506,0.04,1.129,1.113,6224.0,0.22
Kepler-378 c,0.271,0.7,28.906009,0.166,0.78,0.671,4661.0,0.1369
Kepler-321 b,3.78,1.77,4.915379,0.057,1.024,1.194,5740.0,0.121
Kepler-322 b,1.01,1.01,1.653888,0.027,0.908,0.89,5388.0,0.12
Kepler-397 b,6.62,2.46,22.250949,0.144,0.844,0.767,5307.0,-0.24
Kepler-198 b,8.35,2.82,17.790037,0.131,0.995,0.94,5574.0,0.1142
Kepler-386 b,2.51,1.39,12.31043,0.096,0.825,0.767,5178.0,0.07
Kepler-206 c,3.78,1.77,13.137471,0.111,0.957,1.185,5764.0,0.0213
Kepler-173 c,6.48,2.43,8.005777,0.074,1.067,0.949,6031.0,0.0357
Kepler-250 b,1.51,1.13,4.148141,0.048,0.806,0.805,5160.0,0.01
Kepler-325 c,6.99,2.54,12.762172,0.105,0.914,1.003,5752.0,0.02
Kepler-157 c,5.65,2.24,13.5405,0.11,0.95,1.044,5774.0,-0.0593
Kepler-392 c,1.37,1.1,10.423118,0.093,0.874,1.129,5938.0,-0.4362
Kepler-365 c,3.33,1.64,17.784129,0.137,1.02,1.048,6012.0,-0.218
Kepler-243 b,6.57,2.45,5.715442,0.062,0.904,0.842,5228.0,0.26
Kepler-402 e,2.73,1.46,11.242861,0.102,1.072,1.264,6090.0,-0.08
Kepler-402 d,2.48,1.38,8.921099,0.087,1.072,1.264,6090.0,-0.08
Kepler-147 c,6.48,2.43,33.416423,0.216,1.145,1.468,6012.0,0.1
Kepler-183 c,35.7,2.27,11.637071,0.103,0.99,0.958,5888.0,0.11
Kepler-244 b,8.05,2.76,4.311792,0.05,0.933,0.803,5554.0,0.07
Kepler-209 b,5.73,2.26,16.087845,0.122,0.971,0.935,5513.0,0.11
Kepler-127 b,2.54,1.4,14.435889,0.125,1.248,1.359,6106.0,0.2142
Kepler-403 c,3.71,1.75,54.280749,0.297,1.299,1.329,6090.0,0.079
Kepler-376 b,1.24,1.07,4.920199,0.057,0.968,1.175,5900.0,-0.1038
Kepler-331 c,4.04,1.84,17.28111,0.105,0.653,0.492,4347.0,0.1179
Kepler-256 e,6.12,2.35,10.681572,0.096,1.037,1.301,5551.0,0.26
Kepler-209 c,9.8,3.1,41.749882,0.231,0.971,0.935,5513.0,0.11
Kepler-229 d,14.2,3.85,41.194912,0.22,0.808,0.728,5120.0,0.06
Kepler-237 c,4.98,2.08,8.103636,0.071,0.696,0.725,4861.0,0.22
Kepler-383 c,2.07,1.24,31.200751,0.172,0.669,0.672,4710.0,-0.1785
Kepler-333 c,1.41,1.11,24.08821,0.135,0.601,0.534,4259.0,0.0465
Kepler-334 d,2.57,1.41,25.09849,0.168,1.022,1.068,5828.0,-0.012
Kepler-156 c,7.04,2.55,15.906801,0.117,0.864,0.807,5094.0,0.2535
Kepler-405 c,19.6,4.66,29.726682,0.188,0.873,0.893,5818.0,-0.06
Kepler-274 c,4.04,1.84,33.197861,0.204,0.883,1.007,6023.0,-0.2112
Kepler-315 c,16.1,4.15,265.469335,0.791,0.831,1.037,5796.0,-0.27
Kepler-387 c,0.64,0.89,11.837549,0.098,0.85,1.046,5774.0,-0.3
Kepler-388 c,0.566,0.86,13.297004,0.093,0.635,0.586,4498.0,0.0
Kepler-337 b,2.99,1.54,3.292781,0.045,1.081,1.761,5684.0,0.07
Kepler-134 c,2.13,1.26,10.105785,0.092,0.956,1.176,5983.0,-0.2067
Kepler-140 c,3.89,1.8,91.353282,0.414,1.044,1.288,6077.0,-0.039
Kepler-159 b,6.26,2.38,10.139623,0.082,0.628,0.663,4625.0,-0.04
Kepler-320 c,2.45,1.37,17.934937,0.142,1.072,1.108,6435.0,-0.1228
Kepler-292 c,2.76,1.47,3.715335,0.045,0.865,0.826,5299.0,0.04
Kepler-149 c,3.22,1.61,55.328328,0.281,1.013,0.953,5381.0,0.3805
Kepler-164 b,2.57,1.41,5.03503,0.058,1.036,1.148,5888.0,0.0
Kepler-320 b,1.55,1.14,8.371554,0.085,1.072,1.108,6435.0,-0.1228
Kepler-395 b,1.08,1.03,7.054346,0.061,0.622827,0.556,4262.0,-0.02
Kepler-341 d,4.08,1.85,27.666313,0.182,0.976,1.024,6012.0,0.07
Kepler-341 e,4.62,1.99,42.473269,0.242,0.976,1.024,6012.0,0.07
Kepler-169 b,1.51,1.13,3.250619,0.04,0.825,0.763,4997.0,0.17
Kepler-169 f,7.18,2.58,87.090195,0.359,0.825,0.763,4997.0,0.17
Kepler-332 c,1.32,1.09,15.995622,0.114,0.743,0.72,4955.0,-0.13
Kepler-143 b,6.39,2.41,16.007583,0.127,0.982,1.359,5848.0,-0.01
Kepler-299 b,2.3,1.32,2.927128,0.04,1.004,1.032,5617.0,0.12
Kepler-301 c,2.39,1.35,5.419026,0.06,1.022,0.9,5815.0,0.187
Kepler-342 d,6.76,2.49,39.459357,0.242,1.213,1.472,6175.0,-0.0006
Kepler-233 c,7.8,2.71,60.418955,0.287,0.855,0.758,5360.0,-0.09
Kepler-171 d,4.23,1.89,39.595519,0.223,0.978,0.839,5642.0,0.17
HD 60779 b,14.19,3.246,29.986175,0.1922,1.05,1.129,6081.0,-0.12
Kepler-335 c,9.64,3.07,67.844469,0.356,1.367,1.854,5877.0,0.278
Kepler-332 d,1.76,1.18,34.21154,0.189,0.743,0.72,4955.0,-0.13
Kepler-262 b,2.42,1.36,13.060855,0.108,0.816,0.881,5841.0,-0.3382
Kepler-263 c,6.66,2.47,47.332773,0.242,0.793,0.785,5265.0,-0.0314
Kepler-191 b,2.36,1.34,9.939632,0.087,0.857,0.789,5282.0,0.13
Kepler-197 e,0.693,0.91,25.209715,0.164,0.857,1.12,6004.0,-0.441
Kepler-200 b,5.18,2.13,8.594805,0.08,0.972,0.944,5678.0,-0.006
Kepler-201 b,6.62,2.46,25.672083,0.175,1.098,1.229,6065.0,-0.0442
Kepler-84 e,7.27,2.6,27.434389,0.181,1.06,1.169,6031.0,-0.07
Kepler-265 e,7.22,2.59,67.831024,0.319,0.97,1.103,5835.0,-0.11
Kepler-24 e,26.2118,2.78,18.998355,0.138,1.046,1.289,5897.0,-0.0708
Kepler-441 b,3.33,1.64,207.2482,0.64,0.572,0.55,4340.0,-0.57
Kepler-253 c,7.51,2.65,10.281951,0.089,0.86,0.786,5208.0,0.15
Kepler-214 c,5.18,2.13,28.7798,0.194,1.11,1.352,6169.0,-0.02
Kepler-170 c,8.55,2.86,16.665863,0.131,1.066,1.035,5679.0,0.39
Kepler-205 c,3.33,1.64,20.306546,0.122,0.592,0.546,4321.0,-0.1254
CoRoT-22 b,12.2,4.88,9.75598,0.092,1.099,1.136,5939.0,0.17
Kepler-437 b,5.22,2.14,66.65062,0.288,0.707,0.68,4551.0,0.0
Kepler-192 b,7.95,2.74,9.926746,0.09,1.028,1.007,5479.0,0.357
Kepler-254 b,14.3,3.87,5.826662,0.064,0.849,0.91,5957.0,-0.13
Kepler-196 c,5.65,2.24,47.427737,0.24,0.839,0.782,5128.0,0.03
Kepler-101 b,51.1,5.77,3.4876812,0.0474,1.17,1.56,5667.0,0.33
Kepler-439 b,5.65,2.24,178.1396,0.563,0.884,0.866,5431.0,0.02
Kepler-256 c,5.27,2.15,3.38802,0.045,1.037,1.301,5551.0,0.26
Kepler-216 c,9.48,3.04,17.406669,0.136,1.126,1.26,6091.0,-0.1489
Kepler-184 c,8.8,1.97,20.303005,0.141,0.872,0.873,5788.0,-0.1958
KIC 10001893 d,,,0.81161,,0.47,0.18,27500.0,-0.093
KIC 10001893 b,,,0.2197,,0.47,0.18,27500.0,-0.093
HD 113538 c,295.57,13.8,1818.0,2.44,0.585,0.53,4462.0,-0.24
HD 30669 b,149.37,14.3,1684.0,2.69,0.92,0.91,5400.0,0.13
Kepler-217 b,5.6,2.23,5.374943,0.065,1.342,1.799,6171.0,-0.07
Kepler-83 d,4.1,1.94,5.169796,0.051,0.58,0.594,4648.0,-0.2
Kepler-253 d,10.2,3.17,18.119869,0.13,0.86,0.786,5208.0,0.15
Kepler-424 c,2215.18,12.7,223.3,0.73,1.01,0.94,5460.0,0.44
Kepler-422 b,136.66,12.89,7.8914483,0.082,1.15,1.24,5972.0,0.23
Kepler-445 c,6.85,2.51,4.871229,0.0301,0.18,0.21,3157.0,0.27
Kepler-446 b,2.86,1.5,1.565409,0.0182,0.22,0.24,3359.0,-0.3
Kepler-259 b,8.25,2.8,8.115317,0.079,0.867,0.898,5938.0,-0.09
Kepler-193 b,6.3,2.39,11.38848,0.106,1.051,1.147,6335.0,0.0
Kepler-215 b,3.26,1.62,9.360672,0.084,0.788,1.027,5739.0,-0.4425
Kepler-192 c,8.2,2.79,21.2234,0.15,1.028,1.007,5479.0,0.357
Kepler-426 b,108.06,12.22,3.21751883,0.0414,0.91,0.92,5725.0,-0.21
Kepler-424 b,327.35,9.98,3.3118644,0.044,1.01,0.94,5460.0,0.44
Kepler-427 b,92.17,13.79,10.290994,0.091,0.96,1.35,5800.0,-0.19
HD 103720 b,197.046,14.1,4.5557,0.0498,0.794,0.73,5017.0,-0.02
Kepler-434 b,908.96,12.67,12.8747099,0.1143,1.198,1.38,5977.0,0.25
Kepler-221 c,9.3,2.93,5.690586,0.059,0.854,0.821,5243.0,0.0616
Kepler-222 b,10.1,3.16,3.936981,0.048,0.933,0.869,5433.0,0.33
Kepler-94 c,3126.0,12.5,820.3,1.596806621,0.81,0.76,4781.0,0.34
Kepler-48 e,657.0,13.4,982.0,1.898274748,0.88,0.89,5194.0,0.17
Kepler-428 b,403.63,12.11,3.52563254,0.0433,0.87,0.8,5150.0,0.09
Kepler-425 b,79.45,10.962,3.79701816,0.0464,0.93,0.86,5170.0,0.24
Kepler-224 c,9.91,3.12,5.925003,0.058,0.777,0.676,5018.0,-0.06
Kepler-407 c,4000.0,12.3,3000.0,3.27090369,1.0,1.01,5476.0,0.33
Kepler-106 c,10.44,2.5,13.5708,0.10987,1.0,1.04,5858.0,-0.12
TYC 1422-614-1 b,794.5,13.3,198.4,0.69,1.15,6.85,4806.0,-0.2
TYC 1422-614-1 c,3178.0,12.5,559.3,1.37,1.15,6.85,4806.0,-0.2
Kepler-445 b,3.12,1.58,2.984151,0.0217,0.18,0.21,3157.0,0.27
Kepler-446 d,2.39,1.35,5.148921,0.0403,0.22,0.24,3359.0,-0.3
Kepler-164 c,7.9,2.73,10.945723,0.097,1.036,1.148,5888.0,0.0
Kepler-165 b,5.99,2.32,8.180848,0.072,0.746,0.77,5211.0,-0.25
OGLE-2005-BLG-071L b,1200.0,13.0,,3.6,0.46,,,
OGLE-2008-BLG-092L b,57.0,8.74,,15.0,0.71,,,
Kepler-246 b,6.08,2.34,4.60182,0.052,0.853,0.831,5206.0,0.2
Kepler-226 c,45.2,2.27,5.349555,0.058,0.904,0.802,5571.0,0.09
Kepler-227 b,9.85,3.11,9.488015,0.09,0.954,1.091,5854.0,0.1
Kepler-113 b,11.7,1.82,4.754,0.05123,0.75,0.69,4725.0,0.05
Kepler-48 d,7.93,2.04,42.8961,0.23302,0.88,0.89,5194.0,0.17
Qatar-2 b,792.635,14.056,1.33711647,0.02153,0.743,0.776,4645.0,0.02
Kepler-117 c,584.78,12.341,50.790391,0.2804,1.129,1.606,6150.0,-0.04
Kepler-161 b,2.63,2.12,4.921355,0.054,0.853,0.806,5078.0,0.24
Kepler-153 b,8.85,2.92,18.870227,0.129,0.756,0.892,5404.0,-0.27
Kepler-229 c,21.5,4.92,16.068638,0.117,0.808,0.728,5120.0,0.06
Kepler-100 d,3.0,1.61,35.3331,0.21747,1.08,1.49,5825.0,0.02
Kepler-98 b,3.55,1.99,1.54168,0.02614,0.99,1.11,5539.0,0.18
Kepler-117 b,29.875,8.059,18.7959228,0.1445,1.129,1.606,6150.0,-0.04
Kepler-430 b,10.6,3.25,35.968,0.2244,1.166,1.485,5884.0,0.2
Kepler-230 b,16.8,4.26,32.625555,0.191,0.784,0.817,5588.0,-0.21
Kepler-166 b,5.77,2.27,7.650254,0.072,0.811,0.742,5413.0,-0.08
Kepler-131 b,16.13,2.41,16.092,0.12789,1.02,1.03,5685.0,0.12
Kepler-406 b,6.35,1.43,2.42629,0.03599,1.07,1.07,5538.0,0.18
Kepler-249 c,2.89,1.51,7.113702,0.058,0.510238,0.482,3568.0,-0.34
Kepler-162 c,9.43,3.03,19.446355,0.137,1.053,0.958,5816.0,0.1
Kepler-180 c,9.32,3.01,41.885775,0.229,0.95,1.063,5731.0,0.03
Kepler-182 c,11.6,3.43,20.684342,0.157,1.114,1.146,6250.0,0.072
HD 10180 c,2741.58783878,,5.75969,0.06412,1.06,1.109,5911.0,0.08
Kepler-174 b,4.5,1.96,13.98179,0.1,0.602,0.622,4880.0,-0.56
Kepler-176 c,1.33,2.6,12.759712,0.102,0.86,0.891,5232.0,0.13
Kepler-96 b,8.46,2.67,16.2385,0.1261,1.0,1.02,5690.0,0.04
Kepler-48 b,3.94,1.88,4.778,0.05394,0.88,0.89,5194.0,0.17
HD 10180 d,3295.88058059,,16.357,0.12859,1.06,1.109,5911.0,0.08
HD 10180 e,25.1,5.39,49.748,0.2699,1.06,1.109,5911.0,0.08
Kepler-55 d,3.15,1.59,2.211099,0.029,0.631,0.619,4503.0,-0.01
Kepler-187 c,7.61,2.67,10.640263,0.099,1.081,1.287,6105.0,-0.04
Kepler-233 b,6.48,2.43,8.472382,0.077,0.855,0.758,5360.0,-0.09
Kepler-234 c,12.1,3.51,7.21205,0.077,1.129,1.113,6224.0,0.22
MOA-2011-BLG-322L b,3690.0,12.4,,4.3,0.39,,,
CoRoT-24 b,5.7,3.7,5.1134,0.056,0.91,0.86,4950.0,0.3
HD 10180 h,64.4,9.4,2205.0,3.381,1.06,1.109,5911.0,0.08
Kepler-440 b,4.12,1.86,101.11141,0.242,0.575,0.559,4134.0,-0.3
Kepler-251 c,8.1,2.77,16.514043,0.122,0.891,0.89,5526.0,-0.06
Kepler-146 c,9.96,3.13,76.732171,0.364,1.079,1.208,5948.0,-0.0261
Kepler-150 d,8.2,2.79,12.56093,0.104,0.956,0.939,5560.0,0.12
OGLE-2008-BLG-355L b,1500.0,12.9,,1.7,0.37,,,
CoRoT-24 c,28.0,5.0,11.759,0.098,0.91,0.86,4950.0,0.3
Kepler-186 f,1.71,1.17,129.9441,0.432,0.544,0.523,3755.0,-0.26
Kepler-252 c,5.27,2.15,10.848463,0.08,0.61,0.549,4208.0,-0.13
Kepler-213 b,3.26,1.62,2.46236,0.036,1.07,1.195,5696.0,0.15
Kepler-159 c,11.5,3.41,43.595792,0.218,0.628,0.663,4625.0,-0.04
Kepler-202 c,4.08,1.85,16.282493,0.113,0.683,0.667,4668.0,-0.21
HD 35759 b,1195.0408,13.0,82.467,0.389,1.15,1.759974,6060.0,0.04
Kepler-477 b,4.94,2.07,11.11990653,0.0911,0.87,0.79,5240.0,-0.04
HD 67087 c,1540.0,12.9,2374.0,3.86,1.36,1.55,6330.0,0.25
Kepler-6 b,212.31044,14.616536,3.2346996,0.04852,1.209,1.391,5647.0,0.34
HD 220842 b,1010.6994,13.1,218.47,0.74,1.13,1.41647,5960.0,-0.17
HIP 65407 c,249.17872,13.9,67.3,0.316,0.93,0.952252,5460.0,0.25
Kepler-505 b,7.27,2.6,27.52197994,0.1445,0.55,0.53,3931.0,-0.19
CoRoT-29 b,270.1555,10.0881,2.85057,0.0386,0.97,0.9,5260.0,0.2
tau Boo b,1891.0,12.8,3.3124568,0.049,1.32,1.42588,6466.27,0.2642
Kepler-412 b,299.07803,15.031269,1.7208604,0.02897,1.167,1.287,5750.0,0.27
HD 141399 b,143.34133,14.3,94.44,0.415,1.07,1.387236,5600.0,0.35
HD 141399 c,422.7139,13.6,201.99,0.689,1.07,1.387236,5600.0,0.35
Kepler-754 b,4.7,2.01,14.5596237,0.116,1.06,1.08,5935.0,0.05
Kepler-753 b,4.31,1.91,5.747725012,0.054,0.68,0.65,4346.0,-0.03
HAT-P-54 b,241.5508,10.581296,3.799847,0.04117,0.645,0.617,4390.0,-0.127
TrES-5 b,568.9157,13.383546,1.48224686,0.02459,0.901,0.868,5171.0,0.2
KOI-13 b,2949.4624,16.948008,1.763588,0.03641,1.72,1.74,7650.0,0.2
WASP-42 b,167.49641,12.576498,4.9816819,0.0561,0.951,0.892,5315.0,0.29
Kepler-766 b,11.4,3.39,6.10027804,0.066,1.1,1.15,5992.0,0.09
Kepler-771 b,3.97,1.82,8.73485836,0.0843,1.03,1.05,5906.0,0.01
HD 100546 b,2701.5414595,77.3421,,53.0,2.4,1.85288,10500.0,
Kepler-432 c,772.3269,13.3,406.2,,1.32,4.06,4995.0,-0.07
Kepler-76 b,638.8383,15.24424,1.5449298,0.0274,1.2,1.32,6409.0,-0.1
OGLE-2003-BLG-235L b,830.0,13.2,,4.3,0.63,,,
Kepler-765 b,6.48,2.43,27.6655226,0.1754,1.05,1.06,5901.0,0.04
Kepler-432 b,1719.4603,12.834305,52.501129,0.301,1.32,4.06,4995.0,-0.07
Kepler-5 b,670.93913,15.984034,3.5484657,0.0538,1.374,1.793,6297.0,0.04
Kepler-7 b,140.16303,18.180998,4.8854892,0.06067,1.359,1.966,5933.0,0.11
HIP 74890 b,762.792,13.3,822.3,2.1,1.74,5.77,4850.0,0.2
K2-29 b,232.0159,13.33871,3.2588321,0.04217,0.94,0.86,5358.0,0.16
Kepler-767 b,35.7,6.64,161.5280101,0.5874,0.96,0.94,5694.0,-0.05
Kepler-773 b,2.63,1.43,3.749100061,0.04682,1.04,1.01,5850.0,0.05
Kepler-774 b,10.2,3.17,11.0895723,0.1082,1.57,2.42,6403.0,0.04
2MASS J02192210-3925225 b,4417.837,16.14096,,156.0,0.108,0.281,3064.0,
HD 7924 d,1568.16536014,,24.451,0.1551,0.832,0.7821,5075.0,-0.15
WASP-41 c,1010.6994,13.1,421.0,1.07,0.93,0.87,5545.0,0.06
HAT-P-50 b,429.0705,14.437192,3.1220109,0.0453,1.273,1.698,6280.0,-0.18
HD 133131 A b,451.3186,13.6,649.0,1.44,0.95,0.955014,5799.0,-0.306
HATS-17 b,425.25654,8.709393,16.254611,0.1308,1.131,1.091,5846.0,0.3
Kepler-772 b,3.97,1.82,12.99207337,0.11153,0.98,1.11,5714.0,0.03
Kepler-769 b,8.85,2.92,7.42608998,0.0778,1.19,1.28,6186.0,0.06
Kepler-449 c,8.07,2.764,33.6727,0.1979,1.02,1.467,5649.18,-0.1651
HD 133131 A c,133.4886,14.3,3568.0,4.49,0.95,0.955014,5799.0,-0.306
WASP-92 b,255.85315,16.376349,2.1746742,0.0348,1.19,1.341,6280.0,0.0
Kepler-762 b,,12.68,3.770552098,0.0493,1.06,1.08,5944.0,0.02
Kepler-781 b,8.7,2.89,13.2140732,0.1019,0.81,0.78,5162.0,-0.1
Kepler-92 d,11.8666806,2.067,49.3568,0.28682,1.07,1.81719,5904.34,0.1381
Kepler-449 b,4.88,2.056,12.58242,0.1027,1.02,1.467,5649.18,-0.1651
HD 175607 b,2456.1779293,,29.01,,0.71,0.7,5392.0,-0.62
HD 1461 c,5.59,2.23,13.5052,0.1117,1.02,1.152288,5765.0,0.19
WASP-93 b,467.2101,17.900773,2.7325321,0.04211,1.334,1.524,6700.0,0.07
HD 128311 c,1204.25787,13.0,921.538,1.74,0.828,0.76,4965.0,0.08
alf Tau b,2056.3601,12.7,628.96,1.46,1.13,45.1,4055.0,-0.27
Kepler-450 d,17.6,0.837,7.51464,0.0827,1.19,1.64162,6197.21,0.1278
OGLE-2005-BLG-169L b,14.1,3.84,,3.5,0.69,,,
WASP-46 b,607.0553,13.159366,1.43036763,0.02335,0.828,0.858,5600.0,-0.3
HD 60532 b,336.8998,13.8,201.9,0.77,1.5,2.57,6245.0,-0.26
HD 60532 c,797.7533,13.3,600.1,1.6,1.5,2.57,6245.0,-0.26
OGLE-2013-BLG-0102L b,4100.0,12.3,,0.8,0.096,,,
Kepler-41 b,177.98,14.46,1.8555582,0.03101,1.15,1.29,5750.0,0.38
HIP 107773 b,629.3034,13.4,144.3,0.72,2.42,11.6,4945.0,0.03
HATS-8 b,43.86054,9.785457,3.583893,0.04667,1.056,1.086,5679.0,0.21
LkCa 15 b,,,,14.7,,1.60711,4194.0,0.26
LkCa 15 c,,,,18.6,,1.60711,4194.0,0.26
Qatar-1 b,411.27202,12.811887,1.4200242,0.02332,0.838,0.803,5013.0,0.171
HAT-P-66 b,248.86089,17.82231,2.972086,0.04363,1.255,1.881,6002.0,0.035
Kepler-75 b,3209.9,11.77,8.8849116,0.0818,0.91,0.89,5200.0,0.3
Kepler-453 b,16.0,6.204,240.503,0.7903,0.944,0.833,5527.0,0.09
WASP-89 b,1875.197,11.65736,3.3564227,0.0427,0.92,0.88,5130.0,0.15
KIC 3558849 b,38.1,6.9,1322.3,,0.98,1.01,6175.0,-0.42
KIC 8540376 c,6.35,2.4,75.2,,1.04,1.26,6474.0,-0.16
OGLE-2007-BLG-349L AB c,80.0,10.7,2557.0,2.59,0.41,,,
Kepler-56 d,1784.0,12.8,1002.0,2.16,1.29,4.21799,4819.44,0.3631
Kepler-444 b,0.0374,0.403,3.6001053,0.04178,0.758,0.752,5046.0,-0.55
K2-6 b,6.8,2.5,30.94191,0.1898,0.97,0.96,5850.0,-0.14
HD 42618 b,14.4,3.89,149.61,0.554,1.015,0.999,5727.0,-0.09
OGLE-2012-BLG-0950L b,35.0,6.56,,2.6,0.57,,,
Kepler-444 e,0.1,0.546,7.743493,0.0696,0.758,0.752,5046.0,-0.55
K2-15 b,6.71,2.48,11.8104,0.091,0.72,0.68,5131.0,-0.46
K2-14 b,20.7,4.81,8.36802,0.0627,0.47,0.45,3789.0,-0.37
K2-17 b,5.6,2.23,17.96753,0.119,0.71,0.66,4320.0,0.15
K2-9 b,5.69,2.25,18.4498,0.091,0.3,0.31,3390.0,-0.25
WASP-36 b,750.39663,14.874343,1.53736596,0.02677,1.081,0.985,5959.0,-0.26
Kepler-26 b,5.12,2.78,12.28,0.08551,0.544,0.512,3914.0,-0.13
HATS-13 b,172.58169,13.585308,3.0440499,0.04057,0.962,0.887,5523.0,0.05
HATS-14 b,340.39593,11.646151,2.7667641,0.03815,0.967,0.933,5346.0,0.33
WASP-90 b,200.2329,18.27067,3.916243,0.0562,1.55,1.98,6430.0,0.11
HD 5583 b,1837.0574,12.8,139.35,0.53,1.01,9.09,4830.0,-0.5
Kepler-26 c,6.2,2.72,17.2559,0.10725,0.544,0.512,3914.0,-0.13
Kepler-447 b,435.41,18.49,7.79430132,0.0769,1.0,1.05,5493.0,0.07
OGLE-2011-BLG-0265L b,280.0,13.9,,1.89,0.211,,,
HD 130322 b,365.49,13.7,10.70871,0.0925,0.92,0.85,5387.0,-0.02
OGLE-2012-BLG-0563L b,120.0,13.6,,0.74,0.34,,,
Kepler-296 d,5.02,2.09,19.850291,0.118,0.498,0.48,3740.0,-0.08
Pr0211 c,2475.8957,12.6,4850.0,5.5,0.935,0.827,5300.0,0.18
BD+15 2375 b,337.21763,13.8,153.22,0.576,1.08,8.95,4649.0,-0.22
Kepler-60 d,4.16,1.99,11.8981,0.10203,1.041,1.257,5905.0,-0.09
HD 1666 b,2040.0,12.7,270.0,0.94,1.5,1.93,6317.0,0.37
HD 67087 b,973.0,13.1,352.2,1.08,1.36,1.55,6330.0,0.25
Kepler-296 e,2.96,1.53,34.14211,0.169,0.498,0.48,3740.0,-0.08
Kepler-872 b,4.62,1.99,2.578855068,0.0362,1.05,1.08,5902.0,0.04
Kepler-871 b,13.5,3.74,22.0459018,0.1572,1.11,1.14,5993.0,0.09
Kepler-603 c,34.5,6.5,127.9075774,0.53439,1.01,1.01,5808.0,0.03
Kepler-908 b,1.98,1.22,1.340597468,0.02526,1.11,1.12,5973.0,0.15
Kepler-499 b,5.35,2.17,5.632528453,0.0598,0.87,0.83,5312.0,0.0
Kepler-801 b,4.66,2.0,11.41928253,0.0795,0.67,0.63,4435.0,-0.17
Kepler-799 b,37.9,6.88,133.4605235,0.5167,0.95,0.93,5681.0,-0.07
Kepler-870 b,8.15,2.78,21.3587621,0.1539,1.01,1.02,5857.0,-0.01
Kepler-869 b,12.7,3.61,40.4287755,0.2244,0.97,0.95,5664.0,0.02
Kepler-907 b,1.87,1.2,15.86621821,0.1225,1.08,1.38,6106.0,-0.15
Kepler-912 b,8.25,2.8,2.534756273,0.0339,1.07,1.11,5998.0,0.02
Kepler-797 b,5.35,2.17,27.07237711,0.181,0.96,0.95,5680.0,-0.02
Kepler-867 b,19.4,4.64,150.242127,0.5375,0.92,0.91,5541.0,-0.02
Kepler-868 b,4.86,2.05,5.03251791,0.0575,0.93,0.89,5614.0,-0.08
Kepler-866 b,3.29,1.63,2.617032536,0.0331,0.75,0.71,4751.0,-0.07
Kepler-913 b,4.9,2.06,10.29672521,0.1009,0.63,0.61,4687.0,-0.52
Kepler-910 b,0.477,0.82,2.364369015,0.03752,1.26,1.5,6230.0,0.12
Kepler-847 b,1.76,1.18,2.343231895,0.0315,0.83,0.77,4940.0,0.15
Kepler-846 b,6.71,2.48,19.80792185,0.1399,0.94,0.91,5579.0,0.0
Kepler-795 b,3.46,1.68,29.6193421,0.1803,0.94,0.96,5631.0,-0.02
Kepler-794 b,5.1,2.11,11.13125132,0.10036,1.19,1.38,5839.0,0.34
Kepler-865 b,6.76,2.49,14.16399294,0.1057,0.93,0.92,5570.0,-0.01
Kepler-909 b,2.76,1.47,13.93290318,0.11873,1.17,1.23,6154.0,0.08
Kepler-916 b,3.75,1.76,32.2968798,0.1885,0.85,0.81,5248.0,-0.05
Kepler-845 b,4.82,2.04,0.927859821,0.01668,0.79,0.75,4913.0,0.01
Kepler-844 b,3.46,1.68,2.613020856,0.0298,0.59,0.57,4128.0,-0.24
Kepler-792 b,4.5,1.96,11.30119217,0.0988,1.09,1.12,5971.0,0.08
Kepler-791 b,9.53,3.05,14.5539759,0.1256,1.3,1.47,6383.0,0.06
Kepler-862 b,5.52,2.21,3.148664534,0.039,0.88,0.84,5333.0,0.04
Kepler-861 b,5.82,2.28,3.949631375,0.0463,0.82,0.78,5047.0,0.01
Kepler-930 b,5.18,2.13,71.4517775,0.34593,1.25,1.4,6335.0,0.04
Kepler-842 b,3.19,1.6,1.21956827,0.0204,0.78,0.73,4848.0,-0.02
Kepler-841 b,23.8,5.23,124.4198398,0.479,0.85,0.81,5324.0,-0.09
Kepler-790 b,5.39,2.18,13.73469807,0.101,0.84,0.8,5208.0,-0.05
Kepler-788 b,7.04,2.55,8.39846269,0.0835,1.16,1.23,6159.0,0.05
Kepler-860 b,10.6,3.24,5.101379454,0.058,1.04,1.06,5836.0,0.09
Kepler-924 b,9.64,3.07,61.0370117,0.31318,1.14,1.23,6167.0,0.01
Kepler-923 b,2.48,1.38,6.93366476,0.07592,1.11,1.26,5988.0,0.07
Kepler-838 b,7.9,2.73,15.74957994,0.1266,0.98,0.96,5770.0,-0.06
Kepler-837 b,7.08,2.56,16.56059504,0.1144,0.85,0.81,5403.0,-0.18
Kepler-787 b,2.18,1.28,0.928310498,0.0159,0.65,0.62,4248.0,-0.09
Kepler-465 b,9.01,2.95,9.940672466,0.09195,1.23,1.29,6310.0,0.09
Kepler-856 b,63.3,9.3,8.027680595,0.0787,0.96,0.93,5535.0,0.12
Kepler-890 b,58.6,8.89,52.75875577,0.2944,1.09,1.13,5954.0,0.09
Kepler-927 b,3.61,1.72,9.1149903,0.0866,0.99,0.99,5743.0,0.03
Kepler-926 b,5.95,2.31,52.0688601,0.2739,1.01,1.01,5806.0,0.03
Kepler-892 b,8.3,2.81,13.7521072,0.1015,0.75,0.72,4747.0,-0.04
Kepler-933 b,6.62,2.46,14.20443009,0.1041,0.87,0.84,5346.0,-0.02
Kepler-826 b,2.1,1.25,4.48758907,0.05202,1.05,1.15,6079.0,-0.12
Kepler-830 b,3.53,1.7,11.29695137,0.1033,1.07,1.11,6037.0,-0.02
Kepler-829 b,5.1,2.11,6.88337562,0.0678,0.98,0.97,5698.0,0.03
Kepler-895 b,2.99,1.54,2.806242328,0.0328,0.65,0.61,4315.0,-0.16
Kepler-743 b,1.92,1.21,3.179262921,0.04166,0.94,0.85,5486.0,0.01
Kepler-823 b,3.09,1.57,4.16809082,0.0507,0.98,0.96,5643.0,0.06
Kepler-487 c,7.65,2.68,38.6519976,0.21864,0.91,0.88,5444.0,0.0
Kepler-898 b,2.83,1.49,5.8706191,0.0545,0.65,0.62,4223.0,-0.06
Kepler-899 b,7.65,2.68,19.17891293,0.1392,0.93,0.91,5595.0,-0.06
Kepler-747 b,24.1,5.27,35.61760587,0.1916,0.82,0.78,5096.0,-0.03
Kepler-821 b,2.27,1.31,1.92279873,0.029,0.84,0.8,5191.0,-0.03
Kepler-498 b,9.43,3.03,9.61375356,0.0897,0.98,0.96,5744.0,-0.04
Kepler-887 b,4.04,1.84,20.42228798,0.15431,1.19,1.29,6194.0,0.08
Kepler-901 b,2.45,1.37,3.517494394,0.0378,0.59,0.57,4184.0,-0.3
Kepler-900 b,4.98,2.08,6.9913086,0.0679,0.78,0.73,4836.0,-0.01
Kepler-751 b,6.62,2.46,17.44490636,0.1263,0.87,0.84,5387.0,-0.06
Kepler-755 b,3.75,1.76,1.269090374,0.02156,0.82,0.77,5043.0,-0.01
Kepler-820 b,30.8,6.09,127.8338098,0.56004,1.23,1.36,6260.0,0.09
Kepler-817 b,60.2,9.03,3.990106229,0.0493,1.03,1.03,5861.0,0.02
Kepler-886 b,2.92,1.52,6.24146367,0.06428,1.1,1.16,6098.0,-0.01
Kepler-885 b,6.8,2.5,18.11472949,0.14403,1.21,1.35,6187.0,0.11
Kepler-904 b,3.78,1.77,3.021668632,0.0417,1.16,1.25,6160.0,0.05
Kepler-905 b,2.57,1.41,5.082746517,0.05689,0.95,0.86,5461.0,0.09
Kepler-756 b,1.46,1.12,1.224866322,0.0219,0.82,0.79,5282.0,-0.19
Kepler-757 b,2.42,1.36,1.022678821,0.019,1.08,1.13,6014.0,0.02
Kepler-815 b,15.8,4.11,8.57503552,0.09473,1.25,3.42,5028.0,-0.03
Kepler-852 b,6.99,2.54,44.9309804,0.27967,1.19,1.16,6100.0,0.22
Kepler-883 b,3.82,1.78,12.98495573,0.10288,1.06,1.09,6116.0,-0.13
Kepler-509 b,6.76,2.49,41.74600392,0.23702,1.1,1.2,6060.0,0.01
Kepler-466 c,2.1,1.25,3.709213846,0.04658,1.04,1.05,5927.0,-0.01
Kepler-502 b,20.4,4.77,4.28686431,0.0535,1.15,1.22,6125.0,0.05
Kepler-758 b,6.71,2.48,12.1097104,0.10754,1.16,1.42,6228.0,-0.1
Kepler-813 b,5.22,2.14,19.12947337,0.1439,0.95,0.93,5743.0,-0.13
Kepler-811 b,7.75,2.7,23.58447697,0.15911,1.01,1.24,5747.0,0.05
Kepler-882 b,2.04,1.23,3.989539666,0.04741,0.9,0.87,5476.0,-0.03
Kepler-880 b,7.56,2.66,7.71468975,0.0915,1.46,1.74,6761.0,0.03
Kepler-474 b,9.59,3.06,5.660672935,0.06092,0.99,1.08,5785.0,-0.01
Kepler-760 b,9.59,3.06,8.70419416,0.08087,0.89,0.85,5322.0,0.08
Kepler-810 b,4.38,1.93,4.59725385,0.055,1.03,1.04,5803.0,0.1
Kepler-809 b,9.32,3.01,55.63934,0.2901,0.99,0.98,5734.0,0.04
Kepler-877 b,5.14,2.12,18.45847097,0.1301,0.85,0.81,5261.0,-0.06
Kepler-750 c,3.26,1.62,4.08899022,0.05009,1.15,1.23,6160.0,0.03
Kepler-255 d,2.3,1.32,1.045622658,0.0192,0.9,0.86,5431.0,0.02
Kepler-775 b,1.81,1.19,0.974868926,0.01834,0.92,0.84,5468.0,-0.04
Kepler-500 b,7.18,2.58,8.508324398,0.08361,1.02,1.03,5813.0,0.03
Kepler-808 b,2.73,1.46,0.631332353,0.01314,0.76,0.71,4653.0,0.05
Kepler-875 b,8.75,2.9,27.5073799,0.1771,1.06,1.11,5958.0,0.03
Kepler-732 c,2.15,1.27,0.893041236,0.0143,0.49,0.46,3631.0,-0.01
Kepler-777 b,2.76,1.47,5.72812599,0.0519,0.58,0.56,4043.0,-0.17
Kepler-779 b,0.721,0.92,7.09714223,0.0533,0.46,0.44,3804.0,-0.43
Kepler-804 b,4.42,1.94,14.37457351,0.11287,1.01,1.05,5817.0,0.0
Kepler-803 b,13.8,3.79,50.28638192,0.26721,1.05,1.12,5919.0,0.02
Kepler-1049 b,0.809,0.95,3.273460736,0.0349,0.51,0.49,3864.0,-0.33
Kepler-969 b,4.94,2.07,34.1731714,0.19726,0.92,0.82,5214.0,0.22
Kepler-1137 b,5.48,2.2,23.9210791,0.1871,1.5,1.84,6807.0,0.05
Kepler-975 b,2.79,1.48,1.970342457,0.02898,0.8,0.75,4897.0,0.07
Kepler-995 b,7.75,2.7,28.26731672,0.1701,0.83,0.8,5206.0,-0.07
Kepler-1054 b,7.41,2.63,4.30655689,0.05542,1.22,1.34,6209.0,0.09
Kepler-1033 b,6.85,2.51,7.56052806,0.0761,0.94,0.92,5547.0,0.06
Kepler-1040 b,4.98,2.08,201.1214,0.67249,0.98,0.96,5694.0,0.01
Kepler-1138 b,3.53,1.7,3.17060005,0.0415,0.95,0.92,5582.0,0.04
Kepler-1139 b,1.81,1.19,0.813166719,0.01664,0.94,0.91,5550.0,0.05
Kepler-1060 b,6.26,2.38,46.8779367,0.2495,0.99,0.99,5797.0,-0.03
Kepler-1003 b,3.82,1.78,3.554856915,0.04333,1.11,1.17,6109.0,0.01
Kepler-1055 b,2.04,1.23,2.295036233,0.0335,0.98,0.94,5723.0,-0.02
Kepler-998 b,5.99,2.32,5.65377733,0.0626,1.12,1.18,6058.0,0.07
Kepler-1017 b,4.62,1.99,7.23400469,0.07196,0.93,0.87,5473.0,0.04
Kepler-974 b,3.09,1.57,4.194496514,0.0419,0.52,0.5,3687.0,0.07
Kepler-1045 b,7.7,2.69,26.41045478,0.1616,0.86,0.82,5301.0,-0.03
Kepler-980 b,7.61,2.67,11.55102504,0.09993,1.05,1.06,5935.0,0.01
Kepler-991 b,6.99,2.54,82.5342519,0.3104,0.64,0.61,4392.0,-0.25
Kepler-1072 b,3.12,1.58,1.569066502,0.02742,1.2,1.32,6199.0,0.07
Kepler-490 b,,11.65,3.268695154,0.0453,1.08,1.12,6045.0,-0.02
Kepler-1018 b,7.18,2.58,49.1013514,0.253,0.91,0.88,5518.0,-0.05
Kepler-1004 b,32.5,6.28,5.28789787,0.06791,1.11,3.39,4972.0,-0.04
Kepler-997 b,2.42,1.36,2.707306716,0.04022,1.22,1.56,6150.0,0.05
Kepler-1151 b,5.56,2.22,65.6478424,0.3197,0.88,0.85,5470.0,-0.11
Kepler-1064 b,3.02,1.55,16.54080322,0.1183,0.85,0.79,5153.0,0.0
Kepler-971 b,5.18,2.13,9.59070716,0.08679,0.88,0.85,5431.0,-0.06
Kepler-1051 b,11.5,3.4,25.96200249,0.18395,1.43,1.73,6675.0,0.04
Kepler-1007 b,2.67,1.44,5.185002073,0.048,0.73,0.7,4587.0,0.03
Kepler-968 b,4.66,2.0,3.692983728,0.0389,0.76,0.7,4598.0,0.13
Kepler-1145 b,2.54,1.4,3.97076766,0.0443,0.79,0.75,5064.0,-0.13
Kepler-1147 b,7.32,2.61,10.62784997,0.0961,1.09,1.14,5941.0,0.11
Kepler-1029 b,2.13,1.26,4.417696479,0.047,0.82,0.77,5030.0,0.01
Kepler-996 b,4.58,1.98,3.770590584,0.0474,1.09,1.14,6014.0,0.03
Kepler-966 b,16.0,4.13,99.747622,0.3907,1.02,1.02,5840.0,0.04
Kepler-1047 b,5.02,2.09,56.1886887,0.29871,1.08,1.13,5754.0,0.29
Kepler-1149 b,2.67,1.44,3.73089898,0.0473,1.02,1.01,5833.0,0.02
Kepler-1148 b,3.5,1.69,1.104463509,0.0188,0.81,0.77,5054.0,-0.02
Kepler-1057 b,11.2,3.36,14.08827448,0.1138,1.07,1.1,5987.0,0.01
Kepler-1059 b,3.64,1.73,3.764191048,0.044,0.75,0.72,4906.0,-0.15
Kepler-965 b,11.4,3.38,134.2527298,0.50998,1.05,1.15,5886.0,0.03
Kepler-999 b,6.08,2.34,5.991857017,0.06918,1.29,1.65,6237.0,0.05
Kepler-1112 b,9.38,3.02,14.36267939,0.1239,1.34,1.54,6496.0,0.04
Kepler-952 b,45.4,7.65,130.3546919,0.5183,1.0,0.99,5730.0,0.06
Kepler-479 b,5.14,2.12,12.49341307,0.09636,0.86,0.81,5247.0,-0.02
Kepler-934 b,5.02,2.09,55.6738309,0.2658,0.81,0.77,5001.0,0.01
Kepler-977 b,7.37,2.62,26.85328322,0.162,0.87,0.83,5315.0,-0.01
Kepler-1021 b,6.04,2.33,13.47469571,0.1034,0.89,0.86,5431.0,-0.05
Kepler-979 b,7.85,2.72,8.0880135,0.0753,0.87,0.83,5310.0,-0.02
Kepler-982 b,5.69,2.25,15.7738221,0.1277,1.16,1.29,6139.0,0.05
Kepler-936 b,2.7,1.45,10.56134221,0.0954,0.92,0.89,5482.0,0.05
Kepler-938 b,5.56,2.22,52.6298417,0.2689,0.92,0.89,5533.0,-0.03
Kepler-1006 b,2.99,1.54,19.76172042,0.1464,0.78,0.74,5328.0,-0.4
Kepler-1009 b,5.35,2.17,11.35011917,0.0796,0.59,0.57,4027.0,-0.12
Kepler-976 b,14.9,3.96,105.9564148,0.4217,0.87,0.83,5232.0,0.07
Kepler-1052 b,8.91,2.93,34.8538276,0.20988,1.03,1.03,5888.0,0.0
Kepler-1120 b,2.48,1.38,2.949029052,0.0369,0.78,0.74,4904.0,-0.04
Kepler-1123 b,3.43,1.67,4.33946454,0.0497,0.93,0.9,5500.0,0.05
Kepler-940 b,11.1,3.34,59.6225257,0.3059,0.97,0.96,5769.0,-0.08
Kepler-1035 b,1.71,1.17,2.714077555,0.03883,0.98,0.97,5763.0,-0.03
Kepler-1027 b,0.64,0.89,1.907805199,0.02911,0.91,0.82,5436.0,-0.06
Kepler-986 b,6.17,2.36,56.4349938,0.29131,0.96,0.98,5642.0,0.04
Kepler-1011 b,8.6,2.87,5.753221974,0.0633,0.91,0.88,5416.0,0.08
Kepler-1068 b,12.8,3.63,16.92344113,0.13038,1.01,1.01,5806.0,0.03
Kepler-917 b,4.31,1.91,2.970414375,0.0378,0.8,0.76,5418.0,-0.38
Kepler-918 b,3.68,1.74,4.85386933,0.0569,1.11,1.14,6028.0,0.06
Kepler-978 b,9.22,2.99,49.6221509,0.2726,1.07,1.09,6002.0,-0.01
Kepler-1002 b,3.57,1.71,4.336429331,0.0564,1.22,1.57,6144.0,0.04
Kepler-493 b,,15.13,3.003876581,0.0439,1.36,1.54,6457.0,0.11
Kepler-1128 b,12.9,3.65,61.6178167,0.302,0.94,0.91,5543.0,0.04
Kepler-920 b,6.44,2.42,6.53192704,0.065,0.89,0.85,5403.0,0.0
Kepler-919 b,5.69,2.25,11.04603384,0.0981,1.15,1.21,6113.0,0.07
Kepler-921 b,8.6,2.87,51.300634,0.2716,0.93,0.91,5663.0,-0.12
Kepler-1015 b,12.3,3.55,16.00494214,0.1345,1.49,1.81,6769.0,0.06
Kepler-1005 b,2.86,1.5,6.49801525,0.06717,1.0,1.06,5782.0,0.02
Kepler-972 b,19.5,4.65,7.03932553,0.0734,1.15,1.22,6146.0,0.04
Kepler-1130 b,0.437,0.8,5.45298175,0.05963,0.9,0.81,5403.0,-0.06
Kepler-1131 b,3.15,1.59,3.53232449,0.0459,1.03,1.04,5851.0,0.05
Kepler-1025 b,4.58,1.98,37.3229493,0.21607,1.09,1.13,6089.0,-0.03
Kepler-497 b,30.4,6.04,3.573203671,0.0457,1.09,1.11,5834.0,0.24
Kepler-994 b,3.19,1.6,1.151166506,0.0177,0.56,0.54,3934.0,-0.13
Kepler-1132 b,6.12,2.35,62.8916228,0.2881,0.87,0.83,5298.0,-0.01
Kepler-1069 b,3.19,1.6,23.8990296,0.16587,0.99,0.98,5722.0,0.04
Kepler-1034 b,5.73,2.26,12.12400943,0.0965,0.83,0.8,5198.0,-0.06
Kepler-944 b,7.41,2.63,43.3167737,0.2288,0.86,0.83,5409.0,-0.11
Kepler-942 b,5.18,2.13,44.96417488,0.22737,0.81,0.75,4861.0,0.09
Kepler-946 b,4.38,1.93,11.79162572,0.1002,0.94,0.93,5665.0,-0.09
Kepler-992 b,3.26,1.62,20.16034462,0.13372,0.8,0.74,4944.0,-0.04
Kepler-1134 b,7.46,2.64,17.13263989,0.1242,0.84,0.81,5281.0,-0.1
Kepler-1135 b,4.08,1.85,76.957857,0.3436,0.96,0.94,5656.0,0.02
Kepler-951 b,26.7,5.59,71.52530845,0.3091,0.77,0.73,4834.0,-0.01
Kepler-967 b,6.12,2.35,13.22713379,0.1027,0.84,0.8,5178.0,-0.03
Kepler-1013 b,5.27,2.15,18.93054959,0.137,0.81,0.76,4954.0,0.04
Kepler-1233 b,7.27,2.6,45.1263042,0.263,1.16,1.25,6198.0,0.02
Kepler-1234 b,8.3,2.81,11.94014029,0.096,0.8,0.76,4967.0,0.01
Kepler-523 b,4.5,1.96,5.835983111,0.06159,0.93,0.86,5515.0,-0.03
Gl 725 B c,3.4,1.66,37.9,0.139,0.25,0.28,3379.0,-0.28
Kepler-1180 b,4.62,1.99,16.8601286,0.1246,1.09,1.14,6077.0,0.0
Kepler-1181 b,3.09,1.57,4.89337519,0.0621,1.17,1.3,6176.0,0.03
Kepler-1189 b,3.78,1.77,3.78858982,0.0467,1.11,1.16,6012.0,0.08
Kepler-1236 b,5.22,2.14,31.0571618,0.1803,0.86,0.82,5337.0,-0.09
Kepler-1235 b,0.418,0.79,4.16055856,0.04836,0.93,0.9,5541.0,0.01
Kepler-518 b,5.1,2.11,8.512035877,0.07996,0.96,0.88,5842.0,-0.23
Kepler-1276 b,1.81,1.19,12.5720095,0.10863,1.14,1.21,6188.0,-0.02
Kepler-1277 b,3.19,1.6,40.8365012,0.21857,0.94,0.92,5578.0,-0.01
Kepler-1182 b,6.39,2.41,11.17394617,0.0981,1.04,1.05,5924.0,0.01
Kepler-549 b,11.0,2.57,42.9495649,0.23236,0.88,0.84,5360.0,-0.03
Kepler-1237 b,8.55,2.86,84.5733226,0.3778,0.94,0.9,5472.0,0.12
Kepler-1279 b,3.71,1.75,23.4774101,0.1785,1.21,1.33,6221.0,0.06
Kepler-1280 b,4.16,1.87,66.5579057,0.33982,1.2,1.32,6227.0,0.04
Kepler-1076 b,0.437,0.8,6.14727918,0.0611,0.79,0.74,4868.0,-0.01
Kepler-1077 b,8.1,2.77,34.3511874,0.2101,1.02,1.02,5816.0,0.03
Kepler-1193 b,2.3,1.32,2.832652134,0.04004,1.08,1.21,5908.0,0.12
Kepler-1194 b,2.89,1.51,16.22371307,0.1212,0.94,0.92,5590.0,0.0
Kepler-1238 b,4.38,1.93,4.14787559,0.0541,1.3,1.48,6386.0,0.05
Kepler-1282 b,3.02,1.55,2.131946513,0.0335,0.92,0.89,5504.0,0.01
Kepler-1078 b,4.27,1.9,3.00725242,0.0388,0.94,0.92,5612.0,-0.01
Kepler-1079 b,3.29,1.63,13.24503188,0.1092,1.08,1.36,5758.0,0.21
Kepler-1242 b,5.73,2.26,13.62798432,0.1039,0.77,0.74,4895.0,-0.05
Kepler-1243 b,3.71,1.75,16.8320729,0.1256,0.96,0.94,5667.0,0.01
Kepler-1081 b,1.01,1.01,3.856918547,0.04662,0.88,0.84,5345.0,0.01
Kepler-1199 b,1.6,1.15,15.0447198,0.11309,0.94,1.17,5889.0,-0.27
Kepler-1202 b,8.96,2.94,28.6851324,0.179,1.03,1.04,5834.0,0.06
Kepler-519 b,5.06,2.1,24.3078946,0.15932,0.89,0.8,5260.0,0.01
Kepler-1284 b,1.92,1.21,0.664073806,0.0143,0.84,0.79,5123.0,0.03
Kepler-1083 b,11.2,3.36,33.4177993,0.1899,0.81,0.77,5049.0,-0.02
Kepler-1203 b,1.2,1.06,0.588000765,0.0114,0.64,0.61,4105.0,0.01
Kepler-1204 b,9.53,3.05,85.7350285,0.3877,1.03,1.03,5825.0,0.06
Kepler-1246 b,2.42,1.36,11.32271513,0.0848,0.73,0.69,4611.0,-0.03
Kepler-1289 b,2.92,1.52,7.99019627,0.0785,1.1,1.17,6080.0,0.02
Kepler-1087 b,0.165,0.61,0.693842855,0.01554,0.96,0.94,5589.0,0.01
Kepler-1086 b,6.53,2.44,18.78425728,0.1198,0.7,0.66,4350.0,0.06
Kepler-1088 b,2.6,1.42,23.12748644,0.16163,1.08,1.08,5975.0,0.05
Kepler-1206 b,3.33,1.64,1.216997663,0.0201,0.8,0.75,4877.0,0.07
Kepler-1205 b,2.57,1.41,1.078390352,0.0196,0.84,0.81,5226.0,-0.04
Kepler-1249 b,6.26,2.38,24.3347127,0.167,1.19,1.28,6202.0,0.06
Kepler-1250 b,4.35,1.92,2.607543834,0.0393,0.99,0.98,5717.0,0.04
Kepler-1293 b,0.871,0.97,5.57654784,0.06763,1.18,1.28,6241.0,0.0
Kepler-513 b,5.48,2.2,28.86235584,0.1779,1.02,1.06,5849.0,-0.01
Kepler-1092 b,4.94,2.07,58.6017925,0.2996,0.99,1.0,5862.0,-0.09
Kepler-1209 b,2.89,1.51,25.369116,0.17515,1.23,1.38,6210.0,0.12
Kepler-1252 b,3.43,1.67,15.0540329,0.1078,1.06,1.09,5949.0,0.03
Kepler-1253 b,2.33,1.33,68.8861915,0.31444,0.97,1.1,5850.0,-0.14
Kepler-1156 b,2.3,1.32,11.89520511,0.09704,1.0,1.0,5778.0,0.02
Kepler-1155 b,4.78,2.03,33.469743,0.2006,1.03,1.03,5842.0,0.04
Kepler-1093 b,4.46,1.95,25.0824626,0.17543,1.13,1.2,6166.0,-0.01
Kepler-1094 b,10.2,3.18,78.1000231,0.3625,1.14,1.21,6112.0,0.06
Kepler-1213 b,1.81,1.19,5.34982412,0.06026,1.14,1.21,6050.0,0.13
Kepler-1255 b,5.99,2.32,36.2919336,0.2226,1.08,1.12,6018.0,0.02
Kepler-1256 b,2.83,1.49,12.4127754,0.10733,1.17,1.36,6129.0,0.05
Kepler-1160 b,5.22,2.14,7.97034958,0.0755,0.92,0.89,5519.0,0.01
Kepler-1158 b,6.08,2.34,13.5396293,0.12643,1.41,1.95,6203.0,0.18
Kepler-1097 b,10.7,3.26,187.747029,0.5791,0.82,0.79,5211.0,-0.11
Kepler-1095 b,1.92,1.21,4.27103091,0.0514,0.94,0.92,5658.0,-0.09
Kepler-1217 b,4.62,1.99,2.032325072,0.0326,1.06,1.08,5905.0,0.07
Kepler-1216 b,2.51,1.39,4.37034536,0.0519,0.99,0.98,5743.0,0.03
Kepler-1257 b,2.92,1.52,2.668313762,0.0376,0.9,0.87,5502.0,-0.09
Kepler-1260 b,3.78,1.77,19.1187753,0.1444,1.06,1.08,5961.0,0.01
Kepler-1163 b,1.08,1.03,6.11786898,0.06868,1.22,1.35,6302.0,0.02
Kepler-1100 b,3.71,1.75,6.42200058,0.06745,1.21,1.34,6247.0,0.05
Kepler-1098 b,2.24,1.3,2.543072855,0.0358,0.99,0.99,5794.0,-0.02
Kepler-1261 b,5.73,2.26,48.4308991,0.239,0.82,0.77,5006.0,0.03
Kepler-1166 b,3.5,1.69,33.2406882,0.1975,0.9,0.86,5446.0,-0.02
Kepler-1167 b,3.57,1.71,1.003933739,0.0175,0.79,0.75,4971.0,-0.05
Kepler-1103 b,5.77,2.27,19.79191978,0.15336,1.11,1.15,6092.0,-0.01
Kepler-1221 b,4.19,1.88,12.00096042,0.0906,0.87,0.82,5194.0,0.09
Kepler-522 b,38.2,6.91,38.58422849,0.25029,1.54,1.98,6392.0,0.41
Kepler-1264 b,1.76,1.18,0.968526023,0.01839,0.99,0.98,5791.0,-0.02
Kepler-1169 b,0.779,0.94,6.11009134,0.06931,1.24,1.23,6191.0,0.26
Kepler-1168 b,6.8,2.5,55.8226539,0.2663,0.87,0.82,5157.0,0.13
Kepler-1106 b,3.36,1.65,1.252752174,0.0239,1.11,1.17,6104.0,0.0
Kepler-1226 b,2.7,1.45,17.2923453,0.13945,1.02,1.02,5923.0,-0.08
Kepler-1266 b,7.18,2.58,28.474748,0.16431,0.8,0.76,5044.0,-0.07
Kepler-1268 b,4.78,2.03,40.9903986,0.2383,1.06,1.09,5904.0,0.05
Kepler-1171 b,7.08,2.56,1.44259224,0.0284,1.58,1.95,7044.0,-0.01
Kepler-1172 b,10.3,3.2,26.0204423,0.168,0.92,0.89,5558.0,-0.04
Kepler-1109 b,5.43,2.19,37.6467384,0.2466,1.05,1.06,5893.0,0.04
Kepler-1110 b,7.56,2.66,9.69312032,0.0754,0.73,0.7,4781.0,-0.16
Kepler-1229 b,2.54,1.4,86.828989,0.3006,0.54,0.51,3784.0,-0.06
Kepler-436 c,6.04,2.33,16.79713874,0.11452,0.75,0.71,4685.0,0.02
Kepler-1270 b,11.0,3.32,6.03356196,0.07045,1.28,3.38,5047.0,-0.02
Kepler-804 c,1.55,1.14,9.65185017,0.08654,1.01,1.05,5817.0,0.0
Kepler-1230 b,7.8,2.71,9.95661537,0.0921,1.06,1.08,5961.0,0.01
Kepler-1271 b,2.79,1.48,3.0255955,0.04233,1.13,1.23,6143.0,-0.01
Kepler-1273 b,6.76,2.49,28.625653,0.1857,0.94,0.91,5566.0,0.03
Kepler-1177 b,4.27,1.9,106.247547,0.4301,0.98,0.97,5712.0,0.02
Kepler-1179 b,2.3,1.32,2.685057492,0.03497,0.84,0.81,5212.0,-0.03
Kepler-1152 b,0.59,0.87,1.646801908,0.0223,0.55,0.53,3964.0,-0.25
Kepler-1186 b,5.6,2.23,16.07677615,0.1281,0.95,0.93,5635.0,0.0
Kepler-535 b,6.17,2.36,4.903321551,0.06011,1.18,1.27,6123.0,0.13
Kepler-1411 b,8.35,2.82,86.1150888,0.4001,0.95,0.92,5664.0,-0.04
Kepler-1413 b,3.97,1.82,13.1829642,0.1066,0.84,0.8,5196.0,-0.05
Kepler-1317 b,3.05,1.56,0.568874427,0.0128,0.83,0.79,5144.0,-0.01
Kepler-1318 b,9.85,3.11,213.257663,0.6085,0.73,0.7,4598.0,-0.01
Kepler-1362 b,7.27,2.6,136.205626,0.4626,0.8,0.74,4857.0,0.06
Kepler-536 b,9.8,3.1,1.827082299,0.02835,0.92,0.89,5524.0,0.0
Kepler-1415 b,2.21,1.29,0.63642408,0.01416,0.89,0.84,5267.0,0.12
Kepler-1320 b,3.53,1.7,0.868386528,0.0163,0.8,0.74,4817.0,0.1
Kepler-1321 b,21.5,4.92,11.12830484,0.0781,0.54,0.53,4094.0,-0.45
Kepler-1366 b,2.63,1.43,2.164570968,0.0273,0.62,0.6,4070.0,-0.02
Kepler-903 c,6.94,2.53,62.9228557,0.30249,0.98,0.97,5682.0,0.05
Kepler-758 e,2.96,1.53,8.1934719,0.0829,1.16,1.42,6228.0,-0.1
Kepler-1417 b,0.972,1.0,20.3505213,0.14062,1.02,1.02,5839.0,0.02
Kepler-1322 b,3.22,1.61,0.962867382,0.0183,0.9,0.87,5488.0,-0.07
Kepler-525 b,7.41,2.63,18.68404933,0.14386,0.95,1.15,5573.0,0.11
Kepler-722 c,8.35,2.82,105.144749,0.4471,1.03,1.05,5863.0,0.02
Kepler-1422 b,4.74,2.02,18.6051942,0.1499,1.15,1.23,6194.0,0.0
Kepler-1327 b,3.89,1.8,14.88801098,0.11151,1.02,1.03,5885.0,-0.03
Kepler-1368 b,3.36,1.65,0.675649486,0.0153,1.07,1.08,5906.0,0.1
Kepler-769 c,3.86,1.79,15.9870174,0.1297,1.19,1.28,6186.0,0.06
Kepler-770 c,1.87,1.2,1.475322314,0.0309,0.94,0.92,5598.0,-0.01
Kepler-1430 b,1.76,1.18,2.46050993,0.0304,0.77,0.72,4796.0,-0.03
Kepler-1431 b,2.76,1.47,5.86601526,0.0648,1.03,1.03,5806.0,0.07
Kepler-1328 b,0.904,0.98,4.52158888,0.052,1.0,0.99,5780.0,0.0
Kepler-1329 b,5.35,2.17,9.33646594,0.0747,0.72,0.69,4500.0,0.02
Kepler-527 b,8.45,2.84,13.28535633,0.11646,1.28,1.45,6388.0,0.03
Kepler-1371 b,0.315,0.73,3.4462039,0.04214,0.87,0.83,5361.0,-0.07
Kepler-770 d,2.54,1.4,4.15244722,0.0616,0.94,0.92,5598.0,-0.01
Kepler-896 b,6.94,2.53,144.547396,0.56378,0.84,0.81,5262.0,-0.1
Kepler-1427 b,1.37,1.1,0.968972376,0.0197,1.01,1.01,5793.0,0.06
Kepler-1332 b,2.45,1.37,11.87456832,0.09915,0.95,0.9,5581.0,0.0
Kepler-1330 b,3.36,1.65,10.10769068,0.0889,0.97,0.94,5608.0,0.08
Kepler-1373 b,1.65,1.16,1.29123275,0.02598,1.22,1.33,6299.0,0.03
Kepler-1374 b,5.86,2.29,10.65276707,0.0918,0.85,0.81,5323.0,-0.13
Kepler-1311 c,1.98,1.22,2.53573424,0.03753,1.05,1.4,5748.0,0.09
Kepler-1428 b,3.33,1.64,10.67607169,0.11051,1.28,1.36,6184.0,0.35
Kepler-1429 b,2.21,1.29,4.48487493,0.055,1.05,1.07,5902.0,0.04
Kepler-1335 b,2.7,1.45,6.26406846,0.0615,0.77,0.74,4903.0,-0.07
Kepler-528 b,4.98,2.08,19.78297415,0.14219,1.01,1.06,5807.0,0.02
Kepler-1321 c,6.35,2.4,2.226491086,0.0267,0.54,0.53,4094.0,-0.45
Kepler-1433 b,3.05,1.56,4.13592271,0.0516,1.14,1.19,6097.0,0.07
Kepler-1337 b,6.39,2.41,24.4002549,0.1441,0.7,0.67,4523.0,-0.09
Kepler-1339 b,0.285,0.71,1.341555127,0.02356,0.94,0.93,5586.0,0.01
Kepler-1377 b,2.1,1.25,0.740928422,0.0153,0.86,0.82,5218.0,0.05
Kepler-1378 b,5.48,2.2,11.95398936,0.0885,0.7,0.67,4407.0,0.03
Kepler-1370 c,2.15,1.27,7.44142113,0.08084,1.19,1.29,6202.0,0.05
Kepler-1295 b,3.02,1.55,3.81371974,0.0464,0.92,0.89,5486.0,0.04
Kepler-1296 b,0.693,0.91,8.3839865,0.0896,0.87,0.83,5359.0,-0.04
Kepler-1341 b,9.22,2.99,132.9968322,0.47267,0.79,0.72,4662.0,0.19
Kepler-529 b,4.12,1.86,1.980357663,0.0309,1.07,1.14,6087.0,-0.1
Kepler-1380 b,2.63,1.43,10.3108245,0.0917,0.96,0.94,5570.0,0.1
Kepler-1391 b,3.46,1.68,54.4092333,0.30045,1.03,1.1,5840.0,0.04
Kepler-1392 b,4.5,1.96,15.1410397,0.1189,0.88,0.85,5479.0,-0.11
Kepler-1297 b,0.871,0.97,1.68189002,0.0283,0.99,0.99,5818.0,-0.04
Kepler-1343 b,4.38,1.93,3.35183158,0.0449,0.95,0.93,5759.0,-0.16
Kepler-1344 b,4.04,1.84,4.7683049,0.05501,1.09,1.13,5981.0,0.06
Kepler-1383 b,2.57,1.41,13.9093583,0.11397,1.26,1.44,6370.0,0.03
Kepler-1381 b,5.69,2.25,25.3842686,0.1728,0.96,0.94,5747.0,-0.1
Kepler-1393 b,0.437,0.8,2.44357812,0.0337,0.95,0.92,5697.0,-0.09
Kepler-1300 b,2.45,1.37,22.2419092,0.16005,1.29,1.79,6130.0,0.05
Kepler-616 c,11.5,3.41,90.4113556,0.4024,0.98,0.97,5753.0,-0.02
Kepler-1347 b,1.08,1.03,14.00947528,0.104,0.82,0.79,5193.0,-0.11
Kepler-1345 b,6.17,2.36,44.6169557,0.26412,1.32,1.55,6449.0,0.04
Kepler-1385 b,0.543,0.85,2.88879862,0.04262,1.15,1.29,5732.0,0.41
Kepler-1384 b,4.42,1.94,15.36262753,0.1126,0.78,0.74,4919.0,-0.06
Kepler-1397 b,3.61,1.72,47.449955,0.25861,1.09,1.12,6026.0,0.0
Kepler-1398 b,0.666,0.9,2.78815679,0.03909,1.13,1.18,6126.0,0.01
Kepler-1396 b,4.94,2.07,18.2206421,0.1406,1.18,1.27,6195.0,0.04
Kepler-1302 b,2.63,1.43,8.83922659,0.0795,0.86,0.82,5236.0,0.04
Kepler-1304 b,5.86,2.29,16.1288853,0.1202,0.85,0.81,5259.0,-0.05
Kepler-1350 b,6.9,2.52,4.4968604,0.0413,0.55,0.53,3827.0,-0.06
Kepler-1348 b,4.42,1.94,27.5722742,0.1834,1.04,1.04,5911.0,-0.01
Kepler-1387 b,0.749,0.93,2.279526656,0.031,0.82,0.77,5046.0,0.02
Kepler-1398 c,1.08,1.03,4.13827595,0.05087,1.13,1.18,6126.0,0.01
Kepler-1400 b,3.26,1.62,9.06689421,0.0771,0.83,0.78,5044.0,0.04
Kepler-1307 b,6.66,2.47,18.01621096,0.1369,1.06,1.08,5884.0,0.06
Kepler-1351 b,0.208,0.65,0.916140768,0.0156,0.7,0.67,4439.0,-0.03
Kepler-521 b,10.2,3.18,22.20813214,0.17116,1.34,1.46,6406.0,0.25
Kepler-1390 b,1.76,1.18,6.48021673,0.0662,0.98,0.98,5753.0,-0.01
Kepler-531 b,8.15,2.78,29.88485741,0.17446,0.78,0.75,4893.0,-0.03
Kepler-1389 b,3.78,1.77,99.2530951,0.38249,0.81,0.74,5078.0,-0.14
Kepler-1401 b,3.46,1.68,11.20066445,0.0975,1.07,1.1,5964.0,0.04
Kepler-1402 b,0.363,0.76,2.03387914,0.0322,0.9,0.87,5416.0,0.03
Kepler-1308 b,0.0933,0.52,2.104338119,0.025,0.35,0.34,3468.0,-0.13
Kepler-1309 b,6.21,2.37,28.8432647,0.1679,0.85,0.8,5235.0,-0.03
Kepler-1352 b,0.64,0.89,1.877882748,0.02883,1.11,1.16,6118.0,0.0
Kepler-1353 b,3.89,1.8,24.7543966,0.153,0.76,0.72,4776.0,-0.06
Kepler-532 b,7.13,2.57,12.92491623,0.10151,0.87,0.79,5192.0,0.0
Kepler-1403 b,5.22,2.14,5.19492202,0.064,1.11,1.15,6060.0,0.03
Kepler-1405 b,14.9,3.96,28.2274184,0.1778,1.05,1.07,5925.0,0.03
Kepler-1310 b,2.67,1.44,0.679336272,0.01452,0.91,0.88,5549.0,-0.07
Kepler-1312 b,5.06,2.1,5.448325286,0.06053,0.99,0.92,5719.0,-0.02
Kepler-517 b,7.61,2.67,60.92832271,0.28682,0.95,0.98,5690.0,-0.06
Kepler-1356 b,2.96,1.53,0.634002937,0.0136,0.82,0.78,5106.0,-0.02
Kepler-1354 b,9.11,2.97,76.613377,0.3521,1.16,1.24,6168.0,0.03
Kepler-1050 c,2.79,1.48,21.1284569,0.15264,1.09,1.13,6010.0,0.03
Kepler-1407 b,5.69,2.25,20.0711504,0.1502,1.1,1.15,6010.0,0.05
Kepler-1313 b,3.75,1.76,3.833091178,0.04619,0.92,0.85,5453.0,0.0
Kepler-1359 b,8.4,2.83,59.4970952,0.26657,0.78,0.72,4709.0,0.11
Kepler-1360 b,11.5,3.4,40.5286413,0.2866,1.51,1.83,6778.0,0.06
Kepler-1611 b,0.457,0.81,5.1762429,0.0586,0.94,0.93,5605.0,0.01
Kepler-1463 b,4.12,1.86,25.15864,0.1694,0.96,0.95,5679.0,0.0
Kepler-1543 b,7.8,2.71,6.96710269,0.0867,1.39,1.65,6561.0,0.07
Kepler-1578 b,1.12,1.04,1.450886907,0.0252,0.9,0.86,5545.0,-0.13
Kepler-626 b,5.86,2.29,14.48585199,0.10913,1.01,1.05,5813.0,0.01
Kepler-1465 b,3.78,1.77,31.8277111,0.1939,0.75,0.71,4726.0,-0.06
Kepler-1466 b,3.02,1.55,31.1750448,0.17981,1.01,1.02,5884.0,-0.07
Kepler-1546 b,9.96,3.13,19.5974971,0.1366,0.95,0.93,5623.0,0.01
Kepler-1548 b,7.46,2.64,124.828679,0.4679,0.99,0.97,5706.0,0.05
Kepler-1613 b,4.98,2.08,1.5184299,0.02755,1.08,1.12,6005.0,0.01
Kepler-1468 c,1.6,1.15,3.54553021,0.0466,1.04,1.05,5893.0,0.03
Kepler-1582 b,2.83,1.49,4.83817712,0.0316,0.28,0.3,3208.0,0.48
Kepler-1469 b,8.25,2.8,21.8635301,0.1466,0.92,0.89,5507.0,0.02
Kepler-633 b,3.29,1.63,8.50340718,0.08185,1.02,1.15,5899.0,-0.05
Kepler-1550 b,9.38,3.02,225.582809,0.7681,1.07,1.11,5991.0,0.01
Kepler-1552 b,6.66,2.47,184.771853,0.6011,0.85,0.78,5202.0,-0.07
Kepler-1584 b,3.22,1.61,13.3997099,0.1168,1.1,1.13,6069.0,0.0
Kepler-556 b,5.65,2.24,11.72292176,0.09833,1.0,0.98,5740.0,0.03
Kepler-629 b,2.48,1.38,7.2385854,0.07107,0.93,0.84,5444.0,0.01
Kepler-630 b,10.2,3.18,161.4743937,0.56201,1.02,1.04,5829.0,0.03
Kepler-1470 b,1.24,1.07,16.2950903,0.116,0.8,0.76,4961.0,-0.01
Kepler-1475 b,8.85,2.92,82.177374,0.373,1.18,1.28,6214.0,0.03
Kepler-1476 b,3.43,1.67,10.35863224,0.0932,0.98,0.96,5663.0,0.06
Kepler-154 f,2.86,1.5,9.91935684,0.08832,0.98,0.98,5769.0,-0.04
Kepler-1165 b,3.02,1.55,9.478522,0.0914,1.13,1.18,6080.0,0.05
Kepler-1587 b,2.33,1.33,9.4060467,0.08747,1.08,1.22,5933.0,0.07
Kepler-579 b,4.66,2.0,9.66857723,0.0854,0.99,0.96,5636.0,0.13
Kepler-1619 b,0.363,0.76,23.6225913,0.15413,1.0,1.0,5852.0,-0.07
Kepler-132 e,1.76,1.18,110.2869374,0.43927,1.03,1.1,6023.0,-0.13
Kepler-1471 b,2.57,1.41,3.63899398,0.0453,0.95,0.93,5660.0,-0.03
Kepler-1554 b,8.75,2.9,198.088774,0.59527,0.84,0.81,5297.0,-0.1
Kepler-541 b,11.2,3.36,5.08005848,0.06447,1.41,2.06,6166.0,0.07
Kepler-1589 b,1.32,1.09,0.991665274,0.0205,1.18,1.25,6166.0,0.08
Kepler-686 b,,12.15,1.594745463,0.0258,0.94,0.92,5649.0,-0.07
Kepler-1473 b,1.81,1.19,14.4273551,0.11606,1.09,1.09,6046.0,-0.01
Kepler-1472 b,4.27,1.9,38.1312831,0.2322,1.16,1.25,6159.0,0.03
Kepler-1474 b,5.31,2.16,36.4333452,0.2108,1.04,1.04,5870.0,0.04
Kepler-1556 b,4.5,1.96,8.82713457,0.0829,0.97,0.95,5608.0,0.08
Kepler-542 b,3.09,1.57,13.14497566,0.10703,0.93,0.9,5526.0,0.02
Kepler-1592 b,2.99,1.54,3.05710069,0.04,1.18,1.28,6213.0,0.04
Kepler-1623 b,2.27,1.31,4.36128348,0.0518,1.0,1.0,5772.0,0.04
Kepler-1622 b,2.76,1.47,10.8118737,0.10136,1.31,1.5,6436.0,0.04
Kepler-631 b,8.75,2.9,17.97979059,0.14017,1.24,1.33,6185.0,0.23
Kepler-1477 b,1.76,1.18,11.55530021,0.0911,0.81,0.78,5100.0,-0.06
Kepler-1478 b,3.64,1.73,26.0840594,0.1681,1.04,1.06,5904.0,0.03
Kepler-1558 b,0.244,0.68,3.50470358,0.04278,0.83,0.79,5101.0,0.0
Kepler-1557 b,2.96,1.53,3.74032496,0.049,1.11,1.17,6099.0,0.02
Kepler-544 b,5.14,2.12,21.41616926,0.15482,1.16,1.22,6206.0,0.02
Kepler-1442 b,14.7,3.93,81.4162941,0.40814,1.34,1.44,6394.0,0.26
Kepler-1435 b,0.566,0.86,4.45343281,0.05456,1.21,1.32,6356.0,-0.03
Kepler-1559 b,0.299,0.72,0.971915428,0.01835,0.86,0.82,5316.0,-0.04
Kepler-1596 b,4.27,1.9,66.373379,0.3237,0.95,0.92,5706.0,-0.11
Kepler-403 d,2.6,1.42,13.61159129,0.12178,1.25,1.45,6209.0,0.16
Kepler-1443 b,0.871,0.97,2.41811321,0.03783,1.19,1.27,6289.0,0.0
Kepler-1438 b,0.779,0.94,2.31942009,0.0346,0.97,0.96,5530.0,0.2
Kepler-1562 b,12.3,3.55,64.2737752,0.3308,1.02,1.05,5760.0,0.11
Kepler-1561 b,1.32,1.09,1.005207007,0.0194,1.07,1.11,5957.0,0.04
Kepler-1598 b,0.809,0.95,4.34195123,0.05207,1.07,1.09,5940.0,0.04
Kepler-1445 b,0.84,0.96,10.60052251,0.09587,1.13,1.26,6150.0,-0.03
Kepler-511 b,33.1,6.35,296.637865,0.85672,1.0,1.2,5770.0,0.01
Kepler-1564 b,2.76,1.47,18.0540381,0.1327,0.93,0.9,5528.0,0.03
Kepler-1563 b,0.347,0.75,3.43276598,0.0442,1.0,0.99,5765.0,0.02
Kepler-1565 b,1.81,1.19,1.538188437,0.0241,0.76,0.73,4940.0,-0.16
Kepler-1602 b,2.36,1.34,11.17931605,0.09744,1.22,1.36,6296.0,0.02
Kepler-1448 b,3.22,1.61,12.27065865,0.1058,0.95,0.93,5774.0,-0.16
Kepler-1449 b,3.46,1.68,13.2274528,0.1176,1.08,1.1,5979.0,0.04
Kepler-1566 b,0.418,0.79,0.539915238,0.01198,0.84,0.81,5254.0,-0.07
Kepler-1567 b,7.9,2.73,153.979578,0.552,0.95,0.93,5655.0,-0.03
Kepler-597 b,6.21,2.37,13.02365861,0.10916,0.97,0.95,5683.0,-0.01
Kepler-1603 b,2.21,1.29,2.27163926,0.0351,1.21,1.31,6241.0,0.07
Kepler-1450 b,3.57,1.71,54.5094166,0.2401,0.71,0.68,4524.0,-0.02
Kepler-1451 b,11.2,3.35,35.622233,0.2101,1.0,0.99,5782.0,0.01
Kepler-603 d,2.3,1.32,6.2171292,0.07117,1.01,1.01,5808.0,0.03
Kepler-605 c,0.566,0.86,2.358951515,0.03336,0.91,0.88,5462.0,0.02
Kepler-1568 b,2.24,1.3,20.925392,0.15157,1.09,1.19,5956.0,0.09
Kepler-1606 b,4.94,2.07,196.435224,0.6421,0.9,0.86,5422.0,0.01
Kepler-1452 b,7.75,2.7,42.913751,0.25764,1.41,2.06,6101.0,0.14
Kepler-1571 b,2.92,1.52,3.38555488,0.04287,1.23,1.39,6297.0,0.04
Kepler-1570 b,1.24,1.07,26.548955,0.16699,0.92,0.89,5550.0,-0.04
Kepler-1572 b,0.779,0.94,5.49548621,0.05838,0.97,0.95,5618.0,0.08
Kepler-1607 b,0.721,0.92,13.6473676,0.11978,1.14,1.21,6116.0,0.05
Kepler-1609 b,5.56,2.22,114.34219,0.4679,1.18,1.27,6132.0,0.1
Kepler-1457 b,4.62,1.99,51.1110243,0.26391,1.01,1.01,5866.0,-0.05
Kepler-1458 b,8.05,2.76,47.9872764,0.24869,0.96,0.94,5653.0,0.02
Kepler-217 d,2.3,1.32,3.88689525,0.0534,1.37,1.76,6341.0,0.09
Kepler-625 c,1.16,1.05,4.1653651,0.05379,1.04,0.96,5789.0,0.1
Kepler-653 c,0.399,0.78,0.900376476,0.01855,1.02,1.19,5665.0,0.23
Kepler-1575 b,2.27,1.31,2.55314213,0.0366,0.95,0.92,5667.0,-0.07
Kepler-578 b,4.66,2.0,1.616883696,0.0266,0.87,0.83,5334.0,-0.03
Kepler-1461 b,4.78,2.03,29.3494775,0.1715,0.79,0.74,4919.0,-0.04
Kepler-1541 b,1.65,1.16,8.40691199,0.07555,0.86,0.81,5282.0,-0.04
Kepler-1576 b,1.12,1.04,6.98471973,0.07211,1.05,1.06,5876.0,0.05
Kepler-603 b,7.51,2.65,21.05358596,0.16052,1.01,1.01,5808.0,0.03
Kepler-640 b,7.08,2.56,22.24813967,0.15418,1.01,0.94,5653.0,0.15
Kepler-722 b,7.41,2.63,4.093573252,0.0514,1.03,1.05,5863.0,0.02
Kepler-634 b,4.23,1.89,5.16950177,0.05765,1.03,1.24,6075.0,-0.18
Kepler-701 b,8.45,2.84,10.35533177,0.0895,0.88,0.84,5343.0,0.0
Kepler-709 b,8.85,2.92,16.08524954,0.1173,0.8,0.77,5071.0,-0.08
Kepler-1625 b,30.6,6.06,287.378949,0.87762,0.96,0.94,5677.0,0.01
Kepler-1501 b,3.05,1.56,14.5564533,0.11592,1.2,1.3,6229.0,0.04
Kepler-1500 b,1.87,1.2,15.0330105,0.1236,1.0,1.0,5845.0,-0.05
Kepler-1522 b,3.64,1.73,1.847889171,0.0288,0.96,0.93,5706.0,-0.07
Kepler-702 b,61.8,9.17,10.526294063,0.088,0.9,0.86,5419.0,0.0
Kepler-641 b,4.08,1.85,9.48961571,0.0895,1.02,1.13,5713.0,0.15
Kepler-1626 b,4.74,2.02,4.13962966,0.0537,1.51,1.85,6826.0,0.04
Kepler-609 b,11.2,3.35,6.521210666,0.0682,1.09,1.14,5971.0,0.06
Kepler-724 b,10.8,3.29,3.314946338,0.0433,0.9,0.86,5437.0,-0.02
Kepler-1504 b,5.18,2.13,82.304003,0.3704,0.85,0.81,5393.0,-0.17
Kepler-1505 b,0.749,0.93,30.8609366,0.18298,0.93,0.86,5686.0,-0.18
Kepler-1524 b,12.3,3.54,70.9674603,0.3392,1.17,1.25,6179.0,0.04
Kepler-495 b,23.8,5.23,3.413036221,0.0427,0.86,0.83,5346.0,-0.07
Kepler-710 b,4.19,1.88,4.347285527,0.0524,0.94,0.91,5611.0,-0.04
Kepler-540 b,7.8,2.71,172.7049784,0.58822,1.02,1.08,5946.0,-0.1
Kepler-1644 b,4.19,1.88,21.0907758,0.142,0.89,0.86,5499.0,-0.1
Kepler-1507 b,0.52,0.84,16.0506213,0.11946,0.89,0.85,5410.0,-0.03
Kepler-1506 b,2.3,1.32,14.0329154,0.1168,0.95,0.93,5676.0,-0.05
Kepler-1086 c,8.96,2.94,161.5163345,0.503,0.7,0.66,4350.0,0.06
Kepler-604 b,7.22,2.59,25.85501786,0.1735,1.02,1.03,5890.0,-0.02
Kepler-1627 b,13.2,3.69,7.20283653,0.0643,0.87,0.84,5445.0,-0.1
Kepler-1510 b,11.2,3.36,84.703921,0.4089,1.19,1.28,6200.0,0.04
Kepler-1511 b,3.46,1.68,23.2382792,0.1753,1.17,1.29,6064.0,0.14
Kepler-1526 b,6.48,2.43,3.908632005,0.0418,0.73,0.69,4601.0,-0.01
Kepler-643 b,321.0083,10.16,16.33889626,0.13485,1.0,2.52,4908.0,0.13
Kepler-642 b,8.75,2.9,4.41745855,0.05631,1.4,1.66,6570.0,0.06
Kepler-711 b,11.5,3.41,23.58914398,0.1429,0.84,0.8,5222.0,-0.04
Kepler-726 b,10.7,3.26,21.80451088,0.1406,0.88,0.85,5452.0,-0.09
Kepler-401 d,5.77,2.27,184.256405,0.66886,1.17,1.29,6184.0,0.02
Kepler-1512 b,1.76,1.18,20.35972599,0.13693,0.73,0.67,4372.0,0.2
Kepler-1528 b,2.73,1.46,1.791110205,0.0296,1.03,1.03,5857.0,0.03
Kepler-1529 b,5.06,2.1,5.33905686,0.0525,0.81,0.77,5048.0,-0.03
Kepler-1388 d,8.55,2.86,20.9568158,0.126,0.63,0.61,4098.0,0.02
Kepler-622 b,5.18,2.13,14.28226676,0.0978,0.64,0.61,4201.0,-0.09
Kepler-1530 b,3.33,1.64,2.5904434,0.03553,0.92,0.88,5477.0,0.03
Kepler-1530 c,3.36,1.65,5.3227406,0.05744,0.92,0.88,5477.0,0.03
Kepler-1632 b,6.66,2.47,448.303558,0.6762,1.12,1.19,6137.0,0.0
Kepler-1631 b,2.39,1.35,4.09513932,0.0511,0.97,0.95,5679.0,0.04
Kepler-1534 b,4.23,1.89,5.71668872,0.0599,0.9,0.86,5442.0,-0.01
Kepler-1531 b,1.41,1.11,1.138543376,0.02204,1.16,1.27,6260.0,-0.03
Kepler-1093 c,4.5,1.96,89.722292,0.41037,1.13,1.2,6166.0,-0.01
Kepler-714 b,67.6,9.67,8.098887986,0.0832,1.09,1.12,5995.0,0.04
Kepler-1633 b,3.12,1.58,186.404271,0.3875,1.2,1.32,6256.0,0.02
Kepler-713 b,6.71,2.48,7.411141,0.0748,0.98,0.99,5785.0,-0.03
Kepler-1480 b,3.43,1.67,22.12679948,0.1525,0.85,0.81,5156.0,0.07
Kepler-1479 b,4.01,1.83,14.53261362,0.11341,0.99,0.98,5796.0,-0.02
Kepler-1481 b,2.04,1.23,5.94220998,0.059,0.8,0.75,4908.0,0.04
Kepler-990 c,2.96,1.53,0.538354308,0.01232,1.05,1.08,5948.0,0.01
Kepler-969 c,0.937,0.99,1.682934604,0.0265,0.92,0.82,5214.0,0.22
Kepler-489 b,46.1,7.72,17.276296119,0.12109,0.82,0.76,5014.0,0.0
Kepler-1532 b,2.39,1.35,1.093663559,0.0206,0.91,0.88,5559.0,-0.1
Kepler-605 b,2.67,1.44,3.383538066,0.04244,0.91,0.88,5462.0,0.02
Kepler-1635 b,12.9,3.64,469.63111,1.12664,0.89,0.85,5347.0,0.06
Kepler-1483 b,2.92,1.52,9.5085156,0.0958,1.25,1.4,6337.0,0.04
Kepler-545 b,7.7,2.69,13.24934059,0.11248,1.04,1.07,5882.0,0.03
Kepler-636 b,18.1,4.45,16.080661147,0.1185,0.85,0.8,5203.0,-0.02
Kepler-1016 c,13.1,3.68,105.6551369,0.43519,0.99,1.0,5821.0,-0.03
Kepler-1535 b,7.04,2.55,138.9442,0.5329,1.08,1.11,6021.0,0.0
Kepler-600 b,8.75,2.9,23.67517607,0.1536,0.84,0.81,5279.0,-0.09
Kepler-717 b,6.44,2.42,4.40840023,0.052,0.88,0.85,5485.0,-0.12
Kepler-1485 b,2.76,1.47,19.9157725,0.14732,1.11,1.12,6087.0,0.02
Kepler-1484 b,5.1,2.11,30.4549136,0.1939,0.94,0.92,5730.0,-0.17
Kepler-1486 b,5.99,2.32,54.6495759,0.2846,1.08,1.12,5965.0,0.06
Kepler-342 e,0.615,0.88,1.644224613,0.02909,1.26,1.34,6366.0,0.12
Kepler-582 b,13.1,3.68,18.49235668,0.1254,0.93,0.91,5564.0,0.01
Kepler-1129 c,7.9,2.73,76.5369586,0.35367,1.0,1.0,5831.0,-0.04
Kepler-1538 b,8.35,2.82,175.138819,0.6095,1.03,1.03,5837.0,0.02
Kepler-644 b,10.1,3.15,3.173917103,0.04641,1.49,1.81,6747.0,0.08
Kepler-1487 b,5.18,2.13,7.31946363,0.0898,1.38,1.63,6541.0,0.04
Kepler-581 b,7.41,2.63,40.6069821,0.2259,1.0,1.0,5772.0,0.03
Kepler-1516 b,3.71,1.75,7.25931979,0.0718,1.04,1.07,5904.0,0.03
Kepler-1047 c,0.937,0.99,3.18897601,0.04413,1.08,1.13,5754.0,0.29
Kepler-1409 b,1.12,1.04,0.764864926,0.01553,0.83,0.79,5160.0,-0.03
Kepler-585 b,8.4,2.83,2.752359753,0.03841,0.96,0.93,5593.0,0.03
Kepler-1488 b,4.12,1.86,39.8189932,0.24153,1.05,1.31,5820.0,0.06
Kepler-697 b,16.0,4.13,3.709870645,0.0471,0.92,0.88,5513.0,-0.01
Kepler-1425 b,0.779,0.94,14.4541302,0.11435,0.97,0.95,5718.0,-0.03
Kepler-1350 c,3.64,1.73,1.766789062,0.0222,0.55,0.53,3827.0,-0.06
Kepler-719 b,54.5,8.52,5.007317779,0.0556,0.99,0.98,5777.0,-0.02
Kepler-1491 b,2.89,1.51,16.5861762,0.127,1.0,0.99,5728.0,0.06
Kepler-1492 b,2.83,1.49,16.75255007,0.1262,0.77,0.72,4712.0,0.06
Kepler-698 b,13.1,3.68,16.32976218,0.1255,0.94,0.91,5612.0,-0.03
Kepler-1454 b,4.19,1.88,47.0319479,0.2447,0.9,0.86,5448.0,-0.02
Kepler-460 c,26.1,5.52,220.1303357,0.75318,1.17,1.26,6146.0,0.06
Kepler-720 b,53.4,8.41,4.708326542,0.0539,0.95,0.92,5618.0,0.0
Kepler-547 b,15.1,4.0,6.010384289,0.058,0.78,0.73,4828.0,0.01
Kepler-1494 b,9.64,3.07,91.080482,0.3982,0.96,0.94,5659.0,0.01
Kepler-1520 b,28.1,5.77,0.653553572,0.0129,0.76,0.71,4677.0,0.04
Kepler-1065 c,3.19,1.6,2.37030743,0.0344,0.94,0.93,5635.0,-0.01
Kepler-707 b,2.33,1.33,2.237492751,0.0325,0.8,0.76,5099.0,-0.12
Kepler-602 b,5.02,2.09,15.28469497,0.1224,1.08,1.13,6062.0,-0.02
Kepler-606 b,11.0,3.31,24.31575992,0.17,1.13,1.22,6161.0,0.01
Kepler-721 b,7.46,2.64,5.392025388,0.0583,0.82,0.78,5075.0,-0.01
Kepler-937 c,7.61,2.67,153.343364,0.5545,1.15,1.22,6095.0,0.08
Kepler-638 b,4.01,1.83,6.07972888,0.06695,0.88,0.93,5382.0,0.04
Kepler-1073 c,3.33,1.64,4.02582254,0.0483,1.0,1.0,5792.0,0.0
MOA-2010-BLG-353L b,86.0,11.1,,1.72,0.18,,,
HATS-30 b,224.38798,13.170575,3.1743516,0.04354,1.093,1.061,5943.0,0.06
K2-84 c,4.78,2.03,27.86,0.1768,0.95,0.93,5652.0,0.278
K2-88 b,2.04,1.23,4.6122,0.0345,0.258,0.256,3537.0,
Kepler-615 b,3.68,1.74,10.35584657,0.085,0.73,0.69,4655.0,-0.07
Kepler-506 b,7.9,2.73,6.8834055,0.07437,1.19,1.19,6236.0,0.09
Kepler-668 b,7.75,2.7,8.35390639,0.0768,0.87,0.82,5352.0,-0.06
Kepler-669 b,20.8,4.83,4.125546869,0.0529,1.15,1.2,6038.0,0.14
HATS-15 b,689.6911,12.385945,1.74748753,0.02712,0.871,0.922,5311.0,0.0
HATS-16 b,1039.3041,14.5717,2.686502,0.03744,0.97,1.238,5738.0,-0.1
K2-89 b,0.17,0.615,1.096026,0.01462,0.347,0.318,3691.0,
K2-91 b,1.37,1.1,1.419549,0.0164,0.292,0.284,3622.0,
Kepler-737 b,4.5,1.96,28.59915399,0.1422,0.51,0.48,3813.0,-0.24
Kepler-670 b,,13.18,2.816504852,0.0383,0.99,0.99,5709.0,0.07
Kepler-671 b,7.7,2.69,4.280958588,0.0503,0.97,0.95,5624.0,0.08
K2-5 c,5.73,2.26,10.93241,0.0818,0.61,0.57,3930.0,-0.33
K2-5 b,4.31,1.91,5.73594,0.0532,0.61,0.57,3930.0,-0.33
Kepler-223 c,5.1,3.44,9.84564,0.09117,1.125,1.72,5803.0,0.1
WASP-98 b,293.03926,12.823096,2.96264036,0.03762,0.809,0.741,5473.0,-0.49
Kepler-223 b,7.4,2.99,7.38449,0.07525,1.125,1.72,5803.0,0.1
Kepler-672 b,6.8,2.5,38.3774623,0.2163,0.95,0.92,5627.0,-0.01
Kepler-571 b,7.46,2.64,4.798599388,0.0546,0.93,0.9,5527.0,0.01
K2-16 b,4.74,2.02,7.6188,0.0667,0.68,0.66,4742.0,-0.33
K2-16 c,6.99,2.54,19.07863,0.1229,0.68,0.66,4742.0,-0.33
K2-8 c,6.39,2.41,5.06416,0.0532,0.78,0.74,4870.0,-0.02
Kepler-223 d,8.0,5.24,14.78869,0.11956,1.125,1.72,5803.0,0.1
Kepler-653 b,4.46,1.95,14.70748976,0.11945,1.02,1.19,5665.0,0.23
Kepler-742 b,10.6,3.24,8.360868238,0.0744,0.76,0.71,4642.0,0.07
Kepler-673 b,34.8,6.54,3.728731093,0.0455,0.88,0.84,5355.0,0.0
Kepler-154 d,14.1,3.84,20.54981883,0.14354,0.98,0.98,5769.0,-0.04
HD 87646 b,3941.092,12.4,13.481,0.117,1.12,1.55,5770.0,-0.17
Kepler-80 e,4.13,1.6,4.64489,0.0491,0.73,0.678,4540.0,0.04
Kepler-654 b,4.94,2.07,13.72465129,0.11664,1.04,1.11,5865.0,0.04
Kepler-148 d,56.3,8.68,51.84688575,0.2607,0.86,0.81,5172.0,0.07
Kepler-676 b,9.48,3.04,11.59822172,0.0798,0.51,0.49,3701.0,-0.02
OGLE-2012-BLG-0026L b,46.1,7.72,,4.0,1.06,,,
WASP-85 A b,402.05495,13.89916,2.6556777,0.039,1.09,0.935,6112.0,0.118
Kepler-80 f,4459.73,1.21,0.9867873,0.0175,0.73,0.678,4540.0,0.04
Kepler-656 b,9.91,3.12,1.260259094,0.02231,0.86,0.82,5281.0,-0.04
Kepler-655 b,7.8,2.71,46.4063358,0.25697,1.15,1.24,6170.0,0.0
Kepler-678 b,23.1,5.14,7.27503724,0.0732,0.94,0.91,5520.0,0.07
Kepler-572 b,7.18,2.58,17.20523483,0.1192,0.83,0.79,5212.0,-0.1
WASP-114 b,562.24127,15.008851,1.5487743,0.02851,1.289,1.43,5940.0,0.14
WASP-113 b,150.96925,15.793481,4.54216874538,0.05885,1.318,1.608,5890.0,0.1
HD 59686 A b,2199.3836,12.7,299.36,1.086,1.9,13.2,4658.0,0.15
Kepler-679 b,9.32,3.01,12.39358604,0.0983,0.87,0.84,5403.0,-0.09
Kepler-680 b,6.44,2.42,3.689926291,0.0469,1.08,1.11,5890.0,0.13
K2-47 b,4.23,1.89,31.6372,0.1779,0.75,0.76,5054.0,-0.224
K2-48 b,5.65,2.24,20.5065,0.1344,0.77,0.73,4899.0,-0.19
Kepler-617 b,2.3,1.32,1.682696148,0.0219,0.51,0.48,3712.0,-0.07
Kepler-588 b,7.41,2.63,4.221625357,0.052,1.01,1.0,5835.0,0.0
Kepler-573 b,8.2,2.79,22.18329658,0.14527,0.99,1.02,5746.0,0.02
Kepler-681 b,9.69,3.08,26.39435646,0.1635,0.8,0.76,5021.0,-0.04
K2-49 b,4.38,1.93,2.77065,0.0309,0.51,0.45,4175.0,
K2-58 b,7.65,2.68,7.05254,0.0692,0.89,0.86,5413.0,0.11
Kepler-1600 b,9.96,3.13,386.370548,0.98141,0.86,0.82,5214.0,0.07
Kepler-727 b,6.94,2.53,5.154484417,0.0546,0.89,0.86,5441.0,-0.01
Kepler-589 b,5.77,2.27,16.54964934,0.1196,0.88,0.83,5296.0,0.01
Kepler-660 b,7.13,2.57,9.27358194,0.0759,0.75,0.71,4779.0,-0.07
K2-58 c,3.26,1.62,2.53726,0.035,0.89,0.86,5413.0,0.11
K2-58 d,3.57,1.71,22.8827,0.1517,0.89,0.86,5413.0,0.11
Kepler-560 b,3.61,1.72,18.47764449,0.0899,0.34,0.33,3556.0,-0.39
Kepler-550 b,17.9,4.42,8.600104109,0.0747,0.87,0.83,5322.0,-0.02
Kepler-496 b,5.99,2.32,8.30864937,0.0747,0.86,0.82,5293.0,-0.03
KELT-10 b,215.80657,15.681391,4.1662739,0.0525,1.112,1.209,5948.0,0.09
Kepler-712 c,21.0,4.85,226.89047,0.66479,0.84,0.78,5148.0,-0.03
K2-59 c,5.9,2.3,11.2954,0.0905,0.774,0.731,5055.0,
K2-59 b,6.39,2.41,20.6921,0.1354,0.774,0.731,5055.0,
Kepler-650 b,9.06,2.96,3.032145588,0.0421,1.08,1.35,5849.0,0.13
Kepler-728 b,11.1,3.34,5.743477265,0.0625,0.95,0.93,5660.0,-0.03
Kepler-663 b,7.27,2.6,4.99678284,0.0559,0.86,0.82,5264.0,0.03
Kepler-1629 b,0.381,0.77,3.87595807,0.0485,1.01,1.01,5776.0,0.05
K2-64 b,4.94,2.07,6.53044,0.0619,0.741,0.726,5312.0,
K2-63 b,10.5,3.22,20.257,0.1627,1.4,1.63,6771.0,
Kepler-729 b,12.5,3.58,3.166353714,0.0432,0.94,0.91,5633.0,-0.05
Kepler-487 b,,11.42,15.358768403,0.11819,0.91,0.88,5444.0,0.0
Kepler-618 b,7.27,2.6,3.595769645,0.0449,1.05,1.08,5860.0,0.08
WASP-129 b,317.83,10.42437,5.748145,0.0628,1.0,0.9,5900.0,0.15
WASP-133 b,368.6828,13.56289,2.176423,0.0345,1.16,1.44,5700.0,0.29
K2-69 b,5.99,2.32,7.06599,0.0591,0.551,0.491,4127.0,
K2-68 b,3.12,1.58,8.05428,0.0708,0.73,0.675,4746.0,-0.21
Kepler-590 b,15.2,4.02,5.85296257,0.0647,1.1,1.15,6000.0,0.07
Kepler-664 b,7.56,2.66,2.525593315,0.0374,1.01,1.02,5754.0,0.07
MOA-2013-BLG-605L b,3.24,1.62,,0.93,0.024,,,
K2-75 b,7.61,2.67,7.8142,0.081,1.16,1.56,5995.0,0.3
K2-71 b,5.27,2.15,6.98541,0.0559,0.477,0.426,4006.0,
Kepler-591 b,11.4,3.39,81.1694299,0.3554,0.97,0.94,5677.0,0.01
HATS-25 b,194.82979,14.12334,4.2986432,0.05163,0.994,1.107,5715.0,0.02
HATS-26 b,206.5895,19.61575,3.3023881,0.04735,1.299,2.04,6071.0,-0.02
K2-80 b,4.7,2.01,19.0918,0.135,0.9,0.87,5441.0,0.07
K2-75 c,8.1,2.77,18.311,0.1429,1.16,1.56,5995.0,0.3
Kepler-736 b,8.91,2.93,3.60147201,0.0428,0.86,0.81,5217.0,0.03
Kepler-735 b,9.01,2.95,11.51516988,0.0965,0.85,0.8,5107.0,0.07
Kepler-569 b,10.1,3.16,34.18890521,0.19784,0.95,0.93,5616.0,0.01
Kepler-592 b,6.3,2.39,2.820192408,0.0397,1.04,1.04,5913.0,-0.03
HATS-27 b,168.4499,16.8135,4.637038,0.0611,1.415,1.74,6438.0,0.09
K2-83 c,2.8,1.483,9.99767,0.07131,0.484,0.424,3910.0,
K2-84 b,6.39,2.41,6.4215,0.0665,0.95,0.93,5652.0,0.278
Kepler-562 b,23.7,5.21,18.009314436,0.1333,0.93,0.9,5575.0,-0.04
Kepler-651 b,6.21,2.37,21.38521506,0.14078,0.92,0.87,5522.0,-0.04
Kepler-593 b,8.6,2.87,21.21708973,0.1508,1.08,1.1,5967.0,0.04
Kepler-570 b,6.57,2.45,4.301662003,0.0497,0.93,0.9,5496.0,0.06
MOA-2016-BLG-227L b,890.0,13.2,,1.39,0.29,,,
Kepler-1650 b,0.84,0.96,1.53818001,0.0167,0.326,0.334,3410.0,-0.11
K2-178 b,12.4,3.55790985,8.747818,,0.95109,0.887267,5525.0,0.09
K2-72 c,1.65,1.16,15.189034,0.078,0.271365,0.330989,3360.47,
WASP-53 b,677.61356,12.038466,3.3098443,0.04101,0.839,0.798,4953.0,0.22
K2-60 b,135.39558,7.655747,3.00265,0.045,0.97,1.12,5500.0,0.01
Kepler-1651 b,4.04,1.84,9.87863917,0.0692,0.522,0.503,3713.0,-0.16
BD+03 2562 b,2034.112,12.7,481.9,1.3,1.14,32.35,4095.0,-0.71
K2-72 e,2.21,1.29,24.158868,0.106,0.271365,0.330989,3360.47,
K2-72 d,1.01,1.01,7.760178,0.05,0.271365,0.330989,3360.47,
K2-81 b,4.54,1.97,6.102325,0.059,0.745273,0.634663,4674.13,
WASP-81 b,231.69807,16.017661,2.7164762,0.03908,1.08,1.283,5870.0,-0.36
HD 177565 b,15.1,4.0,44.505,0.246,1.0,0.971489,5627.0,0.0812
MOA-2012-BLG-505L b,6.7,2.48,,0.9,0.1,,,
K2-201 c,10.8,3.28568401,22.779878,,0.956055,0.878161,5507.0,0.13
K2-201 b,2.54,1.40006712,1.05979,,0.956055,0.878161,5507.0,0.13
GJ 1148 b,96.7,11.9,41.38,0.166,0.344045,0.358519,3287.0,0.1596
HD 17674 b,276.5121,13.9,623.8,1.42,0.98,1.18,5904.0,-0.16
HATS-22 b,870.8542,10.682177,4.7228124,0.05025,0.759,0.689,4803.0,0.0
TYC 4282-00605-1 b,3426.2074,12.4,101.54,0.422,0.97,16.21,4300.0,-0.07
K2-206 b,8.22,2.79522879,18.294549,,0.789481,0.758046,5043.0,-0.14
K2-207 b,7.3,2.60585269,12.48749,,0.941851,0.928158,5522.0,0.11
K2-132 b,155.7367,14.5717,9.1751,0.0916,1.08,3.85,4840.0,-0.01
WASP-153 b,123.9537,17.37395,3.332609,0.048,1.336,1.73,5914.0,0.34
HATS-23 b,467.2101,20.84874,2.1605156,0.03397,1.121,1.199,5780.0,0.28
HD 219134 b,4.74,1.602,3.092926,0.03876,0.81,0.778,4699.0,0.11
HD 40956 b,858.141,13.2,578.6,1.4,2.0,8.56,4869.0,0.14
Ross 128 b,1.4,1.11,9.8658,0.0496,0.168,0.1967,3192.0,-0.02
K2-219 b,2.38,1.34762583,3.901287,,1.021545,1.189232,5753.0,0.13
OGLE-2013-BLG-1721L b,200.0,14.1,,2.6,0.46,,,
HD 34445 c,53.5,8.42,214.67,0.7181,1.07,1.38,5836.0,0.14
HD 219134 d,16.17,1.61,46.859,0.237,0.81,0.778,4699.0,0.11
HD 219134 f,7.3,1.31,22.717,0.1463,0.81,0.778,4699.0,0.11
OGLE-2016-BLG-1190L b,4253.0,12.3,1220.0,2.17,0.88,,,
HD 113996 b,2002.329,12.7,610.2,1.6,1.49,25.11,4181.0,0.13
K2-213 b,2.9,1.51398464,8.13087,,1.069596,1.20424,5794.0,0.25
K2-215 b,5.16,2.12381238,8.269648,,0.999987,0.974398,5704.0,0.11
HD 34445 d,30.7,6.07,117.87,0.4817,1.07,1.38,5836.0,0.14
HD 34445 g,120.6,13.6,5700.0,6.36,1.07,1.38,5836.0,0.14
Kepler-20 g,19.96,4.71,34.94,0.2055,0.948,0.9639,5495.0,0.07
NGC 2682 Sand 978 b,692.8694,13.3,511.21,,1.37,21.017414,4200.0,-0.02
Kepler-80 g,0.065,1.13,14.64558,,0.83,0.678,4540.0,0.04
K2-217 b,12.5,3.57854073,14.074524,,1.102661,1.333718,5967.0,0.04
K2-218 b,7.13,2.56948149,8.679885,,1.047488,1.008231,5757.0,0.25
GJ 3293 c,21.09,4.87,122.6196,0.36175,0.42,0.404,3466.0,0.02
GJ 3293 b,23.54,5.19,30.5987,0.14339,0.42,0.404,3466.0,0.02
Wolf 1061 b,1.91,1.21,4.8869,0.0375,0.294,0.307,3342.0,-0.09
K2-80 d,7.04,2.55211506,28.867253,,0.913111,0.841458,5377.0,0.07
Kepler-1652 b,3.19,1.6,38.09722,0.1654,0.404,0.382,3638.0,-0.3
Wolf 1061 c,3.41,1.66,17.8719,0.089,0.294,0.307,3342.0,-0.09
PSR J2322-2650 b,252.643067,13.9,0.322963997,0.0102,1.4,,,
HATS-50 b,123.9537,12.66617,3.8297015,0.05046,1.168,1.117,5990.0,
tau Cet f,3.93,1.81,636.13,1.334,0.783,0.83,5310.0,-0.52
WASP-91 b,425.8922,11.54527,2.798581,0.037,0.84,0.86,4920.0,0.19
HD 9174 b,352.7913,13.7,1179.0,2.2,1.03,1.67,5577.0,0.39
HD 68402 b,2510.8444153,12.6,1103.0,2.18,1.12,1.02,5950.0,0.29
GJ 3138 b,1.78,1.18,1.22003,0.0197,0.681,0.5,3717.0,-0.3
MOA-2012-BLG-006L b,2700.0,12.6,,10.2,0.49,,,
WASP-105 b,572.094,10.76064,7.87288,0.075,0.89,0.9,5070.0,0.28
HD 147873 c,731.009,13.3,491.54,1.36,1.38,2.29,5972.0,0.03
HD 128356 b,282.8687,13.9,298.2,0.87,0.65,0.85,4875.0,0.17
GJ 3138 d,10.5,3.23,257.8,0.698,0.681,0.5,3717.0,-0.3
TYC 3318-01333-1 b,1086.9786,13.1,562.0,1.414,1.19,5.9,4776.0,-0.06
GJ 625 b,2.82,1.49,14.628,0.078361,0.3,0.31,3499.0,-0.38
GJ 3323 c,2.31,1.32,40.54,0.1264,0.164,0.119,3159.0,-0.27
BD+48 740 b,540.311,13.5,733.0,1.7,1.09,10.33,4534.0,-0.13
K2-21 b,4.04,1.84,9.325038,0.076,0.676023,0.646783,4222.06,-0.11
K2-4 b,5.06,2.1,10.003417,0.078,0.635026,0.569359,4014.73,-0.12
K2-21 c,6.76,2.49,15.50192,0.107,0.676023,0.646783,4222.06,-0.11
WASP-141 b,854.9627,13.56289,3.310651,0.0469,1.25,1.37,5900.0,0.29
K2-31 b,563.83042,11.88154,1.25785,0.022,0.91,0.78,5280.0,0.08
GJ 3293 e,3.28,1.63,13.2543,0.08208,0.42,0.404,3466.0,0.02
GJ 3293 d,7.6,2.67,48.1345,0.19394,0.42,0.404,3466.0,0.02
K2-149 b,3.33,1.64,11.332,0.083,0.595,0.568,3745.0,0.11
KELT-21 b,1242.7153,17.777474,3.6127647,0.05224,1.458,1.638,7598.0,-0.405
K2-125 b,5.39,2.18,21.750264,0.121,0.494727,0.402049,3654.47,
V830 Tau b,222.481,14.0,4.927,0.057,1.0,2.0,4250.0,-0.08
HATS-31 b,279.6904,18.38276,3.37796,0.0478,1.275,1.87,6050.0,0.0
Kepler-150 f,12.9,3.64,637.2093,1.24,0.97,0.905339,5528.0,0.12
Qatar-3 b,1369.8473,12.285064,2.5079204,0.03783,1.145,1.272,6007.0,-0.041
K2-160 b,10.2,3.17824034,3.705871,,0.982829,0.913754,5649.0,0.07
K2-128 b,2.6,1.42,5.675819,0.056,0.711248,0.777569,4469.51,-0.26
HATS-34 b,299.07803,16.02887,2.1061607,0.03166,0.955,0.98,5380.0,0.25
KELT-18 b,375.0394,17.59813,2.8717518,0.0455,1.524,1.908,6670.0,0.09
K2-163 b,6.65,2.46610713,6.673117,,0.826112,0.762201,4937.0,0.14
K2-165 b,2.17,1.27443657,2.354992,,0.834847,0.803827,5185.0,-0.05
K2-35 c,4.38,1.93,5.608352,0.055,0.701968,0.619575,4402.71,0.04
HATS-35 b,388.38826,16.409976,1.8209993,0.03199,1.317,1.433,6300.0,0.21
OGLE-2016-BLG-1195L b,1.43,1.11,,1.16,0.078,,,
K2-175 b,4.81,2.03803688,9.525988,,1.094693,1.420038,5909.0,0.05
K2-165 c,3.03,1.55409035,4.382745,,0.834847,0.803827,5185.0,-0.05
K2-116 b,0.257,0.69,4.655411,0.048,0.694512,0.6694,4348.35,0.01
K2-102 b,2.24,1.3,9.915615,,0.77,0.71,4695.0,0.14
XO-6 b,1398.452,23.20263,3.7650007,0.0815,1.47,1.93,6720.0,-0.07
HD 6434 b,155.7367,14.2,21.998,0.14,1.1,1.12,5769.0,-0.55
HD 68988 b,626.1251,13.4,6.27711,0.07,1.28,1.19,5932.0,0.35
HD 220074 b,5288.6912,12.2,672.09998,1.6,2.2,54.92,3787.0,-0.25
WASP-58 b,308.2951,16.02887,5.01718,0.0562,1.06,1.22,5800.0,-0.45
K2-231 b,6.8,2.5,13.841901,,1.01,0.95,5695.0,0.14
HATS-39 b,200.2329,17.59813,4.5776348,0.06007,1.379,1.621,6572.0,0.0
HD 137388 b,63.566,9.32,330.0,0.89,0.68,0.88,5181.0,0.19
HD 13931 b,889.9195396,13.2,4218.0,5.15,1.3,1.25,5867.0,0.05
HD 7199 b,3639.13526015,,615.0,1.36,0.77,0.97,5371.0,0.32
HD 75289 b,155.7367,14.2,3.50927,0.05,1.29,1.23,6117.0,0.26
WASP-72 b,731.009,14.45961,2.21673,0.03711,2.78,2.18,6250.0,-0.06
HATS-40 b,505.3497,17.71022,3.2642736,0.04997,1.561,2.26,6460.0,0.01
HATS-41 b,3082.951,14.90797,4.193649,0.0583,1.496,1.71,6424.0,0.47
HD 142022 A b,1433.40611557,12.9,1928.0,2.93,0.9,1.04,5421.0,0.19
HD 145377 b,1913.3366,12.8,103.95,0.45,1.2,1.05,6014.0,0.11
HD 76700 b,66.7443,9.6,3.97097,0.05,0.99,1.37,5644.0,0.31
HD 82886 b,740.5439,13.3,705.0,1.58,2.53,5.26,4953.0,-0.31
HD 24040 b,1589.142035,12.9,3668.0,4.92,1.11,1.3,5802.0,0.19
HD 222155 b,581.62598481,13.4,3999.0,5.14,1.21,1.85,5701.0,-0.18
HD 158996 b,4449.62,12.3,820.2,2.1,1.8,50.3,4069.0,-0.2
KPS-1 b,346.4347,11.54527,1.706291,0.0269,0.892,0.907,5165.0,0.22
HD 154672 b,1706.7471,12.8,163.94,0.6,1.18,1.32,5743.0,0.25
KELT-6 b,165.2716,14.5717,7.8457,0.07939,1.42,1.73,6102.0,-0.28
HAT-P-49 b,699.226,17.82231,2.69155,0.04378,2.22,2.06,6820.0,0.07
K2-155 c,7.27,2.6,13.85,0.0946,0.65,0.58,4258.0,-0.3
HD 158038 b,486.2799,13.5,521.0,1.5,1.3,4.5,4860.0,0.19
HR 810 b,1970.5361234,12.7,302.79999,0.92,1.34,1.13,6167.0,0.16
BD-13 2130 b,3108.3774,12.5,714.29999,1.66,2.12,19.17,4545.0,-0.08
HD 285507 b,311.4734,13.8,6.0881,0.06,0.82,0.69,4503.0,0.13
WASP-117 b,95.349,11.88154,10.02165,0.09459,1.29,1.22,6040.0,-0.11
K2-155 d,4.27,1.9,40.718,0.1937,0.65,0.58,4258.0,-0.3
HD 16175 b,1875.1876013,12.8,990.0,2.12,1.63,1.72,5981.0,0.3
HD 16141 b,82.6358,10.9,75.523,0.36,1.11,1.48,5757.0,0.13
WASP-11 b,251.0857,12.44199,3.72247,0.0435,1.42,0.89,4800.0,0.0
WASP-13 b,114.4188,13.67498,4.35301,0.05362,0.72,1.37,5950.0,0.0
WASP-95 b,457.6752,13.78707,2.18467,0.03416,1.46,1.23,5830.0,0.14
WASP-97 b,432.2488,12.77826,2.07276,0.03303,1.18,1.08,5640.0,0.23
11 UMi b,4684.8142,12.3,516.21997,1.53,2.78,29.79,4213.0,-0.02
BD-08 2823 b,2948.49413174,,5.6,0.06,0.5,0.71,4816.0,-0.06
HD 1690 b,2793.7257,12.5,533.0,1.36,1.86,21.66,4374.0,-0.27
WASP-14 b,2809.6172,15.46842,2.24375,0.037,1.62,1.4,6475.0,0.0
WASP-101 b,162.0933,16.02887,3.58572,0.05057,1.41,1.31,6380.0,0.2
BD-10 3166 b,187.5197,14.1,3.48777,0.04,1.47,0.91,5393.0,0.38
GJ 86 b,1404.8086,12.9,15.76491,0.11,0.93,0.77,5182.0,-0.22
WASP-22 b,212.9461,13.78707,3.53269,0.047,1.46,1.24,6000.0,-0.05
HD 95127 b,3378.5329,12.4,482.0,1.28,3.7,41.01,4218.0,-0.18
WASP-82 b,371.8611,18.15858,2.70579,0.0447,1.48,2.1,6480.0,0.12
HD 204941 b,73.1009,10.1,1733.0,2.55,0.58,0.78,5026.0,-0.19
WASP-29 b,73.1009,8.63093,3.92273,0.0457,0.77,0.79,4800.0,0.11
WASP-26 b,270.1555,13.56289,2.7566,0.04,0.86,1.22,6034.0,0.16
K2-164 b,10.6,3.24925008,17.355066,,1.180894,2.196069,5791.0,-0.23
K2-169 b,2.16,1.27328671,6.380803,,0.986144,0.919053,5548.0,0.26
HAT-P-22 b,785.0401,12.89035,3.21222,0.0414,1.13,1.11,5302.0,0.24
HAT-P-24 b,238.3725,14.5717,3.35524,0.04651,1.37,1.38,6373.0,-0.16
HD 212301 b,162.0933,14.2,2.24571,0.03,1.55,1.16,6239.0,0.18
WASP-38 b,1093.3352,13.78707,6.87188,0.07522,1.76,1.52,6180.0,-0.02
K2-170 b,2.6,1.41817537,7.576544,,0.963657,0.981614,5748.0,-0.11
K2-171 b,7.69,2.68657205,5.628466,,0.891587,1.717458,5250.0,-0.09
HAT-P-29 b,279.6904,13.11453,5.72319,0.0667,1.45,1.3,6087.0,0.21
HD 213240 b,1655.88600047,12.8,882.70001,1.89,1.57,1.51,5979.0,0.15
HD 215497 b,1588.82420659,,3.93404,0.05,0.67,0.85,5110.0,0.2
WASP-41 b,270.1555,12.3299,3.0524,0.04022,0.81,0.83,5545.0,0.06
WASP-48 b,254.264,16.8135,2.14363,0.03444,0.88,1.58,5920.0,-0.12
K2-172 b,3.42,1.66608079,14.316941,,0.934356,0.868889,5569.0,-0.06
K2-172 c,10.4,3.20569097,29.62682,,0.934356,0.868889,5569.0,-0.06
K2-190 b,2.41,1.35673729,10.098858,,0.904597,0.912206,5631.0,-0.19
HAT-P-5 b,311.4734,13.56289,2.78849,0.04073,1.04,1.12,5960.0,0.24
HAT-P-6 b,419.5356,16.58932,3.85298,0.05239,1.79,1.62,6570.0,-0.13
HD 218566 b,63.566,9.32,225.7,0.69,0.76,0.85,4730.0,0.28
HD 240237 b,5050.3187,12.2,745.70001,1.92,8.76,71.23,3926.0,-0.25
XO-1 b,263.7989,12.77826,3.94153,0.0488,0.88,0.88,5750.0,0.02
XO-4 b,451.3186,14.01125,4.12508,0.05524,1.1,1.45,6397.0,-0.04
K2-191 b,3.12,1.57889322,2.858646,,0.900994,0.839696,5176.0,0.31
K2-200 b,2.43,1.3643987,2.849883,,0.860208,0.791736,5233.0,-0.04
HD 101930 b,79.4575,10.6,70.46,0.3,0.57,0.86,5108.0,0.15
HD 2638 b,133.4886,14.3,3.4442,0.04,0.77,0.94,5186.0,0.13
HD 30562 b,467.20775829,13.6,1157.0,2.34,1.12,1.61,5882.0,0.2
KELT-2 A b,540.311,15.13215,4.11379,0.05497,1.54,1.93,6327.0,0.0
Pr0201 b,171.6282,14.2,4.4264,0.06,1.24,1.15,6174.0,0.19
K2-173 b,3.22,1.60826194,5.868699,,0.881538,0.843154,5580.0,-0.25
HD 102195 b,130.3103,14.2,4.11377,0.05,0.76,0.82,5301.0,0.04
HD 102117 b,54.0311,8.47,20.8133,0.15,1.06,1.23,5655.0,0.28
HD 330075 b,152.5584,14.3,3.38773,0.04,0.47,0.84,5000.0,0.05
HD 34445 b,260.6206,13.9,1049.0,2.07,1.14,1.38,5879.0,0.18
HD 77338 b,15.9,4.12,5.7361,0.06,1.37,0.97,5341.0,0.32
HAT-P-40 b,152.5584,17.03768,4.45724,0.0608,1.03,1.94,6080.0,0.22
HD 215152 c,468.79690033,,7.28243,0.067393,0.77,0.73,4935.0,-0.1
HD 215152 d,770.41605857,,10.86499,0.08799,0.77,0.73,4935.0,-0.1
HD 103197 b,28.6047,5.83,47.84,0.25,0.8,0.88,5250.0,0.22
HD 108874 b,451.3186,13.6,394.48123,1.04,1.1,1.05,5600.0,0.26
HD 40979 b,1484.2661,12.9,264.14999,0.85,1.45,1.21,6165.0,0.2
HD 4203 b,708.7609,13.3,431.88,1.17,1.25,1.42,5596.0,0.4
WASP-49 b,117.5971,12.44199,2.78174,0.0379,0.92,0.97,5600.0,-0.23
UKIRT-2017-BLG-001L b,407.0,13.7,,4.18,0.81,,,
HD 121504 b,479.9233,13.6,63.33,0.33,1.62,1.07,6027.0,0.15
HD 47186 b,22.2481,5.02,4.0845,0.05,0.96,1.08,5657.0,0.24
WASP-66 b,746.9005,15.6926,4.08605,0.0546,1.33,1.76,6600.0,-0.31
WASP-67 b,136.6669,12.89035,4.61442,0.05179,0.91,0.88,5200.0,-0.07
K2-197 b,7.08,2.56,8.357881,0.0806,1.0,0.93,5667.0,0.08
HD 185269 b,321.0083,13.8,6.83776,0.077,1.3,2.0,5923.0,0.11
HD 181342 b,807.2882,13.2,564.1,1.592,1.69,4.71,4945.0,0.26
K2-240 b,4.66,2.0,6.034,0.0513,0.58,0.54,3810.0,-0.1
CoRoT-20 c,5403.11,12.2,1675.0,2.9,1.14,1.02,5880.0,0.14
HD 89345 b,34.9613,7.39794,11.8143,0.1066,1.157,1.747,5576.0,0.421
WASP-158 b,886.7457,11.99363,3.656333,0.0517,1.38,1.39,6350.0,0.24
HD 200964 b,508.21017,13.5,606.3,1.565,1.39,4.92,4982.0,-0.15
K2-238 b,273.3338,14.5717,3.20466,0.046,1.19,1.59,5630.0,0.34
WASP-162 b,1652.716,11.209,9.62468,0.0871,0.95,1.11,5300.0,0.28
WASP-168 b,133.4886,16.8135,4.153658,0.0519,1.08,1.12,6000.0,-0.01
HD 28678 b,490.09386,13.5,380.2,1.18,1.53,6.48,4972.0,-0.11
HD 30856 b,491.68301,13.5,847.0,1.85,1.17,4.4,4895.0,-0.06
OGLE-2014-BLG-1722L c,83.7,11.0,,1.7,0.4,,,
K2-244 b,3.71,1.75,21.06884,0.1418,0.86,0.92,5677.0,-0.29
K2-266 b,11.26782377,3.3,0.658524,0.01306,0.686,0.703,4285.0,-0.12
K2-266 c,0.29013072,0.705,7.814,0.0679,0.686,0.703,4285.0,-0.12
WASP-173 A b,1172.7927,13.4508,1.38665318,0.0248,1.05,1.11,5800.0,0.16
OGLE-2011-BLG-0173L b,60.0,9.01,,8.0,0.41,,,
HD 5319 b,494.54348,13.5,637.1,1.57,1.27,4.06,4871.0,0.15
K2-159 b,5.73,2.26,12.42205,0.1013,0.9,0.83,5425.0,-0.07
K2-266 e,14.3,2.73,19.482,0.1249,0.686,0.703,4285.0,-0.12
K2-266 d,8.9,2.93,14.697,0.1035,0.686,0.703,4285.0,-0.12
WASP-147 b,87.40325,12.498035,4.60273,0.0549,1.044,1.429,5702.0,0.092
WASP-160 B b,88.35674,12.21781,3.7684952,0.0452,0.87,0.868,5298.0,0.27
HD 95089 c,1096.5135,13.1,1785.0,3.33,1.54,5.08,4918.0,0.05
K2-166 b,5.43,2.19,8.52695,0.0858,1.16,1.61,5960.0,0.09
HATS-36 b,1022.14128,12.92,4.175186,0.0523,1.1,1.1,5950.0,0.15
WASP-165 b,209.13214,14.12334,3.465509,0.04823,1.248,1.75,5599.0,0.33
HD 96063 b,403.6441,13.7,362.5,1.11,1.37,4.75,5020.0,-0.3
K2-228 b,1.92,1.21,2.69828,0.0338,0.71,0.65,4715.0,-0.25
K2-283 b,12.2,3.52,1.921036,0.0291,0.89,0.82,5060.0,0.28
K2-151 b,2.83,1.49,3.835476,0.0373,0.47,0.45,3695.0,-0.19
K2-281 b,50.9,8.18,8.687721,0.0773,0.82,0.76,4812.0,0.22
K2-216 b,8.0,1.75,2.1748,0.028,0.7,0.72,4503.0,0.0
HD 5319 c,334.67499,13.8,872.2,1.93,1.27,4.06,4871.0,0.15
K2-230 b,4.5,1.96,2.86041,0.0409,1.11,1.39,5945.0,0.1
K2-188 b,2.39,1.35,1.742169,0.0289,1.06,1.19,5977.0,-0.01
GJ 96 b,19.66,4.67,73.94,0.291,0.6,0.580612,3785.0,0.14
KMT-2016-BLG-1820L b,1450.0,12.9,,1.08,0.039,,,
HD 94834 b,400.4658,13.7,1576.0,2.74,1.11,4.2,4798.0,0.12
K2-153 b,4.66,2.0,7.51574,0.0614,0.55,0.53,3845.0,-0.09
HATS-11 b,263.7989,18.03,3.619188,0.0507,1.33,1.54,6563.0,0.03
KMT-2016-BLG-2142L b,4923.0,12.2,,0.83,0.073,,,
MOA-2015-BLG-337L b,33.7,6.42,,0.24,0.0094,,,
K2-241 b,7.04,2.55,26.8199,0.1567,0.71,0.75,5262.0,-0.44
K2-117 c,4.9,2.06,5.444017,0.0492,0.54,0.51,3778.0,-0.05
K2-284 b,8.15,2.78,4.795069,0.04771,0.63,0.607,4140.0,0.0
MOA-2016-BLG-319L b,200.0,14.1,,0.95,0.15,,,
HD 12648 b,622.9468,13.4,133.60001,0.54,0.67,11.02,4835.0,-0.57
K2-243 b,5.35,2.17,11.54182,0.1087,1.29,1.39,6570.0,-0.03
K2-117 b,4.78,2.03,1.2916,0.0189,0.54,0.51,3778.0,-0.05
K2-312 c,1681.31227303,12.8,871.32,1.882,1.15,1.199,5959.0,0.255
K2-245 b,17.4,4.34,11.89307,0.0959,0.83,1.25,5793.0,-0.45
K2-270 c,9.01,2.95,4.400028,0.0497,0.85,0.77,4877.0,0.26
HATS-59 b,256.17098,12.621334,5.416081,0.06112,1.038,1.036,5670.0,0.18
KELT-15 b,416.3573,19.50366,3.32944,0.04613,2.06,1.78,6003.0,0.05
K2-247 b,5.14,2.12,2.25021,0.0304,0.74,0.69,4667.0,-0.08
EPIC 211945201 b,11.0,5.76,19.49221,0.1493,1.17,1.39,6069.0,0.1
CoRoT-21 b,718.2958,14.5717,2.72474,0.0417,1.29,1.95,6200.0,0.0
70 Vir b,2380.45,12.6,116.688,0.481,1.09,1.89,5495.0,-0.09
K2-39 b,28.6047,6.27704,4.60543,0.05708,0.66,2.97,4881.0,0.32
K2-248 b,7.13,2.57,7.17256,0.0699,0.88,0.92,5528.0,-0.1
K2-276 b,13.7,3.77,18.718269,0.1291,0.82,0.85,5139.0,0.07
HD 102956 b,305.1168,13.8,6.4947,0.0807,1.66,4.55,4985.0,0.19
HD 108863 b,767.24162,13.3,437.7,1.32,1.59,5.74,4878.0,0.2
HATS-46 b,54.98459,10.121727,4.7423729,0.05367,0.917,0.853,5495.0,-0.06
HATS-7 b,38.1396,6.310667,3.185315,0.04012,0.849,0.815,4985.0,0.25
K2-252 b,3.68,1.74,13.81513,0.1041,0.79,0.82,5152.0,-0.09
K2-188 c,8.4,2.83,7.810253,0.0785,1.06,1.19,5977.0,-0.01
HD 131496 b,572.094,13.4,896.0,2.01,1.34,4.44,4846.0,0.25
HD 1502 b,874.0325,13.2,428.5,1.262,1.46,4.67,4947.0,0.09
NGTS-3 A b,756.4354,16.58932,1.6753728,0.023,1.017,0.93,5600.0,0.12
K2-254 b,3.29,1.63,4.09639,0.0448,0.71,0.67,4629.0,-0.14
K2-192 b,2.92,1.52,4.162817,0.049,0.9,0.81,5222.0,0.15
K2-239 c,0.972,1.0,7.775,0.0576,0.4,0.36,3420.0,-0.1
K2-258 b,9.27,3.0,19.0921,0.149,1.21,1.31,6351.0,0.01
HD 70642 b,1239.5307873,13.0,2124.54,3.318,1.078,0.984,5732.0,0.22
HATS-69 b,183.38791,10.592505,2.2252577,0.03211,0.892,0.8785,5137.0,0.377
HD 202696 b,634.38868,,517.8,1.566,1.91,6.43,5040.0,0.02
HD 202696 c,592.43512,,946.6,2.342,1.91,6.43,5040.0,0.02
KMT-2017-BLG-1038L b,640.0,13.4,,1.8,0.37,,,
HD 117618 b,55.30242,8.59,25.8,0.18,1.077,1.2,5990.0,0.0283
NGTS-4 b,20.6,3.18,1.3373508,0.019,0.75,0.84,5143.0,-0.28
K2-295 b,106.47305,10.054473,4.024867,0.0451,0.74,0.7,4444.0,0.14
HIP 79098 AB b,6515.515,12.1,,345.0,3.75,,9193.75,
Kepler-730 b,,12.3299,6.491682808,0.0694,1.047,1.411,5620.0,0.21
K2-133 c,3.2,1.603,4.86784,0.04341,0.461,0.455,3655.0,
K2-133 d,4.67,2.003,11.02454,0.07487,0.461,0.455,3655.0,
HAT-P-25 b,180.84527,12.722215,3.65281514,0.0466,1.012,0.919,5519.0,0.294
HD 89744 b,2653.8805,12.6,256.78,0.917,1.86,2.13257,6291.0,0.2238
HD 65216 c,645.1949,13.4,5370.0,5.75,0.874,0.88,5612.0,-0.1685
K2-133 e,3.64,1.73,26.5841,0.1346,0.461,0.455,3655.0,
EPIC 201497682 b,0.26,0.692,2.13174,,0.78,0.554,4991.0,-0.0892
OGLE-2015-BLG-1670L b,17.9,4.42,,2.62,0.55,,,
K2-290 c,246.00042,11.276254,48.36685,0.305,1.194,1.511,6302.0,-0.06
HAT-P-34 b,1058.3739,13.417173,5.452654,0.06774,1.392,1.53,6442.0,0.22
EPIC 201754305 d,1.08,1.03,2.71578,,0.67,0.544,4761.0,-0.33
EPIC 201833600 c,0.972,1.0,3.96151,,0.611,0.634,4326.0,-0.1132
HAT-P-36 b,587.413406,14.313893,1.32734683,0.0241,1.03,1.041,5620.0,0.25
K2-52 b,,18.0,3.535055,0.054,1.691,2.192,7147.0,0.055
K2-53 b,7.27,2.6,12.20772,0.098,0.851,0.807,5263.0,-0.037
K2-293 b,6.57,2.45,13.1225,,0.958,0.947,5532.0,0.218
TOI-172 b,1722.6386,10.816685,9.47725,0.0914,1.128,1.777,5645.0,0.148
EPIC 206024342 b,3.53,1.7,4.50756,,0.928,0.823,5724.0,-0.22
EPIC 206032309 b,1.01,1.01,2.87814,,0.221,0.37344,3489.0,
HAT-P-9 b,238.05467,15.614137,3.92281072,0.05287,1.281,1.338,6350.0,0.12
HATS-24 b,718.2958,15.636555,1.3484978,0.0238,1.07,1.12,6125.0,-0.229
K2-90 b,7.27,2.6,13.733314,0.096,0.629,0.619,4484.0,-0.225
K2-294 b,3.39,1.66,2.50387,,0.987,1.2,5612.0,0.194
GJ 685 b,9.0,2.95,24.16,0.1344,0.55,0.54,3816.0,-0.15
EPIC 206317286 b,0.84,0.96,1.58252,,0.711,0.669,4752.0,0.019
K2-308 b,70.6,9.916,3.38628,,1.09,1.24,6100.0,-0.1
Kepler-9 c,29.9,8.08,38.9853,0.227,1.022,0.958,5774.0,0.05
K2-124 b,8.75,2.9,6.413651,0.049,0.39,0.388,3570.0,0.023
HD 92788 b,1195.0408,13.0,325.803,0.97,1.15,1.14,5744.0,0.27
Kepler-25 c,15.2,5.217,12.7207,0.1117,1.165,1.316,6354.0,0.11
WASP-33 b,665.21819,17.855937,1.21987,0.0239,1.495,1.444,7430.0,0.1
HD 134060 c,29.29,5.91,1291.5646,2.3928,1.095,1.164285,5966.0,0.14
WASP-177 b,161.45764,17.71022,3.071722,0.03957,0.876,0.885,5017.0,0.25
WASP-181 b,95.03117,13.271456,4.5195064,0.05427,1.04,0.965,5839.0,0.09
Kepler-25 b,8.7,2.748,6.238297,0.0695,1.165,1.316,6354.0,0.11
WASP-161 b,791.3967,12.811887,5.4060425,0.0673,1.39,1.712,6400.0,0.16
WASP-163 b,594.3421,13.473218,1.6096884,0.0266,0.97,1.015,5500.0,-0.34
HD 20781 b,1.93,1.21,5.3135,0.0529,0.7,0.833609,5256.0,-0.11
HD 20003 b,11.66,3.43,11.8482,0.0974,0.875,0.921637,5494.0,0.04
Kepler-47 c,3.17,4.65,303.227,0.9638,0.957,0.936,5636.0,-0.25
Gl 49 b,5.63,2.24,13.8508,0.0905,0.515,0.511,3805.0,0.13
HD 21693 b,8.23,2.8,22.6786,0.1455,0.8,0.914378,5430.0,0.0
HD 20781 c,5.33,2.17,13.8905,0.1004,0.7,0.833609,5256.0,-0.11
Kepler-47 d,19.02,7.04,187.366,0.6992,0.957,0.936,5636.0,-0.25
LSPM J2116+0234 b,13.3,3.71,14.4399,0.0876,0.43,0.431,3475.0,-0.05
K2-285 e,10.7,1.95,14.76289,0.18041,0.83,0.787,4975.0,0.0
K2-285 d,6.5,2.48,10.45582,0.1178,0.83,0.787,4975.0,0.0
HD 31527 b,10.47,3.22,16.5535,0.1254,0.96,1.073694,5898.0,-0.17
HD 31527 d,11.82,3.46,271.6737,0.8098,0.96,1.073694,5898.0,-0.17
HD 21749 c,3.7,0.892,7.78993,0.0695,0.73,0.695,4640.0,0.003
HD 114729 b,262.20975,13.9,1121.79,2.067,0.936,1.473,5844.0,-0.33
K2-286 b,5.06,2.1,27.359,0.1768,0.64,0.62,3926.0,0.0
Qatar-9 b,378.2177,11.309881,1.540731,0.0234,0.719,0.696,4309.0,0.252
NGTS-5 b,72.78307,12.733424,3.3569866,0.0382,0.661,0.739,4987.0,0.12
HD 126525 b,75.32571,10.3,960.41,1.837,0.897,0.979,5638.0,-0.1
HD 117207 b,669.34662514,13.4,2621.75,3.787,1.053,1.074,5732.0,0.19
HD 143361 b,1382.55357045,12.9,1039.15,1.988,0.968,0.916,5507.0,0.14
K2-288 B b,4.27,1.9,31.393463,0.164,0.33,0.32,3341.0,-0.21
HATS-60 b,210.40346,12.923977,3.560829,0.04708,1.097,1.46,5688.0,0.335
HD 20781 e,14.03,3.83,85.5073,0.3374,0.7,0.833609,5256.0,-0.11
HD 45184 c,8.81,2.91,13.1354,0.11,1.03,1.075139,5869.0,0.04
HD 152079 b,845.74563,13.2,2918.92,4.187,1.147,1.128,5907.0,0.29
HATS-62 b,56.89157,11.825495,3.2768837,0.04163,0.896,0.933,5416.0,0.133
HATS-63 b,305.1168,13.529263,3.0566527,0.04026,0.931,1.07,5627.0,0.081
HATS-70 b,4100.007,15.513256,1.8882378,0.03632,1.78,1.881,7930.0,0.041
K2-264 b,5.61,2.231,5.840002,0.05023,0.496,0.473,3660.0,-0.013
KMT-2016-BLG-1107L b,1043.0,13.1,,0.342,0.087,,,
HD 103949 b,11.2,3.35,120.878,0.439,0.77,0.753113,4792.0,-0.07
HIP 35173 b,12.7,3.61,41.516,0.217,0.79,0.773404,4881.0,
HD 23127 b,485.32641,13.5,1211.17,2.37,1.208,1.49,5843.0,0.29
HD 25171 b,290.81445,13.9,1802.29,2.971,1.076,1.23,6125.0,-0.12
HATS-65 b,260.93843,16.824709,3.105161,0.04497,1.257,1.31,6277.0,0.199
HATS-66 b,1694.0339,15.815899,3.1414391,0.04714,1.411,1.841,6626.0,-0.017
HD 1397 b,131.89945,11.500434,11.53533,0.1097,1.324,2.336,5521.0,0.29
HD 64114 b,17.8,4.41,45.791,0.246,0.95,0.882858,5676.0,
HD 206255 b,34.2,6.47,96.045,0.461,1.42,2.221489,5635.0,
HD 38801 b,3082.31534,12.5,685.25,1.623,1.207,2.029,5338.0,0.25
HATS-67 b,460.8535,18.887165,1.6091788,0.03032,1.435,1.441,6594.0,0.332
HATS-68 b,410.0007,13.809488,3.5862202,0.05071,1.351,1.748,6147.0,0.21
Gl 378 b,13.02,3.66,3.822,0.039435,0.56,0.56,3879.0,0.06
WASP-190 b,317.83,12.89035,5.367753,0.0663,1.35,1.6,6400.0,-0.02
Kepler-1610 c,5.02,2.09,44.9851885,0.2323,0.825,0.8,5295.0,-0.1
XO-7 b,225.34147,15.389957,2.8641424,0.04421,1.405,1.48,6250.0,0.432
HATS-55 b,292.72143,14.022459,4.2042001,0.05412,1.1955,1.126,6214.0,0.108
Kepler-1996 c,8.3,2.81,92.7297248,0.3608,0.748,0.675,4580.0,0.08
Kepler-1988 b,2.96,1.53,11.49500229,0.1038,1.127,1.788,6033.0,-0.1
TOI-813 b,36.4,6.71,83.8911,0.423,1.32,1.94,5907.0,0.1
GJ 433 b,6.043,2.33,7.3705,0.062,0.48,0.5,3461.0,-0.17
HATS-58 A b,327.3649,12.273855,4.2180896,0.05798,1.461,1.433,7175.0,
HR 5183 b,1052.01202717,13.1,27000.0,18.0,1.07,1.53,5794.0,0.1
Kepler-1991 b,2.76,1.47,13.26079792,0.1065,0.914,1.053,5478.0,0.16
Kepler-1471 c,4.19,1.88,11.6044881,0.0981,0.934,1.166,5533.0,0.16
GJ 180 b,6.49,2.43,17.133,0.092,0.43,0.413049,3371.0,
WASP-169 b,178.30263,14.616536,5.6114118,0.0681,1.337,2.011,6110.0,0.06
Kepler-1998 b,0.156,0.6,3.03267135,0.0405,0.962,0.921,5640.0,0.06
Kepler-164 e,16.7,4.24,94.886902,0.4025,0.966,1.097,5888.0,-0.1
Kepler-1994 b,0.087,0.51,4.61225043,0.053,0.932,0.961,5495.0,0.16
Kepler-1984 b,37.3,6.81,1.992812339,0.0238,0.45,0.42,3638.0,-0.14
GJ 433 d,5.223,2.14,36.059,0.178,0.48,0.5,3461.0,-0.17
GJ 3082 b,8.2,2.79,11.949,0.079,0.47,0.465216,3910.0,
WASP-175 b,314.6517,13.540472,3.0652907,0.04403,1.212,1.204,6229.0,0.15
Kepler-619 d,16.2,4.17,11.67894236,0.1021,1.041,0.964,6122.0,-0.18
Kepler-1126 c,2.7,1.45,199.66876,0.6193,0.794,0.921,5678.0,-0.4
EPIC 249893012 b,8.75,1.95,3.5951,0.047,1.05,1.71,5430.0,0.2
Kepler-1661 b,17.0,3.87,175.06,0.633,0.841,0.762,5100.0,-0.12
OGLE-2016-BLG-1067L b,140.0,14.3,,1.7,0.3,,,
Kepler-1987 c,2.33,1.33,3.64830183,0.0427,0.799,0.714,4769.0,0.12
Kepler-1985 b,5.77,2.27,3.42064689,0.0426,0.877,0.966,5370.0,0.14
Kepler-1987 b,2.04,1.23,2.345863002,0.0318,0.799,0.714,4769.0,0.12
Kepler-1801 c,8.8,2.91,116.583183,0.4572,0.936,0.981,5738.0,-0.06
EPIC 249893012 c,14.67,3.67,15.624,0.13,1.05,1.71,5430.0,0.2
EPIC 249893012 d,10.18,3.94,35.747,0.22,1.05,1.71,5430.0,0.2
WASP-180 A b,286.047,13.89916,3.409264,0.048,1.3,1.19,6600.0,0.1
WASP-2 b,295.89973,12.116929,2.152175,0.03144,0.895,0.866,5180.0,0.12
Kepler-949 c,9.11,2.97,20.99757968,0.1394,0.817,0.895,5211.0,0.08
Kepler-311 d,4.86,2.05,232.040326,0.7326,0.974,1.156,5903.0,-0.1
WASP-44 b,276.5121,12.3299,2.423804,0.03453,0.935,0.906,5420.0,-0.003
WASP-45 b,306.38812,10.603714,3.126089,0.03963,0.85,0.855,5150.0,-0.03
Kepler-1834 c,1.98,1.22,0.766691517,0.015,0.765,0.788,4821.0,0.16
HATS-47 b,117.27927,12.520453,3.9228038,0.04269,0.674,0.6564,4512.0,-0.113
GJ 15 A c,36.0,6.67,7600.0,5.4,0.38,0.38,3607.0,-0.34
Kepler-763 c,2.6,1.42,4.09667624,0.0466,0.8,0.843,4999.0,0.18
Kepler-347 d,9.48,3.04,85.517344,0.3802,1.0,1.451,5592.0,0.16
EPIC 248847494 b,4131.79,12.44199,3650.0,4.5,0.9,2.7,4898.0,-0.23
WASP-184 b,181.1631,14.90797,5.1817,0.0627,1.23,1.65,6000.0,0.12
WASP-185 b,311.4734,14.01125,9.38755,0.0904,1.12,1.5,5900.0,-0.02
Kepler-290 d,0.566,0.86,0.764017553,0.0154,0.84,0.755,5142.0,-0.06
Kepler-549 d,16.4,4.2,24.61480613,0.1575,0.859,0.986,5312.0,0.16
KMT-2017-BLG-0165L b,34.0,6.45,,3.45,0.76,,,
Kepler-865 c,0.64,0.89,6.20920207,0.061,0.782,0.885,5440.0,-0.24
TOI-150.01,797.7533,14.067295,5.857487,0.07037,1.351,1.526,6255.0,0.28
GJ 682 c,8.7,2.89,57.32,0.176,0.27,0.298255,3028.0,
OGLE-2015-BLG-1649L b,807.0,13.2,,2.07,0.34,,,
Kepler-2000 c,3.09,1.57,20.6180348,0.1228,0.581,0.576,3757.0,0.48
Kepler-448 c,6992.26,12.0,2500.0,4.2,1.5,1.4,6635.0,0.0815
MOA-bin-29 b,190.0,14.1,,0.48,0.03,,,
HD 97048 b,794.575,13.3,,130.0,2.4,2.25,10000.0,
7 CMa b,587.9855,13.4,735.1,1.758,1.34,4.87,4826.0,0.21
Kepler-1983 b,6.04,2.33,7.32851947,0.0689,0.812,0.874,5135.0,0.12
NGTS-8 b,295.5819,12.21781,2.4997,0.035,0.89,0.98,5241.0,0.24
EPIC 205950854 c,2.27,1.31,8.050722,,0.877,0.83,5502.7,-0.13
7 CMa c,276.5121,13.9,996.0,2.153,1.34,4.87,4826.0,0.21
Kepler-1990 c,0.904,0.98,4.06844957,0.0504,1.028,1.071,5751.0,0.21
HD 220197 b,63.566,9.32,1728.0,2.729,0.91,0.98,5683.0,-0.55
K2-43 c,6.44,2.42,2.198884,,0.571,0.542,3840.6,
Kepler-763 d,3.43,1.67,6.50327035,0.0634,0.8,0.843,4999.0,0.18
Kepler-1162 c,3.93,1.81,59.284064,0.2832,0.861,0.859,5225.0,0.14
HD 213885 b,8.83,1.745,1.008035,0.02012,1.068,1.1011,5978.0,-0.04
Kepler-896 c,10.1,3.15,29.5422566,0.1792,0.877,0.803,5510.0,-0.16
Kepler-1982 b,0.381,0.77,3.82315697,0.0511,1.213,1.122,6202.0,0.21
HD 213885 c,19.95,4.71,4.78503,0.056798,1.068,1.1011,5978.0,-0.04
HAT-P-69 b,1137.8314,18.786284,4.7869491,0.06555,1.648,1.926,7394.0,-0.069
Kepler-2000 b,7.9,2.73,6.383159135,0.0562,0.581,0.576,3757.0,0.48
TOI-763 c,9.32,2.63,12.2737,0.1011,0.917,0.897,5450.0,0.01
TOI-905 b,211.99261,13.125739,3.739494,0.04666,0.968,0.918,5570.0,0.14
TOI-564 b,464.98529,11.43318,1.651144,0.02734,0.998,1.088,5640.0,0.143
Kepler-29 b,5.0,2.55,10.33974,0.08482,0.761,0.732,5378.0,-0.44
Kepler-1674 b,10.4,3.2057749,62.5611,0.3017,0.96,0.877273,5473.91,0.0562
Kepler-1675 b,9.93,3.12483349,63.0382,0.32185,1.06,1.12865,5853.19,0.2537
HD 108236 b,3.24,1.615,3.795963,0.04527,0.869,0.877,5660.0,-0.28
HD 164922 c,13.0,3.66,75.74,0.341,0.926,0.946,5390.0,0.18
KMT-2019-BLG-0842L b,10.28,3.19,,3.31,0.76,,,
HD 108236 e,9.71,3.083,19.590025,0.1367,0.869,0.877,5660.0,-0.28
WASP-150 b,2688.8418,11.99363,5.644207,0.0694,1.394,1.651,6218.0,0.156
NGTS-13 b,1538.2972,12.800678,4.119027,0.0549,1.3,1.788,5819.0,0.25
MOA-2009-BLG-319L b,67.3,9.64,,2.03,0.524,,,
Kepler-1685 b,7.16,2.57673985,20.4905,0.1485,0.96,0.835451,5484.0,0.21
Kepler-1686 b,2.62,1.42553017,9.30987,0.08827,1.02,1.19951,5714.96,0.0775
KMT-2016-BLG-2397L b,836.0,13.2,,3.64,0.64,,,
OGLE-2017-BLG-0604L b,160.0,14.2,,4.06,0.7,,,
OGLE-2017-BLG-1375L b,3585.0,12.4,,3.04,0.81,,,
NGTS-14 A b,29.24036,4.976796,3.5357173,0.0403,0.898,0.842,5187.0,0.1
HD 13808 b,11.2,3.35,14.1815,0.10519,0.771,0.781,5035.0,-0.21
OGLE-2015-BLG-1771L b,138.0,14.3,,0.85,0.077,,,
OGLE-2018-BLG-1700L b,1400.0,12.9,,2.8,0.42,,,
Kepler-1687 b,3.38,1.65623882,5.77954,0.0532,0.65,0.726119,4132.0,-0.14
Kepler-1689 b,0.799,0.94678642,8.483,0.0784,1.023,0.996208,5731.43,-0.1455
Kepler-462 b,53.9,3.0,84.6866,0.4172,1.59,1.57,7500.0,0.05
HD 4760 b,4417.837,12.3,434.0,1.14,1.05,42.4,4076.0,-0.91
HD 110113 c,10.5,2.11384817,6.744,0.068,0.997,0.968,5732.0,0.14
HD 96992 b,362.3262,13.7,514.0,1.24,0.96,7.43,4725.0,-0.45
KMT-2018-BLG-1292L b,1400.0,12.9,,6.03,1.09,,,
OGLE-2012-BLG-0838L b,53.1,8.39,,4.43,0.4,,,
Kepler-1691 b,4.02,1.83470985,3.8482,0.0495,1.11,1.13152,6000.0,0.16
Kepler-1692 b,1.42,1.11177184,5.95966,0.0646,0.87,0.866139,5146.0,0.36
EPIC 201170410.02,1.15,1.047,6.7987,0.0349,0.287,0.282,3648.0,-0.048
Kepler-160 d,100.0,,30.0,0.17,1.003,1.118,5471.0,0.2
Kepler-160 c,13.6,3.76,13.699429,0.1192,1.003,1.118,5471.0,0.2
Kepler-1694 b,1.76,1.17986031,3.89526,0.0449,0.82,0.756284,4954.0,0.14
Kepler-716 c,2.52,1.39281536,3.96999,0.04548,0.83,0.742183,5012.0,-0.06
EPIC 201757695.02,0.688,0.90819,2.0478,0.0296,0.727,0.655,4520.0,-0.003
HD 110082 b,10.3,3.2,10.18271,0.113,1.21,1.19,6200.0,0.08
Kepler-1664 b,9.45,3.03320653,14.3868,0.1137,0.944,1.072,5735.81,0.3698
Kepler-1001 c,3.11,1.57799279,9.18186,0.08296,0.93,0.836475,5376.0,0.04
TOI-954 b,55.30242,9.550068,3.6849729,0.04963,1.201,1.892,5710.0,0.215
K2-329 b,82.6358,8.675766,12.4551225,0.1016,0.901,0.822,5282.0,0.098
HATS-49 b,112.19399,8.574885,4.1480467,0.04515,0.7133,0.6977,4405.0,0.208
TYC 8998-760-1 c,1906.98,12.3299,,320.0,1.0,1.02,4573.0,
Wendelstein-1 b,188.15536,11.5609626,2.663416,0.0282,0.65,0.61,4251.0,
MOA-2013-BLG-220L b,871.0,13.2,,3.03,0.88,,,
KMT-2016-BLG-1836L b,700.0,13.3,,3.5,0.49,,,
OGLE-2013-BLG-0911L b,3020.0,12.5,,0.39,0.29,,,
BD-11 4672 c,15.37,4.04,74.2,0.3,0.651,0.639,4550.0,-0.35
BD-11 4672 b,206.5895,14.1,1634.0,2.36,0.651,0.639,4550.0,-0.35
HIP 65 A b,1021.18779,22.75427,0.9809734,0.01782,0.781,0.7242,4590.0,0.18
TOI-481 b,486.2799,11.09691,10.33111,0.097,1.14,1.66,5735.0,0.26
TIC 237913194 b,617.22586,12.520453,15.168865,0.1207,1.026,1.088,5788.0,0.14
OGLE-2016-BLG-1227L b,250.0,13.9,,3.4,0.1,,,
TOI-157 b,375.0394,14.414774,2.0845435,0.03138,0.948,1.167,5404.0,0.24
TOI-169 b,251.40353,12.172974,2.2554477,0.03524,1.147,1.288,5880.0,0.24
Kepler-1700 b,8.76,2.90129941,234.239,0.76094,1.12,1.0937,6031.0,0.07
Kepler-1666 b,8.66,2.88273782,25.8476,0.1761,1.23,1.14586,6293.0,-0.2
Gl 686 b,6.624,2.46,15.53,0.091,0.426,0.427,3656.0,-0.23
HD 180617 b,12.214,3.53,105.911,0.343,0.484,0.481,3534.0,-0.04
HD 158259 e,6.08,2.34,7.951,,1.08,1.21,5801.89,
HD 158259 c,5.6,2.23,3.432,,1.08,1.21,5801.89,
HATS-37 A b,31.46517,6.792654,4.3315366,0.04913,0.843,0.877,5326.0,0.051
GJ 687 b,17.2,4.32,38.142,0.163,0.4,0.4183,3413.0,0.0631
GJ 2056 b,16.2,4.17,69.971,0.283,0.62,0.709495,4069.95,
TOI-237 b,2.67,1.44,5.436098,0.0341,0.179,0.211,3212.0,-0.3443
HD 216520 c,9.44,3.03,154.43,0.528,0.82,0.76,5103.0,-0.16
CoRoT-30 b,921.707,11.309881,9.06005,0.0844,0.98,0.91,5650.0,0.02
CoRoT-31 b,266.9772,16.36514,4.62941,0.0586,1.25,2.15,5700.0,0.0
HIP 38594 b,8.1,2.77,60.722,0.256,0.61,0.626646,4086.3,
WASP-186 b,1341.2426,12.44199,5.026799,0.06,1.22,1.47,6361.0,-0.08
Kepler-29 c,4.5,2.34,13.28613,0.10027,0.761,0.732,5378.0,-0.44
Kepler-783 c,6.04,2.33153725,7.05395,0.06903,0.94,0.872088,5411.49,-0.03
Kepler-1667 b,9.19,2.98385261,83.5781,0.35905,1.09,1.08751,5941.54,-0.2603
HIP 4845 b,14.4,3.89,34.15,0.176,0.62,0.603999,4010.0,
HIP 48714 b,22.9,5.11,17.818,0.112,0.58,0.595456,4015.5,
TOI-251 b,317.83,2.74,4.93777,0.05741,1.036,0.881,5875.0,-0.106
HAT-P-68 b,230.10892,12.016048,2.29840551,0.02996,0.6785,0.6701,4508.0,-0.059
Kepler-177 b,5.84,3.5,36.8601,0.21101,0.921,1.324,5732.0,-0.11
Kepler-36 b,3.83,1.498,13.86825,0.11419,1.034,1.634,5979.0,-0.18
KOI-1783.01,71.0,8.86,134.4628,0.52661,1.076,1.143,5922.0,0.11
Kepler-1668 b,17.4,4.34764405,15.434,0.124,0.98,1.01738,5542.0,0.07
Kepler-598 c,9.4,3.02420941,86.4945,0.36672,0.9,0.900316,5245.0,0.03
KMT-2019-BLG-1953L b,200.0,14.1,,,0.31,,,
Kepler-1514 c,1.74,1.1758241,10.514181,0.0997,1.196,1.289,6145.0,0.119
KOI-1783.02,15.0,5.44,284.215,0.86695,1.076,1.143,5922.0,0.11
HD 156668 c,31.49679513,6.17,811.3,1.57,0.785167,0.774528,4903.69,0.0493
HD 211403 b,1760.76937478,12.8,223.8,0.768,1.2,1.206,6273.0,0.18
K2-344 b,3.15,1.59,3.35585,,0.51,0.49,4374.0,-0.95
HD 24040 c,63.88350981,9.35,515.4,1.3,1.10394,1.387296,5776.49,0.1971
HD 3765 b,54.98431441,8.56,1211.0,2.108,0.851785,0.83061,5049.8,0.1716
HD 213472 b,1112.3994245,13.1,17000.0,13.0,1.048132,1.433902,5729.54,0.1249
K2-348 c,7.61,2.67,12.550171,,0.83,0.85,5077.0,0.13
CD Cet b,3.95,1.82,2.2907,0.0185,0.161,0.175,3130.0,0.13
G 264-012 b,2.5,1.39,2.30538,0.02279,0.297,0.305,3326.0,0.1
K2-352 d,5.6,2.23,14.871387,,0.98,0.95,5791.0,-0.05
K2-339 b,4.35,1.92,19.507428,,0.74,0.72,4857.0,-0.11
K2-282 b,6.8,2.5,4.169783,0.0499,0.94,1.0,5499.0,-0.23
K2-156 b,1.37,1.1,0.813143,0.0149,0.66,0.62,4460.0,-0.33
TOI-257 b,43.86032017,7.16253867,18.38818,0.1528,1.407,1.867,6095.0,0.175
HAT-P-58 b,118.2321674,14.93036229,4.0138379,0.04994,1.031,1.53,6078.0,-0.224
HAT-P-59 b,489.45574678,12.58768533,4.1419771,0.05064,1.008,1.1038,5678.0,0.217
K2-268 d,2.83,1.49,4.528598,,0.84,0.78,5106.0,0.03
TOI-269 b,8.8,2.77,3.6977104,0.0345,0.3917,0.398,3514.0,-0.29
K2-268 f,5.6,2.23,26.27057,,0.84,0.78,5106.0,0.03
K2-187 b,1.87,1.2,0.77401,0.0164,0.966999,0.83,5438.0,0.0
K2-210 b,0.566,0.86,0.57023,,0.911717,0.89,5500.0,0.0
K2-32 b,15.0,5.299,8.992,0.0795,0.83,0.86,5271.0,-0.06
K2-32 e,2.1,1.212,4.34934,0.04899,0.83,0.86,5271.0,-0.06
HAT-P-64 b,184.34047606,19.08889413,4.007232,0.05387,1.298,1.735,6457.0,-0.113
Kepler-129 c,43.0,2.52,82.2,0.39,1.178,1.653,5770.0,0.29
K2-331 b,3.86,1.79,9.398977,,1.1,1.06,5994.0,0.08
EPIC 228836835 b,1.37,1.1,0.728113,,0.418179,0.32,3782.0,-0.18
K2-223 c,2.86,1.5,4.562546,0.0549,1.06,1.0,5859.0,0.19
K2-32 c,8.1,3.134,20.66093,0.13843,0.83,0.86,5271.0,-0.06
K2-32 d,6.7,3.484,31.71701,0.18422,0.83,0.86,5271.0,-0.06
KIC 10068024 b,635.656814,13.4,2.073549,,1.22,1.574,6118.4,0.01
K2-350 b,2.99,1.54,4.163873,,0.98,1.04,5789.0,-0.02
K2-353 b,26.3,5.55,15.466805,,0.87,0.99,5698.0,-0.21
K2-137 b,158.915,0.64,0.179719,0.0058,0.463,0.29,3697.0,-0.059
EPIC 206042996 b,3.53,1.7,5.2986,,0.565,0.5,4114.0,0.006
NGTS-15 b,238.68913366,12.32987877,3.27623,0.0441,0.995,0.954,5600.0,0.15
K2-354 b,3.05,1.56,3.793306,,0.43,0.41,3669.0,-0.04
K2-330 b,8.1,2.77,13.774798,,1.23,1.5,6232.0,-0.03
TOI-1333 b,753.2571,15.647764,4.720219,0.0626,1.464,1.925,6274.0,0.119
HD 238090 b,6.89,2.52,13.671,0.0932,0.578,0.57,3933.0,-0.03
NGTS-18 b,129.99181846,13.56286665,3.05125,0.0448,1.003,1.392,5610.0,0.15
HD 136352 b,4.72,1.664,11.57797,0.0964,0.87,1.058,5664.0,-0.24
K2-336 b,1.98,1.22,21.194733,,0.86,0.8,5424.0,-0.17
GJ 414 A b,7.6,2.63,50.8,0.2324,0.65,0.68,4120.0,0.24
BD+55 362 b,228.83645304,14.0,265.59,0.78,0.909,0.896193,5012.0,0.18
HD 136352 d,8.82,2.562,107.245,0.425,0.87,1.058,5664.0,-0.24
K2-337 b,7.37,2.62,16.273563,,0.94,1.32,5869.0,-0.27
K2-138 c,6.31,2.299,3.56004,0.04461,0.935,0.863,5356.3,0.14
KOI-1831 d,2.23,1.13,34.169,0.19924,0.901,0.835,5233.0,0.18
K2-340 b,11.2,3.36,29.740451,,0.93,1.13,5532.0,0.08
K2-138 d,7.92,2.39,5.40479,0.05893,0.935,0.863,5356.3,0.14
K2-138 e,12.97,3.39,8.26146,0.0782,0.935,0.863,5356.3,0.14
EPIC 212297394 c,5.77,2.27,5.213965,,0.83,0.8,5171.0,-0.03
K2-138 f,1.63,2.904,12.75758,0.10447,0.935,0.863,5356.3,0.14
K2-100 b,21.8,3.88,1.6739035,0.0301,1.15,1.24,5945.0,0.22
TOI-2202 c,117.27868218,13.4,24.6744,0.15544,0.823,0.794,5144.0,0.04
KMT-2019-BLG-1715L b,813.64072192,13.2,,3.32,0.61,,,
K2-349 b,2.48,1.38,9.032178,,0.54,0.49,4385.0,-0.66
K2-350 c,7.95,2.74,19.991944,,0.98,1.04,5789.0,-0.02
K2-351 b,6.99,2.54,7.806164,,1.02,1.05,5769.0,0.08
GJ 740 b,2.96,1.53,2.37756,0.029,0.58,0.56,3913.0,0.08
HD 60292 b,2065.895,12.7,495.4,1.5,1.7,27.0,4348.0,-0.17
TOI-1749 b,57.0,1.39,2.38839,0.0291,0.58,0.55,3985.0,-0.26
TOI-1749 d,15.0,2.52,9.0497,0.0707,0.58,0.55,3985.0,-0.26
KMT-2018-BLG-1025L b,6.059,2.34,,1.305,0.219,,,
K2-185 b,1.6,1.15,10.616384,,0.96,0.94,5788.0,-0.1
EPIC 212587672 c,5.99,2.32,23.228555,,0.99,0.98,6004.0,-0.18
HD 221420 b,7278.2705203,12.0,10090.0,10.15,1.351,1.947,5847.0,0.33
K2-185 c,6.3,2.39,52.713494,,0.96,0.94,5788.0,-0.1
TOI-1201 b,6.28,2.415,2.4919863,0.0287,0.512,0.508,3476.0,0.05
HD 136925 b,266.97586188,13.9,4540.0,5.13,0.875104,1.193078,5773.19,-0.2172
HD 109286 b,950.30693693,13.2,520.1,1.259,0.98,1.089,5694.0,0.05
Kepler-1771 b,15.5,4.05537256,88.64399719,0.3815,0.941,0.934,5661.0,0.0
Kepler-1786 b,10.1,3.16305828,78.5460968,0.35722,1.058,1.397,5808.0,0.14
Kepler-1834 b,2.73,1.4593834,4.603010178,0.04911,0.765,0.788,4821.0,0.16
TOI-559 b,1910.14872607,12.22899794,6.9839095,0.0723,1.026,1.233,5925.0,-0.069
Kepler-418 c,23.7,5.22108654,12.21829987,0.10632,0.957,1.081,5822.0,-0.06
Kepler-1801 b,7.8,2.70926154,10.44089985,0.0915,0.936,0.981,5738.0,-0.06
Kepler-1838 b,3.4,1.66049425,12.14680004,0.11082,1.187,1.963,5877.0,0.04
Kepler-1839 b,4.46,1.9493759,5.056759834,0.0583,1.03,0.939,5926.0,-0.04
TOI-530 b,127.1313628,9.30345398,6.387597,0.052,0.53,0.54,3659.0,0.376
Kepler-1749 b,3.23,1.61301783,14.53409958,0.0956,0.551,0.553,3957.0,-0.16
Kepler-1841 b,2.82,1.48912557,25.88599968,0.1606,0.823,0.899,5190.0,0.12
Kepler-1842 b,6.14,2.35388681,14.02639961,0.116,1.057,1.131,5970.0,0.06
HAT-P-43 b,210.395,13.63,3.3326414,0.0444,1.03,1.08,5693.0,0.2
Kepler-1742 b,5.38,2.1782413,49.47819901,0.2587,0.939,0.849,5776.0,-0.18
Kepler-1743 b,3.18,1.59887007,7.649710178,0.084,1.266,1.613,5855.0,0.4
Kepler-1741 b,2.16,1.273,2.757590055,0.0296,0.454,0.424,3683.0,-0.22
Kepler-1810 b,14.6,3.91815325,101.1330032,0.4137,0.921,1.016,5492.0,0.16
Kepler-1812 b,6.01,2.3249424,7.165219784,0.0765,1.162,1.103,6174.0,0.1
Kepler-1845 b,6.52,2.43836702,11.60649967,0.0885,0.686,0.701,4703.0,-0.14
Kepler-1716 b,6.46,2.4247685,35.58100128,0.18836,0.753,0.684,4894.0,-0.24
K2-95 b,11.0,3.31,10.1346454,0.0525,0.41,0.4,3566.0,0.1
Kepler-1746 b,59.1,8.93504475,321.2120056,0.94082,1.09,1.286,6018.0,0.06
Kepler-1745 b,4.38,1.92872921,3.016190052,0.0408,0.995,1.4,5611.0,0.16
Kepler-1814 b,6.21,2.36961357,2.935359955,0.03765,0.79,0.823,4922.0,0.2
Kepler-1813 b,2.58,1.413,2.818160057,0.0364,0.812,0.787,5167.0,-0.04
Kepler-1815 b,7.99,2.7489262,12.19139957,0.0984,0.856,0.967,5516.0,-0.06
Kepler-1856 b,3.66,1.73447868,1.302000046,0.0215,0.782,0.816,4948.0,0.14
K2-101 b,4.66,2.0,14.6762429,0.1124,0.82,0.76,4927.0,0.07
Kepler-1669 c,4.27,1.90120972,1.609320045,0.0228,0.609,0.603,4224.0,-0.2
Kepler-1165 c,11.2,3.36093385,29.96870041,0.1969,1.13,1.076,6249.0,-0.04
Kepler-1816 b,4.53,1.9679397,91.50099945,0.35647,0.786,0.706,5051.0,-0.24
Kepler-1847 b,7.97,2.74516914,11.12969971,0.0989,1.041,0.964,6122.0,-0.18
K2-355 b,5.69,2.25,5.7385647,0.0632,0.96,0.92,5790.0,-0.12
K2-356 b,5.86,2.29,21.0267366,0.1599,0.9,0.86,5568.0,-0.11
Kepler-1757 b,8.99,2.94660251,19.65640068,0.1335,0.828,0.74,5288.0,-0.24
Kepler-1758 b,7.13,2.57059831,9.977210045,0.0919,1.035,1.616,5557.0,0.16
Kepler-1819 b,14.5,3.90351256,16.48690033,0.1337,1.173,1.071,6090.0,0.21
Kepler-1817 b,5.79,2.27349126,44.29919815,0.2348,0.878,0.915,5316.0,0.16
K2-357 b,13.4,3.72,16.3488637,0.145,0.98,1.0,5794.0,-0.02
K2-358 b,7.65,2.68,11.2510285,0.0863,0.93,0.91,5650.0,-0.07
Kepler-1731 b,8.92,2.93295657,21.76129913,0.1399,0.781,0.72,4859.0,0.0
Kepler-1762 b,8.05,2.76022913,29.53910065,0.204,1.298,1.238,6572.0,0.07
Kepler-1820 b,9.9,3.11883067,31.03249931,0.1964,1.047,0.931,5841.0,0.07
Kepler-1821 b,7.24,2.59248115,16.45809937,0.1244,0.946,0.884,5475.0,0.14
Kepler-1788 b,6.25,2.37850461,2.800120115,0.0343,0.686,0.704,4786.0,-0.2
Kepler-1859 b,3.13,1.58313575,2.729599953,0.0394,1.09,1.235,5887.0,0.16
Kepler-1860 b,1.55,1.13863767,12.73719978,0.10625,0.874,0.868,5420.0,0.0
K2-184 b,2.76,1.47,16.9780102,0.1685,0.84,0.75,5245.0,-0.1
Kepler-1712 b,5.83,2.28372556,13.81499958,0.0903,0.515,0.509,3732.0,0.02
Kepler-1763 b,1.59,1.14651332,1.480280042,0.0257,1.026,1.259,5897.0,0.02
Kepler-1764 b,18.8,4.55527871,70.46829987,0.3512,1.162,1.131,6461.0,-0.14
Kepler-1790 b,10.0,3.1446145,31.58889961,0.20989,1.02,1.367,5866.0,0.0
Kepler-1791 b,9.91,3.12103321,7.720860004,0.0761,0.985,1.177,5887.0,-0.06
EPIC 220554210 c,3.19,1.6,0.70531,,0.94,1.0,5499.0,-0.23
K2-273 b,9.53,3.05,11.7195663,0.0729,0.89,0.85,5161.0,0.2
K2-104 b,3.86,1.79,1.9741954,0.0242,0.51,0.48,3712.0,0.18
Kepler-1792 b,6.89,2.51990972,4.1957798,0.0488,0.878,1.005,5229.0,0.32
Kepler-1090 c,10.9,3.29265785,42.42720032,0.22622,0.869,1.013,5330.0,0.18
EPIC 220492298 b,0.937,0.99,0.762406,,0.95,0.89,5620.0,0.28
EPIC 206024342 c,2.54,1.4,0.911724,,0.928,1.1,5724.0,-0.22
Kepler-1760 b,5.86,2.28995546,38.3260994,0.2084,0.821,0.903,5229.0,0.08
Kepler-1777 b,5.19,2.13189678,12.18420029,0.10301,0.984,1.068,5771.0,0.06
K2-275 c,5.52,2.21,8.4388385,0.0881,0.77,0.69,4841.0,-0.06
K2-275 b,6.08,2.34,3.2809626,0.0277,0.77,0.69,4841.0,-0.06
Kepler-1775 b,12.9,3.64762153,85.65399933,0.39565,1.149,1.647,5818.0,0.24
Kepler-1797 b,9.58,3.05774442,23.3593998,0.1637,1.069,1.009,6244.0,-0.2
Kepler-1798 b,5.94,2.30911251,16.85589981,0.1082,0.593,0.587,3967.0,0.06
TIC 172900988 b,942.0,11.25,200.452,0.90281,1.2384,1.3842,6050.0,0.34
HD 93385 d,8.7,2.89,45.85,0.2565,1.04,1.18484,5977.0,0.02
OGLE-2018-BLG-0567L b,101.70509024,12.3,,2.72,0.25,,,
OGLE-2018-BLG-0962L b,425.89006538,13.6,,3.59,0.54,,,
Kepler-487 d,8.12,2.77513568,2.418390036,0.03445,0.874,0.887,5422.0,0.02
Kepler-1822 b,7.5,2.64755943,22.13339996,0.1416,0.782,0.702,5165.0,-0.32
Kepler-1823 b,5.0,2.0861268,21.10339928,0.15332,1.068,1.126,6000.0,0.06
HD 96700 c,3.5,1.69,19.88,0.141,0.89,1.16,5845.0,-0.18
HD 96700 d,12.7,3.61,103.5,0.424,0.89,1.16,5845.0,-0.18
TOI-2257 b,5.45,2.194,35.189346,0.145,0.328,0.313,3430.0,-0.27
Kepler-1769 b,18.2,4.465,89.1934967,0.40598,1.061,1.295,6071.0,-0.06
Kepler-1778 b,9.36,3.01665969,10.08740044,0.0956,1.143,1.095,6310.0,-0.06
Kepler-1824 b,6.26,2.38127597,95.61100006,0.4267,1.135,1.081,6002.0,0.2
HD 189567 b,8.5,2.85,14.288,0.111,0.83,1.04,5726.0,-0.24
HD 189567 c,7.0,2.54,33.688,0.197,0.83,1.04,5726.0,-0.24
HD 137496 c,2434.56559762,12.6,479.9,1.2163,1.04,1.59,5799.0,-0.03
Kepler-1782 b,5.6,2.22927435,5.756229877,0.05825,0.794,0.734,4931.0,0.0
Kepler-1784 b,8.24,2.79936489,13.59049988,0.1072,0.887,0.974,5442.0,0.1
Kepler-1828 b,5.13,2.11598626,10.2737999,0.0924,0.996,0.899,5806.0,-0.04
Kepler-1829 b,6.71,2.47887001,5.186719894,0.0559,0.873,0.777,5230.0,0.0
Kepler-1776 b,7.33,2.61157023,35.01190186,0.2093,1.041,1.153,5872.0,0.1
Kepler-1709 b,9.93,3.12424875,65.70459747,0.32704,1.003,1.043,5918.0,-0.04
Kepler-1833 b,2.24,1.30027362,6.892129898,0.07545,1.286,1.446,6164.0,0.38
TOI-3362 b,1598.3590588,12.80065596,18.09547,0.153,1.445,1.83,6532.0,0.017
Kepler-1738 b,8.37,2.82472883,7.674630165,0.0781,1.079,1.001,6063.0,-0.02
Kepler-1739 b,6.48,2.43056832,7.343709946,0.0697,0.865,0.762,5757.0,-0.5
Kepler-1924 b,7.53,2.65446572,15.33170033,0.1216,1.018,1.285,5726.0,0.16
Kepler-1925 b,9.28,3.00177922,46.71640015,0.2588,1.057,1.092,5856.0,0.16
HATS-76 b,835.570882,12.09449018,1.9416423,0.02658,0.662,0.6259,4016.0,0.322
Kepler-1130 d,0.202,0.64472273,4.272250175,0.05068,0.944,0.842,5450.0,0.1
Kepler-1802 c,6.0,2.322,33.13610077,0.1748,0.649,0.637,4245.0,0.0
Kepler-1942 b,5.13,2.1170287,4.626049995,0.0516,0.852,0.797,5834.0,-0.5
Kepler-1943 b,3.02,1.54869189,4.850180149,0.05975,1.055,0.973,6032.0,-0.06
Kepler-1927 b,11.5,3.40627075,73.75039673,0.38733,1.408,2.481,6056.0,0.14
Kepler-1722 b,8.58,2.86719266,9.178569794,0.0819,0.876,0.788,5506.0,-0.2
HD 69123 b,982.08977763,13.1,1193.3,2.482,1.68,7.72,4842.0,0.05
Kepler-1266 c,3.46,1.68023962,4.86631012,0.0506,0.791,0.831,4996.0,0.14
Kepler-394 d,2.86,1.50066814,5.613580227,0.05904,1.141,1.101,6398.0,-0.14
Kepler-1944 b,8.05,2.75971163,9.842579842,0.0918,1.064,0.972,5585.0,0.48
Kepler-1945 b,2.21,1.289,6.080039978,0.0597,0.767,0.804,4991.0,0.04
Kepler-1946 b,6.75,2.48812698,3.035190105,0.0394,0.887,0.873,5505.0,-0.04
Kepler-1929 b,9.65,3.07250761,59.36249924,0.30883,1.006,1.471,5786.0,-0.02
Kepler-913 c,14.2,3.8580709,5.939119816,0.0699,1.294,1.797,6068.0,0.16
Kepler-324 e,235.014,2.03862444,13.97939968,0.10972,0.844,0.826,5191.0,0.08
Kepler-1727 b,10.2,3.17321625,9.029299736,0.0796,0.824,0.82,5349.0,-0.12
Kepler-1931 b,7.53,2.65323514,38.5760994,0.23329,1.174,1.221,6167.0,0.12
Kepler-1530 d,10.8,3.27870115,9.20761013,0.08276,1.015,1.303,5678.0,0.2
Kepler-1932 b,2.91,1.51482218,0.524177015,0.0123,0.911,0.815,5278.0,0.14
YZ Cet b,0.7,0.913,2.02087,0.01634,0.142,0.157,3151.0,-0.18
YZ Cet c,1.14,1.05,3.05989,0.02156,0.142,0.157,3151.0,-0.18
Kepler-281 d,654.0,5.93747806,148.2720032,0.5456,0.984,0.884,5717.0,0.0
Kepler-495 c,1.98,1.21936414,5.896609783,0.0614,0.888,1.087,5392.0,0.18
Kepler-501 c,3.47,1.68119739,3.622760057,0.0467,1.032,1.216,5794.0,0.14
Kepler-196 d,7.56,2.66065673,122.0800018,0.4545,0.805,0.77,5132.0,-0.06
Kepler-1950 b,2.95,1.52696349,10.77690029,0.0871,0.759,0.852,5455.0,-0.34
Kepler-1899 b,3.02,1.55098292,4.095779896,0.0457,0.759,0.742,4791.0,0.07
Kepler-1869 b,1.46,1.11955354,8.167360306,0.07976,0.987,0.902,5808.0,-0.06
Kepler-1312 c,1.07,1.02732734,1.116119981,0.02103,0.983,0.905,5721.0,0.02
Kepler-1952 b,2.07,1.23923346,27.21080017,0.1724,0.922,1.305,5973.0,-0.34
Kepler-1728 b,9.04,2.95501875,4.782999992,0.0535,0.891,0.807,5170.0,0.18
Kepler-1926 b,5.97,2.31495961,42.87770081,0.2197,0.768,0.832,5256.0,-0.16
Kepler-1729 b,14.4,3.89404186,4.220970154,0.0418,0.544,0.517,3837.0,-0.06
Kepler-1972 b,2.02,0.802,7.54425,0.08006,1.12,1.384,5818.0,0.23
Kepler-1321 d,7.41,2.62843782,5.720920086,0.0501,0.513,0.503,3640.0,0.21
Kepler-1600 c,4.43,1.94206512,7.298049927,0.06961,0.818,0.834,5119.0,0.1
Kepler-1954 b,3.9,1.80235934,5.883430004,0.0625,0.942,0.849,5840.0,-0.24
Kepler-1730 b,18.4,4.48524519,13.81019974,0.1131,1.009,1.142,5942.0,-0.04
Kepler-1721 b,9.9,3.11856756,4.592380047,0.0519,0.89,0.796,5351.0,-0.04
Kepler-1887 b,8.88,2.92454357,19.94750023,0.1421,0.961,0.864,5749.0,-0.1
Kepler-1958 b,4.86,2.05124311,9.328619957,0.0856,0.961,0.864,5749.0,-0.1
Kepler-1726 b,6.84,2.50861954,18.39629936,0.12794,0.876,0.804,5316.0,0.0
Kepler-1723 b,8.65,2.88046569,39.75289917,0.2249,0.96,1.01,6072.0,-0.3
Kepler-1705 b,4.47,2.03,9.03502,0.08,1.139,1.259,6312.0,-0.2
OGLE-2019-BLG-0960L b,2.5,1.39,,1.9,0.5,,,
Kepler-1890 b,0.587,0.86867375,4.820590019,0.05712,1.024,1.396,6046.0,-0.16
Kepler-1892 b,4.03,1.83707938,6.331230164,0.0633,0.851,0.759,5383.0,-0.22
Kepler-1959 b,1.57,1.14315727,6.38669014,0.0617,0.768,0.811,5071.0,-0.02
Kepler-1960 b,2.26,1.30749704,2.297940016,0.0354,1.117,1.072,6371.0,-0.18
Kepler-457 d,9.19,2.98467257,10.6906004,0.0996,1.148,1.242,6474.0,-0.16
Kepler-633 c,5.89,2.296,23.78319931,0.16246,0.997,1.265,5877.0,-0.04
Kepler-1861 b,5.5,2.20677414,40.0306015,0.24082,1.161,1.373,5855.0,0.26
Kepler-1863 b,5.74,2.26309256,44.99760056,0.23678,1.097,0.983,5871.0,0.21
Kepler-1895 b,5.14,2.11934728,6.070290089,0.0615,0.86,0.763,5076.0,0.1
Kepler-1911 b,1.01,1.011,5.990799904,0.0636,0.954,0.972,5721.0,0.0
Kepler-1865 b,3.11,1.57686072,2.524009943,0.0344,0.849,0.871,5420.0,-0.06
Kepler-1866 b,4.99,2.08215108,11.66009998,0.1016,1.03,1.083,5791.0,0.16
Kepler-1897 b,8.32,2.81407954,24.22030067,0.1546,0.859,0.761,5165.0,0.02
Kepler-1896 b,9.8,3.09935997,44.87020111,0.2529,1.07,0.996,6122.0,-0.1
Kepler-1967 b,0.315,0.73022577,7.281690121,0.06686,0.996,1.806,4970.0,0.32
b Cen AB b,3464.3296363,12.4,1790000.0,556.0,5.5,,,
OGLE-2018-BLG-0532L b,6.228,2.37,,1.064,0.195,,,
Kepler-1867 b,1.65,1.15985997,9.887359619,0.0872,0.911,0.816,5693.0,-0.24
Kepler-1868 b,10.1,3.14950109,211.0339966,0.62348,0.743,0.686,4658.0,0.0
Kepler-1903 b,5.85,2.28642395,17.0678997,0.1321,1.053,0.996,6347.0,-0.34
Kepler-1969 b,3.47,1.68161001,6.647520065,0.0717,1.111,1.007,6046.0,0.07
Kepler-1968 b,2.86,1.50004034,7.281099796,0.0696,0.844,0.788,5008.0,0.18
Kepler-1871 b,6.44,2.42172881,1.952700019,0.0308,1.02,0.946,5741.0,0.12
Kepler-1872 b,6.28,2.38421141,3.825910091,0.0465,0.913,0.885,5223.0,0.32
Kepler-1906 b,8.13,2.77615754,7.362689972,0.0738,0.987,0.894,5868.0,-0.12
Kepler-1907 b,0.589,0.86973029,5.652450085,0.05444,0.752,0.8,5159.0,-0.16
Kepler-1913 b,2.92,1.51852059,14.1960001,0.1209,1.169,1.076,6214.0,0.07
HD 79181 b,203.41018048,14.1,273.1,0.9,1.28,11.06,4862.0,-0.28
HD 10975 b,143.02278315,14.3,283.8,0.95,1.41,11.16,4840.0,-0.21
HD 99283 b,308.29355479,13.8,310.4,1.08,1.76,11.21,4886.0,-0.16
Kepler-1873 b,3.28,1.62573811,0.558842003,0.0128,0.903,0.792,5151.0,0.21
Kepler-1874 b,5.52,2.21110724,56.57320023,0.2633,0.758,0.775,4701.0,0.24
Kepler-1909 b,1.33,1.09217411,2.391609907,0.0306,0.663,0.685,4935.0,-0.42
Kepler-1717 b,9.21,2.98929758,30.65279961,0.2014,1.158,1.64,6200.0,-0.06
Kepler-1917 b,4.23,1.88971288,12.90240002,0.103,0.882,0.788,5530.0,-0.22
Kepler-1918 b,5.89,2.29763023,47.0564003,0.2524,0.967,0.924,5889.0,-0.16
ups Leo b,162.09248757,14.2,385.2,1.18,1.48,11.22,4836.0,-0.2
HD 219139 b,247.90615746,14.0,275.5,0.94,1.46,11.22,4831.0,-0.2
Kepler-616 d,7.52,2.653,51.06740189,0.2749,1.061,0.977,6004.0,-0.02
Kepler-534 c,2.02,1.227,7.378689766,0.0761,1.075,0.965,5936.0,0.07
Kepler-1919 b,7.38,2.62390658,37.88660049,0.2107,0.868,0.818,5513.0,-0.16
Kepler-1488 c,3.37,1.65156749,6.158269882,0.06959,1.003,1.524,5710.0,0.0
gam Psc b,425.89006538,13.6,555.1,1.32,0.99,11.2,4742.0,-0.62
HIP 34222 b,263.79757781,13.9,159.986,0.492,0.62,0.6186,4050.0,
Kepler-1881 b,9.17,2.98104391,159.3939972,0.53325,0.812,0.874,5135.0,0.12
Kepler-1879 b,4.92,2.06512018,10.61340046,0.0957,1.023,1.388,5865.0,0.0
Kepler-1934 b,0.702,0.91307734,1.419759989,0.02466,0.968,1.035,5925.0,-0.14
Kepler-1935 b,6.82,2.50271696,3.951400042,0.0463,0.845,0.899,5570.0,-0.18
Kepler-1921 b,8.72,2.89459458,20.03479958,0.15865,1.251,2.0,6120.0,0.02
HIP 86221 b,225.65816897,14.0,2.224,0.031,0.79,,,
Kepler-1883 b,10.6,3.25107395,103.427002,0.4438,1.086,1.024,6208.0,-0.12
Kepler-1938 b,4.0,1.82828927,13.06260014,0.0938,0.646,0.655,4522.0,-0.22
TOI-1268 b,96.4,9.1,8.1577094,0.0711,0.96,0.92,5300.0,0.36
K2-25 b,24.5,3.44,3.48456408,0.0287,0.2634,0.2932,3207.0,0.15
TOI-2136 b,6.37,2.19,7.851928,0.057,0.34,0.34,3342.0,0.03
K2-382 b,4.95,2.072,21.700156,,0.922,0.811,5452.0,-0.027
K2-376 b,3.66,1.736,5.776475,,0.908,1.149,5937.0,-0.176
iot Dra b,3756.73177074,12.4,510.8544,1.453,1.54,11.79,4504.0,0.03
CoRoT-35 b,349.6112477,18.83108758,3.22748,0.0429,1.01,1.65,6390.0,-0.5
CoRoT-36 b,216.12331676,15.80466279,5.616531,0.066,1.32,1.52,6730.0,-0.1
K2-383 b,3.07,1.564,1.865962,,1.061,0.804,5129.0,0.187
K2-366 b,6.16,2.359,15.937039,,0.825,0.94,5601.0,-0.216
iot Dra c,4958.1231492,12.2,25000.0,19.4,1.54,11.79,4504.0,0.03
K2-373 b,4.9,2.061,11.02066,,1.158,1.486,6138.0,0.049
K2-367 b,6.41,2.413,20.645099,,0.756,0.625,4348.0,-0.351
HD 160691 c,1398.4449908,,3947.0,4.17,1.13,1.33,5773.0,0.28
HD 160691 d,10.49,3.23,9.6392,0.0952,1.13,1.33,5773.0,0.28
K2-384 f,5.57,2.222,13.62749,,0.33,0.348,3623.0,0.068
K2-369 b,2.28,1.313,5.761612,,0.735,0.881,5682.0,-0.234
TOI-620 b,13.6,3.76,5.0988179,0.04825,0.577,0.55,3708.0,0.35
AB Aur b,2860.455663,12.5,,93.9,2.4,2.95887,9770.0,
HD 33142 b,400.46379282,13.7,330.0,1.074,1.52,4.17,5025.4,0.06
K2-384 e,2.37,1.345,9.715043,,0.33,0.348,3623.0,0.068
K2-371 b,,13.024,3.114905,,0.958,0.736,4925.0,-0.107
K2-372 b,8.98,2.945,9.844077,,0.847,0.922,5479.0,-0.064
TYC 2187-512-1 b,104.88337431,12.5,691.9,1.22,0.498,0.495,3734.0,0.08
TOI-1246 b,8.1,3.01,4.30744,0.049,0.87,0.86,5151.0,0.17
HD 160691 e,2224.798849,,307.9,0.96,1.13,1.33,5773.0,0.28
K2-393 b,6.13,2.352,10.413181,,0.881,1.071,5678.0,0.076
K2-375 b,5.66,2.243,14.453895,,1.119,1.543,5822.0,-0.091
HIP 94235 b,379.0,3.0,7.713057,0.0787,1.094,1.08,5991.0,0.0
KOI-984 c,209.8,14.1,21.512,0.1467,0.928,0.818,5295.0,0.12
K2-389 c,4.82,2.04,20.851337,,0.802,1.084,5782.0,-0.034
K2-390 b,19.6,4.662,3.312792,,0.789,0.966,5558.0,-0.116
HD 73583 b,10.2,2.79,6.398042,0.0604,0.73,0.65,4511.0,0.0
HD 103891 b,918.52409623,13.2,1919.0,3.27,1.28,2.22,6072.0,-0.19
HD 105779 b,203.41018048,14.1,2412.0,3.38,0.89,0.94,5792.0,-0.25
HD 33142 d,63.5656814,9.32,89.9,0.452,1.52,4.17,5025.4,0.06
HD 19615 b,2701.5414595,12.6,402.0,1.1,1.1,32.3,4263.0,-0.31
K2-391 b,2.45,1.371,4.622654,,0.757,0.566,5543.0,-0.543
HD 73583 c,9.7,2.39,18.87974,0.1242,0.73,0.65,4511.0,0.0
GJ 411 b,2.69,1.45,12.9394,0.07879,0.3899,0.3685,3719.0,-0.3621
TOI-1064 c,2.5,2.651,12.226574,0.09429,0.748,0.726,4734.0,0.05
K2-316 b,2.33,1.33,1.133,0.0147,0.408,0.379,3436.0,
HD 95735 c,13.6,3.76,2946.0,2.94,0.3899,0.3685,3719.0,-0.3621
TOI-2669 b,193.87532827,19.72780603,6.2034,,1.19,4.1,4800.0,0.1
TOI-4329 b,143.02278315,16.81347105,2.9223,,1.538,2.31,6000.0,0.29
K2-397 b,6.42,2.417,3.572326,,0.937,0.966,5387.0,0.11
K2-316 c,4.01,1.83,5.26,0.0582,0.408,0.379,3436.0,
TOI-2046 b,731.0053361,16.14093221,1.4971842,,1.13,1.21,6250.0,-0.06
Kepler-1656 c,126.4,14.0,1919.0,3.053,1.03,1.1,5569.0,0.19
TOI-206 b,2.24,1.3,0.7363104,0.0112,0.35,0.35,3383.0,
K2-398 c,22.8,5.098,18.787839,,0.945,1.239,5946.0,-0.257
K2-319 b,8.2,2.79,26.68,0.1516,0.954,0.898,5440.0,
mu2 Sco b,4576.7290608,12.3,,242.4,9.1,5.6,21700.0,
TOI-1693 b,2.57,1.41,1.7666957,0.0226,0.49,0.46,3499.0,
K2-402 b,7.65,2.678,17.27474,,0.944,1.28,5716.0,-0.378
K2-323 b,5.06,2.1,24.93,0.1275,0.478,0.549,3710.0,
HD 81040 b,2301.07766668,12.6,1002.7,1.946,0.99,0.91,5755.0,-0.04
HD 171238 b,2796.8899816,12.5,1515.0,2.518,0.92,1.01,5467.0,0.2
HD 87883 b,2005.49724817,12.7,3006.0,3.77,0.8,0.798557,4980.0,0.11
TOI-2411 b,3.46,1.68,0.7826942,0.0144,0.65,0.68,4099.0,
TOI-2427 b,3.89,1.8,1.3060011,0.0202,0.64,0.65,4072.0,
K2-404 b,6.94,2.53,13.115365,,0.552,0.552,3748.0,0.005
K2-325 b,5.48,2.2,6.93,0.0419,0.274,0.298,3287.0,
HD 106515 A b,6006.9568923,12.1,3626.0,4.48,0.89,0.91,5362.0,0.03
KMT-2017-BLG-2509L b,664.26137063,13.4,,2.14,0.46,,,
K2-406 b,19.2,4.602,22.549406,,0.798,0.961,5784.0,-0.038
K2-326 b,5.82,2.28,1.256,0.0198,0.507,0.688,3924.0,
TOI-5153 b,1036.12060682,11.88151954,20.33003,0.158,1.24,1.4,6300.0,0.12
NGTS-20 b,947.12865286,11.99360935,54.18915,0.313,1.47,1.78,5980.0,0.15
HD 29021 b,1420.69297929,12.9,1365.0,2.294,0.86,0.85,5560.0,-0.3
KMT-2021-BLG-0912L b,2.81,1.49,,3.14,0.8,,,
K2-407 c,2.42,1.36,9.22453,,0.881,0.927,5563.0,0.014
K2-199 b,6.9,1.73,3.2253993,0.0382,0.711,0.682,4491.0,-0.01
Ross 508 b,4.0,1.83,10.77,0.05366,0.1774,0.2113,3071.0,-0.2
K2-387 b,42.2,7.322,28.735327,,0.57,0.585,3572.0,0.126
K2-374 b,3.16,1.593,4.521953,,0.731,0.907,5789.0,-0.292
HD 136118 b,4164.18778851,12.3,1187.59765,2.327,1.18,1.67754,6097.0,-0.05
HD 140901 b,15.57359194,4.07,9.02378,0.085,0.99,0.95,5610.0,0.0859
HD 93351 c,4154.01727949,12.3,14010.2941,11.154,0.94,0.911435,5408.0,-0.23
GJ 2030 b,4.76742611,2.03,2.38129,0.034,0.96,2.24104,5485.0,-0.4
TOI-2570 b,260.61929374,13.64132951,2.9887615,0.04145,1.063,1.095,5771.0,0.191
HD 113337 b,1035.80277841,13.1,317.58639,1.022,1.41,1.5,6774.0,0.07
HIP 97233 b,6098.17364511,12.1,1062.26506,2.491,1.81,5.34,5020.0,0.29
HD 144899 b,20.34101805,4.77,40.43914,0.242,1.16,1.64802,6126.0,
HD 142 A d,82.63538582,10.9,108.45299,0.474,1.21,1.47,6245.0,0.09
GJ 2030 c,4069.15709482,12.3,25533.11353,16.761,0.96,2.24104,5485.0,-0.4
GJ 3222 b,11.44182265,3.4,10.66669,0.091,0.89,0.931389,5257.46,0.16
GJ 680 b,7977.4930157,12.0,17281.66514,10.138,0.456,0.45933,3563.0,
TOI-3540 A b,375.03752026,23.53885947,3.119999,0.04289,1.081,1.228,5810.0,0.176
TOI-3331 A b,721.47048389,12.97999965,2.0180231,0.03144,1.016,0.952,5609.0,0.148
TOI-3693 b,324.18497514,12.59889431,9.088516,0.0813,0.867,0.791,5321.0,0.071
HD 145934 b,658.5404593,13.4,2751.53433,4.89,2.058,6.930587,4823.75,0.0951
HD 151450 b,38.45723725,6.94,21.89288,0.16,1.14,1.17184,6091.98,
HD 149806 b,4003.68444298,12.3,16521.52778,12.404,0.93,0.89,5352.05,0.2206
HD 151450 c,1636.18063924,12.8,18144.76236,14.131,1.14,1.17184,6091.98,
HD 115404 A b,30.82935548,6.09,10.49488,0.088,0.83,0.727007,5019.17,-0.1568
TOI-2196 b,26.0,3.51,1.1947268,0.02234,1.032,1.043,5634.0,0.14
HD 191806 b,2966.61035094,12.5,1603.38923,2.749,1.07,1.40223,6010.0,0.3
HD 153557 c,17.48056238,4.36,15.27018,0.111,0.79,0.745171,4837.0,
HD 153557 d,8725.66108578,11.9,40654.64809,21.449,0.79,0.745171,4837.0,
HD 12235 c,3135.69506346,12.5,36336.70679,22.21,1.1,1.80185,5986.0,0.31
HD 56414 b,13.3,3.71,29.04992,0.229,1.89,1.751,8500.0,0.0
GJ 896 A b,718.29219982,13.3,284.39,0.63965,0.43599,0.394682,3345.0,
GJ 676 A c,4288.14086724,12.3,13921.42302,9.726,0.626,0.69,3734.0,0.23
HD 219828 c,5102.41724598,12.2,4789.87297,5.657,1.04,1.56,5891.0,0.19
HD 72892 b,1737.88572948,12.8,39.44603,0.228,1.01,1.22,5688.0,0.25
HD 155918 b,7.62788177,2.67,1.87567,0.03,1.03,1.01906,5771.84,-0.6616
TOI-2048 b,7.32,2.61,13.79019,,0.83,0.79,5185.0,0.02
HD 111232 b,2531.50326176,12.6,1169.13202,2.148,0.96,0.9,5512.0,-0.36
HD 10697 b,1825.2885414,12.8,1075.3799,2.051,0.99,1.863076,5641.0,0.17
HD 125612 b,945.22168242,13.2,557.69994,1.349,1.05,1.07,5900.0,0.23
HIP 67537 b,4309.11754211,12.3,2523.64713,4.807,2.316,8.69,4985.0,0.15
HD 156098 c,1661.6069118,12.8,7841.5839,8.415,1.29,2.75716,6419.19,0.12
HD 156098 b,15.89142035,4.12,21.85849,0.167,1.29,2.75716,6419.19,0.12
HD 168863 b,2154.87659946,12.7,14773.93272,10.961,0.8,0.777826,4905.0,0.16
HIP 19976 b,21.61233168,4.94,50.65905,0.234,0.67,0.772319,4316.0,
HD 203387 c,2378.9456264,12.6,2481.07227,5.067,2.817,10.5852,5174.32,0.05
HIP 35965 b,2589.98368864,12.6,26125.56497,15.898,0.78,0.697551,4836.0,
HD 125612 c,15.57359194,4.07,4.15466,0.051,1.05,1.07,5900.0,0.23
HD 125612 d,2281.37230545,12.7,2822.72698,3.982,1.05,1.07,5900.0,0.23
HD 156279 c,3098.82696825,12.5,4818.25358,5.486,0.94,0.95,5453.0,0.14
HD 27894 d,2063.65984665,12.7,5019.54244,5.362,0.81,0.891767,4875.0,0.3
HD 181234 b,2980.91262925,12.5,7593.40512,7.427,0.94,1.059423,5386.0,0.32
HD 18143 b,10.80616584,3.28,10.2851,0.088,0.85,0.87,5078.0,0.28
HIP 948 b,6547.2651842,12.1,24955.45756,15.037,0.71,0.688488,4497.0,
HD 139357 b,6315.5682755,12.1,1124.79139,2.949,2.69,11.47,4700.0,-0.13
HD 25015 b,2884.92845034,12.5,6134.427,6.248,0.86,0.83,5160.0,0.04
HD 188641 b,9333.03117155,11.9,14583.81038,12.027,1.07,1.94492,5897.32,-0.08
HD 168443 b,2424.3950886,12.6,58.11187,0.292,0.98,1.711479,5491.0,0.04
HD 156279 b,2997.75753482,12.5,133.40355,0.502,0.94,0.95,5453.0,0.14
HD 168443 c,5500.33841154,12.2,1753.1096,2.842,0.98,1.711479,5491.0,0.04
GJ 229 A c,8.58136699,2.87,121.93268,0.384,0.509,0.46,3564.0,
HD 81817 b,7668.5638041,12.0,1021.20159,3.233,4.3,83.8,4140.0,-0.17
HD 204313 e,4868.17771002,12.2,7325.64666,7.457,1.03,1.1,5767.0,0.18
HD 169830 c,2437.42605328,12.6,1818.82339,3.075,1.17,1.935709,6300.0,0.21
HIP 56640 b,2151.69831539,12.7,2675.57603,4.55,1.75,4.93,4769.0,-0.03
HD 213519 b,9.2170238,2.99,11.12214,0.099,1.05,1.08287,5840.0,0.01
HD 217786 c,7.31005336,2.61,2.52221,0.038,1.14,1.27,5966.0,-0.135
TOI-3629 b,82.63538582,8.29464572,3.936551,0.043,0.63,0.6,3870.0,0.4
HD 183263 c,2958.98246917,12.5,4667.97841,5.585,1.06,1.23,5948.0,0.2776
HD 66428 c,560.64930995,13.5,10478.84437,9.408,1.01,1.13,5716.0,0.23
HD 80869 b,1609.80088146,12.8,1752.92067,2.905,1.06,1.062,5837.0,0.17
HD 25912 b,38.13940884,6.9,41.83156,0.242,1.08,0.995896,5920.58,0.12
HD 217958 b,166.54208527,14.2,2560.19774,3.758,1.08,1.32619,5930.64,0.2865
HD 25912 c,5252.75008249,12.2,26308.65619,17.848,1.08,0.995896,5920.58,0.12
HD 109988 b,6935.33366915,12.1,17132.15854,12.518,0.88,0.869694,5185.97,0.14
HD 28192 b,99.7981198,12.2,14.23283,0.118,1.08,1.07094,5919.87,
HD 43197 c,2500.67390628,12.6,9295.9735,8.54,0.96,1.0,5508.0,0.4
HD 38529 b,206.58846455,14.1,14.3099,0.115,0.98,2.857838,5697.0,0.51
HD 38529 c,3299.05886466,12.5,2127.60566,3.226,0.98,2.857838,5697.0,0.51
HD 110537 b,8612.83200129,11.9,24469.67342,16.714,1.02,1.16626,5718.0,0.09
HD 56957 b,1880.90851263,12.8,5859.08992,6.426,1.03,1.77793,5743.0,
HD 62364 c,7923.46218651,12.0,74839.94555,36.984,1.19,1.401,6255.0,-0.11
TOI-712 c,7.76,2.701,51.69906,0.2447,0.732,0.674,4622.0,-0.02
TOI-712 d,6.68,2.474,84.8396,0.3405,0.732,0.674,4622.0,-0.02
HD 43197 b,175.75910907,14.2,308.92072,0.882,0.96,1.0,5508.0,0.4
HD 4113 b,541.26177712,13.5,526.5239,1.28,1.008,1.077514,5688.0,0.2
HD 111232 c,5740.93451564,12.2,26472.44623,17.25,0.96,0.9,5512.0,-0.36
HD 62549 b,2707.58019923,12.6,14306.88519,11.842,1.08,1.23227,5930.46,
TOI-1452 b,4.82,1.672,11.06201,0.061,0.249,0.275,3185.0,-0.07
KMT-2021-BLG-0171L b,11.2,3.35,,3.5,0.78,,5200.0,
HD 73267 b,1321.53051631,13.0,1257.99159,2.229,0.93,0.909,5387.0,0.03
HD 11505 b,2510.52658689,12.6,32669.22247,20.247,1.03,1.19568,5757.15,-0.2203
HD 80913 b,7505.2000029,12.0,10839.83341,9.95,1.11,1.6542,6013.24,-0.68
HD 81817 c,7185.78245386,12.0,622.97802,2.325,4.3,83.8,4140.0,-0.17
TOI-2207 b,203.41018048,11.1529358,8.001968,0.0854,1.296,1.564,6101.0,0.181
HD 86264 b,3117.26101586,12.5,1488.79123,2.763,1.26,1.88,6210.0,0.202
HD 7449 b,2597.92939882,12.6,1270.55195,2.438,1.196,0.97,6024.0,-0.105
HD 8673 b,4210.59073594,12.3,1644.69097,2.97,1.28,1.50225,6389.05,0.1474
HD 127506 b,27.333243,5.67,65.78395,0.287,0.73,0.735766,4595.32,-0.08
HD 135872 b,1744.56012602,12.8,2422.32597,4.172,1.646,3.93038,4992.0,0.09
HD 86065 b,2877.30056857,12.5,25775.78859,15.947,0.81,0.780347,4927.56,-0.0202
HD 88072 b,2511.79790052,12.6,18538.79293,13.895,1.04,1.032,5785.33,0.0426
HD 93351 b,3.49611248,1.69,2.45946,0.035,0.94,0.911435,5408.0,-0.23
TOI-2421 b,105.83685953,10.36830715,4.3474032,0.0543,1.131,1.75,5607.0,0.19
HD 142 c,3464.64746471,12.4,10159.64279,9.811,1.21,1.47,6245.0,0.09
TOI-2583 A b,79.45710175,14.4595851,4.5207265,0.0571,1.215,1.477,5936.0,0.158
OGLE-2018-BLG-1119L b,289.22385037,13.9,,4.06,0.48,,,
KMT-2021-BLG-1554L b,38.13940884,6.9,,0.72,0.08,,,
TOI-2796 b,139.84449908,17.26183028,4.8084983,0.0569,1.063,1.069,5764.0,0.239
TOI-2096 b,2.08,1.243,3.1190633,0.025,0.231,0.235,3300.0,-0.03
KMT-2021-BLG-1898L b,232.01473711,14.0,,1.9,0.48,,,
GJ 338 B b,10.6,3.25,24.422,0.142,0.64,0.58,4014.0,-0.03
TOI-2842 b,117.59651059,12.84549188,3.5514058,0.0475,1.135,1.265,5910.0,0.233
TOI-4603 b,4096.80816623,11.67975789,7.24599,0.0888,1.765,2.738,6264.0,0.342
KMT-2021-BLG-0712L b,38.19,6.91,,2.22,0.22,,,
KMT-2021-BLG-0909L b,400.46379282,13.7,,1.75,0.38,,,
MASCARA-1 b,1175.971,17.90074218,2.14877381,0.040352,1.9,2.082,7490.0,0.15
K2-38 b,7.3,1.54,4.01593,0.04994,1.03,1.06,5731.0,0.26
TOI-3364 b,530.77343969,12.22899794,5.8768918,0.0675,1.186,1.419,5706.0,0.387
KMT-2021-BLG-2478L b,286.0455663,13.9,,1.85,0.2,,,
KMT-2021-BLG-1105L b,413.1769291,13.6,,3.54,0.63,,,
K2-414 b,1.98,1.219,4.3696,0.0487,0.814,0.732,4343.0,-0.102
TOI-4582 b,168.44905571,10.53644186,31.034,,1.34,2.5,5190.0,0.17
TOI-3688 A b,311.47183886,13.08088048,3.246075,0.0456,1.199,1.302,5950.0,0.262
TOI-942 c,37.0,4.67,10.156272,0.08598,0.822,0.894,4969.0,-0.221
TOI-733 b,5.72,1.992,4.884765,0.0618,0.956,0.949,5585.0,-0.04
Kepler-20 c,11.1,2.894,10.8540774,0.0936,0.929,0.9164,5495.0,0.07
HIP 21152 b,7627.881768,12.0,22000.0,17.0,1.4,1.59186,6655.0,0.13
OGLE-2019-BLG-0468L c,3248.20631954,12.5,,2.77,0.92,,,
OGLE-2019-BLG-0468L b,1090.15143601,13.1,,3.29,0.92,,,
TOI-3976 A b,55.61997123,12.27383387,6.607662,0.0743,1.254,1.501,5975.0,0.182
KMT-2017-BLG-1003L b,5.19,2.13,,1.38,0.32,,,
TOI-4087 b,232.01473711,13.04725353,3.1774835,0.04469,1.178,1.112,6060.0,0.237
TOI-942 b,826.358,3.89,4.32421,0.04866,0.822,0.894,4969.0,-0.221
KMT-2021-BLG-0240L b,66.74396547,9.6,,2.8,0.56,,,
KMT-2017-BLG-0673L b,1166.43025369,13.0,,2.34,0.63,,,
KMT-2019-BLG-1367L b,4.08,1.85,,1.7,0.25,,,
OGLE-2017-BLG-1806L b,5.27,2.15,,1.75,0.38,,,
TOI-4791 b,734.18362017,12.44196858,4.28088,0.0555,1.242,1.409,6058.0,0.207
EPIC 229004835 b,10.4,2.332,16.141132,0.1237,0.97,0.999,5868.0,-0.12
OGLE-2019-BLG-1053L b,2.48,1.38,,3.4,0.61,,,
KMT-2019-BLG-2974L b,88.99195396,11.4,,2.0,0.47,,,
OGLE-2019-BLG-1470L AB c,699.2224954,13.3,,3.2,0.57,,,
HD 23472 b,8.32,2.0,17.667087,0.1162,0.67,0.71,4684.0,-0.2
HD 191939 c,8.0,3.195,28.579743,0.1752,0.81,0.94,5348.0,-0.15
OGLE-2018-BLG-0506L b,16.3,4.18,,3.0,0.63,,,
TIC 279401253 b,1951.46641898,11.2089807,76.8,0.369,1.13,1.06,5951.0,0.2
HD 23472 c,3.41,1.87,29.79749,0.1646,0.67,0.71,4684.0,-0.2
HD 23472 f,0.77,1.137,12.1621839,0.0906,0.67,0.71,4684.0,-0.2
OGLE-2019-BLG-1492L b,37.1,6.79,,2.7,0.68,,,
TIC 279401253 c,2548.98382414,12.6,155.3,0.591,1.13,1.06,5951.0,0.2
TOI-1811 b,308.9292116,11.14172682,3.7130765,0.04389,0.817,0.769,4766.0,0.306
HD 23472 d,0.55,0.75,3.97664,0.04298,0.67,0.71,4684.0,-0.2
HD 23472 e,0.72,0.818,7.90754,0.068,0.67,0.71,4684.0,-0.2
HATS-54 b,239.32479047,11.37711541,2.5441765,0.037,1.05,1.23,5621.0,0.37
HD 45364 c,174.48779544,14.2,345.43,0.902,0.82,0.89,5466.0,-0.17
KMT-2021-BLG-1253L b,19.05,4.59,,1.52,0.24,,,
TOI-2152 A b,899.45439181,14.35870428,3.3773512,0.05064,1.516,1.612,6630.0,0.282
NGTS-23 b,194.82881349,14.20177855,4.0764326,0.0504,1.01,1.24,6057.0,-0.26
NGTS-24 b,165.27077164,13.60770257,3.4678796,0.0479,1.26,1.64,5820.0,0.27
NGTS-25 b,203.09235207,11.46678726,2.823093,0.0388,0.91,0.86,5321.0,0.12
KMT-2021-BLG-1372L b,61.27,9.12,,2.37,0.42,,,
TOI-2497 b,1531.93292174,11.14172682,10.655669,0.1166,1.859,2.36,7360.0,0.094
TOI-5542 b,419.53349724,11.30986153,75.12375,0.332,0.89,1.058,5700.0,-0.21
TOI-2338 b,1900.61387386,11.2089807,22.65398,0.158,0.99,1.05,5581.0,0.22
KMT-2021-BLG-1077L b,69.92224954,9.86,,1.26,0.14,,,
PZ Tel b,8581.366989,11.9,44000.0,27.0,1.36,1.25646,5169.0,
KMT-2018-BLG-0030L b,460.85119015,13.6,,4.39,0.51,,,
MOA-2020-BLG-135L b,11.3,3.37,,1.11,0.23,,,
TOI-2364 b,71.51139158,8.60849718,4.0197517,0.04871,0.954,0.886,5306.0,0.344
OGLE-2018-BLG-0298L b,44.49597698,7.56,,2.86,0.69,,,
TOI-969 c,3591.4609991,12.4,1700.0,2.52,0.734,0.671,4435.0,0.175
OGLE-2006-BLG-284L A b,144.0,14.3,,2.17,0.35,,,
K2-3 d,2.2,1.458,44.55603,0.2014,0.549,0.546,3844.0,-0.157
K2-3 c,2.68,1.582,24.646729,0.1357,0.549,0.546,3844.0,-0.157
HD 111998 b,1525.5763536,12.9,810.0,1.91,1.4,1.45,6557.0,0.07
HIP 70849 b,1430.2278315,12.9,3649.0,3.99,0.65,0.633112,4105.0,
HD 114783 c,603.8739733,13.4,4352.0,5.0,0.9,0.840622,5135.0,0.21
Kepler-409 b,6.0,1.199,68.9583216,0.3192,0.913,0.897,5421.0,0.05
Kepler-20 f,1.4,0.952,19.578328,0.1387,0.929,0.9164,5495.0,0.07
KMT-2022-BLG-0440L b,15.4,4.05,,1.9,0.53,,,
TOI-411 c,9.72,2.328,9.573083,0.1017,1.098,1.117,6169.0,-0.08
HD 140901 c,572.0911326,13.4,14386.0,11.8,1.06,0.95,5610.0,0.0859
Kepler-102 c,1.7,0.567,7.071392,0.06702,0.803,0.724,4909.0,0.11
K2-416 b,1652.7077164,2.66,13.102,0.088,0.548,0.554,3746.0,
TOI-411 b,13.71,1.362,4.040295,0.05727,1.098,1.117,6169.0,-0.08
HIP 54597 b,762.7881768,13.3,3274.0,4.0,0.8,0.66,4799.0,-0.22
HD 75302 b,1716.2733978,12.8,4356.0,5.3,1.06,0.940904,5697.46,0.0857
Kepler-68 c,1.3,0.979,9.605027,0.09008,1.057,1.2564,5847.0,0.11
MOA-2020-BLG-208L b,46.0,7.71,,2.74,0.43,,,
HD 15906 b,5.65,2.24,10.924709,0.09,0.79,0.762,4757.0,0.02
HIP 81208 C b,4703.8604236,12.3,104100.0,23.04,0.135,,,
HD 108202 b,953.485221,13.1,2990.0,3.7,0.74,0.66355,4556.03,0.3048
Kepler-323 b,3.9,1.381,1.678328,0.02778,1.015,1.12,6004.0,-0.14
HD 15906 c,8.91,2.93,21.583298,0.141,0.79,0.762,4757.0,0.02
TOI-622 b,96.30200732,9.2362001,6.402513,0.0708,1.313,1.415,6400.0,0.09
TOI-4201 b,788.21444936,13.67495645,3.5819194,0.04,0.61,0.63,3794.0,0.52
HD 99492 b,25.5,5.44,17.0503,0.12,0.85,0.822539,4929.0,0.3
Kepler-454 b,5.4,2.37,10.5737534,0.09528,1.03,1.066,5687.0,0.32
Kepler-109 b,4.9,2.49,6.4816307,0.0701,1.094,1.387,5950.0,-0.02
GJ 1252 b,1.32,1.193,0.5182331,0.00915,0.381,0.391,3458.0,0.1
HAT-P-2 c,3400.7639549,12.4,8500.0,,1.33,1.416,6412.0,0.12
TOI-4600 b,959.84178914,6.8,82.6869,0.349,0.89,0.81,5170.0,0.16
TOI-858 B b,349.6112477,14.06727078,3.2797178,0.04435,1.081,1.308,5842.0,0.153
K2-36 b,4.3,1.43,1.422614,0.02288,0.79,0.718,4916.0,-0.047
K2-36 c,7.9,3.2,5.340888,0.05528,0.79,0.718,4916.0,-0.047
Kepler-538 b,12.9,2.215,81.73778,0.3554,0.892,0.8717,5534.0,-0.09
TOI-1235 b,6.69,1.69,3.444714,0.03845,0.63,0.619,3997.0,0.33
TOI-1052 b,16.9,2.87,9.139703,0.09103,1.204,1.264,6146.0,0.14
K2-110 b,15.9,2.592,13.86375,0.10207,0.738,0.713,5010.0,-0.34
TOI-1634 c,,,103.0,,0.451,0.45,3472.0,0.19
TOI-2018 b,9.2,2.268,7.435583,,0.57,0.62,4174.0,-0.58
TOI-1052 c,34.3,6.48,35.806,0.2263,1.204,1.264,6146.0,0.14
TOI-519 b,147.15455244,11.54525012,1.2652328,0.0159,0.335,0.35,3322.0,0.27
TOI-244 b,2.68,1.52,7.397225,0.0559,0.428,0.426,3433.0,-0.39
TOI-2084 b,6.66,2.47,6.0784247,0.05006,0.453,0.475,3551.0,-0.13
TOI-4184 b,6.48,2.43,4.9019804,0.0336,0.2109,0.2347,3238.0,-0.27
TOI-470 b,17.4,4.34,12.19148,0.119,0.87,0.831,5190.0,0.1
TOI-1470 b,7.32,2.18,2.527093,0.0285,0.471,0.469,3709.0,0.0
Kepler-21 b,7.5,1.639,2.7858212,0.0434,1.408,1.902,6305.0,-0.03
Kepler-78 b,1.68,1.201,0.35500745,0.00901,0.779,0.7475,5058.0,-0.18
WISE J033605.05-014350.4 b,2622.08435775,12.6,2560.0,0.97,0.0131,,415.0,
OGLE-2018-BLG-1126L b,17.79839079,4.41,,3.23,0.69,,,
HD 6860 b,8981.83078182,11.9,663.87,2.03,2.49,86.4,3802.0,-0.03
TOI-1470 c,7.24,2.47,18.08816,0.106,0.471,0.469,3709.0,0.0
K2-12 b,5.2,2.44,8.28246,0.0792,0.965,1.117,5672.0,0.0
OGLE-2018-BLG-1212L b,63.5656814,9.32,,1.68,0.16,,,
GJ 649 b,81.99972901,10.8,600.1,1.112,0.51,0.5,3734.0,-0.15
HD 36384 b,2097.6674862,12.7,490.0,1.3,1.14,38.4,3940.0,-0.16
MWC 758 c,,,,100.0,1.5,2.01446,7314.0,
K2-2016-BLG-0005L b,349.6112477,13.7,4700.0,4.16,0.584,,,
GJ 849 b,283.82076745,13.9,1925.31,2.32,0.45,0.45,3467.0,0.09
GJ 849 c,314.65012293,13.8,5990.0,4.95,0.45,0.45,3467.0,0.09
Kepler-68 b,8.03,2.357,5.39875259,0.06135,1.057,1.2564,5847.0,0.11
Kepler-107 d,7.7,0.86,7.95839,0.08377,1.238,1.447,5854.0,0.321
TOI-139 b,6.6,2.4566,11.07085,,0.69,0.7007,4570.0,-0.238
HD 62364 b,5965.63919939,12.1,5138.0,6.15,1.157,1.401,6255.0,-0.11
BD-210397 b,214.0,14.0,1891.0,2.63,0.679,0.747,4051.0,0.12
KMT-2022-BLG-0371L b,82.63538582,10.9,,3.02,0.63,,,
WASP-79 b,270.15414595,17.14974047,3.662392,0.0519,1.39,1.51,6600.0,0.03
Kepler-454 d,734.18362017,13.3,4073.0,5.1,1.03,1.066,5687.0,0.32
HD 74698 b,23.0,5.12,15.017,0.121,1.039,1.333,5783.0,0.07
HD 74698 c,126.0,14.0,3449.0,4.5,1.039,1.333,5783.0,0.07
GJ 9404 b,11.9,3.48,13.4586,0.0943,0.62,0.626041,3811.0,
GJ 832 b,314.65012293,13.8,3853.0,3.7,0.45,0.441557,3472.0,-0.3
Kepler-323 c,6.8,1.57,3.5538229,0.0458,1.015,1.12,6004.0,-0.14
TOI-5803 b,10.7,3.2732,5.38305,,0.87,0.7625,5134.0,
KMT-2019-BLG-1216L b,29.87587026,5.98,,2.44,0.39,,,
TOI-1680 b,2.75,1.466,4.8026345,0.03144,0.1798,0.2106,3225.0,0.04
HD 100777 b,390.92894061,13.7,383.0,1.06,1.08,1.04,5533.0,-0.27
HD 215497 c,111.23994245,13.0,566.0,1.31,0.92,0.85,5113.0,0.23
Kepler-107 c,10.0,1.597,4.901452,0.06064,1.238,1.447,5854.0,0.321
K2-3 b,5.11,2.078,10.0546535,0.0747,0.549,0.546,3844.0,-0.157
Kepler-107 b,3.8,1.536,3.1800218,0.04544,1.238,1.447,5854.0,0.321
HD 167677 b,905.81095995,13.2,1820.0,2.877,0.96,0.95271,5474.0,-0.29
HD 165131 b,5943.3912109,12.1,2342.6,3.54,1.06,1.06419,5870.0,0.06
HIP 39017 b,7500.7504052,12.0,31000.0,22.1,1.52,1.51987,7201.0,-0.26
omi UMa b,1160.39151396,13.0,1569.81,3.691,2.72,13.84,5075.0,-0.16
omi CrB b,355.96781584,13.7,187.01,0.699,1.3,11.87,4769.0,-0.27
TOI-544 b,2.89,2.018,1.548352,0.0225,0.631,0.623,4169.0,-0.17
Teegarden's Star d,0.82,0.954,26.13,0.0791,0.097,0.12,3034.0,-0.11
TOI-782 b,19.1,2.734,8.0240015,0.0578,0.397,0.413,3370.0,0.34
HD 4732 c,1069.49258955,13.1,3184.2,4.725,1.39,5.03,4898.0,-0.01
HD 4732 b,631.2072163,13.4,371.74,1.129,1.39,5.03,4898.0,-0.01
ome Ser b,233.92170755,14.0,278.59,0.838,1.01,10.99,4724.0,-0.12
TOI-2010 b,408.7273314,11.81426566,141.834025,0.5516,1.112,1.079,5929.0,0.168
TOI-1273 b,70.55790635,11.09689089,4.631296,0.0549,1.06,1.06,5690.0,0.07
TOI-904 b,6.46,2.426,10.8772,0.056,0.557,0.527,3770.2,0.022
KMT-2023-BLG-0469L b,39.41072247,7.04,,2.31,0.47,,,
HD 2952 b,284.77425267,13.9,312.08,1.117,1.91,10.9,4853.0,0.0
TOI-2416 b,953.485221,9.86390302,8.275479,0.0831,1.118,1.236,5808.0,0.32
TOI-2373 b,2955.8041851,10.42435205,13.33668,0.112,1.041,1.102,5651.0,0.3
TOI-904 c,5.34,2.167,83.9997,0.312,0.557,0.527,3770.2,0.022
TOI-4860 b,86.7,8.7,1.5227591,0.01808,0.34,0.358,3260.0,0.27
TOI-4633 c,123.0,3.2,271.9445,0.847,1.1,1.05,5800.0,0.2379
gam Lib b,357.87478628,13.7,414.88,1.319,1.78,12.38,4879.0,-0.27
KMT-2021-BLG-1770L b,6674.396547,12.1,,0.9,0.13,,,
OGLE-2019-BLG-1180L b,555.24622703,13.5,,5.19,0.545,,,
HD 47366 b,661.71874337,13.4,360.08,1.207,1.81,7.3,4866.0,-0.02
HD 47366 c,483.73483545,13.5,677.53,1.84,1.81,7.3,4866.0,-0.02
Kepler-100 e,24.14271827,5.27,60.888588,0.312391586,1.097,1.5,5884.0,0.1
NGTS-27 b,188.47224535,15.64773706,3.3704181,0.0446,1.07,1.77,5700.0,0.0
HD 134606 d,44.8,7.59,966.5,1.941,1.046,1.158,5576.0,0.343
HATS-2 b,435.42491759,12.57647635,1.35413379,0.02317,0.904,0.876,5227.0,0.15
gam Cep b,2097.6674862,12.7,913.0,2.13,1.27,4.74,4775.0,0.18
TOI-5398 c,11.8,3.52,4.77271,0.057,1.146,1.051,6000.0,0.09
HD 134606 f,5.63,2.24,26.915,0.1784,1.046,1.158,5576.0,0.343
HD 134606 e,2.34,1.33,4.3203,0.0527,1.046,1.158,5576.0,0.343
TOI-238 c,6.7,2.18,8.465651,0.0749,0.79,0.733,5059.0,-0.114
2MASS J11550485-7919108 b,6356.56814,12.1,,587.0,0.58846,0.600455,3021.0,
2MASS J21252752-8138278 b,3813.940884,12.4,,7493.0,0.643977,0.672832,3592.0,
Kepler-1513 c,84.54235626,11.0,841.4,,0.943,0.95,5491.0,0.17
HIP 66074 b,1589.142035,12.9,310.9,0.799,0.705,0.69,4300.0,0.12
HAT-P-19 b,88.03846874,11.29865255,4.00878322,0.04599,0.807,0.773,4962.0,0.166
Kepler-849 b,298.75870258,8.08167508,394.62508,1.137,1.259,1.822,5950.0,0.145
TOI-1853 b,73.2,3.46,1.2436258,0.0213,0.837,0.808,4985.0,0.11
TOI-5126 b,20.2,4.74,5.4588385,0.06519,1.24,1.241,6150.0,0.18
Kepler-1513 b,48.30991786,8.594,160.8842,0.56971,0.943,0.95,5491.0,0.17
HAT-P-51 b,97.57332095,13.50682174,4.21802091,0.05042,0.961,0.995,5453.0,0.302
Kepler-553 c,2129.4503269,11.57887706,328.24017,0.898,0.889,0.902,5191.0,0.152
Kepler-111 c,222.4798849,7.0840758,224.77833,0.751,1.118,1.145,5914.0,0.237
14 And b,1131.15130051,13.1,186.76,0.775,1.78,11.55,4888.0,-0.21
18 Del b,2926.24614325,12.5,982.85,2.476,2.1,8.8,4980.0,-0.06
GJ 724 b,10.75,3.27,5.101284,0.04685,0.5271,0.52226,3799.0,-0.02
KMT-2019-BLG-0335L b,6674.396547,12.1,,1.64,0.32,,,
Kepler-553 b,116.00736855,4.74139884,4.030467,0.04766,0.889,0.902,5191.0,0.152
6 Lyn b,597.83523357,13.4,919.86,2.028,1.32,4.94,4941.0,-0.17
4 UMa b,2511.48007211,12.6,270.27,0.877,1.234,18.11,4415.0,-0.25
TOI-4641 b,1229.99593509,8.18255591,22.09341,0.173,1.41,1.72,6560.0,-0.09
CI Tau c,1144.1822652,13.0,25.2,0.17,0.9,1.880857,3807.0,
TOI-1994 b,7024.0077947,13.67495645,4.0337142,0.0613,1.86,2.3,7700.0,-0.01
TOI-4515 b,637.0,12.17,15.266446,0.118,0.949,0.86,5433.0,0.05
M62H b,785.03616529,,0.132935028,,1.4,,,
HD 145457 b,888.01256916,13.2,176.13,0.762,1.9,9.9,4757.0,-0.14
HD 167042 b,444.00628458,13.6,417.67,1.22,1.39,4.63,4919.0,-0.01
LHS 1678 c,1.4,0.941,3.694284,0.0327,0.345,0.329,3490.0,
HD 173416 b,585.12209729,13.4,322.03,1.158,2.0,13.5,4683.0,-0.22
HD 32518 b,905.49313154,13.2,157.35,0.594,1.13,10.22,4580.0,-0.15
HS Psc b,464.02947422,13.6,3.986,0.0435,0.69,0.65,4203.0,-0.05
HD 81688 b,525.68818518,13.5,183.93,0.648,1.07,11.13,4797.0,-0.32
kap CrB b,689.6911,13.3,1253.68,2.5,1.33,4.68,4840.0,0.09
KMT-2021-BLG-1547L b,467.20775829,13.6,,4.5,0.72,,,
TOI-4559 b,2.59,1.415,3.965991,0.0359,0.392,0.374,3558.0,-0.09
11 Com b,4914.89848585,12.2,323.21,1.178,2.09,13.76,4874.0,-0.26
nu Oph b,7057.73298,12.0,529.93,1.765,2.61,12.24,4887.0,0.1
TOI-4377 b,304.1617855,15.10970598,4.378081,0.0579,1.36,3.52,4974.0,0.205
KMT-2023-BLG-0416L b,13.03096469,3.67,,2.96,0.63,,,
HD 76920 b,994.80291391,13.1,415.891,1.091,1.0,8.33,4664.0,-0.19
75 Cet b,787.89662095,13.3,696.62,1.912,1.92,10.38,4809.0,0.1
LHS 3154 b,13.15,3.69,3.71778,0.02262,0.1118,0.1405,2861.0,
TOI-1269 b,6.4,2.40144286,4.2529913,0.0496,0.9027,0.8521,5499.0,-0.049
Kepler-23 d,4.44,2.206,15.27,0.12012,1.078,1.548,5828.0,-0.112
TOI-3919 b,1233.17421916,12.31866979,7.433234,0.0795,1.208,1.319,6100.0,0.175
TOI-1288 b,44.1,4.96846551,2.6998279,0.0374,0.9552,0.9583,5388.0,0.257
GJ 238 b,0.126,0.566,1.7446999,0.02123,0.4193,0.4314,3485.0,0.15
Kepler-49 c,8.38,2.444,10.91,0.07821,0.607,0.618,4095.6,0.03
TOI-5301 b,1182.32167404,13.09208946,5.858858,0.073,1.483,2.19,6240.0,0.03
TOI-5232 b,743.71847238,12.778238,4.0966692,0.05593,1.389,1.785,6500.0,-0.104
TOI-1410.01,12.5,3.10083009,1.21687,0.0207,0.7941,0.7558,4635.0,0.328
TOI-1386 b,45.8,6.2163865,25.8401,0.173,1.0363,1.0235,5735.0,0.149
TOI-6029 b,519.64944544,14.39233122,5.7987,,1.548,2.338,6223.0,0.37
OGLE-2017-BLG-0448L b,15.6,4.08,,5.75,0.5,,,
Kepler-128 c,3.38,1.521,22.8,0.16517,1.184,1.659,6072.0,-0.03
TOI-1451 b,15.2,2.61143902,16.537944,0.127,1.0022,1.0162,5801.0,0.019
TIC 4672985 b,4049.13390518,11.5004142,69.048,0.33,1.01,1.15,5757.0,0.14
TOI-5218 b,657.0,9.86,4.291452,0.0469,0.739,0.708,4230.0,0.41
Kepler-305 d,6.2,2.76,16.74,0.12091,0.827,0.792,5090.0,0.09
TOI-1601 b,387.0,14.19902343,5.33175,0.069,1.5055,2.195,5982.0,0.343
TOI-1444 b,3.58,1.41792246,0.4702743,0.0116,0.9513,0.9105,5460.0,0.146
TOI-1736 b,12.3,3.18175535,7.073076,0.073,1.0373,1.4286,5636.0,0.148
TOI-5634 A b,588.0,10.42,2.2035373,0.0272,0.556,0.54,3896.0,-0.27
TOI-1683.01,7.45,2.6382,3.0575356,0.036507593,0.694661,0.7,4402.0,
TOI-1298 b,99.0,9.65807033,4.537143,0.057,1.2187,1.4536,5752.0,0.397
TOI-1751 b,19.5,2.9507845,37.46852,0.215,0.9382,1.3137,5970.0,-0.373
K2-419 A b,196.0,10.55,20.35847252,0.1208,0.562,0.541,3711.0,-0.11
HIP 97166 b,19.1,2.4801338,10.288914,0.091,0.9342,0.8418,5216.0,0.248
TOI-1776 b,1.4,1.21612741,2.799868,0.0378,0.9196,0.9356,5785.0,-0.193
Kepler-963 c,0.156,0.6,0.919783,,0.821,0.928,5169.47,-0.02
OGLE-2023-BLG-0836L b,1385.73185452,12.9,,3.7,0.71,,,
BD-14 3065 b,3932.0,21.59,4.2889731,0.0656,1.41,2.35,6935.0,-0.34
HIP 97166 c,8.0,2.75,16.432,0.124,0.9342,0.8418,5216.0,0.248
TOI-1794 b,8.7,3.29701268,8.765528,0.082,0.9698,1.3162,5631.0,0.035
2MASS J03590986+2009361 b,5720.911326,12.2,,572.0,0.264996,0.289776,2943.0,
TOI-663 c,3.65,2.26,4.6955507,0.0437,0.514,0.512,3681.0,0.07
TOI-1246 c,9.1,2.45109846,5.904137,0.061,0.8889,0.8649,5213.0,0.168
TOI-1842 b,89.4,12.3485023,9.5739181,0.1,1.4643,2.032,6039.0,0.332
TOI-1824 b,16.0,2.7438269,22.808533,0.151,0.8801,0.8123,5165.0,0.124
HIP 77900 b,6674.396547,12.1,,3319.0,,,13646.0,
2MASS J11011926-7732383 b,8899.195396,11.9,,266.0,,,,
SPECULOOS-3 b,0.894,0.977,0.71912603,0.00733,0.1009,0.123,2800.0,0.07
KMT-2023-BLG-1431L b,13.6,3.76,,3.2,0.57,,,
TOI-3071 b,68.2,7.16,1.266938,0.0249,1.29,1.31,6177.0,0.35
TOI-1246 e,14.5,3.5141875,37.92548,0.212,0.8889,0.8649,5213.0,0.168
TOI-2019 b,34.4,5.33275337,15.3444,0.128,1.1832,1.7457,5626.0,0.409
TIC 139270665 c,1554.18091023,12.9,1010.0,2.0,1.035,1.016,5844.0,0.156
HD 48948 b,4.88,2.06,7.34013,0.0652,0.686,0.679,4593.0,-0.21
HD 93963 A c,18.4,3.11976057,3.6451389,0.04726,1.0844,1.0311,5908.0,0.11
HD 93963 A b,2.8,1.46954368,1.0376109,0.02061,1.0844,1.0311,5908.0,0.11
TOI-815 c,23.5,2.62,34.976145,0.193,0.776,0.77,4869.0,-0.09
HD 48948 c,7.27,2.6,38.06,0.1951,0.686,0.679,4593.0,-0.21
HD 48948 d,10.59,3.24,151.92,0.4894,0.686,0.679,4593.0,-0.21
HIP 8152 c,10.7,2.52442508,19.60562,0.139,0.9373,0.9603,5618.0,0.007
HIP 8152 b,8.9,2.53625843,10.751014,0.093,0.9373,0.9603,5618.0,0.007
TOI-1669 b,191.0,14.1,500.0,1.27,0.9867,1.0561,5497.0,0.274
OGLE-2014-BLG-0221L b,1382.55357045,12.9,,3.76,0.69,,,
TOI-329 b,40.4,4.94057819,5.70439,0.0638,1.0678,1.5326,5614.0,0.205
TOI-480 b,20.8,2.85372018,6.866196,0.077,1.2793,1.4877,6174.0,0.164
TOI-1410 c,27.0,5.63,47.56,0.239,0.7941,0.7558,4635.0,0.328
TOI-757 b,10.5,2.5,17.46819,0.122,0.8,0.78,5278.0,-0.27
GJ 900 b,3496.112477,12.4,,12000.0,1.08,0.716187,3976.0,-0.63
TOI-1450 A c,1.527,1.13,5.0688,,0.48,0.483,3437.0,-0.12
TOI-1855 b,360.09958513,18.49481816,1.36414864,0.02398,0.987,1.041,5359.0,0.399
TOI-3261 b,30.3,3.82,0.8831331,0.01714,0.861,0.849,5068.0,0.138
TOI-669 b,10.0,2.58606487,3.945152,0.048,0.9245,0.9882,5597.0,0.001
HD 25463 b,8.7,2.54535814,7.0491423,0.076,1.251,1.4182,6353.0,-0.018
HD 73344 b,10.48,2.884,15.611,0.131,1.2,1.22,6252.6,0.143
TOI-2368 b,206.58846455,10.83908434,5.1750073,0.05649,0.897,0.846,5360.0,0.1
TOI-2107 b,263.79757781,13.57407563,2.4545467,0.03515,0.961,0.932,5627.0,0.07
TOI-1248 b,27.4,6.8084859,4.3601561,0.051,0.9042,0.8686,5205.0,0.223
TOI-837 b,120.45696625,9.16894621,8.3249113,0.0888,1.142,1.052,5995.0,0.01
SWEEPS-11 b,3082.82,12.666,1.796,0.03,1.1,1.45,,
Kepler-24 c,9.99,2.514,12.33,0.10612,1.06,1.099,6028.0,-0.0708
Kepler-57 b,25.06,3.135,5.72,0.05988,0.859,0.826,5187.9,0.1166
TOI-3894 b,260.61929374,15.27784069,4.33454,0.05354,1.138,1.502,6000.0,0.021
TOI-3321 b,176.07693748,15.55806521,3.6525145,0.047,1.041,1.549,5850.0,-0.103
TOI-1744.01,7.65,2.68,22.341702927,0.164086,1.18,1.14,6179.0,
K2-360 c,15.23,4.02,9.79692,0.0883,0.958,0.98,5679.0,0.01
WASP-132 b,136.0305582,10.09929161,7.1335164,0.0674,0.789,0.758,4686.0,0.15
TOI-469.01,9.1,3.41,13.6308205,0.111,0.901,0.98,5289.0,0.24
K2-260 b,546.66486004,18.41635529,2.62669762,0.04392,1.637,1.755,6860.0,0.334
K2-237 b,434.15360396,16.06246934,2.18053332,0.03552,1.256,1.236,6180.0,0.337
TOI-1772.01,8.78,2.905,8.054246874,0.078375,0.99,0.995,5583.0,0.1282
WASP-132 c,6.26,1.841,1.01153624,0.01833,0.789,0.758,4686.0,0.15
BD-17 63 b,1639.99458012,12.8,655.57,1.34,0.741,0.74,4714.0,-0.03
K2-261 b,68.96876432,9.26982704,11.6334681,0.1086,1.107,1.663,5490.0,0.372
K2-321 b,4.86,2.05124347,2.2979749,0.02839,0.578,0.595,3750.0,0.148
TOI-1777.01,5.67,2.246,14.650111974,0.119466,1.06,0.98,5859.0,
HD 20794 d,4.8,2.04,89.68,0.3625,0.79,0.93,5368.0,-0.42
HD 175167 b,4703.8604236,12.3,1175.0,2.4,1.09,1.75,5635.0,0.28
Kepler-289 d,5.33,3.03,66.0282,0.33,1.08,1.0,5990.0,0.05
Kepler-289 c,157.18,11.23,125.8723,0.50155,1.08,1.0,5990.0,0.05
K2-167 b,6.5,2.36509493,9.978541,0.0932,1.084,1.499,6310.0,-0.456
K2-265 b,7.3418362,1.70824866,2.36902,0.03359,0.901,0.92,5420.0,0.033
Kepler-289 b,3.7,2.49,34.5383,0.21183,1.08,1.0,5990.0,0.05
KELT-24 b,1458.83238813,12.71098411,5.55149296,0.0665,1.268,1.338,6426.0,0.138
TOI-3568 b,26.4,5.3,4.417965,0.0485,0.78,0.719,4969.0,-0.01
K2-57 b,5.94,2.30905002,9.0073,0.0752,0.699,0.671,4413.0,0.08
K2-54 b,7.33,2.6116925,9.7833,0.0761,0.615,0.643,3990.0,-0.02
TOI-4638.01,8.92,2.933,10.283918787,0.093013,1.02,0.895,5700.0,
TOI-5076 b,16.14568308,3.48935569,23.443162,0.1481,0.789,0.844,4780.0,0.082
K2-77 b,603.877,2.4996027,8.2000844,0.0753,0.847,0.792,5160.0,0.13
K2-180 b,11.41003981,2.46597575,8.865663,0.0756,0.735,0.719,5365.0,-0.578
TOI-2458 c,10.22,3.18,16.553,0.129,1.05,1.31,6005.0,-0.1
K2-97 b,174.48779544,13.45077684,8.407115,0.0854,1.17,4.14,4673.0,0.328
K2-182 b,20.97667486,2.71257333,4.7369696,0.05174,0.823,0.789,5128.0,0.022
NGTS-33 b,1153.71711741,18.38272835,2.827972,0.048,1.6,1.47,7437.0,-0.11
Kepler-105 b,10.8,2.53,5.4122034,0.06016,0.991,1.026,5933.0,-0.09
TOI-2537 b,415.40172795,11.25381662,94.1022,0.3715,0.771,0.771,4870.0,0.08
K2-98 b,34.00763955,5.06645928,10.1367349,0.0986,1.246,1.518,6260.0,-0.044
K2-114 b,638.83509807,10.59248676,11.390931,0.0944,0.863,0.832,4899.0,0.42
TOI-4994 b,88.99195396,8.54124329,21.491984,0.1515,1.005,1.055,5640.0,0.165
Kepler-105 c,5.6,1.44,7.12592,0.07229,0.991,1.026,5933.0,-0.09
TOI-2295 c,1783.01736327,12.8,966.5,2.018,1.168,1.459,5730.0,0.316
TOI-5110 b,921.7023803,11.98240037,30.158577,0.2157,1.469,2.333,6160.0,0.065
TOI-2537 c,2297.89938261,12.7,1920.0,2.78,0.771,0.771,4870.0,0.08
MOA-2008-BLG-310L b,23.4,5.18,,1.1,0.21,,,
K2-115 b,321.00669107,11.80305668,20.2729914,0.1415,0.918,0.855,5870.0,-0.198
K2-277 b,7.4,2.18575124,6.326768,0.0664,0.974,0.973,5680.0,0.078
TOI-406 c,2.08,1.32,3.307441,0.0322,0.408,0.41,3392.0,-0.02
TOI-5005 b,32.7,6.25,6.3085044,0.06614,0.97,0.93,5749.0,0.15
HD 86728 b,9.43,3.03,31.1515,0.1916,0.967,1.237,5610.0,0.2
KMT-2021-BLG-2609L b,10.17050902,3.17,,2.3,0.2,,,
TOI-5688 A b,124.0,10.3,2.94815527,0.03379,0.6,0.57,3713.0,0.47
HD 222237 b,1649.52943233,12.8,14892.0,10.8,0.76,0.71,4751.0,-0.32
HD 21520 b,17.7,2.697,25.1292,0.1726,1.09,1.044,5871.0,0.049
TOI-2768 b,7.41,2.63,1.50801,0.027,0.63,0.657,4008.0,
TOI-1174 b,32.0,2.562,8.953487683,0.07994,0.85,0.76,5030.0,-0.002
TOI-2981 b,638.0,13.4,3.601501,0.048,1.03,1.08,5940.0,-0.11
TOI-1180 b,10.0,3.072,9.686760378,0.080799,0.75,0.73,4738.0,0.067
OGLE-2016-BLG-1800L b,823.17557413,13.2,,1.88,0.41,,,
TOI-5713 b,3.78,1.77,10.441989,0.06008,0.2653,0.2992,3225.0,-0.03
TOI-6002 b,3.36,1.65,10.904821,0.05722,0.2101,0.2432,3229.0,-0.18
HD 135694 b,6.1,2.857,15.923475568,0.124695,1.02,1.08,5712.0,-0.121
TOI-1295 b,451.31633794,15.69257298,3.1968838,0.047,1.38,1.7,6280.0,0.26
TOI-6130 b,333.71982735,14.3474953,2.392679,0.036,1.31,1.51,6110.0,0.28
TOI-1437 b,9.6,2.24,18.840942,0.14,1.1,1.17,6008.0,-0.4924
HD 183579 b,20.4,3.49,17.471291,0.1322,0.996,0.96,5784.0,-0.038
KMT-2023-BLG-1866L b,2.63,1.43,,2.63,0.51,,,
K2-203 b,2.14,1.26549392,9.6952,0.0824,0.793,0.765,5026.0,-0.021
TOI-6651 b,61.0,5.09,5.056973,0.0633,1.323,1.721,5940.0,0.225
TOI-1630.01,6.42,2.417,12.055734733,0.101151,0.95,0.83,5504.0,
TOI-1467 b,9.0,1.92,5.97114713,0.050748,0.489,0.491,3834.0,-0.062
TOI-1659.01,5.71,2.255,5.877556328,0.065757,1.1,1.006,5977.0,
HD 101581 c,0.937,0.99,6.20401,0.0573,0.653,0.63,4675.0,-0.343
K2-208 b,3.45,1.67462172,4.19097,0.04878,0.881,0.872,5500.0,-0.064
TOI-1716.01,10.0,3.143,8.082376554,0.080496,1.07,1.24,5879.0,0.096
TOI-6038 A b,78.5,6.41,5.8267311,0.069,1.291,1.648,6110.0,0.124
HIP 116454 b,9.7,2.469,9.1004157,0.0792,0.8,0.758,5048.0,0.0
TOI-2420 b,294.62693329,15.02003414,5.842641,0.0684,1.158,2.369,5707.0,
K2-225 b,12.7,3.60929179,15.8723,0.1409,1.482,1.7,5520.0,0.486
TOI-1739 b,4.45,1.946,8.303341406,0.073872,0.78,0.781,4814.0,0.07
HD 73344 d,810.46243785,13.2,5823.0,6.7,1.19,1.22,6148.0,0.16
TOI-2485 b,766.60211768,12.1393261,11.23479,0.1093,1.163,1.72,6016.4,0.097
K2-7 b,15.3,4.03523305,28.6781,0.1867,1.056,1.533,5700.0,0.049
HD 118203 c,3747.19691853,12.4,5103.0,6.28,1.27,2.04,5742.0,0.287
TOI-4734 b,61.65871096,10.9175472,6.235633,0.074,1.391,1.857,6070.0,0.288
TOI-1453 c,2.95,2.224,6.5886982,,0.715,0.72,4975.0,-0.31
TOI-3493 b,8.97,3.22,8.1594667,,1.023,1.228,5844.0,0.03
TOI-2969 b,368.68095212,12.32987877,1.8237146,0.0261,0.71,0.7,4738.0,0.08
TOI-5300 b,190.6970442,9.86390302,2.262196,0.0295,0.67,0.65,4610.0,-0.17
TOI-4794 b,308.29355479,14.35870428,3.5658116,0.0492,1.25,1.451,6390.0,-0.102
TOI-2443 b,4.8,2.363,15.66858,0.105,0.642,0.631,4375.0,-0.29
OGLE-2016-BLG-0007L b,1.32,1.09,14200.0,10.1,0.59,,,
TOI-5340 b,270.15414595,15.07607904,4.9394392,0.0628,1.35,1.842,5990.0,0.208
AT2021ueyL b,425.89006538,13.6,4168.69,4.01,0.49,,3680.0,
Kepler-10 c,11.29,2.355,45.294301,0.241,0.91,1.065,5708.0,-0.15
TOI-2407 b,16.8,4.26,2.702969,0.033,0.548,0.567,3530.0,0.21
TOI-5386 A b,155.10026262,14.70618268,3.62156552,0.04856,1.165,1.245,6094.0,0.182
TOI-2015 c,8.91,2.93,5.582796,0.041232,0.3041,0.3273,3297.0,-0.31
TOI-2015 b,9.2,3.309,3.348237,0.029322,0.3041,0.3273,3297.0,-0.31
GJ 3998 b,2.5,1.39,2.65033,0.03,0.52,0.5,3726.0,-0.13
TOI-1117 b,8.9,2.46,2.22816,0.033,0.97,1.05,5635.0,0.136
GJ 3998 c,6.82,2.5,13.727,0.09,0.52,0.5,3726.0,-0.13
TOI-640 b,181.16219199,19.2794468,5.003777,0.06608,1.536,2.082,6460.0,0.072
K2-157 d,23.3,5.16,66.5,0.309,0.89,0.86,5334.0,0.02
TOI-1117 c,8.78,2.91,4.579,0.0534,0.97,1.05,5635.0,0.136
TOI-1117 d,10.71,3.27,8.665,0.0817,0.97,1.05,5635.0,0.136
Proxima Cen d,0.26,0.692,5.12338,0.02881,0.1221,0.141,2900.0,
Proxima Cen b,1.055,1.02,11.18465,0.04848,0.1221,0.141,2900.0,
LP 261-75 b,6674.396547,12.1,,450.0,0.22,0.308,3138.0,
TIC 88785435 b,22.3,5.03,10.508843,0.08432,0.724,0.911,3998.0,-0.08
TOI-1238 c,8.32,2.11,3.294736,0.037,0.59,0.58,4089.0,0.31
TOI-1238 b,3.76,1.21,0.764597,0.0139,0.59,0.58,4089.0,0.31
KOI-1843.03,8.0,0.61,0.1768913,0.005,0.46,0.45,3584.0,0.0
TOI-5143 c,,16.25302201,5.2097118,0.05602,0.864,0.852,5183.0,0.107
TOI-1803 b,10.32,2.99,6.293287,0.06,0.756,0.715,4687.0,0.014
TOI-5882 b,6995.40323807,11.46678726,7.148972,0.0804,1.334,2.26,5920.0,0.18
TOI-4465 b,1872.00931723,14.01122587,101.94054,0.416,0.93,1.014,5545.0,-0.06
TOI-1478 b,279.68899816,11.99360935,10.1802117,0.0818,0.947,1.048,5597.0,0.078
HIP 67851 b,365.50266805,13.7,89.23,0.42,1.28,5.45,4840.0,0.01
HIP 67851 c,2204.77565936,12.7,3128.41,4.55,1.28,5.45,4840.0,0.01
TOI-2346 b,394.10722468,16.11851425,3.3312029,0.0473,1.271,1.38,6480.0,-0.03
HD 94890 b,676.97450691,13.3,824.61,2.07,1.74,10.71,4867.0,-0.02
HD 87816 b,2142.16346318,12.7,484.17,1.618,2.41,9.0,4989.0,0.14
TOI-2886 b,444.9597698,18.6405349,1.60200105,0.02871,1.229,1.241,6240.0,0.284
TOI-2876 b,54.03082919,9.6397234,6.2996431,0.0654,0.939,0.873,5271.0,0.353
TOI-2986 b,96.61983573,9.292245,3.2783662,0.04489,1.122,1.458,5906.0,0.095
WASP-116 b,203.41018048,13.67495645,6.6132,0.065,1.25,1.426,6250.0,0.0
HD 102888 b,1808.44363583,12.8,252.06,1.05,2.42,8.6,4990.0,0.07
HD 94890 c,2831.85110637,12.5,2492.19,4.33,1.74,10.71,4867.0,-0.02
TOI-3135 b,327.36325921,13.65253849,3.7065585,0.04756,1.044,0.985,5890.0,0.071
Gaia-4 b,3750.3752026,12.4,571.3,,0.644,0.624,4034.0,0.05
WASP-188 b,458.6263913,14.81827249,5.748916,0.072,1.5,1.83,6850.0,0.0
WASP-154 b,198.96058278,10.76062147,3.811678,0.044,0.8,0.823,4774.0,0.2
TIC 434398831 b,12.1,3.51,3.685504,0.04641,0.992,0.909,5638.0,-0.081
TOI-3464 b,397.28550875,13.7646283,3.6515568,0.0515,1.363,1.56,6370.0,0.045
HR 858 c,3.8,1.979,5.973865,0.0687,1.204,1.258,6354.0,0.025
WASP-197 b,403.32424848,14.44837612,5.167228,0.065,1.36,2.112,6050.0,0.0
WASP-102 b,197.68926915,14.90794433,2.709813,0.041,1.08,1.375,5990.0,-0.2
TOI-3486 b,99.16246298,10.5700688,2.21778105,0.03138,0.837,0.788,4930.0,0.283
TOI-2328 b,50.85254512,9.97599282,17.10197,0.127,0.95,0.9,5525.0,0.09
TOI-3837 b,187.51876013,10.87271128,11.88865,0.099,0.89,1.2,5905.0,-0.26
Gl 410 b,8.4,2.83,6.02,0.0531,0.55,0.543,3842.0,0.05
HD 219666 b,17.6,4.898,6.034468,0.06356,1.02,1.059,5540.0,0.04
TOI-3682 b,69.28659273,12.80065596,3.3462406,0.048,1.32,1.735,5703.0,0.416
TOI-6628 b,235.19302118,10.98480109,18.18424,0.134,0.97,1.01,5463.0,0.36
Kepler-289 e,17.4,2.94,330.0716,0.9342,1.061,0.985,5990.0,-0.0098
KMT-2022-BLG-2076L b,279.68899816,13.9,,5.67,0.67,,,
TOI-4214 b,165.27077164,10.68215861,3.4913885,0.05018,1.382,1.434,6370.0,0.294
GJ 581 c,6.81,2.5,12.9211,0.0718,0.295,0.302,3500.0,-0.08
G 192-15 c,14.3,3.87,1219.0,1.137,0.132,0.170718,2999.0,
G 268-110 b,1.52,1.13,1.43263,0.01283,0.137,0.177,,
TOI-2449 b,222.0,11.24,106.14468,0.45,1.079,1.065,6021.0,-0.03
KMT-2024-BLG-2242L b,13.98444991,3.82,,0.89,0.069,,,
GJ 508.2 b,587.98255295,,5300.0,4.85,0.54,0.53,3720.0,-0.15
GJ 3512 c,143.97626837,14.3,2354.0,1.731,0.123,0.139,3141.0,-0.07
HD 28471 b,3.72,1.75,3.1649,0.042,0.98,1.08,5766.0,-0.04
HD 28471 c,5.72,2.26,6.1245,0.065,0.98,1.08,5766.0,-0.04
NGTS-32 b,181.16219199,15.91675259,3.31211,0.044,1.07,1.85,5680.0,-0.03
HD 143811 AB b,1938.7532827,15.69257298,117000.0,63.0,1.32,1.68398,6791.0,
AF Lep b,1147.36054927,13.0,8905.0,8.996,1.218,1.25,6140.0,0.19
TOI-238 b,3.37,1.559,1.273099,0.0212,0.781,0.756,5059.0,-0.114
HD 152843 b,9.82,3.05,11.62071,0.1049,1.15,1.43,6310.0,-0.16
MOA-2022-BLG-033L b,12.15,3.52,,2.15,0.51,,,
HD 28471 d,4.91,2.06,11.681,0.1,0.98,1.08,5766.0,-0.04
HD 152843 c,9.67,5.94,19.502104,0.1482,1.15,1.43,6310.0,-0.16
KMT-2023-BLG-1896L b,16.35,4.19,,2.86,0.72,,,
KMT-2023-BLG-0119L b,83.7,11.0,,3.14,0.71,,,
TOI-6054.02,9.3,2.82,12.563636,0.1079,1.107,1.662,6047.0,-0.07
WASP-110 b,154.78243421,13.19297028,3.7784022,,0.814,0.853,5392.0,-0.15
K2-233 d,10.3,2.363,24.3681,0.1516,0.79,0.71,4796.0,-0.082
K2-233 c,4.6,1.272,7.06024,0.0664,0.79,0.71,4796.0,-0.082
BEBOP-4 AB b,8358.8871041,,1823.5,3.634,1.507,2.75645,5701.43,0.2615
2MASS J22501512+2325342 b,9534.85221,11.9,,518.0,0.433173,0.437589,3352.0,
WASP-4 b,381.3940884,15.12091496,1.338230994,0.02261,0.899,0.912,5436.0,-0.05
Kepler-391 b,1100.0,2.5,7.4175,0.083,1.27,2.879,5038.0,0.04
GJ 251 b,3.85,1.79,14.237,0.0808,0.35,0.36,3342.0,0.07
TOI-1438 b,9.4,3.04,5.13967,0.0553,0.876,0.82,5230.0,0.03
GJ 536 c,5.89,2.3,32.761,0.1617,0.528,0.529,3641.0,-0.08
TOI-1438 c,10.6,2.75,9.428089,0.083,0.876,0.82,5230.0,0.03
Kepler-391 c,450.0,2.88,20.501,0.164,1.27,2.879,5038.0,0.04
TOI-756 b,9.83,2.81,1.2392495,0.018,0.505,0.505,3657.0,0.196
TOI-756 c,1287.20504835,13.0,149.4,0.439,0.505,0.505,3657.0,0.196
HD 224018 d,4.2,2.4,138.0731,0.53,1.013,1.147,5784.0,0.05
TOI-2141 c,6.14,2.35,5.4624,0.0585,0.896,0.95,5635.0,-0.14
TOI-6448 b,54.0,8.47398941,14.844261,0.131,1.03,0.897,5910.0,
K2-214 b,6.85,2.51,8.59656,0.0834,1.03,1.236,5875.0,0.04
51 Eri b,3464.3296363,,9100.0,10.4,1.75,1.45,7422.0,0.13
TOI-1203.01,7.39,2.918,25.502672,0.1632,0.886,1.179,5737.0,-0.39
TOI-2093 c,15.8,2.3,53.81149,0.257,0.745,0.729,4426.0,-0.08
KMT-2024-BLG-1209L b,839.06699448,13.2,,2.51,0.77,,,
HD 135344 A b,3178.28407,16.25302201,,16.5,2.32,1.5,9540.0,0.05
K2-10 b,25.2,3.773,19.30553,0.137,0.88,0.956,5533.0,-0.07
TOI-1203 b,3.51,1.52,4.1572888,0.04869,0.886,1.179,5737.0,-0.39
TOI-1203 c,5.46,2.2,13.0766,,0.886,1.179,5737.0,-0.39
HIP 18606 b,244.72787339,14.0,674.94,1.61,1.21,4.83,4860.0,-0.01
HIP 111909 c,257.44100967,13.9,893.63,1.97,1.28,4.53,4891.0,-0.01
TIC 257060897 b,201.50321004,17.26183028,3.66003639,0.04922,1.187,1.863,5993.0,0.054
OGLE-2016-BLG-1266L b,3813.940884,12.4,,0.43,0.015,,,
BD+37 3172 b,3368.9811142,12.4,1887.76,4.65,3.75,50.24,4500.0,-0.03
TOI-654.01,8.71,2.378,1.527561,0.01944,0.419,0.43,3521.0,0.12
K2-37 b,2.51,1.39,4.4434,0.05105,0.84,0.809,5352.0,-0.08
K2-37 d,12.5,2.31,14.09229,0.1102,0.84,0.809,5352.0,-0.08
K2-55 b,44.0,4.43,2.849271,0.03486,0.688,0.715,4300.0,0.376
TOI-5261 b,3651.84839643,11.60129502,4.1509768,0.05134,1.037,1.021,5790.0,0.254
TOI-4773 b,1687.66884117,15.22179579,1.7452851,0.03216,1.452,1.55,6740.0,0.11
BD+42 2315 b,174.80562385,14.2,123.05,0.54,1.38,17.85,4500.0,-0.2
Ross 176 b,4.57,1.84,5.0066338,0.0464,0.577,0.569,4041.0,-0.19
K2-62 c,4.62,1.99,16.19697,0.1148,0.67,0.696,4455.0,-0.1
K2-61 b,4.35,1.92,2.57336,0.0392,0.97,0.995,5748.0,0.03
TOI-6420 b,2606.1929374,11.93756445,6.961508,0.0753,1.165,1.312,6020.0,0.24
TOI-5350 b,2094.48920213,12.41955062,7.581367,0.0796,1.167,1.263,6220.0,0.044
TOI-5817 b,10.3,3.08,15.61031,0.1223,0.97,1.427,5770.0,-0.24
K2-73 b,9.2,2.58,7.49556,0.07619,1.02,1.058,5867.0,0.04
TOI-5799 b,3.65,1.733,4.164507,0.0348,0.325,0.321,3452.0,0.01
TOI-1346 b,6.3,2.39,1.7622538,,0.82,0.78,5099.0,-0.01
TOI-1346 c,5.6,2.23,5.502558,,0.82,0.78,5099.0,-0.01
K2-105 b,15.4,3.4,8.26726,0.0796,0.94,0.905,5373.0,0.22
TOI-5799 c,3.75,1.76,14.010449,0.0782,0.325,0.321,3452.0,0.01
TOI-6223 b,22.6,5.07,3.855219,0.04018,0.582,0.576,3895.0,-0.12
KOI-351 g,15.0,7.718,210.73514,0.71704,1.242,1.185,6031.13,0.083
HD 63433 c,15.539,2.692,20.5438281,0.146,0.956,0.934,5553.0,-0.07
HD 17156 b,1036.12060682,12.26262489,21.2164294,0.1632,1.285,1.517,6046.0,0.208
TOI-6000 b,0.779,0.94,0.448959,,0.37,0.38,3419.0,
K2-189 c,5.95,2.31,6.67932,0.068,0.85,0.879,5442.0,-0.1
KMT-2024-BLG-0404L b,8657.64580668,11.9,,0.85,0.09,,,
KMT-2024-BLG-1281L b,19.06970442,4.59,,1.96,0.32,,,
GJ 317 b,794.5,13.3,695.69,1.138,0.402,0.403,3496.0,-0.02
TOI-6303 b,2493.0,11.59,9.485236,0.0761,0.644,0.609,3977.0,0.44
LHS 1903 d,5.96,2.5,12.566287,0.08604,0.538,0.539,3664.0,-0.11
LHS 1903 e,5.79,1.732,29.31773,0.15135,0.538,0.539,3664.0,-0.11
WASP-120 b,1541.4755,15.58048317,3.61126721,0.0514,1.393,1.68443,6450.0,-0.05
WASP-140 b,775.5052,14.23540549,2.23598448,0.0323,0.9,0.87,5300.0,0.12
HD 85426 c,10.3,3.19,35.73,,0.991,1.1303,5746.0,-0.02
TOI-1774.01,8.5,2.78,16.70988,,0.991,1.1303,5746.0,-0.02
HD 176986 b,1487.75477317,,6.49164,0.062956,0.789,0.782,4931.0,0.03
KOINTREAU-3 b,1080.6165838,13.1,,342.0,0.41,0.730795,3920.0,-0.05
PDS 70 b,1017.0509024,21.96960217,43500.0,20.8,0.982,1.26,4109.0,-0.11
HD 176986 d,6.76,2.49,61.376,0.28149,0.789,0.782,4931.0,0.03
TOI-6692 b,197.05361234,11.67975789,131.125,0.512,1.047,1.385,5890.0,-0.008
TOI-4342 b,7.3,2.329,5.5382592,0.0519,0.587,0.598,3866.0,0.26
PDS 70 c,2383.7130525,22.19378179,,34.3,0.982,1.26,4109.0,-0.11
V2376 Ori b,6356.56814,87.20586985,,71.0,0.45,,,
TOI-5489 b,2.54,1.4,3.15222,,0.41,0.42,3547.0,
HD 208487 b,146.20106722,14.3,129.36,0.53,1.15,1.16,6134.0,0.09
HD 181433 b,1708.64551603,,9.3745,0.0828,0.86,0.79,4918.0,0.4012
TOI-1135 b,58.79825529,9.91994792,8.0277327,0.0815,1.119,1.202,6320.0,-0.039
TOI-5716 b,0.84,0.96,6.7663,,0.19,0.22,3436.0,-0.54
HD 181433 d,858.1366989,13.2,6896.1,6.74,0.86,0.79,4918.0,0.4012
HD 181433 c,2207.00045821,,1018.5,1.885,0.86,0.79,4918.0,0.4012
DMPP-1 b,16.8,4.26,17.812,0.1423,1.21,1.26,6196.0,
HD 202206 b,6849.20217085,12.1,256.26,0.81,1.06,1.04,5764.23,0.23
TOI-4940 b,89.0,6.61,25.867811,0.165,1.012,1.163,5504.0,0.326
TOI-5734 b,9.1,2.1,6.1841876,0.05921,0.724,0.639,4750.0,-0.13
GJ 480 b,8.8,2.91,9.5536,0.068,0.45,0.449,3509.0,0.26
DMPP-1 d,4.72,2.02,3.1417,0.04467,1.21,1.26,6196.0,
DMPP-2 b,171.48,14.2,5.203,0.06638,1.41,1.78,6500.0,
K2-19 d,6.2,1.044,2.50827,0.03478,0.892,0.824,5350.0,0.03
NGTS-35 b,152.0,10.9,25.241192,0.16,0.789,0.753,4717.0,0.085
TOI-2267 c,1.55,1.14,3.4950412,0.0263,0.171,0.2075,3030.0,0.164
TOI-2267 b,0.972,1.0,2.28909,0.0205,0.171,0.2075,3030.0,0.164
HD 39194 c,7.49,2.65,14.0309,0.1083,0.86,0.783742,5205.0,-0.61
DMPP-3 A b,2.67,1.44,5.59,0.05958,0.9,0.91,5138.0,0.18
TOI-5007 b,211.03806225,11.07447293,2.543371,0.0307,0.632,0.656,3793.0,0.43
TOI-7166 b,4.7,2.01,12.92063621,0.06191,0.19,0.222,3099.0,-0.2
TOI-375 b,236.78216321,10.77183045,9.45469,0.099,1.441,2.9,5259.9,0.084
TOI-5422 b,8899.195396,9.10169233,5.377219,0.0619,1.066,1.474,5820.0,-0.012
HD 28185 b,1859.29618095,12.8,385.92,1.034,0.974,1.048,5602.0,0.19
XO-3 b,4217.58296089,14.79585452,3.19152309,0.04815,1.449,1.523,6970.0,-0.159
DMPP-6 c,13.47,3.74,36.441,0.2206,1.079,1.27,6182.09,0.32
TOI-7510 b,18.1,7.31,11.530869,0.1019,1.063,1.035,5720.0,0.25
TOI-5788 c,6.4,2.272,16.213362,0.1197,0.87,0.87,5615.0,-0.32
TOI-5788 b,3.72,1.528,6.340758,0.064,0.87,0.87,5615.0,-0.32
DMPP-9 b,14.43,3.89,12.733,0.1097,1.1,1.26,6092.0,
HD 72659 c,6165.8710958,12.1,35500.0,21.5,1.033,1.36,5929.0,-0.02
KMT-2020-BLG-0202L b,3902.93283796,12.4,,4.17,0.81,,,
KMT-2022-BLG-1551L b,940.77208472,13.2,,2.29,0.54,,,
HD 95338 b,42.9,4.27174254,55.082694,0.262,0.848,0.868,5097.0,0.08
KMT-2022-BLG-1818L b,1271.313628,13.0,,2.6,0.79,,,
TOI-1243 b,7.7,2.33,4.6594779,,0.515,0.511,3515.0,-0.2
TOI-5938 b,14.0,3.82,2.260424,0.0308,0.744,0.712,4650.0,0.07
TOI-7009 b,13.3,3.71,2.3206612,0.0287,0.583,0.564,4080.0,-0.11
KMT-2025-BLG-0121L b,2469.52672239,12.6,,3.05,0.61,,,
HD 28109 b,6.2,2.69,22.891054,0.1357,1.227,1.425,6189.0,0.1
TOI-5388.01,2.2,0.99,2.5946748,0.024335855,0.292,0.3,3440.0,-0.36
KMT-2024-BLG-2087L b,1395.26670673,12.9,,3.03,0.48,,,
HD 100508 b,381.3940884,13.7,5681.0,6.11,0.94,1.0179,5419.0,0.33
HD 114386 c,117.59651059,13.4,444.0,1.05,0.8,0.76,4895.0,-0.1
HD 28109 d,5.8,3.11,84.2899,0.411,1.227,1.425,6189.0,0.1
KMT-2020-BLG-0414L b,1.87,1.2,,2.07,0.49,,,
TOI-6716 b,0.911,0.982,4.7185898,0.0319,0.223,0.231,3110.0,0.0
HD 154345 b,376.9444907,13.7,3280.0,4.158,0.89,0.85,5468.0,-0.105
HD 217107 b,459.57987652,13.6,7.1270166,0.07359,1.045,1.2245,5622.0,0.37
TOI-1472 b,18.05,4.058,6.36338574,0.064,0.87,0.84,5100.0,0.27
TOI-1648 b,7.4,2.54,7.331602,0.0694,0.83,0.81,4850.0,0.2
HD 164604 b,4195.3349724,12.3,653.9,1.362,0.77,0.78,4663.0,0.12
HD 164604 c,3019.3698665,12.5,5387.0,5.556,0.77,0.78,4663.0,0.12
HIP 54515 b,5625.5628039,12.2,33000.0,24.8,1.9,1.64915,8100.0,
TOI-1518 b,581.62598481,21.05046575,1.90261131,0.03712,1.88,1.942,7299.0,-0.1
GJ 4274 b,2.97,1.53,1.6339,0.0153,0.18,0.19,3228.0,-0.19
LHS 1903 b,3.28,1.382,2.1555098,0.02656,0.538,0.539,3664.0,-0.11
LHS 1903 c,4.55,2.046,6.226185,0.05387,0.538,0.539,3664.0,-0.11
TOI-1080 b,10.7,1.2,3.9652482,0.0272,0.1667,0.2019,3065.0,-0.09
TOI-2145 b,1805.26535176,12.24020692,10.261128,0.1117,1.71,2.75,6206.0,0.28
TIC 231949697 b,2.95,1.52831855,0.90720448719,,0.490679,0.492584,3451.32,
CWISEP J193518.59-154620.3 b,4926.3403085,12.2,,2.48,0.024,,,
HD 202772 A b,323.54931833,18.2370116,3.3088775,0.05208,1.721,2.554,6442.0,0.232
TOI-4588 b,8.9,2.92922558,13.11881173651,0.1376,2.018,1.57458,7746.12,0.21
TOI-4513 b,6.11,2.34587608,9.76042253684,,0.979,0.796628,5623.93,
TIC 24750448 b,6.51,2.43722231,3.59159193029,,0.69,0.713599,4545.43,
TOI-4127 b,743.71847238,12.07,56.3987,0.303,1.23,1.293,6096.0,0.14
TOI-697 b,6.16,2.35859364,8.60788713593,,0.97,0.968149,5681.95,
TOI-4561 b,3.81,1.77789214,8.93547936706,,1.0,0.851957,5537.93,
TIC 24750448 c,9.75,3.09028272,10.14385270726,,0.69,0.713599,4545.43,
GJ 1137 c,5.12,2.11,9.6412,0.0835,0.836,0.837,5033.8,0.13
TIC 87422071 b,409.99864503,10.8615023,11.364929,0.106,1.239,1.489,6150.0,0.16
TOI-883 b,40.7,7.17166228,10.05771848538,,1.003,1.01477,5713.15,
TOI-4640 b,8.46,2.84326517,2.68566015238,,1.1,1.06715,5743.01,
TIC 38828280 b,7.4,2.62701629,4.85558984762,,0.84,0.741147,5046.63,
TIC 147027702 b,346.43296363,10.92875618,44.40523,0.274,1.406,2.136,6410.0,-0.08
TIC 245076932 b,162.09248757,10.87271128,21.61389,0.157,1.117,1.288,6130.0,0.02
TOI-921 b,12.2,3.53409617,5.12871907628,,1.13,1.14165,6011.66,-0.0579
TOI-4930 b,38.4,6.93277225,6.78130241498,,1.04,1.15926,5624.72,
TIC 62895484 b,12.0,3.49391667,2.83985434327,,0.98,0.874291,5520.79,0.0985
TOI-941 b,34.6,6.51165317,8.51460888787,,1.078,1.1849,5745.88,
TOI-5159 b,3.01,1.54732112,5.83639428843,,0.9,0.854084,5156.16,
TIC 86380416 b,6.4,2.4123612,6.0408643461,,1.07,0.989724,5723.74,
K2-19 b,30.8,7.0,7.9193,0.07487,0.88,0.82,5322.0,0.06
TOI-5335 b,15.3,4.02422162,3.61365988443,,0.945,0.916633,5528.92,
TIC 88692598 b,3.94,1.81295951,2.64909436758,,0.529218,0.532473,3483.17,
TOI-1752 b,3.51,1.693,0.9351861,0.01624,0.524,0.53,3762.0,-0.11
TOI-1269 c,5.6,2.22999162,9.23786144195,,0.9027,0.848906,5554.02,-0.049
TOI-5486 b,14.9,3.96824928,2.02470073205,,0.548138,0.553216,3750.17,
TIC 139702105 b,6.59,2.45316949,6.83601903383,,0.9,1.25423,5742.35,-0.28
TOI-5624 c,4.8,2.474,7.885385,0.07374,0.858,0.82,5327.0,-0.023
TOI-1718 b,15.8,4.10824994,5.58703768615,,0.93,0.939285,5304.91,0.2
TOI-5532 b,6.93,2.52763693,5.6539659431,,0.636083,0.662052,4208.45,
TIC 161045582 b,5.67,2.24566738,8.85577189959,,1.04,1.07976,5683.87,0.188
TOI-1232 c,58.48042689,8.88,30.356,0.194,1.058,1.072,5823.0,0.18
TOI-1732 b,6.78,2.49549787,4.11923678339,,0.613891,0.632571,4201.93,
TOI-5605 b,6.92,2.52611303,5.91340454843,,0.68,0.736044,4583.79,-0.0269
TOI-1756 b,4.43,1.94225664,2.78301736297,,0.556454,0.562607,3891.86,
TOI-5630 b,6.22,2.37117553,3.22118452536,,0.934,0.933361,5385.64,0.135
TIC 206466666 b,5.26,2.14817673,9.10486865159,,0.76,0.667193,4620.3,
TOI-198 b,3.17,1.36,10.215213,0.0675,0.417,0.418,3801.0,-0.66
KMT-2024-BLG-2005L b,50.85254512,8.18,,1.12,0.12,,,
TOI-1839 b,5.56,2.21895097,1.42378440907,,0.934,0.848099,5315.91,0.252
TOI-5926 b,44.6,7.56807148,3.81122794237,,0.946,0.890046,5388.92,
TIC 290487717 b,35.7,6.63777941,3.400818229,,0.92,0.943767,5328.97,0.0959
TOI-672 b,50.9,5.31,3.633581,0.0376,0.54,0.54,3810.0,-0.14
TOI-2071 b,7.1,2.56484195,5.67395386982,,1.063,1.00286,5755.41,0.048
TOI-4156 c,8.87,2.92303762,12.82282706375,,1.1,1.03963,5971.64,
TIC 356227008 b,6.3,2.39024009,2.96147448702,,1.02,0.959792,5731.86,
TOI-2518 b,5.77,2.26838675,6.89797425216,,1.11,0.993374,5751.2,
TOI-6393 b,8.04,2.75958542,9.53176110329,,0.835,0.766023,5008.2,
EPIC 220674823 b,7.54,1.606,0.57130782,0.0132,0.913,0.99,5578.0,-0.005
EPIC 220674823 c,7.9,2.712,13.340603,0.1078,0.913,0.99,5578.0,-0.005
TOI-2654 b,48.4,7.94454164,2.96760425926,,0.69,0.756095,4594.08,
TOI-6699 b,6.02,2.32645266,5.32005926761,,0.75,0.75309,4705.1,
TOI-1839 c,6.39,2.40867246,4.02393854207,,0.934,0.848099,5315.91,0.252
K2-111 c,11.1,3.34,15.6748,0.11565,0.84,1.25,5775.0,-0.46
TOI-4156 b,6.98,2.53823825,4.46189034133,,1.1,1.03963,5971.64,
TOI-7333 b,5.04,2.09469416,6.26449803661,,0.721,0.666066,4586.87,
rho CrB e,3.71,1.75,12.904,0.1061,1.0,1.3617,5817.0,-0.2
MOA-2007-BLG-192L b,12.49,3.58,,2.02,0.28,,,
K2-79 b,5.9,4.15,10.995039,0.0987,1.06,1.269,5897.0,0.035
K2-111 b,5.35,1.837,5.3518963,0.0565,0.84,1.25,5775.0,-0.46
TOI-4363 b,3.77,1.76689273,2.11867592279,,0.62,0.69132,4278.45,
HD 5388 b,1017.0509024,13.1,772.5,1.757,1.21,1.91,6297.0,-0.27
Kepler-79 b,7.6,3.51,13.48451,0.11929,1.244,1.316,6389.0,0.06
Kepler-79 c,4.6,3.76,27.4026,0.19144,1.244,1.316,6389.0,0.06
HD 16760 b,6833.3107505,12.1,466.08,1.156,0.93,0.835,5518.0,0.067
TOI-3457 b,797.74930157,10.64,32.600268,0.2001,1.04,1.474,6300.0,0.28
TOI-6884 b,8365.24367224,10.39072511,4.808264,0.0629,1.41,1.84,6330.0,0.094
TOI-4602.01,5.53,2.45,3.9812999,0.04747,0.9,1.08,5966.0,-0.26
TOI-791 b,9.5,11.13051784,139.29931,0.602,1.28,1.474,6294.0,-0.14
eps Eri b,317.828407,13.8,2680.0,3.53,0.82,0.759106,5020.38,-0.13
TOI-791 c,18.6,12.94637271,232.0157,0.863,1.28,1.474,6294.0,-0.14
HD 190360 b,537.0,13.5,2887.5,3.965,0.996,1.14,5560.0,0.26
HD 190360 c,26.2,5.53,17.11625,0.1298,0.996,1.14,5560.0,0.26
HD 190360 d,11.9,3.48,88.69,0.3886,0.996,1.14,5560.0,0.26
TOI-3664 b,114.41822652,13.69737442,3.2974839,0.0431,0.98,1.11,5593.0,0.17
TOI-4034 b,276.51071409,17.71018951,1.8020932,0.03289,1.19,1.83,5891.0,0.12
HD 126105 b,530.77343969,13.5,524.0,1.36,1.2,4.21,4875.0,0.0
TIC 52059926 b,5380.0,10.71,175.532,0.553,0.73,0.72,4505.0,-0.08
TOI-4427 b,87.72064033,13.09208946,4.6182621,0.05389,0.9,0.89,5347.0,0.002
TOI-2049 b,486.27746271,16.64533634,5.303468,0.06919,1.57,3.2,6164.0,0.311
TOI-4458 b,552.06794296,12.40834163,3.9393792,0.0522,1.47,1.96,6151.0,0.17
TOI-159 b,1110.0,18.18,3.7628396,0.056,1.661,1.62,7287.0,0.3
COCONUTS-2 b,2383.7130525,12.57647635,402000000.0,7506.0,0.4,0.366,3552.0,0.0
HD 30177 c,1484.25866069,12.9,11320.0,9.9,0.98,1.019,5680.0,0.43
TOI-1710 b,19.1,5.06,24.28336,0.1652,1.02,0.93,5775.0,0.04
K2-370 b,11.1,2.67,2.1408093,0.0321,0.962,0.945,5662.0,0.08
HIP 8923 b,3171.92750186,12.5,5160.0,5.9,1.01,1.32164,5980.0,0.42
TOI-201 c,4990.0,10.4,2890.0,4.37,1.32,1.31,6423.0,0.24
KMT-2023-BLG-0332L b,6992.224954,12.0,,3.2,0.54,,,
XO-2 S d,1179.14338997,13.0,4696.0,5.46,0.98,1.02,5325.0,0.32
TOI-237 c,1.9,1.206,1.74486147,0.016,0.1698,0.2056,3226.0,-0.3443
bet Pic b,2765.1071409,18.49485,8682.0,10.07,1.789,1.54416,8038.68,-0.21
bet Pic c,2765.1071409,12.5,1202.0,2.7,1.789,1.54416,8038.68,-0.21
bet Pic d,762.7881768,14.12331568,33200.0,26.0,1.789,1.54416,8038.68,-0.21
Kepler-484 b,5.82,2.28,10.045569313,0.09036,0.96,0.87,5668.0,-0.1
Kepler-758 c,3.5,1.69,4.75793986,0.05768,1.16,1.42,6228.0,-0.1
TOI-4311 b,4.5,1.376,0.9902738,0.01817,0.816,0.8441,5063.0,-0.065
TOI-2147 b,116.0,10.5,26.20518,0.172,0.99,1.39,5983.0,-0.29
TOI-6019 b,149.0,12.3,14.547952,0.1212,1.13,2.02,5561.0,0.04
Kepler-929 b,1.41,1.11,0.921032135,0.01982,1.01,1.02,5869.0,-0.04
Kepler-1767 b,9.34,3.01299077,59.65829849,0.2873,0.887,0.831,5243.0,0.14
Kepler-223 e,4.8,4.6,19.72567,0.14481,1.125,1.72,5803.0,0.1
Kepler-1127 b,4.5,1.96,5.12330347,0.0556,0.97,0.95,5664.0,0.04
Kepler-1793 b,13.8,3.79037518,8.779999733,0.0787,0.85,0.764,5191.0,-0.06
HD 141937 b,3591.4609991,12.4,662.37,1.54,1.09,1.03,5870.0,0.12
Kepler-1367 b,0.721,0.92,1.574090272,0.0236,0.62,0.6,4106.0,-0.06
Kepler-1900 b,3.27,1.62314676,2.986229897,0.042,1.104,1.041,6173.0,-0.04
Kepler-1364 b,5.27,2.15,13.32196237,0.1284,1.49,1.79,6805.0,0.04
Kepler-482 b,6.17,2.36,56.35418576,0.25787,0.75,0.72,4871.0,-0.13
Kepler-1646 b,2.04,1.23,4.48558383,0.0295,0.24,0.26,3299.0,0.04
HD 6718 b,762.7881768,13.3,2476.0,3.53,0.96,1.02,5746.0,-0.06
Kepler-32 c,158.9,2.0,8.7522,0.09,0.58,0.53,3900.0,0.0
K2-177 b,5.13,2.1162048,14.155185,,1.210525,1.213565,6063.0,0.41
Kepler-259 c,7.75,2.7,36.924931,0.217,0.867,0.898,5938.0,-0.09
K2-183 b,1.37,1.1,0.469285,,0.942219,0.87,5482.0,0.09
Kepler-222 d,13.2,3.69,28.081912,0.18,0.933,0.869,5433.0,0.33
Kepler-165 c,5.6,2.23,15.31299,0.11,0.746,0.77,5211.0,-0.25
K2-263 b,15.4,2.513,50.819172,0.2573,0.88,0.85,5368.0,-0.08
Kepler-166 d,3.64,1.73,1.554003928,0.02449,0.88,0.83,5350.0,-0.03
Kepler-52 b,135.0,2.1,7.8773565,0.0637,0.54,0.52,4075.0,0.0
K2-186 b,10.2,3.17207779,41.474219,,1.018617,0.98083,5784.0,0.06
K2-195 c,7.16,2.57581891,28.482786,,0.963364,0.906367,5712.0,-0.09
K2-187 e,4.27,1.9,13.606629,0.1106,0.966999,0.83,5438.0,0.0
K2-187 c,2.54,1.4,2.871512,0.0392,0.966999,0.83,5438.0,0.0
K2-189 b,2.55,1.403,2.58812,0.0361,0.85,0.879,5442.0,-0.1
K2-280 b,37.1,7.5,19.89526,0.1461,1.03,1.28,5500.0,0.33
K2-381 c,4.66,2.0,16.034656,,0.754,0.675,4473.0,-0.244
Kepler-229 b,5.48,2.2,6.252972,0.062,0.808,0.728,5120.0,0.06
K2-222 b,7.5,2.275,15.3889274,0.1186,0.94,1.072,5942.0,-0.315
K2-220 b,6.21,2.37,13.68186,0.1104,0.91,1.026,5612.0,-0.05
Kepler-491 b,59.0,8.92,4.225384512,0.05191,1.04,1.03,5582.0,0.37
Kepler-197 b,1.04,1.02,5.599308,0.06,0.857,1.12,6004.0,-0.441
Kepler-216 b,6.12,2.35,7.693641,0.079,1.126,1.26,6091.0,-0.1489
K2-176 b,2.83,1.49090097,5.329439,,0.938545,0.86416,5428.0,0.15
K2-223 b,0.64,0.89,0.50557,0.0127,1.06,1.0,5859.0,0.19
Kepler-1732 b,15.7,4.09903273,32.31240082,0.2015,1.043,1.494,5821.0,0.04
14 Her b,2828.6728223,12.5,1766.41,2.839,0.97,0.93,5338.0,0.43
16 Cyg B b,565.7374,13.5,798.5,1.66,1.08,1.13,5750.0,0.06
K2-368 d,4.45,1.948,20.201085,,0.746,0.663,4663.0,-0.25
Kepler-261 b,5.39,2.18,10.381227,0.088,0.834,0.794,5098.0,0.1621
1RXS J160929.1-210524 b,3000.0,18.647,,330.0,0.85,1.31316,4060.0,
CoRoT-4 b,228.83,13.34,9.20205,0.09,1.16,1.17,6190.0,0.05
K2-224 c,6.39,2.41,10.09489,0.0886,0.91,0.84,5620.0,-0.19
K2-368 c,2.42,1.361,9.660186,,0.746,0.663,4663.0,-0.25
24 Sex c,273.32,13.9,883.0,2.08,1.54,4.9,5098.0,-0.03
CoRoT-7 b,4.07660518,1.68135,0.85359163,0.017016,0.82,0.83,5275.0,0.05
K2-226 b,2.98,1.53899305,3.27109,0.04095,0.856,0.889,5288.0,-0.05
K2-227 b,3.41,1.66551298,13.621832,,0.950811,0.890666,5673.0,-0.1
2MASS J12073346-3932539 b,1652.7077164,15.69257298,,46.0,0.188001,0.21887,2825.0,
CoRoT-7 c,8.4,2.83,3.698,0.046,0.899,0.864273,5256.0,0.06
eps Tau b,2285.18624633,12.7,585.82,1.878,2.57,12.35,4877.0,0.1
gam1 Leo b,2790.43,12.5,428.5,1.19,1.23,31.88,4330.0,-0.51
K2-229 b,2.55,1.0,0.584216,0.0131,0.87,0.79,5315.0,-0.09
Kepler-752 b,8.3,2.81,18.82747265,0.1353,0.87,0.83,5373.0,-0.08
CoRoT-9 b,266.9772,11.948794,95.272656,0.4021,0.96,0.96,5625.0,-0.01
K2-343 b,3.36,1.65,2.787174,,0.49,0.46,3804.0,-0.1
51 Peg b,193.87532827,14.1,4.2307966,0.052,1.07,1.19,5761.0,0.2058
K2-331 c,7.85,2.72,22.996591,,1.1,1.06,5994.0,0.08
EPIC 212624936 c,5.9,2.3,11.811437,,1.0,0.93,5765.0,-0.39
K2-334 b,27.2,5.65,5.113981,,1.36,1.49,6502.0,0.17
K2-379 b,5.4,2.181,8.777247,,0.856,0.751,4603.0,-0.045
61 Vir d,22.9,5.11,123.01,0.476,0.942,0.963,5577.0,-0.01
K2-202 b,5.91,2.30165603,3.405164,,0.971461,0.910685,5491.0,0.27
K2-343 c,4.74,2.02,7.676972,,0.49,0.46,3804.0,-0.1
K2-342 b,4.78,2.03,11.561052,,1.01,1.09,5920.0,-0.06
Kepler-260 b,4.7,2.01,8.187399,0.075,1.013,0.862,5250.0,0.29
K2-381 d,3.5,1.689,26.803023,,0.754,0.675,4473.0,-0.244
K2-381 b,1.26,1.075,7.9389334,,0.754,0.675,4473.0,-0.244
K2-348 b,10.7,3.26,4.688418,,0.83,0.85,5077.0,0.13
K2-384 d,2.52,1.392,6.679582,,0.33,0.348,3623.0,0.068
81 Cet b,1051.05854195,13.1,1005.57,2.104,1.23,11.21,4734.0,-0.11
K2-352 c,4.35,1.92,8.234885,,0.98,0.95,5791.0,-0.05
K2-384 c,1.82,1.191,4.194766,,0.33,0.348,3623.0,0.068
BD+14 4559 b,330.5432,13.8,268.94,0.78,0.49,0.86,4864.0,0.17
K2-204 b,10.2,3.17214154,7.055908,0.0738,1.076,1.253,5783.0,0.21
Kepler-1736 b,14.3,3.8765856,37.81029892,0.2188,0.976,0.973,6085.0,-0.28
K2-205 b,4.64,1.99552771,26.672263,,0.951027,1.077574,5890.0,-0.26
Kepler-8 b,187.5197,15.871944,3.5224991,0.0474,1.213,1.486,6213.0,-0.055
K2-209 b,0.586,0.86850263,2.080615,,0.74479,0.712365,4720.0,-0.06
Kepler-745 b,5.31,2.16,9.93143556,0.0915,1.04,1.04,5849.0,0.06
K2-211 b,2.33,1.33162691,0.669561,0.01419,0.851,0.818,5117.0,0.134
Kepler-262 c,3.33,1.64,21.853722,0.152,0.816,0.881,5841.0,-0.3382
Kepler-119 b,12.6,3.6,2.422082,0.035,0.918,0.839,5595.0,0.01
K2-394 b,3.51,1.692,5.095717,,0.478,0.631,4938.0,-0.388
CoRoT-19 b,352.78,14.46,3.89713,0.0518,1.21,1.65,6090.0,-0.02
Kepler-748 b,6.9,2.52,7.40742793,0.0745,1.07,1.1,5934.0,0.08
HD 113538 b,114.41,13.2,663.2,1.24,0.585,0.53,4462.0,-0.24
Kepler-112 b,6.17,2.36,8.408878,0.076,0.782,0.841,5544.0,-0.5221
HD 114386 b,464.02947422,13.6,937.70001,1.73,0.6,0.76,4836.0,-0.05
HD 136418 b,680.1562,13.3,464.29999,1.29,1.48,3.78,4989.0,-0.11
GJ 676 A b,1840.86213334,12.8,1051.44521,1.735,0.626,0.69,3734.0,0.23
HAT-P-31 b,721.4741,12.21781,5.00542,0.061,1.31,1.39,6065.0,0.15
HD 11506 b,1551.00262616,12.9,1617.7,2.885,1.22,1.24,6123.0,0.3
HD 11506 c,127.1313628,14.0,223.92,0.771,1.22,1.24,6123.0,0.3
GJ 581 e,2.48,1.38,3.1481,0.02799,0.295,0.302,3500.0,-0.08
HAT-P-35 b,335.62848,14.930388,3.646706,0.04978,1.236,1.435,6096.0,0.11
HD 116029 b,444.962,13.6,670.0,1.65,0.83,4.89,4819.0,0.09
HD 142245 b,975.7381,13.1,1299.0,2.78,3.5,4.63,4922.0,0.17
GJ 876 b,723.2235,13.3,61.1166,0.208317,0.32,0.3,3293.74,0.2129
HD 118203 b,680.15279098,12.778238,6.1349779,0.0713,1.27,2.04,5742.0,0.287
HD 142 b,2256.5816897,12.7,351.43394,1.039,1.21,1.47,6245.0,0.09
GJ 876 d,6.83,2.51,1.93778,0.02080665,0.32,0.3,3293.74,0.2129
HD 125595 b,3531.07360177,,9.6737,0.08,0.29,0.74,4691.0,0.08
GQ Lup b,6356.0,33.6,,100.0,0.7,1.94153,4360.0,-0.35
GJ 876 e,14.6,3.92,124.26,0.3343,0.32,0.3,3293.74,0.2129
HD 100655 b,511.7063,13.5,157.57001,0.68,2.28,10.06,4891.0,0.07
Kepler-744 b,3.26,1.62,12.06222443,0.09735,0.94,0.93,5594.0,0.0
HD 10180 f,23.9,5.24,122.744,0.4929,1.06,1.109,5911.0,0.08
HD 126614 b,107.74382997,12.7,1257.25303,2.249,0.96,1.369794,5568.0,0.56
HD 10180 g,3375.33768234,,604.67,1.427,1.06,1.109,5911.0,0.08
HD 12661 b,772.3269,13.3,262.70862,0.84,1.2,1.2,5645.0,0.36
HAT-P-15 b,616.5902,11.88154,10.8635,0.0965,1.0,1.07,5568.0,0.22
HAT-P-16 b,1341.56043,14.68376472,2.77596727,0.0413,1.218,1.158,6140.0,0.17
Kepler-764 b,3.33,1.64,7.33683936,0.0724,0.92,0.89,5557.0,-0.06
Kepler-123 b,55.3,2.94,17.232366,0.135,1.079,1.264,6089.0,-0.08
HD 104985 b,1766.80811451,12.8,199.68,0.715,1.22,11.12,4738.0,-0.32
HD 104067 b,62.1,9.2,55.851,0.2674,0.82,0.78,4952.0,0.11
HD 13189 b,3480.2385,12.4,471.60001,1.25,2.24,38.41,4175.0,-0.37
HD 106252 b,3178.28407,12.5,1535.0,2.655,1.05,1.05,5874.0,-0.06
HD 132406 b,1887.90073758,12.8,908.0,1.98,0.973,1.34,5766.0,0.1293
HD 108874 c,314.64,13.8,1624.0,2.659,0.95,1.05,5551.0,0.19
HD 10647 b,298.75,13.8,989.2,2.015,1.11,1.1,6218.0,0.0
HD 134060 b,10.1,3.16,3.2696,0.0444,1.095,1.164285,5966.0,0.14
HAT-P-21 b,1547.8321,12.44199,4.12448,0.05037,1.24,1.21,5588.0,0.01
HD 215152 b,565.41673605,,5.75999,0.057638,0.77,0.73,4935.0,-0.1
HD 37124 c,207.22516,14.1,885.5,1.71,0.85,0.949168,5698.64,-0.44
HD 159868 b,704.94694,13.3,1184.1,2.32,1.19,2.13,5534.0,-0.08
HD 187085 b,265.70588,13.9,1019.74,2.1,1.189,1.27,6117.0,0.12
HD 216437 b,1334.8793094,13.0,1359.0,2.57,1.22,1.394,5909.0,0.2
HD 187123 c,912.16752809,13.2,3810.0,4.89,1.04,1.15043,5790.0,0.09
HD 216770 b,181.1631,14.1,118.45,0.46,0.74,0.93,5399.0,0.27
HD 18742 b,1080.622,13.1,766.0,1.82,1.36,5.13,4940.0,-0.04
HD 21693 c,17.37,4.34,53.7357,0.2586,0.8,0.914378,5430.0,0.0
HD 162020 b,3127.4472,12.5,8.4282,0.08,0.42,0.75,4723.0,-0.1
HD 190647 b,630.89255,13.4,1176.45,2.231,1.069,1.376,5656.0,0.23
HD 190984 b,1137.82569706,13.0,4885.0,5.5,0.91,1.53,5988.0,-0.48
HD 192263 b,177.9848,14.2,24.3556,0.15,0.66,0.74,4976.0,0.03
HD 217786 b,4402.55909376,12.3,1301.36009,2.446,1.14,1.27,5966.0,-0.135
HD 217107 c,1388.91013859,12.9,5138.7,5.922,1.045,1.2245,5622.0,0.37
HD 41004 B b,5838.29,12.1,1.3283,,0.4,1.04137,5036.0,
HD 163607 c,699.54383,13.3,1272.0,2.39,1.12,1.76,5522.0,0.21
HD 192310 c,24.0,5.25,525.8,1.18,0.8,0.857922,5166.0,-0.04
HD 4208 b,257.4423,13.9,832.97,1.662,0.883,0.846,5717.0,-0.28
HD 164922 b,116.0,13.3,1207.0,2.16,0.926,0.946,5390.0,0.18
HD 197037 b,251.0,13.9,1035.7,2.07,1.11,1.105,6150.0,-0.2
HD 4308 b,15.8915,4.12,15.56,0.12,0.93,1.02,5686.0,-0.35
Kepler-272 c,97.8,1.79,6.057342,0.061,0.91,0.929,5297.0,0.04
HD 4313 b,612.45841,13.4,356.21,1.157,1.63,5.14,4943.0,0.14
HD 168746 b,85.8141,11.1,6.404,0.07,1.07,1.09,5570.0,-0.08
HD 148156 b,270.144,13.9,1027.0,2.45,1.22,1.21,6308.0,0.29
HD 17092 b,3219.6179,12.5,359.89999,1.31,6.73,13.58,4326.0,0.18
HD 27894 b,196.73578393,14.1,18.01939,0.125,0.81,0.891767,4875.0,0.3
HD 28254 b,1207.7479466,13.0,1333.0,2.45,1.1,1.48,5664.0,0.06
HD 148427 b,381.3940884,13.7,331.9,1.11,1.64,3.86,5025.0,0.154
HD 171028 b,832.7146,13.2,550.0,1.32,1.53,2.47,5671.0,-0.48
HD 204313 c,17.16273398,4.31,34.95875,0.211,1.03,1.1,5767.0,0.18
HD 30177 b,2622.08435775,12.6,2539.0,3.49,0.98,1.019,5680.0,0.43
HD 290327 b,772.3269,13.3,2443.0,3.43,0.84,0.95,5505.0,-0.14
HD 152581 b,594.02427,13.4,686.5,1.66,1.3,5.14,5027.0,-0.46
HD 177830 b,537.1327,13.5,410.10001,1.14,1.7,3.26,4901.0,0.42
HD 20794 b,2.7,1.45,18.314,0.1257,0.79,0.93,5368.0,-0.42
HD 31253 b,197.0546,14.1,466.0,1.26,1.7,1.75,6130.0,0.17
HD 178911 B b,2552.1749,12.6,71.484,0.34,1.24,1.08,5588.0,0.24
HD 155358 b,314.6517,13.8,194.3,0.63,1.15,1.38,5905.0,-0.6
HD 154857 b,778.6835,13.3,408.60001,1.29,1.96,2.3,5589.0,-0.22
HD 155358 c,261.0,13.9,391.9,1.02,0.92,1.38,5900.0,-0.51
HD 210702 b,481.5100366,13.6,355.5,1.079,1.33,4.54,4912.0,-0.02
HD 3651 b,72.46524,10.1,62.25,0.295,0.799,0.871954,5221.0,0.1453
HD 156668 b,4.15,1.87,4.6455,0.05,0.772,0.72,4850.0,0.05
HD 156411 b,235.18,14.0,842.2,1.88,1.25,2.16,5900.0,-0.12
HD 183263 b,1103.1824007,13.1,624.87404,1.46,1.06,1.23,5948.0,0.2776
HD 63454 b,79.4575,12.31,2.81805,0.04,0.42,0.77,4812.0,0.1
HD 89307 b,642.01338214,13.4,2166.0,3.27,1.27,1.1,5955.0,-0.13
rho CrB b,347.995,13.7,39.849,0.2245,1.0,1.3617,5817.0,-0.2
HD 66428 b,3478.94974302,12.4,2269.81726,3.395,1.01,1.13,5716.0,0.23
HD 93083 b,143.34061156,14.3,144.72,0.508,0.836,0.837,5033.8,0.13
HD 69830 b,10.2,3.17,8.667,0.0785,0.86,0.886947,5385.0,-0.05
TrES-3 b,607.03,14.975,1.30618581,0.02282,0.928,0.829,5650.0,-0.19
WASP-50 b,466.828704,13.069694,1.9551,0.0293,0.892,0.843,5400.0,-0.12
HD 69830 d,18.1,4.45,197.0,0.63,0.86,0.886947,5385.0,-0.05
HD 96127 b,1207.7479466,13.0,638.9,1.41,0.91,35.0,3943.0,-0.24
HD 70573 b,1900.0,12.8,851.8,1.76,1.0,0.976919,5737.0,-0.18
HD 97658 b,8.3,2.12,9.4897116,0.0805,0.85,0.728,5212.0,-0.23
V0391 Peg b,1017.056,13.1,1170.0,1.7,0.5,0.23,29300.0,
WASP-8 b,807.2882,12.66617,8.15872,0.0801,1.34,1.03,5600.0,0.17
WASP-10 b,1001.12,12.106,3.0927616,0.03781,0.75,0.698,4675.0,0.03
XO-2 N b,199.91507,11.130537,2.61585906,0.03666,0.96,0.998,5290.0,0.37
HD 74156 b,532.36258173,13.5,51.63564,0.28,1.1,1.510576,6068.0,0.131
HD 99706 b,390.9309,13.7,841.0,1.98,1.46,5.52,4862.0,0.14
HIP 12961 b,114.4188,13.2,57.435,0.25,0.69,0.65,3901.0,-0.14
HD 45184 b,12.19,3.52,5.8854,0.0644,1.03,1.075139,5869.0,0.04
WASP-16 b,394.1092,13.67498,3.1186,0.0415,1.78,1.14,5700.0,0.01
HD 45364 b,60.16491745,9.03,225.79,0.6793,0.82,0.89,5466.0,-0.17
HD 75898 b,810.46243785,13.2,422.82,1.2025,1.295,1.55,6122.0,0.29
HD 7924 b,2058.25676373,,5.39792,0.06,0.65,0.78,5131.0,-0.21
Kepler-746 b,1.41,1.11,3.48159251,0.0435,0.91,0.93,5418.0,0.09
HD 79498 b,425.8922,13.6,1807.0,2.98,1.08,1.05,5748.0,0.18
HD 48265 b,2351.9302118,12.6,778.51,1.814,1.312,1.901,5733.0,0.3
HD 49674 b,31.783,6.2,4.94737,0.06,1.03,1.02,5602.0,0.32
HIP 57274 c,130.0,14.2,32.03,0.178,0.73,0.68,4640.0,0.09
HD 52265 b,384.5743,13.7,119.27,0.52,1.204,1.32,6136.0,0.21
HR 8799 e,3178.3,13.11453,20815.6,16.4,1.51,1.49338,7400.0,-0.5
HD 5891 b,2425.0429,12.6,177.11,0.64,1.93,10.64,4673.0,-0.37
HD 85390 b,31.46517,6.16,799.52,1.373,0.758,0.8,5186.0,-0.07
xi Aql b,616.90493799,13.4,136.97,0.625,1.74,10.86,4841.0,-0.11
WASP-35 b,225.6593,14.5717,3.16158,0.04317,1.05,1.08,5990.0,-0.15
TOI-1408 b,593.0,25.0,4.42587,0.05778,1.312,1.53,6117.0,0.25
TOI-2524 b,203.41018048,11.2089807,7.18585,0.073,1.007,1.119,5831.0,0.06
HD 219415 b,317.83,13.8,2093.3,3.2,1.0,2.9,4820.0,-0.04
WD 0806-661 b,2224.798849,12.10569916,,2500.0,0.605,,10393.0,
WASP-99 b,772.3269,11.43318,5.75251,0.0717,1.21,1.64,6150.0,0.21
HD 32963 b,657.90480249,13.4,2372.0,3.41,0.94,1.111044,5727.0,0.11
K2-133 b,2.36,1.34,3.07133,0.03194,0.461,0.455,3655.0,
HATS-53 b,189.10885,15.02006,3.8537768,0.04753,0.964,1.101,5644.0,
Kepler-286 b,2.07,1.24,1.796302,0.027,0.83,0.863,5580.0,-0.25
TOI-283 b,6.54,2.34,17.61745,0.123,0.8,0.85,5213.0,-0.09
Kepler-69 b,5.65,2.24,13.722341,0.094,0.81,0.93,5638.0,-0.29
TOI-2525 b,26.69758619,8.67575106,23.2856,0.1511,0.849,0.785,5096.0,0.14
HD 169830 b,804.42369812,13.2,225.67372,0.765,1.17,1.935709,6300.0,0.21
HD 192699 b,666.17168,13.4,340.94,1.063,1.38,4.41,5041.0,-0.15
Pr0211 b,597.5204,13.4,2.1461,0.03176,0.935,0.827,5300.0,0.18
HATS-3 b,340.382,15.48,3.547851,0.0485,1.209,1.404,6351.0,-0.157
HD 33844 c,556.2025,13.5,916.0,2.24,1.78,5.29,4861.0,0.27
HATS-29 b,207.54299,14.022459,4.6058749,0.05475,1.032,1.073,5670.0,0.16
K2-138 b,3.1,1.51,2.35309,0.03385,0.935,0.863,5356.3,0.14
gam Lib c,1662.56039702,12.8,966.49,2.318,1.78,12.38,4879.0,-0.27
TOI-406.01,6.57,2.08,13.175682,0.0809,0.408,0.41,3392.0,-0.02
Kepler-282 d,61.0,2.46,24.806,0.15837,0.97,0.89,5656.0,-0.2
TOI-663 b,4.45,2.27,2.598902,0.0295,0.514,0.512,3681.0,0.07
Kepler-283 b,5.18,2.13,11.008151,0.082,0.596,0.566,4351.0,-0.17
HD 195019 b,1264.9634,13.0,18.20132,0.14,1.21,1.48,5751.0,0.05
BD-06 1339 c,53.0,8.38,125.94,0.435,0.7,0.686355,4324.0,-0.14
CoRoT-25 b,85.81,12.11,4.86069,0.0578,1.09,1.19,6040.0,-0.01
HD 564 b,104.88,12.5,492.3,1.2,0.961,1.01,5902.0,-0.2
HATS-45 b,222.481,14.414774,4.1876244,0.05511,1.272,1.315,6450.0,0.02
Kepler-421 b,16.1,4.16,704.1984,1.219,0.794,0.757,5308.0,-0.25
TOI-663 d,5.2,1.92,7.1027268,0.0576,0.514,0.512,3681.0,0.07
TOI-1443 b,30.0,2.30381001,23.540678,0.147,0.7663,0.7511,5224.0,-0.294
HAT-P-41 b,378.2177,22.97845,2.69405,0.04258,2.56,2.05,6390.0,0.21
HD 5608 b,371.22357938,13.7,768.7,1.79,1.29,5.43,4807.0,0.04
HD 13908 b,274.91,13.9,19.382,0.154,1.29,1.67,6255.0,0.01
HD 108341 b,715.11391575,13.3,1129.0,2.0,0.843,0.79,5122.0,0.04
KELT-12 b,301.9385,19.95202,5.031623,0.06708,1.591,2.37,6279.0,0.19
HD 34445 f,37.9,6.88,676.8,1.543,1.07,1.38,5836.0,0.14
HD 34445 e,16.8,4.26,49.175,0.2687,1.07,1.38,5836.0,0.14
KELT-19 A b,1293.5681,21.40919,4.6117093,0.0637,1.62,1.83,7500.0,-0.12
KOI-1257 b,460.83,10.54,86.647661,0.382,0.99,1.13,5520.0,0.27
TOI-1226 b,6.39,2.4101112,3.92880881576,,1.01,0.986943,5434.91,0.129
K2-219 d,7.16,2.57634456,11.137278,,1.021545,1.189232,5753.0,0.13
HD 216435 b,400.4,13.7,1311.0,2.56,1.3,1.800029,5999.0,0.244
HD 23079 b,845.42356262,13.2,735.74,1.6,1.16,1.08,5994.0,-0.129
BD+49 828 b,508.5,13.5,2590.0,4.2,1.52,7.6,4943.0,-0.19
HD 20794 e,4.77,2.03,147.02,0.509,0.813,0.93,5401.0,-0.4
K2-239 b,1.37,1.1,5.24,0.0441,0.4,0.36,3420.0,-0.1
TOI-880.02,5.43,2.19,2.57571,0.0349,0.87,0.83,5050.0,0.23
TOI-1232 b,220.57291446,10.92875618,14.256,0.117,1.058,1.072,5823.0,0.18
WASP-71 b,441.7837,13.22662,2.90367,0.046,0.76,1.82,6050.0,0.15
HD 159243 c,603.9,13.4,248.4,0.8,1.125,1.12,6123.0,0.05
HIP 91258 b,346.4347,13.7,5.0505,0.06,0.97,0.89,5519.0,0.23
HIP 109384 b,495.8148,13.5,499.48,1.134,0.78,0.831075,5180.0,-0.26
HD 27894 c,51.48846,8.24,36.07,0.198,0.8,0.891767,4875.0,0.3
K2-239 d,1.37,1.1,10.115,0.0685,0.4,0.36,3420.0,-0.1
Kepler-778 b,3.46,1.68,3.75574426,0.0453,0.81,0.77,5102.0,-0.09
TOI-1244 b,6.6,2.467,6.400316483,0.060694,0.73,0.721,4599.0,0.034
TOI-1466 b,6.65,2.46741991,1.87190602231,,0.66,0.749646,4435.39,
K2-157 b,1.14,0.935,0.3652575,0.00962,0.89,0.86,5334.0,0.02
HD 33564 b,2892.1,12.5,388.0,1.1,1.25,1.4367,6250.0,-0.12
WASP-55 b,186.2474465,14.72860064,4.465631,0.0558,1.071,1.09,6096.0,-0.03
ROXs 12 b,5085.0,12.2,,210.0,0.87,1.06627,3850.0,0.14
bet UMi b,1938.7,12.7,522.3,1.4,1.4,38.3,4126.0,-0.27
HD 216536 b,333.7215,13.8,148.60001,0.61,0.81,9.83,4639.0,-0.17
HIP 65407 b,136.03124,14.3,28.125,0.177,0.93,0.952252,5460.0,0.25
HD 12484 b,947.1334,13.2,58.83,0.297,1.01,1.001848,5920.0,0.05
NGTS-1 b,258.07796,14.90797,2.647298,0.0326,0.617,0.573,3916.0,0.0
K2-148 b,2.33,1.33,4.38395,0.0454,0.65,0.632,4079.0,-0.11
K2-158 b,7.46,2.64,10.06049,0.0887,0.92,0.95,5503.0,0.07
HD 86081 b,470.3884,13.6,2.1378431,0.0346,1.21,1.46,5939.0,0.22
HD 45652 b,137.62039,14.3,44.073,0.237,0.92,0.94,5294.0,0.26
WASP-62 b,165.2716,14.79588,4.41195,0.0571,1.11,1.23,6230.0,0.04
HIP 65426 b,2860.47,16.8135,,92.0,1.96,1.77,8840.0,
K2-148 d,3.33,1.64,9.7579,0.0774,0.65,0.632,4079.0,-0.11
GJ 1265 b,7.4,2.63,3.6511,0.026,0.178,0.192,3236.0,-0.04
HD 6061 b,10.0,2.42763557,5.2549,0.06,1.0269,1.0072,5934.0,-0.05
FU Tau b,5085.28,12.2,,800.0,0.05,,2838.0,
Kepler-19 c,13.1,3.68,28.731,0.1765736996,0.936,0.859,5544.0,-0.08
Kepler-25 d,71.9,10.0,122.4,0.4164221832,1.165,1.316,6354.0,0.11
HIP 8541 b,2451.7283316,12.6,1852.14387,3.729,2.009,6.84,4672.0,-0.19
K2-113 b,410.0007,12.14,5.817685,0.0642,1.04,1.24,5660.0,0.27
K2-152 b,5.86,2.29,32.6479,0.1716,0.63,0.61,4044.0,0.12
K2-243 c,4.7,2.01,24.94598,0.1817,1.29,1.39,6570.0,-0.03
HD 13167 b,1052.0173,13.1,2613.0,4.1,1.35,2.39,5671.0,0.19
TOI-929 b,7.7,2.68983343,5.83015366944,,0.7,0.717414,4457.16,
K2-162 b,2.67,1.44,9.45889,0.0795,0.75,0.69,4842.0,-0.17
K2-161 b,31.1,6.11721229,9.283188,,0.986876,2.568173,4972.0,-0.03
KELT-3 b,616.5902,17.48604,2.70339,0.04123,1.96,1.7,6304.0,0.05
Kepler-97 c,344.0,,789.0,,0.94,0.98,5779.0,-0.2
KELT-14 b,408.09372,19.537287,1.7100566,0.03005,1.239,1.52,5720.0,0.32
tau Cet h,1.83,1.19,49.41,0.243,0.783,0.83,5310.0,-0.52
K2-154 c,4.94,2.07,7.95486,0.0677,0.65,0.63,4097.0,0.21
K2-246 b,12.0,3.49,5.76918,0.0602,0.87,0.94,5610.0,-0.19
TOI-969 b,9.1,2.765,1.8237305,0.02636,0.734,0.671,4435.0,0.175
TOI-1291 b,27.1,5.63826391,7.1620097551,,1.2,1.8109,6139.95,
HD 220689 b,381.3940884,13.7,2266.4,3.396,1.016,1.068,5921.0,-0.07
GJ 163 b,10.6,3.25,8.63182,0.0607,0.4,0.409738,3500.0,0.1
WASP-104 b,404.263,12.745,1.7554137,0.02918,1.076,0.963,5475.0,0.32
HAT-P-53 b,471.65972,14.773462,1.9616241,0.03159,1.093,1.209,5956.0,0.0
HD 111591 b,1398.452,12.9,1056.4,2.5,1.94,8.03,4884.0,0.07
K2-155 b,3.89,1.8,6.342,0.0562,0.65,0.58,4258.0,-0.3
HD 180053 b,697.31902,13.3,213.72,0.843,1.75,4.06,5131.0,0.25
TOI-1669 c,13.0,2.2963977,2.6800535,0.0376,0.9867,1.0561,5497.0,0.274
K2-165 d,7.5,2.64809498,14.101361,,0.834847,0.803827,5185.0,-0.05
DENIS-P J082303.1-491201 b,9057.77,11.9,246.36,0.36,0.075,,,
NGC 2682 YBP 1514 b,127.132,14.0,5.118,,0.96,0.89,5725.0,0.03
HD 14067 b,4862.7746271,12.2,2744.0,5.15,2.4,12.4,4815.0,-0.1
K2-30 b,184.02357,11.646151,4.098503,0.04839,0.9,0.844,5425.0,-0.15
YZ Cet d,1.09,1.03,4.65626,0.02851,0.142,0.157,3151.0,-0.18
Kepler-90 i,2.3,1.32,14.44912,0.1201380843,1.12,1.29,6015.0,0.098
HD 75784 c,1792.5612,12.8,7900.0,8.4,1.26,3.4,4867.0,0.25
WASP-56 b,143.0235,10.53646,4.6171,0.05614,0.71,0.96,5600.0,0.12
GJ 667 C g,4.6,1.99,256.2,0.549,0.33,,3350.0,-0.55
WASP-135 b,603.877,14.5717,1.4013794,0.0243,0.98,0.96,5675.0,0.02
CoRoT-32 b,47.6745,6.38913,6.71837,0.071,1.08,0.79,5970.0,0.0
TOI-1054.01,6.5,2.43432,15.5077855,,1.14,1.17,6122.0,
Kepler-504 b,3.15,1.59,9.549275422,0.0646,0.33,0.33,3519.0,-0.31
TOI-1691 b,14.6,3.66,16.736888935,0.129365,1.03,1.0,5759.0,0.052
K2-221 b,3.46,1.67890272,2.399094,,1.010842,0.947599,5716.0,0.13
GJ 504 b,1271.3,12.10569916,,43.5,1.22,1.26,6234.0,0.28
WASP-68 b,343.2564,14.79588,5.0843,0.06206,1.49,1.79,5910.0,0.22
psi1 Dra B b,486.2799,13.5,3117.0,4.43,1.19,1.255735,6212.0,0.01
K2-118 b,6.99,2.54,50.92092,0.245,0.756446,0.734626,4726.29,0.129
GJ 3942 b,7.14,2.57,6.905,0.0608,0.63,0.61,3867.0,-0.04
Kepler-1654 b,158.915,9.180171,1047.8356,2.026,1.011,1.179,5597.0,-0.088
TOI-1695 b,6.36,1.9,3.1342791,0.033548,0.513,0.515,3690.0,0.0
Kepler-750 b,9.64,3.07,9.42887179,0.08742,1.15,1.23,6160.0,0.03
WASP-78 b,352.7913,21.63337,2.17518,0.03488,1.87,2.46,6100.0,-0.35
HD 66141 b,1906.9,12.8,480.5,1.2,1.1,21.4,4323.0,-0.323
HD 203030 b,3496.112477,14.4595851,,487.1,0.94,0.856458,5603.0,0.3
WASP-88 b,133.4886,16.36514,4.954,0.06431,0.94,1.8,6430.0,-0.08
KIC 10001893 c,,,0.32528,,0.47,0.18,27500.0,-0.093
Wolf 1061 d,7.7,2.69,217.21,0.47,0.294,0.307,3342.0,-0.09
K2-130 b,2.1,1.25,2.49412,0.032,0.69563,0.744261,4356.47,-0.24
K2-129 b,1.12,1.04,8.239493,0.057,0.360031,0.36001,3459.09,
HD 147379 b,21.6,4.94,86.58,0.3193,0.58,0.628304,4090.0,0.16
HATS-42 b,597.5204,15.6926,2.292102,0.03689,1.273,1.48,6060.0,0.22
WASP-144 b,139.8452,9.52765,2.2783152,0.0316,0.81,0.81,5200.0,0.18
TOI-128.01,5.56,2.21898,4.9404681,0.05381019,0.851969,1.13,6086.0,
HD 83443 c,476.7426105,13.6,8241.0,8.0,1.0,0.94,5442.0,0.34
TOI-1347 c,6.4,1.6,4.841962,0.0546,0.913,0.83,5464.0,0.04
HD 108147 b,82.95,10.9,10.8985,0.102,1.22,1.20664,6255.73,0.1803
CHXR 73 b,3994.486,12.3,,210.0,0.35,,3099.0,
KIC 8540376 b,15.8,4.1,31.8099,,1.04,1.26,6474.0,-0.16
HATS-51 b,244.09344,15.80469,3.3488702,0.04639,1.187,1.44,5758.0,
K2-233 b,2.4,1.315,2.467583,0.03293,0.79,0.71,4796.0,-0.082
Kepler-814 b,5.14,2.12,6.1469851,0.0695,1.15,1.22,6162.0,0.01
TOI-209 b,6.32,2.3947209,4.37943587445,,0.81,0.742779,4806.66,
HD 18599 b,24.1,2.6,4.1374354,0.048,0.863,0.767,5145.0,0.0
Kepler-127 c,7.56,2.66,29.393195,0.2,1.248,1.359,6106.0,0.2142
HIP 55507 b,2585.53409095,12.6,5138.43727,5.062,0.65,0.723643,4171.0,
NGC 2682 Sand 1429 b,572.0911326,13.4,77.48,0.384,1.26,2.13,6000.0,-0.013
Kepler-955 b,9.96,3.13,14.53244172,0.1083,0.89,0.84,5350.0,0.02
Kepler-962 b,4.54,1.97,12.05707239,0.09874,0.93,0.86,5478.0,0.01
TOI-5678 b,20.0,4.91,47.73022,0.249,0.905,0.938,5485.0,0.0
HD 155918 c,1878.04805696,12.8,17202.19446,13.183,1.03,1.01906,5771.84,-0.6616
TOI-6034 b,254.0,11.92,2.576184,0.02949,0.514,0.489,3635.0,-0.09
HD 101581 b,0.827,0.956,4.46569,0.046,0.653,0.63,4675.0,-0.343
Kepler-922 b,2.6,1.42,0.938466832,0.01795,0.95,0.93,5671.0,-0.05
Barnard c,0.335,0.743,4.1244,0.0274,0.162,0.185,3195.0,-0.56
TIC 32032563 b,11.9,3.47739942,13.83460487791,,1.05,1.00188,5567.93,
Kepler-911 b,7.27,2.6,20.310501,0.15594,1.34,1.99,6112.0,0.03
HD 16905 b,3591.4609991,12.4,10256.0,8.8,0.85,0.77494,4866.12,0.2405
HD 184010 b,98.52680617,12.1,286.6,0.94,1.35,4.86,4971.0,-0.17
TOI-6041 b,28.9,4.55,26.04945,0.1651,0.885,0.879,5445.0,0.104
TOI-6281 b,4.36,1.92416074,1.05426244177,,0.65,0.874219,4533.23,-0.09
TOI-4600 c,2946.26933289,9.42,482.8191,1.152,0.89,0.81,5170.0,0.16
Luhman 16 b,9344.1551658,11.9,9697.0,3.52,0.0338,,,
Barnard b,0.299,0.72,3.1542,0.0229,0.162,0.185,3195.0,-0.56
Barnard e,0.193,0.637,6.7392,0.0381,0.162,0.185,3195.0,-0.56
HD 224018 c,10.4,2.42,36.57669,0.217,1.013,1.147,5784.0,0.05
TIC 38825265 b,5.43,2.18869476,3.31336980985,,0.64,0.664503,4375.52,
Kepler-1012 b,2.21,1.29,5.50860439,0.06066,0.95,0.91,5556.0,0.05
Kepler-1754 b,6.53,2.43996509,8.195949554,0.0718,0.734,0.747,4723.0,0.08
LHS 1678 d,0.907,0.981,4.9652229,0.04,0.345,0.329,3490.0,
HD 18143 c,3177.64841319,12.5,28982.41764,17.53,0.85,0.87,5078.0,0.28
Kepler-935 b,2.39,1.35,4.88083852,0.0527,0.78,0.73,4830.0,-0.01
Kepler-879 c,0.0364,0.4,0.646716,,0.974,1.022,5456.75,0.05
ZTF J1230-2655 b,7024.0077947,13.78704626,0.23597766,,0.646,0.0123,10000.0,
TIC 270471727 b,8.0,2.75029559,10.45623256647,,0.9,0.997091,5271.39,-0.09
TIC 65612701 b,22.7,5.07802804,10.22467974953,,1.06,1.73709,5692.29,
Kepler-1014 b,6.3,2.39,16.57110363,0.121,0.88,0.84,5388.0,-0.06
Kepler-1044 b,7.61,2.67,6.77408868,0.0741,1.08,1.11,5985.0,0.04
Kepler-66 b,8.25,2.8,17.815815,0.1352,1.038,0.966,5962.0,-0.2
Kepler-857 b,37.2,6.8,85.35129427,0.3751,0.99,0.99,5773.0,0.02
TOI-6080 b,11.0,3.32424168,8.05562348084,,1.01,1.06221,5775.46,
Wolf 1069 b,1.26,1.08,15.564,0.0672,0.167,0.1813,3158.0,0.07
TOI-6330 b,3179.0,10.89,6.8500246,0.05763,0.531,0.49,3539.0,0.08
ITG 15 b,6674.396547,12.1,,435.0,,,,
WISPIT 2 b,1541.46777395,17.93436912,,57.0,1.08,1.418,4400.0,
NGTS-38 b,1516.04150139,12.11690814,180.52797,0.697,1.46,1.88,6310.0,0.33
TOI-5210 b,81.99972901,10.72699453,4.5661061,0.0557,1.105,1.209,5723.0,0.324
TOI-5726.01,7.05,2.554,5.491125215,0.062186,1.06,1.106,5874.0,
HD 194490 b,3561.90295725,12.4,13092.18348,11.116,1.06,1.14911,5861.32,0.08
HD 190228 b,1598.67688721,12.9,1143.59858,2.406,1.415,2.58658,5360.0,-0.24
HD 206893 b,6197.6539365,14.01122587,11100.0,10.75,1.31,1.31116,6500.0,
HD 112570 b,1086.97315194,13.1,2615.0,3.9,1.15,9.85,4750.0,-0.4
HD 154391 b,2892.2385037,12.5,5163.0,7.46,2.07,8.56,4909.0,0.1
G 196-3 b,8263.538582,12.0,,350.0,0.519782,0.522432,3517.0,
Kepler-1026 b,5.52,2.21,36.5156053,0.1977,0.79,0.75,4948.0,-0.02
G 261-6 b,1.37,1.1,5.4536,0.02971,0.118,0.153162,2907.0,
TOI-5789 d,4.29,1.91,29.65,0.1756,0.821,0.833,5185.0,-0.12
TOI-5789 b,2.12,1.26,2.76369,0.03608,0.821,0.833,5185.0,-0.12
TIC 142589416 b,7.65,2.67899519,2.09518466313,,0.641,0.713832,4396.27,
NGTS-39 b,466.25427307,12.195371,58.20472,0.3077,1.16,1.16,6053.0,0.196
Gliese 48 b,8.11,2.77,39.6299,0.1752,0.47,0.463,3450.0,
Kepler-993 b,9.11,2.97,22.08557563,0.13,0.57,0.54,3843.0,0.03
Kepler-80 d,6.75,1.53,3.07222,0.0372,0.73,0.678,4540.0,0.04
K2-411 b,0.937,0.9898,3.2141,0.0511,1.018,1.375,5711.0,0.1415
HD 169142 b,953.485221,13.1,,37.2,1.85,1.53702,7246.0,
TOI-6383 A b,331.0,11.29,1.79058695,0.02292,0.458,0.457,3444.0,
TIC 139270665 b,147.15455244,7.22979255,23.624,0.163,1.035,1.016,5844.0,0.156
TOI-7149 b,224.0,13.2,2.65206166,0.02603,0.344,0.351,3363.0,-0.08
Kepler-348 b,2.92,1.52,7.05677,0.076,1.189,1.359,6177.0,-0.03
TOI-5789 e,11.61,3.43,62.98,0.2901,0.821,0.833,5185.0,-0.12
TIC 154870955 b,9.77,3.09467466,7.9698747128,,0.828,0.724328,4739.58,
Kepler-332 b,1.71,1.17,7.626324,0.07,0.743,0.72,4955.0,-0.13
TOI-5238 b,23.7,5.22,4.872171,,1.0,1.02283,5631.0,
Kepler-914 b,2.48,1.38,4.40966548,0.05454,1.1,1.15,5877.0,0.22
K2-413 c,2.05,1.2327,5.3301,0.0426,0.808,0.7,4116.0,-0.205
TOI-6086 b,1.76,1.18,1.3888725,0.01541,0.254,0.259,3200.0,0.11
Kepler-314 c,8.75,2.9,5.960392,0.064,0.99,0.95,5378.0,0.322
HIP 29442 c,4.5,1.551,3.5379559,0.04518,0.901,0.98,5289.0,0.24
HD 63433 d,1.25,1.073,4.209075,0.0503,0.99,0.912,5688.0,0.03
Kepler-317 b,109.8,2.09,5.524242,0.061,0.865,0.941,5497.0,0.13
TOI-7384 b,12.4,3.56,6.2340258,0.0439,0.318,0.319,3185.0,0.0
Kepler-1768 b,5.62,2.23346338,15.13589954,0.1286,1.24,1.572,6050.0,0.14
Kepler-981 b,5.95,2.31,4.469757736,0.0535,0.98,0.96,5718.0,0.01
Kepler-1043 b,7.04,2.55,38.5053398,0.2159,0.92,0.9,5629.0,-0.11
TOI-5777 b,9.78,3.09551273,6.91716177373,,0.658,0.671912,4408.03,
HIP 113103 b,4.0,1.829,7.610303,0.06899,0.761,0.742,4930.0,-0.1
UCAC3 113-933 b,6674.396547,12.1,,6100.0,0.61,0.564484,3864.0,-0.95
HD 73344 c,118.54999581,13.5,65.94,0.3388,1.19,1.22,6148.0,0.16
Kepler-139 f,36.0,6.67,355.0,,1.078,1.045,5630.0,0.35
TIC 249022743 b,20.6,4.79568155,2.25719681538,,1.0,1.2084,5567.58,
TIC 260969020 b,5.59,2.22686612,8.48584501953,,0.75,0.68988,4572.94,
Kepler-62 e,36.0,1.61,122.3874,0.427,0.69,0.64,4925.0,-0.37
HD 105618 c,8419.59232984,11.9,77114.07158,35.731,1.01,1.27399,5671.0,
HIP 113103 c,6.35,2.4,14.245648,0.10479,0.761,0.742,4930.0,-0.1
Kepler-1053 b,0.904,0.98,2.414351654,0.0315,0.74,0.69,4529.0,0.1
Kepler-102 d,3.0,1.154,10.311767,0.08618,0.803,0.724,4909.0,0.11
HD 196067 c,10.4,3.21,4.601088,,1.16,1.71,6072.0,0.213
GJ 887 d,6.1,2.34,50.77,0.212,0.495,0.468,3688.0,-0.06
Kepler-347 b,4.54,1.97,12.79836,0.11,0.922,1.005,6088.0,-0.14
HD 11112 b,2598.56505563,12.6,17244.90764,13.38,1.07,1.47368,5905.64,0.1869
Kepler-485 b,,14.41,3.243259796,0.04401,1.07,1.09,5958.0,0.04
TIC 393818343 b,1379.37528638,12.18416202,16.24921,0.1291,1.082,1.086,5756.0,0.318
Kepler-1032 b,4.16,1.87,3.290117953,0.0361,0.77,0.71,4647.0,0.16
HD 284149 AB b,8352.53053596,12.0,,431.16,1.13,1.36,6035.0,
WASP-132 d,1639.99458012,12.8,1816.6,2.71,0.789,0.758,4686.0,0.15
K2-157 c,30.8,6.08,25.942,0.165,0.89,0.86,5334.0,0.02
KOINTREAU-4 b,4862.7746271,12.2,,182.0,,,3252.0,
TIC 390586021 b,8.55,2.86009388,2.74703755819,,0.648,0.726565,4434.81,
HD 113337 c,6299.67685515,12.1,5429.93477,6.805,1.41,1.5,6774.0,0.07
HD 94771 b,169.0,14.2,2164.0,3.48,1.2,1.903,5631.0,0.22
TOI-6695 b,66.74396547,9.52763359,80.389,0.402,1.338,1.517,6400.0,0.2
Gaia-5 b,6633.07885409,12.1,358.62,,0.339,0.345,3447.0,-0.18
DMPP-2 d,91.79,11.6,16.491,0.1432,1.41,1.78,6500.0,
TIC 423703298 b,8.11,2.77230429,4.03712711976,,0.691,0.729825,4540.37,
Kepler-335 b,11.4,3.39,6.562331,0.075,1.367,1.854,5877.0,0.278
Kepler-1023 b,7.41,2.63,62.1387714,0.30284,0.93,0.89,5494.0,0.05
TOI-5592 b,285.72773789,17.14974047,2.6085846,0.03935,1.194,1.393,6237.0,-0.013
HD 122562 c,73.10053361,10.1,84.96276,0.406,1.241,2.16627,4956.0,
HD 115404 A c,3279.67133183,12.5,15319.22517,11.364,0.83,0.727007,5019.17,-0.1568
GJ 1002 c,1.36,1.1,21.202,0.0738,0.12,0.137,3024.0,-0.25
Kepler-932 b,2.45,1.37,1.921437396,0.02876,0.87,0.84,5331.0,-0.01
TOI-6707 b,27.8,5.72673066,3.83479363758,,1.14,1.58202,6289.49,-0.0801
Kepler-139 e,378.0,13.7,2047.635373,3.23579639,1.078,1.045,5622.0,0.35
Kepler-328 c,39.4,5.4,71.312,0.354,1.15,1.06,6064.0,0.08
TOI-7510 d,190.0,10.52,48.864468,0.2672,1.063,1.035,5720.0,0.25
Kepler-1779 b,9.44,3.03295685,16.34359932,0.1264,1.008,1.056,5730.0,0.16
Kepler-973 b,4.5,1.96,49.6077331,0.2489,0.86,0.78,5213.0,-0.06
TOI-5595 b,20.1,4.73740402,5.99002553853,,0.645,0.743344,4417.3,
HD 203387 b,1106.04285636,13.1,512.5352,1.771,2.817,10.5852,5174.32,0.05
TOI-6016 b,371.85923619,13.67495645,4.023687,0.055,1.31,1.51,6110.0,0.28
HIP 99770 b,5403.082919,12.2,18600.0,15.8,1.9,1.93986,8000.0,
Kepler-1772 b,7.68,2.68609988,3.215090036,0.04391,0.942,0.934,5541.0,0.12
GJ 2126 b,413.1769291,13.6,272.7,0.71,0.65,0.728,4159.0,0.6
TOI-5616 b,624.0,10.78,2.002849,0.0272,0.666,0.646,3996.0,0.14
Kepler-408 b,5.0,0.82,2.46502,0.03592,1.08,1.23,6104.0,-0.2
Kepler-10 d,12.0,3.49,151.06,0.5379,0.91,1.065,5708.0,-0.15
GJ 3988 b,3.69,1.74,6.9442,0.0405,0.1842,0.19734,3273.0,-0.12
TOI-1408 c,7.6,2.22,2.1664,0.03587,1.312,1.53,6117.0,0.25
HD 68475 b,1639.99458012,12.8,7832.0,7.27,0.83,0.79099,5022.0,0.07
HD 48265 c,1414.33641115,12.9,10418.0,10.4,1.38,2.05,5805.0,0.39
Kepler-958 b,4.9,2.06,9.7678805,0.08631,0.91,0.86,5421.0,0.01
TOI-5624 d,4.9,3.584,13.731468,0.1067,0.858,0.82,5327.0,-0.023
KOI-351 d,8.6,2.87,59.73667,0.32,1.2,1.2,6080.0,-0.12
Kepler-20 e,0.76,0.821,6.0984882,0.0637,0.929,0.9164,5495.0,0.07
nu Oct A b,696.04421133,13.3,402.4,1.24,1.57,5.04,4910.0,0.18
TOI-1288 c,85.7,11.1,416.0,1.07,0.9552,0.9583,5388.0,0.257
Kepler-104 c,7.14430805,3.13,23.668205,0.153,0.818,1.349,5711.0,-0.42
Kepler-507 b,5.69692195,1.3,3.568096926,0.04781,1.16,1.32,6113.0,0.06
HN Lib b,5.46,2.2,36.116,0.1417,0.291,0.299,3347.0,-0.18
Kepler-49 d,235.982,1.6,2.576549,0.031,0.549,0.559,4252.0,0.03
HIP 10090 b,1229.99593509,13.0,2960.0,3.87,0.94,1.38268,5661.0,0.47
Kepler-346 b,7.56,2.66,6.511127,0.071,0.943,1.021,6033.0,0.1
Kepler-265 d,6.76,2.49,43.130617,0.236,0.97,1.103,5835.0,-0.11
Kepler-399 b,0.84,0.96,14.425281,0.103,0.902,0.68,5502.0,0.14
Kepler-110 c,5.52,2.21,31.719775,0.198,0.989,1.149,5960.0,-0.1498
Kepler-1248 b,1.76,1.18,7.46725407,0.0806,1.21,1.21,6149.0,0.24
Kepler-1269 b,3.29,1.63,37.3331536,0.23611,1.1,1.15,5998.0,0.07
Kepler-1314 b,22.9,5.11,5.424749281,0.0504,0.6,0.59,4188.0,-0.22
Kepler-1870 b,5.07,2.10143764,3.606940031,0.0452,0.955,0.84,5508.0,0.07
Kepler-236 b,3.09,1.57,8.295611,0.065,0.596005,0.51,3750.0,-0.05
Kepler-125 c,0.33,0.74,5.774464,0.051,0.542101,0.512,3810.0,-0.14
Kepler-304 d,8.0,2.75,9.653471,0.08,0.737,0.687,4731.0,0.03
Kepler-326 d,6.9,1.21,6.766888,0.066,0.91,0.801,5105.0,0.2385
Kepler-126 c,1.27942148,1.58,21.869741,0.162,1.108,1.358,6239.0,-0.16
Kepler-400 c,2.83,1.49,17.340824,0.134,1.08,1.145,5886.0,0.0844
Kepler-1089 b,4.01,1.83,5.132485618,0.0497,0.52,0.49,3753.0,-0.09
Kepler-102 f,4.3,0.861,27.453592,0.1656,0.803,0.724,4909.0,0.11
Kepler-1223 b,1.98,1.22,16.301259,0.1186,0.8,0.75,4870.0,0.04
Kepler-1853 b,2.92,1.51862272,48.88819885,0.2395,0.765,0.788,4821.0,0.16
Kepler-512 b,7.7,2.69,34.43587975,0.21395,1.17,1.3,5997.0,0.22
Kepler-369 b,1.51,1.13,2.732756,0.03,0.5,0.471,3591.0,-0.09
Kepler-305 c,6.0,3.3,8.291,0.07568,0.76,0.8,5080.0,0.09
Kepler-975 c,80.2,10.69,5.05821338,0.0567,0.951,1.667,4883.0,0.56
Kepler-22 b,9.1,2.1,289.863876,0.812,0.857,0.869,5596.0,-0.255
Kepler-1995 b,16.9,4.28,73.7578875,0.3259,0.847,0.93,5029.0,0.48
Kepler-1227 b,5.86,2.29,94.2887577,0.38555,0.97,0.95,5747.0,-0.04
Kepler-1272 b,6.21,2.37,51.1309704,0.2705,1.06,1.09,5926.0,0.06
Kepler-201 c,8.5,2.85,151.884058,0.573,1.098,1.229,6065.0,-0.0442
Kepler-215 c,3.78,1.77,14.667108,0.113,0.788,1.027,5739.0,-0.4425
Kepler-267 c,5.18,2.13,6.87745,0.06,0.541571,0.555,4258.0,-0.18
Kepler-373 c,2.07,1.24,16.725948,0.126,0.981,0.845,5787.0,0.14
Kepler-54 d,12.0946,1.53,20.995694,0.126,0.518,0.554,4252.0,-0.27
Kepler-329 b,2.54,1.4,7.416397,0.061,0.602,0.523,4257.0,-0.44
Kepler-279 d,37.5,3.1,54.414,0.2901,1.1,1.07,6689.45,-0.1141
HD 219134 c,4.36,1.511,6.76458,0.0653,0.81,0.778,4699.0,0.11
Kepler-1198 b,2.76,1.47,7.6847716,0.0732,0.93,0.9,5517.0,0.03
Kepler-161 c,3.61,2.05,7.06424,0.068,0.853,0.806,5078.0,0.24
Kepler-1294 b,10.3,3.19,115.6862258,0.4684,0.99,0.97,5776.0,-0.03
Kepler-1319 b,2.36,1.34,2.886762645,0.0296,0.56,0.54,3655.0,0.44
Kepler-275 d,11.1,3.33,35.676062,0.224,1.189,1.383,6165.0,0.08
Kepler-374 b,1.08,1.03,1.897806,0.029,1.033,0.911,5977.0,0.1111
Kepler-306 d,6.66,2.47,17.326644,0.12,0.75,0.719,4954.0,-0.13
Kepler-305 e,3.87,1.7938153,3.20538,0.04017,0.82,0.827279,4974.0,0.09
Kepler-11 f,2.0,2.49,46.6888,0.25,0.961,1.065,5663.0,0.05
Kepler-276 d,16.3,2.8,48.648,0.24666,1.1,1.03,5693.0,-0.29
Kepler-36 c,7.13,3.679,16.21865,0.12692,1.034,1.634,5979.0,-0.18
Kepler-1251 b,4.04,1.84,45.0904643,0.2478,0.92,0.89,5545.0,-0.04
Kepler-1843 b,7.8,2.70909809,25.54339981,0.17871,1.02,1.782,5422.0,0.02
Kepler-1857 b,4.5,1.96065412,8.94340992,0.08308,0.873,1.005,6074.0,-0.54
Kepler-190 c,2.73,1.46,3.763024,0.045,0.834,0.795,5106.0,0.06
Kepler-123 c,2.79,1.48,26.695074,0.181,1.079,1.264,6089.0,-0.08
Kepler-380 c,2.15,1.27,7.630004,0.078,0.99,1.224,6045.0,-0.16
Kepler-283 c,3.97,1.82,92.743711,0.341,0.596,0.566,4351.0,-0.17
KELT-6 c,1179.1493,13.0,1276.0,2.39,1.126,1.529,6272.0,-0.27
Kepler-85 b,1.84,1.778,8.3,0.07885,0.928,0.875,5505.2,0.12
Kepler-799 c,8.15,2.78068551,15.19419956,0.1214,1.031,1.593,5588.0,0.14
Kepler-1884 b,3.95,1.81406781,8.988320351,0.0845,0.993,0.906,5984.0,-0.2
Kepler-381 b,0.937,0.99,5.629021,0.066,1.144,1.568,6152.0,-0.2016
Kepler-84 d,2.48,1.38,4.224537,0.052,1.06,1.169,6031.0,-0.07
Kepler-334 b,1.46,1.12,5.470319,0.061,1.022,1.068,5828.0,-0.012
Kepler-285 c,1.46,1.12,6.186676,0.064,0.915,0.808,5411.0,0.17
Kepler-1232 b,4.38,1.93,26.7839183,0.16545,0.92,0.89,5471.0,0.06
Kepler-1858 b,6.44,2.42168247,88.07160187,0.3575,0.785,0.819,4939.0,0.16
Kepler-204 c,3.86,1.79,25.660593,0.173,1.038,1.238,5812.0,0.07
Kepler-515 b,2.73,1.46,19.96371318,0.1333,0.9,0.83,5293.0,0.08
Kepler-221 e,7.86706,2.63,18.369917,0.13,0.854,0.821,5243.0,0.0616
Kepler-1877 b,0.179,0.624086,2.377569914,0.03472,1.022,0.936,5615.0,0.24
Kepler-350 d,14.9,2.8,26.136,0.1786,1.0,1.25,6492.3,0.041
Kepler-58 e,597.796,1.61,4.45814897,0.0533,1.017,1.083,6100.0,-0.12
Kepler-1679 b,4.93,2.0692036,9.75376,0.0892,0.96,0.873196,5501.0,-0.04
Kepler-58 c,53.0,2.86,15.5741568,0.12307,0.95,1.03,5843.0,0.1
Kepler-1844 b,9.46,3.03648191,3.924510002,0.0478,0.939,0.849,5776.0,-0.18
Kepler-1278 b,1.01,1.01,3.23941344,0.04417,1.11,1.16,6074.0,0.02
Kepler-1864 b,0.353,0.75408365,3.881510019,0.049,1.03,0.979,5854.0,0.06
Kepler-1324 b,2.89,1.51,4.115844679,0.0466,0.78,0.73,4776.0,0.05
Kepler-462 c,6.0,4.0,207.62,0.7584,1.59,1.57,7500.0,0.05
Kepler-226 d,1.98,1.22,8.109044,0.076,0.904,0.802,5571.0,0.09
Kepler-221 b,5.95575,1.71,2.795906,0.037,0.854,0.821,5243.0,0.0616
Kepler-245 c,26.7,2.18,17.460812,0.124,0.856,0.795,5100.0,0.12
Kepler-352 b,0.566,0.86,10.05537,0.085,0.798,0.781,5212.0,-0.11
Kepler-382 c,3.15,1.59,12.162701,0.097,1.002,0.945,5600.0,0.082
Kepler-336 b,1.04,1.02,2.024823,0.033,1.09,1.304,5867.0,0.337
HD 11755 b,1789.3829,12.8,433.70001,1.09,0.72,20.58,4312.0,-0.74
Kepler-385 c,13.2,3.04,15.163161,0.127,0.992,1.126,6326.0,0.01
Kepler-267 d,5.77,2.27,28.464515,0.154,0.541571,0.555,4258.0,-0.18
Kepler-384 c,1.51,1.13,45.348269,0.236,0.882,0.882,5577.0,-0.29
Kepler-299 e,4.16,1.87,38.285489,0.22,1.004,1.032,5617.0,0.12
8 UMi b,524.41687155,13.5,93.31,0.462,1.51,10.73,4847.0,-0.03
Kepler-1104 b,2.04,1.23,5.03728015,0.06321,1.3,1.41,6417.0,0.13
Kepler-1987 e,4.35,1.92,8.74292005,0.0765,0.799,0.714,4769.0,0.12
Kepler-1830 b,11.1,3.32992941,56.49330139,0.31769,1.443,2.046,6160.0,0.24
Kepler-182 b,7.18,2.58,9.825792,0.096,1.114,1.146,6250.0,0.072
Kepler-1688 b,2.13,1.26174569,5.62012,0.0577,0.814,0.746,4632.11,-0.046
Kepler-385 b,12.8,2.73,10.043686,0.097,0.992,1.126,6326.0,0.01
Kepler-55 f,3.15,1.59,10.198545,0.081,0.631,0.619,4503.0,-0.01
Kepler-339 d,14.7,1.17,10.558345,0.091,0.87,0.802,5631.0,0.033
Kepler-1669 d,1.98,1.22,4.72941177,0.0468,0.609,0.603,4224.0,-0.2
Kepler-69 c,3.57,1.71,242.4613,0.64,0.81,0.93,5638.0,-0.29
HAT-P-57 b,448.1403,19.50366,2.4653,0.0406,2.77,1.85,6330.0,-0.25
Kepler-1067 c,3.7,1.74682428,5.425839901,0.06069,0.981,0.934,5594.0,0.16
Kepler-299 d,4.12,1.86,15.054786,0.118,1.004,1.032,5617.0,0.12
Kepler-208 c,2.51,1.39,7.466623,0.079,1.082,1.314,6092.0,-0.0423
Kepler-530 b,9.32,3.01,39.30941904,0.21491,0.97,0.89,5697.0,-0.08
Kepler-354 d,2.07,1.24,24.209842,0.146,0.652,0.674,4648.0,-0.03
Kepler-339 c,7.3,1.15,6.988055,0.069,0.87,0.802,5631.0,0.033
Kepler-1114 b,2.39,1.35,14.97435694,0.11056,0.87,0.83,5374.0,-0.08
Kepler-114 d,3.9,2.53,11.776,0.08358,0.56,0.54,4660.0,0.2291
Kepler-303 c,1.55,1.14,7.061149,0.057,0.575,0.485,3944.0,-0.4136
Kepler-1212 b,5.22,2.14,12.94130146,0.1082,1.1,1.15,6051.0,0.03
Kepler-394 c,3.39,1.66,12.130686,0.11,0.87,1.132,6402.0,-0.3
Kepler-393 c,2.33,1.33,14.613612,0.124,1.256,1.382,6189.0,0.0322
Kepler-318 c,13.1,3.68,11.815007,0.105,1.073,1.189,5746.0,0.332
Kepler-1241 b,7.41,2.63,18.5525701,0.1336,0.84,0.8,5261.0,-0.09
Kepler-185 b,1.71,1.17,1.6329,0.026,0.763,0.806,5208.0,-0.14
Kepler-1283 b,4.31,1.91,12.9460978,0.1062,1.16,1.25,6175.0,0.04
Kepler-1714 b,10.7,3.26437302,10.27530003,0.10549,1.448,2.086,6150.0,0.22
Kepler-1331 b,1.16,1.05,0.789161653,0.0142,0.72,0.69,4508.0,0.05
Kepler-319 b,3.29,1.63,4.362705,0.051,0.933,0.903,5526.0,0.06
Kepler-396 b,75.5,3.5,42.994,0.24067,0.85,1.06,5656.0,0.1558
Kepler-1085 c,10.7,3.26817741,56.7771,0.29798,1.05,1.0783,5816.0,0.22
Kepler-1084 b,1.41,1.11,2.05333679,0.0324,1.12,1.28,6113.0,-0.02
Kepler-1108 b,2.73,1.46,4.51005748,0.0511,0.88,0.84,5406.0,-0.09
Kepler-1214 b,6.17,2.36,18.82634264,0.128,0.85,0.8,5130.0,0.05
Kepler-155 c,5.65,2.24,52.661793,0.242,0.635,0.62,4508.0,-0.142
Kepler-396 c,17.9,5.3,88.505,0.38946,0.85,1.06,5656.0,0.1558
Kepler-1369 b,7.7,2.69,25.873148,0.1741,0.99,0.99,5761.0,0.0
Kepler-1370 b,4.04,1.84,20.2641684,0.15763,1.19,1.29,6202.0,0.05
Kepler-252 b,2.04,1.23,6.668391,0.058,0.61,0.549,4208.0,-0.13
Kepler-360 c,5.06,2.1,7.186434,0.075,0.994,1.058,6053.0,0.15
Kepler-245 e,1806.36,1.75,3.219821056,0.04053,0.86,0.8,5174.0,0.05
Kepler-298 d,6.8,2.5,77.473633,0.305,0.66,0.582,4465.0,-0.21
Kepler-324 b,2414.4,1.14,4.385315,0.05,0.901,0.84,5194.0,0.18
Kepler-1796 b,8.0,2.75047868,29.4557991,0.1879,1.018,0.949,6036.0,-0.16
Kepler-520 c,1.24,1.07,5.21104261,0.06035,1.1,1.09,6112.0,-0.03
Kepler-1244 b,2.39,1.35,3.70428172,0.0502,1.46,1.77,6680.0,0.05
Kepler-169 c,1.92,1.21,6.195469,0.062,0.825,0.763,4997.0,0.17
Kepler-97 b,3.51,1.48,2.58664,0.03563,0.94,0.98,5779.0,-0.2
Kepler-1336 b,4.58,1.98,23.198681,0.15845,0.94,1.3,5512.0,0.05
Kepler-301 d,3.71,1.75,13.751243,0.112,1.022,0.9,5815.0,0.187
Kepler-104 d,5.54022107,3.58,51.755394,0.257,0.818,1.349,5711.0,-0.42
Kepler-1192 b,6.17,2.36,25.2034787,0.1693,0.86,0.83,5438.0,-0.16
Kepler-516 b,27.9,5.74,24.85462415,0.1992,1.62,2.02,7099.0,0.01
Kepler-1851 b,14.5,3.90012032,12.02289963,0.1016,0.967,0.879,5982.0,-0.28
Kepler-212 b,1.32,1.09,16.257582,0.133,1.166,1.455,5852.0,0.22
Kepler-1372 b,2.15,1.27,1.311555568,0.024,0.98,0.97,5677.0,0.05
Kepler-364 b,3.02,1.55,25.745718,0.178,1.076,1.284,6108.0,-0.031
KELT-23 A b,298.12454,14.829507,2.255251,0.03302,0.944,0.996,5899.0,-0.105
HD 191939 d,2.8,2.995,38.353037,0.2132,0.81,0.94,5348.0,-0.15
HATS-77 b,436.69623122,13.05846252,3.0876262,0.03607,0.655,0.6428,4071.0,0.253
TOI-4479 b,8.35,2.82,1.1589,0.0164,0.452,0.451,3400.0,0.0
TOI-1752 c,5.86,2.29,32.71443,0.1614,0.524,0.53,3762.0,-0.11
Kepler-1705 c,5.42,2.05,11.28,,1.139,1.259,6312.0,-0.2
TOI-1753 b,16.6,2.47852533,5.3846104,0.059,0.9483,0.9715,5621.0,0.026
TOI-2274 b,6.57,2.45,2.67963,0.05,0.612,0.631,3943.0,
Kepler-43 b,1026.5909,13.663771,3.0240949,0.046,1.32,1.42,6041.0,0.33
Kepler-858 b,21.1,4.87,76.13602028,0.33939,0.96,0.91,5653.0,-0.04
TOI-3023 b,197.05361234,16.43236571,3.9014971,0.0505,1.12,1.668,5760.0,0.085
Kepler-1752 b,18.7,4.54060463,56.35850143,0.2698,0.824,0.821,5446.0,-0.2
Kepler-1408 b,0.64,0.89,2.99793191,0.04218,1.21,1.35,6170.0,0.0
HIP 54373 b,8.62,2.87,7.76,0.063,0.57,0.564998,4021.0,
Teegarden's Star b,1.16,1.05,4.90634,0.0259,0.097,0.12,3034.0,-0.11
BD+60 1417 b,4767.426105,14.68376472,,1662.0,1.0,0.797,4993.0,
TOI-1227 b,66.5,9.57246952,27.36397,0.0886,0.17,0.56,3072.0,
CoRoT-7 d,17.142,4.31,8.966,,0.915,0.8389,5250.0,0.12
TOI-1758 b,6.9,3.62,20.705074685,0.141409,0.88,0.81,5169.0,-0.02
TOI-2040 b,248.22398587,10.32347122,3.8608576,0.0473,0.92,0.87,5132.0,0.3
TOI-2567 b,63.88350981,10.92875618,5.983944,0.0672,1.13,1.686,5611.0,0.241
Kepler-1410 b,3.82,1.78,60.866168,0.2543,0.63,0.6,4092.0,0.01
HD 24085 b,11.8,3.46,2.0455,0.034,1.22,1.412551,6034.0,0.17
WASP-87 b,692.8694,15.524465,1.682795,0.02946,1.204,1.627,6450.0,
TOI-163 b,387.7526,16.690201,4.231306,0.058,1.4352,1.648,6495.0,0.22
K2-315 b,0.809,0.95,3.1443189,,0.174,0.196,3300.0,-0.24
HD 216520 b,10.26,3.18,35.45,0.198,0.82,0.76,5103.0,-0.16
TOI-1775 b,96.0,8.04728896,10.2405549,0.08,0.9218,0.8288,5284.0,0.162
DS Tuc A b,413.179,5.7,8.138268,,1.01,0.964,5428.0,0.0
Kepler-296 c,4.66,2.0,5.8416366,0.0521,0.498,0.48,3740.0,-0.08
WASP-187 b,254.264,18.38276,5.147878,0.0653,1.54,2.83,6150.0,0.0
HD 161178 b,181.16219199,14.1,279.3,0.85,1.06,10.95,4786.0,-0.21
GJ 514 b,5.2,2.13,140.43,0.422,0.51,0.5,3728.0,-0.14
HD 77946 b,10.9,2.89646124,6.527363,0.073,1.1973,1.3174,6007.0,0.215
TOI-2345 c,7.27,2.451,21.064302,0.1257,0.727,0.729,4687.0,-0.1
Kepler-876 b,2.63,1.43,5.14438011,0.0549,0.81,0.77,5060.0,-0.03
Kepler-1894 c,1.92,1.21,5.05368985,0.0576,0.999,0.901,5772.0,0.0
HD 233832 b,565.7374,13.5,2058.0,2.827,0.71,0.68,4981.0,-0.66
GJ 687 c,16.0,4.14,727.562,1.165,0.4,0.4183,3413.0,0.0631
HIP 5763 b,162.09248757,14.2,30.014,0.17,0.72,0.750378,4352.0,
TOI-712 b,4.85,2.049,9.531361,0.07928,0.732,0.674,4622.0,-0.02
TOI-1782.01,6.2,2.368,4.987641028,0.05024,0.68,0.669,4336.0,
TOI-2092 b,9.0,2.94892961,4.30325528074,,0.956,1.0519,5842.06,-0.1221
Kepler-303 b,0.64,0.89,1.937055,0.024,0.575,0.485,3944.0,-0.4136
Kepler-271 c,0.809,0.95,7.41086267,0.06993,0.9,0.87,5555.0,-0.13
Qatar-6 b,212.31044,11.903958,3.506195,0.0423,0.822,0.722,5052.0,-0.025
GJ 9066 c,66.74396547,9.6,771.36,0.88,0.15,0.164,3154.0,-0.13
K2-400 b,1.67,1.163,3.865053,,0.374,0.382,3578.0,-0.051
TOI-2094 b,4.27,1.9,18.793193,0.136,0.425,0.384,3435.0,-0.06
TOI-2714 b,228.0,13.72,2.499387,0.036,1.07,1.25,5665.0,0.3
HD 164922 d,4.0,1.83,12.458,0.103,0.926,0.946,5390.0,0.18
2MASS J01033563-5515561 AB b,4131.79,12.3,,84.0,0.19,,,
TOI-2382 b,235.19302118,12.25141591,4.6612061,0.059,1.26,1.417,6033.0,0.249
Kepler-402 b,1.98,1.22,4.028751,0.051,1.072,1.264,6090.0,-0.08
EPIC 201841433 b,1.12,1.04,4.1698,0.035,0.802,0.628461,5053.0,0.0
USco1621 b,5085.28,12.2,,2880.0,0.36,0.710071,3460.0,
K2-318 b,3.39,1.66,7.01,0.0911,0.561,0.552,3851.0,
K2-405 b,18.9,4.569,3.435471,,1.034,0.765,4927.0,0.132
TOI-784 b,9.67,1.93,2.7970365,0.038,0.91,0.907,5558.0,-0.13
TOI-1814 b,23.5,5.18536642,6.36861010462,,,2.3895,4872.84,
Kepler-1419 b,8.55,2.86,42.5215895,0.2391,1.01,1.01,5796.0,0.04
EPIC 206215704 b,0.972,1.0,2.255436,,0.407,0.25,3297.0,-0.33
Kepler-848 b,3.53,1.7,6.91134416,0.07586,1.01,1.2,5695.0,0.15
Kepler-819 b,8.05,2.76,33.1995648,0.1894,0.86,0.81,5279.0,-0.06
TOI-799 b,4.92,2.06631784,5.54519139676,,1.0,0.915519,5662.81,
K2-146 c,7.49,2.19,4.00498,0.0327,0.331,0.33,3385.0,-0.02
K2-324 b,6.48,2.43,3.262,0.0331,0.517,0.505,3752.0,
Kepler-822 b,3.78,1.77,3.222969273,0.04078,1.06,1.08,5928.0,0.04
TOI-1181 b,374.71969185,17.02644168,2.103189,0.0364,1.467,1.961,6054.0,0.38
TOI-808 b,5.49,2.20344362,9.73944854026,,0.87,0.833198,5078.2,
TOI-815 b,7.6,2.94,11.197259,0.0903,0.776,0.77,4869.0,-0.09
TOI-2141 b,20.1,3.147,18.261608,0.1322,0.896,0.95,5635.0,-0.14
TOI-2447 b,124.90656395,9.60609646,69.33684,0.347,1.034,1.006,5730.0,0.18
TOI-2818 b,225.65816897,15.27784069,4.039709,0.0493,0.977,1.229,5721.0,-0.02
Kepler-1371 c,0.196,0.64,2.00541269,0.02937,0.87,0.83,5361.0,-0.07
EPIC 212587672 b,2.13,1.26,15.28078,,0.99,0.98,6004.0,-0.18
Kepler-843 b,7.22,2.59,2.053879821,0.0313,1.02,1.03,5830.0,0.05
K2-408 b,3.45,1.677,20.978959,,0.813,0.784,5335.0,-0.171
TOI-1516 b,1004.33776612,15.24421375,2.056014,,1.14,1.14,6520.0,-0.05
TOI-2458 b,13.31,2.83,3.73659,0.0482,1.05,1.31,6005.0,-0.1
Kepler-1423 b,1.2,1.06,23.955378,0.1586,0.79,0.75,4939.0,-0.02
HATS-57 b,1000.21101,12.767051,2.350621,0.03493,1.026,0.96,5587.0,0.268
HATS-56 b,191.33366,18.920792,4.324799,0.06043,1.573,2.201,6536.0,0.19
TOI-763 b,9.79,2.28,5.6057,0.06,0.917,0.897,5450.0,0.01
K2-409 b,6.72,2.482,1.908084,,0.886,1.228,5742.0,-0.036
TOI-1722 b,17.6,4.38298108,9.60523206943,,1.162,1.09414,5999.55,
TOI-1873 b,8.57,2.86356397,7.00572708834,,1.015,0.971675,5597.99,
TOI-2158 b,260.61929374,10.76062147,8.60077,0.075,1.12,1.41,5673.0,0.47
Kepler-1888 b,2.32,1.32578716,11.39169979,0.0956,0.897,1.249,5557.0,0.0
Kepler-1901 b,2.77,1.47418907,3.484129906,0.0453,1.022,0.921,5696.0,0.14
GJ 433 c,32.422,6.27,5094.105,4.819,0.48,0.5,3461.0,-0.17
K2-374 c,5.53,2.213,16.43445,,0.731,0.907,5789.0,-0.292
TOI-1860 b,2.27,1.31,1.0662107,0.0204,0.99,0.94,5752.0,0.04
TOI-1723 b,10.4,3.435,13.727012643,0.113496,1.04,1.09,5777.0,0.159
TOI-1937 A b,638.83509807,13.97759893,0.94667944,0.01932,1.072,1.08,5814.0,0.196
Kepler-292 f,6.12,2.35,20.834237,0.141,0.865,0.826,5299.0,0.04
Kepler-1395 b,0.437,0.8,3.78470649,0.04974,1.17,1.23,6138.0,0.12
Kepler-1905 b,2.69,1.4460734,3.42392993,0.0451,1.038,1.015,5788.0,0.16
Kepler-65 e,260.0,13.9,258.8,0.8539307544,1.248,1.437,6220.0,0.13
GJ 682 b,4.4,1.93,17.478,0.08,0.27,0.298255,3028.0,
TOI-132 b,22.4,3.42,2.1097019,0.026,0.97,0.9,5397.0,0.16
TOI-2000 c,81.7,8.14,9.127055,0.0878,1.082,1.134,5611.0,0.439
TOI-2000 b,11.0,2.7,3.09833,0.04271,1.082,1.134,5611.0,0.439
TOI-2194 b,4.61,1.9892,15.337597,,0.74,0.6909,4756.0,-0.372
TOI-2498 b,34.62,6.06,3.738252,0.0491,1.12,1.26,5905.0,0.167
Kepler-102 e,4.7,2.17,16.1456994,0.1162,0.803,0.724,4909.0,0.11
HD 2685 b,371.8611,16.14096,4.12688,0.0568,1.43,1.56,6801.0,0.02
Kepler-95 b,13.0,3.42,11.5231,0.10232,1.08,1.41,5699.0,0.3
Wendelstein-2 b,232.33373,12.9934728,1.7522239,0.0234,0.73,0.66,4591.0,
K2-384 b,1.26,1.076,2.231527,,0.33,0.348,3623.0,0.068
HD 174205 b,1334.8793094,13.0,582.0,1.7,1.8,26.6,4308.0,-0.28
TOI-2977 b,533.95172376,13.15934334,2.3505614,0.03386,0.936,1.073,5691.0,0.013
Kepler-430 c,3.71,1.75,110.979,0.4757,1.166,1.485,5884.0,0.2
Kepler-1656 b,47.8,4.574,31.562,0.1974,1.03,1.1,5569.0,0.19
Kepler-647 c,15.1,4.00135002,29.6663,0.18291,1.07,1.54571,5906.74,-0.4146
Kepler-210 b,8.96,2.94,2.453234,0.032,0.77,0.65,4559.0,0.2772
OGLE-2006-BLG-109L c,86.0,11.1,4927.5,4.5,0.51,,,
KMT-2016-BLG-1397L b,2200.0,12.7,,5.1,0.45,,,
KMT-2019-BLG-0253L b,9.2,2.99,,3.1,0.7,,,
KMT-2023-BLG-0548L b,1086.97315194,13.1,,6.85,0.72,,,
Kepler-1963 b,0.337,0.74437023,1.962260008,0.02915,0.915,0.979,5726.0,-0.1
Kepler-1517 b,68.7,9.76,5.546083665,0.078,1.58,1.95,7010.0,0.01
Kepler-1711 b,4.36,1.923,21.06080055,0.1463,0.94,1.034,5706.0,0.0
MOA-2010-BLG-328L b,9.2,2.99,,0.92,0.11,,,
MOA-2011-BLG-291L b,18.0,4.43,,0.69,0.15,,,
KMT-2018-BLG-1743L b,77.86795971,10.5,,1.449,0.193,,,
OGLE-2018-BLG-0516L b,20.1,4.73,,2.2,0.47,,,
KMT-2023-BLG-0949L b,1900.61387386,12.8,,2.03,0.48,,,
KMT-2024-BLG-2059L b,6.99222495,2.54,,2.55,0.51,,,
Kepler-146 b,13.3,3.71,31.158799,0.2,1.079,1.208,5948.0,-0.0261
Kepler-1468 d,11.1,3.33187146,19.59059906,0.1456,1.072,1.496,5794.0,0.14
Kepler-348 c,2.33,1.33,17.265427,0.138,1.189,1.359,6177.0,-0.03
Kepler-1641 c,9.01,2.95,32.657212,0.2065,1.12,1.19,6152.0,-0.02
Kepler-1641 b,9.85,3.11,19.672266,0.1473,1.12,1.19,6152.0,-0.02
Kepler-39 b,6388.1,13.9,21.08721,0.164,1.29,1.4,6350.0,0.1
Kepler-174 c,2.83,1.49,44.000529,0.214,0.602,0.622,4880.0,-0.56
KMT-2023-BLG-1642L b,343.25467956,13.8,,1.41,0.17,,,
Kepler-1468 b,3.64,1.73,8.23984869,0.0817,1.04,1.05,5893.0,0.03
Kepler-203 b,7.13,2.57,3.162697,0.043,1.06,1.114,5821.0,0.08
Kepler-152 b,8.2,2.79,18.207973,0.124,0.779,0.724,5088.0,-0.12
OGLE-2015-BLG-0966L b,21.0,4.86,,2.7,0.38,,,
MOA-2011-BLG-028L b,30.0,5.99,,4.14,0.75,,,
OGLE-2018-BLG-0383L b,6.4,2.41,,1.8,0.1,,,
KMT-2021-BLG-1391L b,4.55,1.97,,2.29,0.37,,,
Kepler-195 c,3.02,1.55,34.096863,0.197,0.867,0.775,5329.0,0.04
Kepler-880 c,8.6,2.87,11.8061737,0.1216,1.714,2.599,6900.0,0.0
Kepler-608 b,12.9,3.64,6.412515037,0.0685,1.0,1.01,5820.0,-0.02
Kepler-1704 b,1322.16617312,11.94877343,988.88112,2.027,1.132,1.697,5746.0,0.196
Kepler-561 c,7.65,2.68,5.350161983,0.05947,0.96,0.94,5646.0,0.02
OGLE-2015-BLG-0051L b,230.0,14.0,,0.73,0.1,,,
OGLE-2018-BLG-0740L b,1500.0,12.9,5480.0,5.0,1.0,,5912.0,-0.24
OGLE-2017-BLG-1099L b,959.84178914,13.1,,2.73,0.45,,,
KMT-2021-BLG-0748L b,143.02278315,14.3,,2.43,0.36,,,
TOI-2267 d,3.78,1.77,2.0344671,0.0145,0.0989,0.13,3022.0,0.164
Kepler-1719 b,14.8,3.95000623,6.149559975,0.06868,1.08,1.775,5687.0,0.04
Kepler-1254 c,2.24,1.3,3.60084276,0.0422,0.78,0.75,4985.0,-0.1
Kepler-639 b,6.26,2.38,10.21420496,0.09358,1.14,1.29,5896.0,0.23
KMT-2016-BLG-0212L b,5700.0,12.2,,2.2,0.48,,,
KMT-2019-BLG-1552L b,1287.20504835,13.0,,2.6,0.79,,,
KMT-2024-BLG-0349L b,3769.44490702,12.4,,6.46,0.68,,,
Kepler-208 d,1.87,1.2,11.131786,0.103,1.082,1.314,6092.0,-0.0423
Kepler-171 b,6.08,2.34,4.166972,0.05,0.978,0.839,5642.0,0.17
Kepler-1525 b,0.693,0.91,2.416601183,0.03557,1.07,1.04,5748.0,0.27
Kepler-1645 b,3.82,1.78,16.1779561,0.1285,1.02,1.02,5812.0,0.04
KMT-2018-BLG-1990L b,111.0,12.9,,0.763,0.094,,,
KMT-2018-BLG-0247L b,670.61793877,13.4,,2.46,0.29,,,
Kepler-30 d,23.1,8.8,143.34394,0.5,0.99,0.95,5498.0,0.18
PSR B1257+12 d,3.9,1.8,98.2114,0.46,1.4,,,
OGLE-2016-BLG-0263L b,1300.0,13.0,,5.4,0.13,,,
OGLE-2012-BLG-0026L c,270.0,13.9,,4.8,1.06,,,
KMT-2018-BLG-2602L b,365.50266805,13.7,,3.81,0.66,,,
KMT-2016-BLG-1337L b,88.99195396,11.4,,3.97,0.54,,,
Kepler-220 d,0.904,0.98,28.122397,0.163,0.729,0.666,4632.0,-0.1738
Kepler-1949 b,5.56,2.21964541,2.208280087,0.0352,1.194,1.454,6028.0,0.14
Kepler-695 b,62.3,9.21,3.040330424,0.0374,0.84,0.8,5181.0,-0.01
Kepler-529 d,8.22,2.79502603,35.86619949,0.2134,1.005,1.189,6078.0,-0.16
OGLE-2005-BLG-390L b,5.5,2.21,3285.0,2.6,0.22,,,
Kepler-220 b,0.457,0.81,4.159807,0.046,0.729,0.666,4632.0,-0.1738
Kepler-1993 b,16.1,4.15,26.6565737,0.1943,1.373,3.062,5159.0,-0.04
Kepler-154 e,2.86,1.5,3.93276465,0.04766,0.98,0.98,5769.0,-0.04
MOA-2009-BLG-387L b,830.0,13.2,1980.0,1.8,0.19,,,
OGLE-2018-BLG-1647L b,308.29355479,13.8,,1.36,0.092,,,
Kepler-154 c,9.01,2.95,62.303276,0.303,0.933,1.001,5690.0,0.02
Kepler-390 c,0.418,0.79,13.060022,0.101,0.787,0.776,5166.0,-0.0443
Kepler-967 c,12.9,3.65,198.7112502,0.6253,0.84,0.8,5178.0,-0.03
Kepler-248 c,15.6,4.07,16.239494,0.123,0.838,0.831,5190.0,0.17
Kepler-648 b,10.5,3.22,17.4211749,0.13324,1.05,0.98,5741.0,0.21
OGLE-2017-BLG-0406L b,130.0,14.2,,3.5,0.56,,,
OGLE-2018-BLG-1367L b,301.93698665,13.8,,1.21,0.28,,,
OGLE-2018-BLG-0932L b,282.86728223,13.9,,1.75,0.72,,,
OGLE-2017-BLG-0364L b,75.8,10.3,,3.79,0.49,,,
Kepler-1814 c,3.75,1.76,0.626281766,0.0133,0.79,0.823,4922.0,0.2
Kepler-1588 b,0.363,0.76,7.84931739,0.07419,0.96,0.99,5817.0,-0.14
Kepler-436 b,7.9,2.73,64.00205,0.339,0.729,0.697,4651.0,0.01
KOI-3503 c,10.36,1.21,31.828,0.18688,0.858,1.255,6001.0,-0.5428
Kepler-1491 c,6.53,2.44,61.569765,0.3045,0.991,1.389,5626.0,0.14
Kepler-158 c,4.27,1.9,28.551383,0.158,0.655,0.624,4623.0,-0.3
MOA-2011-BLG-293L b,1500.0,12.9,3000.0,1.1,0.86,,,
OGLE-2017-BLG-0173L b,3.269,1.62,,3.913,0.396,,,
OGLE-2018-BLG-1269L b,210.0,14.1,,4.51,1.11,,,
KMT-2021-BLG-0119L b,1754.41280664,12.8,,2.92,0.56,,,
Kepler-968 c,3.5,1.69,5.709404918,0.052,0.76,0.7,4598.0,0.13
Kepler-28 b,1.63,1.959,5.91,0.05687,0.684,0.664,4499.3,0.1451
MOA-2008-BLG-379L b,1300.0,13.0,,2.7,0.56,,,
MOA-2022-BLG-091L b,1141.00398113,13.0,,3.44,0.75,,,
KMT-2023-BLG-2209L b,254.2627256,13.9,,3.51,0.73,,,
Kepler-1533 b,11.8,3.46,308.5471,0.93416,1.31,1.51,6431.0,0.03
Kepler-558 b,6.21,2.37,29.00790538,0.1759,0.85,0.81,5242.0,-0.06
Kepler-177 c,14.7,8.73,49.40926,0.25655,0.921,1.324,5732.0,-0.11
OGLE-2014-BLG-1722L b,55.3,8.59,,1.5,0.4,,,
OGLE-2015-BLG-1609L b,76.27881768,10.4,,,0.17,,,
Kepler-690 b,29.6,5.95,7.748094374,0.081,1.11,1.16,5913.0,0.19
Kepler-188 c,10.3,3.19,5.996553,0.066,1.021,1.141,6021.0,0.15
Kepler-586 b,8.2,2.79,2.104722184,0.0331,0.94,0.92,5575.0,0.0
Kepler-245 d,21.6,3.03,36.277108,0.202,0.856,0.795,5100.0,0.12
OGLE-2013-BLG-0341L B b,1.66,1.16,,0.702,0.1127,,,
KMT-2018-BLG-1976L b,705.57906354,13.3,,3.54,0.65,,,
KMT-2017-BLG-0428L b,5.59,2.23,,1.81,0.34,,,
KMT-2019-BLG-1806L b,4.67,2.0,,3.02,0.74,,,
OGLE-2014-BLG-0124L b,206.58846455,14.1,,3.48,0.9,,,
Kepler-1616 b,1.04,1.02,6.76284377,0.07318,1.21,1.34,6266.0,0.02
Kepler-362 b,0.615,0.88,10.327186,0.087,0.904,0.722,5788.0,-0.12
Kepler-612 b,8.45,2.84,3.722156413,0.0452,0.98,0.96,5693.0,0.04
Kepler-81 c,4.3,2.37,12.04,0.08347,0.64,0.59,4385.0,-0.18
OGLE-2013-BLG-1761L b,860.0,13.2,,1.8,0.33,,,
KMT-2016-BLG-1105L b,2.32,1.33,,2.44,0.41,,,
TOI-5573 b,112.0,9.75,8.79758977,0.0712,0.619,0.594,3790.0,0.42
Kepler-1144 b,4.62,1.99,17.14647302,0.1291,0.98,0.96,5753.0,-0.03
Kepler-172 e,8.05,2.76,35.118736,0.211,1.081,1.085,5526.0,0.39
Kepler-694 b,8.25,2.8,6.365841612,0.0659,0.97,0.95,5700.0,0.0
K2-108 b,59.4,5.33,4.733999,0.0581,1.17,1.76,5599.0,0.36
TOI-201 d,5.8,1.39,5.84889,0.0698,1.32,1.31,6423.0,0.24
Kepler-373 b,2.42,1.36,5.535309,0.06,0.981,0.845,5787.0,0.14
Kepler-377 c,4.9,2.06,27.014976,0.182,1.043,1.224,5949.0,0.05
Kepler-444 d,0.2,0.53,6.189392,0.06,0.758,0.752,5046.0,-0.55
Kepler-1649 b,1.03,1.017,8.689099,0.0514,0.1977,0.2317,3240.0,-0.15
Kepler-179 c,4.66,2.0,6.40013,0.064,0.893,0.759,5302.0,0.12
K2-179 b,6.86,2.51267885,5.172191,,0.824345,0.768067,5015.0,0.03
Kepler-219 d,19.1,2.81,47.903645,0.272,1.164,1.491,5786.0,0.36
Kepler-50 b,8.9,1.71,7.81254,0.077,1.24,1.58,6225.0,0.03
Kepler-1787 b,5.99,2.31898181,39.31370163,0.227,1.008,0.925,6060.0,-0.22
Kepler-1542 b,0.363,0.76,3.95116882,0.04765,0.94,0.99,5564.0,0.06
Kepler-1444 b,5.39,2.18,33.42035034,0.20906,1.03,1.05,5810.0,0.06
Kepler-1997 b,5.82,2.28,26.7575866,0.1815,1.111,1.052,6215.0,-0.06
Kepler-241 b,6.04,2.33,12.718092,0.094,0.671,0.668,4699.0,0.031
Kepler-1624 b,35.3,6.59,3.290314,0.0327,0.541,0.552,3768.0,0.269
K2-168 b,4.12,1.86,15.8523,,0.877,0.83,5502.7,-0.13
K2-119 b,6.94,2.53,7.727283,0.0698,0.76,0.71,4740.0,-0.05
Kepler-730 c,3.09,1.56926,2.85188338,0.03997,1.047,1.411,5620.0,0.21
TOI-5319 b,8.4,2.83,4.07853,0.0506,0.5,0.485,3580.0,
HD 80883 b,1748.0562385,12.8,6383.78352,6.462,0.88,0.814842,5177.91,-0.2638
Kepler-1585 b,3.86,1.79,3.5827463,0.0445,0.94,0.91,5538.0,0.08
Kepler-1961 b,3.25,1.6187808,5.604710102,0.0588,0.871,0.777,5401.0,-0.16
Kepler-1446 b,0.477,0.82,0.689967832,0.01405,0.81,0.75,4865.0,0.11
Kepler-342 c,4.5,1.96,26.234138,0.185,1.213,1.472,6175.0,-0.0006
K2-121 b,51.0,7.16,5.185738,0.0525,0.71,0.675,4526.0,0.04
Kepler-279 e,56.0,4.13,98.3531,0.439,1.164,1.43,6689.45,-0.1141
KOI-3680 b,613.4119,11.09691,141.241671,0.534,1.01,0.96,5830.0,0.16
Kepler-1638 b,4.16,1.87,259.33683,0.745,0.97,0.95,5710.0,-0.01
K2-146 b,5.77,2.05,2.6446,0.0248,0.331,0.33,3385.0,-0.02
Kepler-677 b,25.0,5.38,6.57531678,0.067,1.0,0.99,5723.0,0.06
TOI-5344 b,130.94530368,10.60369574,3.792622,0.04041,0.612,0.588,3747.0,0.425
Kepler-1811 b,14.1,3.84829873,76.42230225,0.3462,0.946,1.19,5561.0,0.16
Kepler-481 b,6.8,2.5,10.06082567,0.08926,1.01,1.09,5802.0,0.03
Kepler-375 c,7.51,2.65,19.986326,0.141,0.891,0.837,5826.0,-0.04
Kepler-113 c,8.7,2.18,8.92507,0.07796,0.75,0.69,4725.0,0.05
Kepler-9 b,43.4,8.29,19.23891,0.143,1.022,0.958,5774.0,0.05
Kepler-1590 b,1.55,1.14,7.61760804,0.07116,1.11,1.16,6053.0,0.03
Kepler-1514 b,1678.1424,12.419572,217.83184,0.753,1.196,1.289,6145.0,0.119
Kepler-175 b,7.08,2.56,11.903515,0.105,0.969,1.01,6064.0,0.04
K2-83 b,2.08,1.244,2.74697,0.03014,0.484,0.424,3910.0,
Kepler-231 c,24.1,1.93,19.271566,0.114,0.58,0.49,3767.0,-0.1
Kepler-1683 b,4.17,1.87477762,15.0337,0.1182,0.95,0.900327,5429.0,0.16
Kepler-1653 b,5.35,2.17,140.2524,0.4706,0.719,0.693,4807.0,-0.18
Kepler-150 c,13.2,3.69,7.381998,0.073,0.956,0.939,5560.0,0.12
Kepler-239 b,6.04,2.33,11.763051,0.095,0.757,0.763,4914.0,0.17
Kepler-343 c,4.74,2.02,23.22182,0.167,1.055,1.433,5807.0,0.1445
TOI-5380 b,11.9,3.48093238,3.77229247873,,1.343,1.5621,6400.78,
Kepler-1022 b,6.17,2.36,10.99469878,0.0805,0.71,0.68,4445.0,0.06
Kepler-354 b,4.04,1.84,5.47666,0.054,0.652,0.674,4648.0,-0.03
Kepler-1434 b,1.41,1.11,8.05333618,0.0917,1.47,2.04,6291.0,0.19
Kepler-1593 b,10.2,3.17,174.509835,0.55494,0.81,0.77,4995.0,0.02
Kepler-1453 b,7.61,2.67,47.1611696,0.262,0.97,0.94,5665.0,0.01
Kepler-1989 b,19.3,4.62,10.161023528,0.0918,0.999,1.06,6032.0,-0.14
K2-122 b,1.65,1.16,2.2193023,0.0373,0.63,0.59,4009.0,0.32
Kepler-1046 b,3.57,1.71,14.37508035,0.11858,1.04,1.04,5913.0,0.0
Kepler-1907 c,1.63,1.15547044,14.86390018,0.10371,0.752,0.8,5159.0,-0.16
Kepler-1594 b,1.2,1.06,2.71603809,0.0396,1.06,1.08,5946.0,0.03
Kepler-80 b,6.93,2.67,7.05246,0.0648,0.73,0.678,4540.0,0.04
Kepler-438 b,1.46,1.12,35.23319,0.166,0.544,0.52,3748.0,0.16
Kepler-1455 b,5.31,2.16,49.276764,0.2149,0.62,0.6,4075.0,-0.02
Kepler-1490 b,9.48,3.04,92.4362973,0.3729,0.9,0.87,5515.0,-0.08
Kepler-700 b,30.0,5.99,80.8720639,0.3577,0.98,0.96,5692.0,0.04
K2-345 b,5.1,2.11,10.367437,,0.56,0.52,3779.0,0.26
Kepler-1133 b,4.54,1.97,11.55562343,0.0983,0.93,0.9,5569.0,-0.02
Kepler-1953 b,2.2,1.28574667,6.245659828,0.0607,0.786,0.707,4858.0,-0.02
Kepler-53 b,111.0,2.89,18.6489525,0.1361,0.98,0.89,5858.0,0.0
Kepler-1518 b,9.53,3.05,5.11177904,0.0593,1.54,1.88,6846.0,0.06
Kepler-251 b,2.33,1.33,4.790936,0.053,0.891,0.89,5526.0,-0.06
Kepler-370 c,4.31,1.91,19.02293,0.14,0.982,0.9,5852.0,0.1323
Kepler-1161 b,5.18,2.13,10.71252541,0.0784,0.59,0.57,4253.0,-0.35
Kepler-1184 b,7.65,2.68,53.5991044,0.2863,1.05,1.07,5983.0,-0.04
Kepler-1181 c,4.01,1.83,8.93484887,0.0928,1.336,1.347,6688.0,0.07
Kepler-1599 b,3.26,1.62,122.363553,0.4823,0.99,0.99,5767.0,0.02
Kepler-442 b,2.36,1.34,112.3053,0.409,0.609,0.598,4402.0,-0.37
Kepler-1185 b,2.33,1.33,104.3518976,0.4297,0.96,0.87,5622.0,-0.04
K2-181 b,7.7,2.69,6.8941,0.0706,0.96,1.06,5528.0,0.18
Kepler-31 d,2161.244,3.9,87.6451,0.4,1.21,1.22,6340.0,-0.076
Kepler-1070 b,3.64,1.73,6.2216147,0.06753,1.21,1.32,6261.0,0.03
Kepler-1162 b,5.52,2.21,32.5637069,0.19,0.89,0.84,5390.0,-0.03
Kepler-1560 b,0.64,0.89,3.03195744,0.04175,1.02,1.02,5815.0,0.04
Kepler-1702 b,3.2,1.60190793,18.5012,0.1275,0.85,0.725742,5093.0,-0.24
Kepler-1621 b,5.31,2.16,92.263714,0.4204,1.15,1.24,6158.0,0.03
Kepler-240 c,102.3,2.2,7.953528,0.074,0.868,0.739,4985.0,0.41
Kepler-1972 c,2.11,0.868,11.3295,0.10493,1.12,1.384,5818.0,0.23
K2-278 b,9.17,2.98,3.334966,0.0488,1.4,1.61,6747.0,0.0
Kepler-42 d,0.357785,0.57,1.865169,0.0154,0.13,0.17,3068.0,-0.33
Kepler-1050 b,3.19,1.6,15.3787546,0.12353,1.09,1.13,6010.0,0.03
Kepler-1001 b,10.1,3.15,14.30511983,0.11147,0.9,0.88,5491.0,-0.03
Kepler-478 b,7.8,2.71,13.2217576,0.1032,0.85,0.8,5210.0,-0.03
Kepler-1164 b,1.46,1.12,3.97599768,0.04635,0.85,0.79,5183.0,-0.03
Kepler-692 b,9.85,3.11,21.81293494,0.1495,0.9,0.86,5440.0,-0.01
Kepler-1464 c,0.972,1.0,5.32786292,0.06101,1.02,1.01,5828.0,0.03
K2-268 c,7.7,2.69,9.327527,0.0819,0.84,0.78,5106.0,0.03
Kepler-594 b,5.39,2.18,13.64618192,0.1089,0.91,0.87,5485.0,-0.03
Kepler-23 c,7.81,3.005,10.74,0.09501,1.078,1.548,5828.0,-0.112
Kepler-150 b,2.1,1.25,3.428054,0.044,0.956,0.939,5560.0,0.12
Kepler-199 b,9.85,3.11,23.637604,0.158,0.96,0.967,5644.0,0.0
Kepler-1499 b,1.81,1.19,44.2008,0.23225,0.82,0.78,5097.0,-0.01
Kepler-1498 b,2.33,1.33,48.051405,0.2528,0.86,0.81,5256.0,-0.01
Kepler-611 b,3.36,1.65,2.437033302,0.0351,1.01,1.01,5761.0,0.06
TOI-5502 b,15.9,4.1287378,11.62592988285,,1.244,1.32375,6088.71,
Kepler-1141 b,0.477,0.82,2.344511944,0.03496,1.01,1.07,5791.0,0.04
Kepler-1073 b,5.9,2.3,8.67888593,0.0805,1.0,1.0,5792.0,0.0
Kepler-1170 b,6.39,2.41,9.98969327,0.088,0.8,0.76,5069.0,-0.09
Kepler-157 d,2.73,1.46,7.02573474,0.0706,1.02,1.03,5866.0,-0.01
Kepler-549 c,8.91,2.93,117.040498,0.45332,0.88,0.84,5360.0,-0.03
Kepler-688 b,68.7,9.76,3.895936844,0.046,0.98,0.96,5715.0,0.02
Kepler-632 b,5.52,2.21,30.99660733,0.1885,0.91,0.84,5322.0,0.11
Kepler-1502 b,10.2,3.18,41.7083629,0.2482,1.44,1.72,6666.0,0.05
Kepler-253 b,3.29,1.63,3.783986,0.046,0.86,0.786,5208.0,0.15
Kepler-1119 b,4.35,1.92,8.3265153,0.0812,1.11,1.17,6083.0,0.03
Kepler-543 b,6.8,2.5,13.89961966,0.1023,0.7,0.67,4671.0,-0.19
Kepler-693 b,73.8,10.18,15.37563332,0.1121,0.76,0.72,4881.0,-0.1
Kepler-1710 b,3.49494179,3.19744103,14.91110039,0.11583,0.932,0.899,5650.0,-0.04
Kepler-1928 b,4.63,1.992,19.57783,0.194,1.01,0.92,5720.0,0.12
Kepler-1999 b,10.8,3.29,8.7396758,0.0713,0.632,0.628,4406.0,-0.24
KOI-7368 b,5.56,2.22,6.8430344,0.0678,0.879,0.874,5241.0,0.0578
K2-198 b,16.3,4.189,17.0428683,,0.799,0.757,5212.9,0.094
Kepler-227 c,9.48,3.04,54.418694,0.29,0.954,1.091,5854.0,0.1
Kepler-26 d,1.24,1.07,3.543919,0.039,0.593,0.571,4486.0,-0.21
KELT-17 b,416.3573,17.093725,3.0801716,0.04881,1.635,1.645,7454.0,-0.018
IC 4651 9122 b,2002.329,12.7,734.0,2.038,2.1,10.267424,4740.1,0.12
GJ 229 b,14.93793513,3.97,579.47495,1.086,0.509,0.46,3564.0,
GJ 180 c,6.4,2.41,24.329,0.129,0.43,0.413049,3371.0,
HD 68988 c,4776.96095721,12.2,16000.0,13.2,1.171665,1.255733,5883.41,0.3052
KIC 5479689 b,158.9142035,14.2,1.701531,,0.966,0.894,5459.1,0.161
HD 93385 b,4.2,1.88,7.3426,0.0756,1.04,1.18484,5977.0,0.02
Kepler-294 c,7.8,2.71,6.6264,0.071,0.947,0.976,5913.0,0.11
TOI-4311 c,13.58,2.47,15.070425,0.1116,0.816,0.8441,5063.0,-0.065
WASP-118 b,163.36462,16.14096,4.0460435,0.05453,1.32,1.696,6410.0,0.16
TAP 26 b,527.5978,13.5,10.79,0.0968,1.04,1.17,4620.0,-0.1992
HD 92788 c,1166.4361,13.0,11611.2975,10.5,1.15,1.14,5744.0,0.27
GJ 422 b,11.07,3.33,20.129,0.111,0.35,0.370328,3323.0,
GJ 414 A c,53.83,8.4,749.83,1.4,0.65,0.68,4120.0,0.24
TOI-3593 b,565.73456446,11.02963701,3.8212867,0.0481,1.015,0.918,5550.0,0.384
WASP-195 b,33.05415433,10.31226224,5.051928,0.063,1.3,1.578,6300.0,0.0
TOI-4529 b,4.9,1.77,5.879577,,0.482,0.48,3697.0,-0.24
HD 27631 b,495.81231492,13.5,2198.14,3.242,0.944,0.923,5737.0,-0.12
Wolf 503 b,6.26,2.043,6.00127,0.05706,0.688,0.689,4716.0,-0.47
WASP-183 b,159.55066,16.47723,4.1117771,0.04632,0.784,0.871,5313.0,-0.31
Kepler-1747 b,16.8,4.26508,6.230319977,0.066,0.983,0.865,5477.0,0.21
Kepler-906 b,5.1,2.11,41.6979976,0.22363,1.06,1.02,6035.0,-0.09
TOI-4551 b,473.56432643,11.85910158,9.95581,0.0994,1.31,3.55,4896.0,0.23
HD 98649 b,3082.9355479,12.5,5384.0,5.97,0.97,1.01,5759.0,-0.06
Kepler-780 b,0.64,0.89,0.677375164,0.015,1.01,1.02,5769.0,0.05
NGTS-16 b,211.99154747,14.57167491,4.84532,0.0523,1.002,1.213,5550.0,0.35
TOI-1634 b,4.9,1.759,0.98934551,0.01544,0.502,0.45,3550.0,0.23
Kepler-275 b,6.08,2.34,10.300682,0.098,1.189,1.383,6165.0,0.08
Kepler-121 c,5.77,2.27,41.008011,0.216,0.859,0.701,5311.0,-0.08
TOI-4342 c,4.8,2.349,10.688662,0.0804,0.587,0.598,3866.0,0.26
Kepler-168 b,2.73,1.46,4.425391,0.056,1.113,1.107,6282.0,0.09
Kepler-471 b,,14.96,5.014234575,0.0626,1.49,1.8,6733.0,0.07
HD 42012 b,508.528,13.5,857.5,1.67,0.83,0.82,5405.0,-0.09
Qatar-10 b,233.92288,17.295487,1.645321,0.0286,1.156,1.254,6124.0,0.016
GJ 720 A b,13.64,3.77,19.466,0.119,0.57,0.56,3837.0,-0.14
HD 137496 b,4.04,1.31,1.62116,0.02732,1.04,1.59,5799.0,-0.03
K2-389 b,6.04,2.33,8.58289,,0.99,1.094,5773.0,0.038
Kepler-17 b,778.65,14.68,1.4857108,0.02591,1.04,1.01034,5781.0,0.26
Kepler-176 b,290.537,1.43,5.433074,0.058,0.86,0.891,5232.0,0.13
NN Ser d,724.622,13.3,2880.0,3.39,0.535,,57000.0,
HD 214823 b,5914.78665427,12.1,1854.84424,3.08,1.115,2.04,6215.0,0.17
Kepler-761 b,4.78,2.03,10.12804789,0.0874,0.95,0.93,5706.0,-0.09
TOI-216.01,177.98390792,10.1,34.525528,0.2069,0.77,0.748,5026.0,0.32
TOI-1259 A b,141.0,11.6,3.4779792,0.0408,0.746,0.715,4775.0,-0.5
Kepler-107 e,14.1,2.903,14.749143,0.12638,1.238,1.447,5854.0,0.321
Kepler-450 c,12.5,2.62,15.413135,0.13351,1.19,1.64162,6197.21,0.1278
TOI-4578 b,5.77,2.26974262,8.62392630369,,1.077,0.878735,5951.32,
HD 1605 b,296.85322,13.8,577.2,1.492,1.33,3.49,4915.0,0.22
HD 210193 b,153.1,14.3,649.918,1.487,1.04,1.05971,5790.0,0.13
HD 108236 c,4.94,2.071,6.203449,0.062,0.869,0.877,5660.0,-0.28
K2-392 b,4.08,1.85,15.398723,,0.841,1.058,5726.0,-0.238
TOI-4145 A b,136.66621501,13.30506009,4.0664428,0.04823,0.905,0.859,5281.0,0.168
TOI-4379 b,353.74301699,16.69017226,3.25352,,1.372,1.976,6020.0,0.16
Kepler-1663 b,10.9,3.30395896,17.6046,0.1072,0.610816,0.62859,3844.0,0.06
Kepler-273 c,4.58,1.98,8.014927,0.073,0.756,0.815,5626.0,-0.28
GJ 3138 c,4.18,1.88,5.974,0.057,0.681,0.5,3717.0,-0.3
K2-291 b,6.49,1.589,2.225177,0.03261,0.934,0.899,5520.0,0.08
HD 39855 b,8.5,2.85,3.2498,0.041,0.87,0.744665,5576.0,
HIP 90988 b,668.07531151,13.4,455.73816,1.36,1.613,3.94,4883.0,0.17
TOI-558 b,1147.36054927,12.17295304,14.574071,0.1291,1.349,1.496,6466.0,-0.004
GPX-1 b,6261.2196179,16.47720163,1.744579,0.0338,1.68,1.56,7000.0,0.35
TOI-3819 b,352.78953177,13.13692538,3.2443141,0.04611,1.242,1.538,5859.0,0.273
Kepler-181 b,2.15,1.27,3.137873,0.04,0.81,0.749,5333.0,-0.04
K2-38 c,8.3,2.29,10.56103,0.09514,1.03,1.06,5731.0,0.26
HD 224538 b,2075.73732612,12.7,1202.05199,2.375,1.23,1.54,6097.0,0.27
GJ 273 b,2.89,1.51,18.6498,0.091101,0.29,0.293,3382.0,0.09
K2-292 b,24.5,2.63,16.9841,0.13,1.0,1.09,5725.0,0.07
GJ 4276 b,16.57,4.22,13.352,0.082,0.406,0.407,3387.0,0.12
HD 102843 b,113.9,13.1,3090.942,4.074,0.95,0.961488,5436.0,0.16
Kepler-271 b,2.04,1.23,10.43547805,0.08784,0.9,0.87,5555.0,-0.13
CFHTWIR-Oph 98 b,2479.0615746,20.8487041,8040000.0,200.0,0.0147,0.245,2320.0,
TOI-1431 b,991.62462984,16.70138124,2.650237,0.046,1.9,1.92,7690.0,0.09
K2-395 c,11.4,3.395,8.491282,,0.952,0.783,5007.0,-0.033
TOI-4406 b,95.3485221,11.2089807,30.08364,0.201,1.19,1.29,6219.0,0.1
Kepler-149 d,14.9,3.96,160.018032,0.571,1.013,0.953,5381.0,0.3805
TOI-4405 b,7.06,2.55505441,5.92143995316,,0.68,0.687025,4467.38,
TOI-5027 b,642.01338214,10.76062147,10.24368,0.093,1.02,0.92,5909.0,-0.15
GJ 273 c,1.18,1.06,4.7234,0.036467,0.29,0.293,3382.0,0.09
HD 20781 d,10.61,3.25,29.158,0.1647,0.7,0.833609,5256.0,-0.11
HD 110113 b,4.55,2.05,2.541,0.035,0.997,0.968,5732.0,0.14
HAT-P-63 b,195.1466419,12.5428494,3.377728,0.04294,0.925,0.9661,5400.0,0.251
K2-398 b,5.79,2.274,6.393025,,0.945,1.239,5946.0,-0.257
TOI-3862 b,53.7,5.53,1.55745774,0.02539,0.9,0.92,5300.0,0.11
Kepler-284 c,7.32,2.61,37.514456,0.213,0.766,0.814,5615.0,-0.26
TOI-4662 b,8.65,2.87998299,4.70343764575,,0.703,0.69375,4520.41,
HD 7924 c,1762.67634522,,15.299,0.1134,0.832,0.7821,5075.0,-0.15
NGC 2682 YBP 401 b,146.2018,14.3,4.087,,1.14,1.215821,6165.0,-0.046
WASP-142 b,266.9772,17.14977,2.052868,0.0347,1.33,1.64,6010.0,0.26
WASP-171 b,344.52772,10.98482,3.8186244,0.0504,1.171,1.637,5965.0,0.04
TOI-1789 b,222.4798849,16.14093221,3.208664,0.04882,1.507,2.168,5991.0,0.373
HD 35843 c,11.32,2.54,46.9622,0.25,0.94,0.897,5666.0,-0.27
TOI-4666 b,155.41809102,12.53164042,2.9089165,0.034,0.576,0.585,3793.0,0.79
BD+20 594 b,22.2481,2.57807,41.6855,0.241,1.67,1.08,5766.0,-0.15
Kepler-19 d,22.5,5.06,62.95,,0.936,0.859,5544.0,-0.08
GJ 143 b,22.7,2.61,35.61253,0.1915,0.73,0.695,4640.0,0.003
WASP-182 b,47.03884,9.52765,3.3769848,0.0451,1.076,1.34,5638.0,0.27
HD 107148 c,19.89605828,4.7,18.3267,0.1407,1.105215,1.169193,5752.92,0.2964
Kepler-833 b,4.74,2.02,18.7546998,0.1139,0.64,0.62,4339.0,-0.18
Kepler-94 b,10.84,3.51,2.50806,0.03377,0.81,0.76,4781.0,0.34
TOI-4463 A b,252.35575516,13.26022417,2.8807198,0.04036,1.056,1.062,5640.0,0.25
HATS-9 b,266.02371,13.85,1.915291,0.0312,1.1,1.56,5599.0,0.38
TYC 0434-04538-1 b,1938.763,12.7,193.2,0.66,1.04,9.99,4679.0,-0.38
Kepler-839 b,7.13,2.57,37.8144514,0.2316,1.22,1.31,6058.0,0.29
HD 27969 b,1525.5763536,12.9,654.5,1.552,1.16,1.27,5966.0,0.18
TOI-3912 b,129.03833324,14.28024141,3.4936264,0.0463,1.088,1.392,5725.0,0.187
Kepler-294 b,3.78,1.77,3.701212,0.048,0.947,0.976,5913.0,0.11
TOI-4487 A b,397.28550875,14.60530185,3.9540709,0.05448,1.378,1.634,6206.0,0.216
K2-251 b,6.12,2.35,9.30075,0.0694,0.52,0.49,3717.0,-0.04
GJ 3512 b,146.51889563,14.3,203.109,0.3376,0.123,0.139,3141.0,-0.07
HD 145675 c,2510.8444153,12.6,15732.45889,20.0,0.97,0.93,5338.0,0.43
HD 95544 b,1913.64483855,12.8,2041.54152,3.166,1.01,1.088,5722.0,0.11
Kepler-309 b,3.05,1.56,5.923653,0.059,0.816,0.721,4713.0,0.27
WASP-74 b,228.8376,15.24424,2.13775,0.03443,0.98,1.42,5990.0,0.39
Qatar-7 b,597.5204,19.0553,2.032046,0.0352,1.409,1.564,6387.0,0.276
Kepler-270 b,4.7,2.01,11.476094,0.107,1.17,1.461,6067.0,0.15
TOI-628 b,2011.8639,11.88154,3.4095675,0.0486,1.311,1.345,6250.0,0.258
HD 168009 b,9.53485221,3.05,15.1479,0.1192,0.986073,1.209505,5778.33,0.0183
HD 164922 e,10.52012027,3.23,41.763,0.2292,0.921146,1.001813,5393.43,0.1967
HD 115954 b,2685.65003915,12.6,3700.0,5.0,1.18,1.213,5957.0,0.34
TOI-1278 b,5879.8255295,12.21778896,14.47567,0.095,0.54,0.573,3799.0,-0.01
LHS 1678 b,0.35,0.685,0.8602325,0.01239,0.345,0.329,3490.0,
TOI-3980 b,187.51876013,14.4595851,3.6089254,0.0494,1.24,1.626,5840.0,0.188
Kepler-903 b,4.7,2.01,10.3507721,0.09081,0.98,0.97,5682.0,0.05
Kepler-84 c,20.2,2.36,12.883,0.1072,1.0,1.43,6039.0,-0.07
TOI-4507 b,20.0,8.2,104.61611,0.456,1.11,1.04,6260.0,-0.06
TOI-5160 b,6.33,2.39729851,4.280773256,,1.003,1.03315,5622.14,0.204
EPIC 211822797 b,4.35,1.92,21.1701963,0.1195,0.62,0.58,4057.0,0.2
K2-254 c,5.43,2.19,12.11839,0.0923,0.71,0.67,4629.0,-0.14
GJ 160.2 b,10.2,3.17,5.2354,0.053,0.69,0.655173,4347.0,
HD 39194 d,5.16,2.12,33.874,0.1949,0.86,0.783742,5205.0,-0.61
Kepler-304 b,8.55,2.86,3.295709,0.039,0.737,0.687,4731.0,0.03
Kepler-1756 b,2.77,1.47199944,2.355750084,0.0319,0.781,0.812,4915.0,0.16
EPIC 206317286 c,5.03,2.094,17.515472,,0.832,0.758,4752.0,0.019
Kepler-195 b,4.78,2.03,8.307872,0.077,0.867,0.775,5329.0,0.04
K2-28 b,5.99,2.32,2.260455,0.0214,0.257,0.288,3214.0,0.26
Kepler-1724 b,8.43,2.83677238,6.45442009,0.0683,1.016,0.943,6092.0,-0.22
HAT-P-7 b,584.8072,16.92559,2.20474,0.03809,1.56,2.0,6389.0,0.26
Kepler-551 b,7.9,2.73,12.3764661,0.0893,0.65,0.63,4286.0,-0.09
K2-44 b,6.5,2.433,5.657,0.06,1.15,1.58,5912.0,0.0
K2-27 b,30.2,4.74,6.771347,0.06702,0.88,0.876,5246.0,0.12
K2-378 b,8.65,2.88,2.060438,,0.923,0.732,4823.0,-0.206
K2-42 b,5.27,2.15,6.68796,0.0617,0.702,0.643,4613.0,
K2-193 b,14.8,3.95,14.786889,0.1184,1.01,0.98,5817.0,0.0
Kepler-452 b,3.29,1.63,384.843,1.046,1.037,1.11,5757.0,0.21
Kepler-220 c,3.09,1.57,9.034199,0.076,0.729,0.666,4632.0,-0.1738
Kepler-228 d,15.4,4.04,11.094286,0.101,1.006,1.014,6043.0,0.18
Kepler-565 b,12.9,3.64,4.243747226,0.0501,0.98,0.95,5735.0,-0.02
K2-35 b,2.3,1.32,2.399964,0.031,0.701968,0.619575,4402.71,0.04
Kepler-1720 b,10.4,3.21585295,12.70639992,0.1043,0.939,0.839,5573.0,-0.04
K2-368 b,2.34,1.332,5.025598,,0.746,0.663,4663.0,-0.25
